2025-05-07 09:34:50|MysqlUtil.__init__ line:36| 数据库管理器初始化完成，运行时模式: False
2025-05-07 09:34:50|MysqlUtil.__init__ line:36| 数据库管理器初始化完成，运行时模式: False
2025-05-07 09:34:50|LogUtil.info line:33| 文件缓存命中：使用缓存的SCM初始化数据
2025-05-07 09:34:50|login_manager.__init__ line:19| 初始化登录管理器
2025-05-07 09:34:50|login_manager.__init__ line:24| IAM URL: https://t-erp-iam-test.app.terminus.io
2025-05-07 09:34:50|login_manager.__init__ line:25| API URL: https://t-erp-portal-test.app.terminus.io
2025-05-07 09:34:50|login_manager.__init__ line:56| 登录管理器初始化完成
2025-05-07 09:34:50|login_manager.login line:69| 开始登录流程
2025-05-07 09:34:50|login_manager.login line:72| 使用配置文件中的默认账号密码
2025-05-07 09:34:50|login_manager.login line:76| 使用账号: 17376596912
2025-05-07 09:34:50|login_manager.login line:86| 登录URL: https://t-erp-iam-test.app.terminus.io/iam/api/v1/user/login/account
2025-05-07 09:34:50|login_manager.login line:92| 登录响应状态码: 200
2025-05-07 09:34:50|login_manager.login line:101| 重定向URL: https://t-erp-portal-test.app.terminus.io/TERP_PORTAL-TERP-tpf_umwrhzbg/login
2025-05-07 09:34:51|login_manager.get_current_user line:130| 获取用户信息URL: https://t-erp-portal-test.app.terminus.io/api/trantor/portal/user/current
2025-05-07 09:34:51|login_manager.get_current_user line:136| 获取用户信息响应状态码: 200
2025-05-07 09:34:51|login_manager.login line:114| 登录成功，用户信息: {'requestId': '2cc39553-1557365', 'success': True, 'data': {'id': 540175374525637, 'username': 'zhangang', 'email': 'zhangang.26@163.com', 'mobile': '17376596912', 'nickname': '章昂', 'status': True, 'avatar': 'https://terminus-new-trantor.oss-cn-hangzhou.aliyuncs.com/iam/user/avatar/540175374525637/2025-03-10_14_44_32_7dbc5543-0152-4a67-9901-b7da94c6ba4f_%E5%A4%8D%E6%B4%BB%E5%B2%9B%E5%B7%A8%E4%BA%BA%E5%83%8F.png'}}
2025-05-07 09:34:51|LogUtil.info line:33| 测试类初始化完成
2025-05-07 09:34:51|LogUtil.info line:33| 初始化渲染数量: 29
2025-05-07 09:34:51|LogUtil.info line:33| 测试类初始化完成
2025-05-07 09:34:51|LogUtil.info line:33| 发送请求: 销售订单创建初始化
2025-05-07 09:34:51|LogUtil.info line:33| 销售订单创建初始化完成
2025-05-07 09:34:51|LogUtil.info line:33| 发送请求: 查询客户信息
2025-05-07 09:34:51|LogUtil.info line:33| 客户信息查询完成
2025-05-07 09:34:51|LogUtil.info line:33| 发送请求: 查询相关方
2025-05-07 09:34:51|LogUtil.info line:33| 相关方查询完成
2025-05-07 09:34:51|LogUtil.info line:33| 发送请求: 查询销售组织列表
2025-05-07 09:34:52|test_01_create._query_sales_organization line:139| 销售组织列表查询完成: {'orgCode': 'AUTOTEST_SLS_ORG', 'orgName': '销售组织(自动化)', 'orgStatus': 'ENABLED', 'orgBusinessTypeCode': None, 'comOrgId': {'id': 14507001}, 'id': 14579001}
2025-05-07 09:34:52|LogUtil.info line:33| 销售组织列表查询完成
2025-05-07 09:34:52|LogUtil.info line:33| 发送请求: 查询物料列表
2025-05-07 09:34:52|LogUtil.info line:33| 物料列表查询完成
2025-05-07 09:34:52|LogUtil.info line:33| 发送请求: 订单行渲染
2025-05-07 09:34:52|LogUtil.error line:45| 销售订单保存失败: argument of type 'NoneType' is not iterable
2025-05-07 09:38:35|LogUtil.info line:33| 当前测试环境: test
2025-05-07 09:38:36|MysqlUtil.__init__ line:36| 数据库管理器初始化完成，运行时模式: False
2025-05-07 09:38:36|MysqlUtil.__init__ line:36| 数据库管理器初始化完成，运行时模式: False
2025-05-07 09:38:36|LogUtil.info line:33| 文件缓存命中：使用缓存的SCM初始化数据
2025-05-07 09:38:36|login_manager.__init__ line:19| 初始化登录管理器
2025-05-07 09:38:36|login_manager.__init__ line:24| IAM URL: https://t-erp-iam-test.app.terminus.io
2025-05-07 09:38:36|login_manager.__init__ line:25| API URL: https://t-erp-portal-test.app.terminus.io
2025-05-07 09:38:36|login_manager.__init__ line:56| 登录管理器初始化完成
2025-05-07 09:38:36|login_manager.login line:69| 开始登录流程
2025-05-07 09:38:36|login_manager.login line:72| 使用配置文件中的默认账号密码
2025-05-07 09:38:36|login_manager.login line:76| 使用账号: 17376596912
2025-05-07 09:38:36|login_manager.login line:86| 登录URL: https://t-erp-iam-test.app.terminus.io/iam/api/v1/user/login/account
2025-05-07 09:38:36|login_manager.login line:92| 登录响应状态码: 200
2025-05-07 09:38:36|login_manager.login line:101| 重定向URL: https://t-erp-portal-test.app.terminus.io/TERP_PORTAL-TERP-tpf_umwrhzbg/login
2025-05-07 09:38:37|login_manager.get_current_user line:130| 获取用户信息URL: https://t-erp-portal-test.app.terminus.io/api/trantor/portal/user/current
2025-05-07 09:38:37|login_manager.get_current_user line:136| 获取用户信息响应状态码: 200
2025-05-07 09:38:37|login_manager.login line:114| 登录成功，用户信息: {'requestId': 'e413f05e-1557650', 'success': True, 'data': {'id': 540175374525637, 'username': 'zhangang', 'email': 'zhangang.26@163.com', 'mobile': '17376596912', 'nickname': '章昂', 'status': True, 'avatar': 'https://terminus-new-trantor.oss-cn-hangzhou.aliyuncs.com/iam/user/avatar/540175374525637/2025-03-10_14_44_32_7dbc5543-0152-4a67-9901-b7da94c6ba4f_%E5%A4%8D%E6%B4%BB%E5%B2%9B%E5%B7%A8%E4%BA%BA%E5%83%8F.png'}}
2025-05-07 09:38:38|LogUtil.info line:33| 测试类初始化完成
2025-05-07 09:38:38|LogUtil.info line:33| 开始测试: test_01_query_order_type
2025-05-07 09:38:38|LogUtil.info line:33| 发送请求: 查询订单类型
2025-05-07 09:38:38|test_00_so_config_check.test_01_query_order_type line:87| 找到STND记录, ID: 2101001
2025-05-07 09:38:38|LogUtil.info line:33| 开始测试: test_02_query_order_type_detail
2025-05-07 09:38:38|LogUtil.info line:33| 发送请求: 查询订单类型
2025-05-07 09:38:38|test_00_so_config_check.test_01_query_order_type line:87| 找到STND记录, ID: 2101001
2025-05-07 09:38:38|test_00_so_config_check.test_02_query_order_type_detail line:109| self.so_stnd_id: 2101001
2025-05-07 09:38:38|LogUtil.info line:33| 发送请求: 查询订单类型详情
2025-05-07 09:38:38|test_00_so_config_check.test_02_query_order_type_detail line:131| response: {'soTypeCode': 'STND', 'soTypeName': '标准销售', 'partnerProcedureHeadRef': {'id': 14005002}, 'attachmentProcedureHeadRef': None, 'status': 'ENABLED', 'soTypeDesc': '标准销售', 'genTextTypeRef': None, 'isRev': False, 'isSubmitApproval': True, 'isModifyApproval': False, 'currExchangeRateType': {'id': 2000001}, 'btClass': 'SALES', 'effectiveDays': None, 'syncPrice': False, 'isDefault': False, 'id': 2101001, 'createdBy': {'id': 27}, 'updatedBy': {'id': 477234922377861}, 'createdAt': 1685108645000, 'updatedAt': 1745892294000, 'version': 68, 'deleted': 0, 'originOrgId': 0}
2025-05-07 09:38:58|test_00_so_config_check.<module> line:159| allure_dir: /Users/anson/Documents/Erda-project/erp-autotest/reports/allure-results
2025-05-07 09:39:25|test_00_so_config_check.<module> line:159| allure_dir: /Users/anson/Documents/Erda-project/erp-autotest/reports/allure-results
2025-05-07 09:39:25|LogUtil.info line:33| 当前测试环境: test
2025-05-07 09:39:26|MysqlUtil.__init__ line:36| 数据库管理器初始化完成，运行时模式: False
2025-05-07 09:39:26|MysqlUtil.__init__ line:36| 数据库管理器初始化完成，运行时模式: False
2025-05-07 09:39:26|LogUtil.info line:33| 文件缓存命中：使用缓存的SCM初始化数据
2025-05-07 09:39:26|login_manager.__init__ line:19| 初始化登录管理器
2025-05-07 09:39:26|login_manager.__init__ line:24| IAM URL: https://t-erp-iam-test.app.terminus.io
2025-05-07 09:39:26|login_manager.__init__ line:25| API URL: https://t-erp-portal-test.app.terminus.io
2025-05-07 09:39:26|login_manager.__init__ line:56| 登录管理器初始化完成
2025-05-07 09:39:26|login_manager.login line:69| 开始登录流程
2025-05-07 09:39:26|login_manager.login line:72| 使用配置文件中的默认账号密码
2025-05-07 09:39:26|login_manager.login line:76| 使用账号: 17376596912
2025-05-07 09:39:26|login_manager.login line:86| 登录URL: https://t-erp-iam-test.app.terminus.io/iam/api/v1/user/login/account
2025-05-07 09:39:26|login_manager.login line:92| 登录响应状态码: 200
2025-05-07 09:39:26|login_manager.login line:101| 重定向URL: https://t-erp-portal-test.app.terminus.io/TERP_PORTAL-TERP-tpf_umwrhzbg/login
2025-05-07 09:39:27|login_manager.get_current_user line:130| 获取用户信息URL: https://t-erp-portal-test.app.terminus.io/api/trantor/portal/user/current
2025-05-07 09:39:27|login_manager.get_current_user line:136| 获取用户信息响应状态码: 200
2025-05-07 09:39:27|login_manager.login line:114| 登录成功，用户信息: {'requestId': 'c3c60a84-1557760', 'success': True, 'data': {'id': 540175374525637, 'username': 'zhangang', 'email': 'zhangang.26@163.com', 'mobile': '17376596912', 'nickname': '章昂', 'status': True, 'avatar': 'https://terminus-new-trantor.oss-cn-hangzhou.aliyuncs.com/iam/user/avatar/540175374525637/2025-03-10_14_44_32_7dbc5543-0152-4a67-9901-b7da94c6ba4f_%E5%A4%8D%E6%B4%BB%E5%B2%9B%E5%B7%A8%E4%BA%BA%E5%83%8F.png'}}
2025-05-07 09:39:28|LogUtil.info line:33| 测试类初始化完成
2025-05-07 09:39:28|LogUtil.info line:33| 开始测试: test_01_query_order_type
2025-05-07 09:39:28|LogUtil.info line:33| 发送请求: 查询订单类型
2025-05-07 09:39:28|test_00_so_config_check.test_01_query_order_type line:87| 找到STND记录, ID: 2101001
2025-05-07 09:39:28|LogUtil.info line:33| 开始测试: test_02_query_order_type_detail
2025-05-07 09:39:28|LogUtil.info line:33| 发送请求: 查询订单类型
2025-05-07 09:39:28|test_00_so_config_check.test_01_query_order_type line:87| 找到STND记录, ID: 2101001
2025-05-07 09:39:28|test_00_so_config_check.test_02_query_order_type_detail line:109| self.so_stnd_id: 2101001
2025-05-07 09:39:28|LogUtil.info line:33| 发送请求: 查询订单类型详情
2025-05-07 09:39:28|test_00_so_config_check.test_02_query_order_type_detail line:131| response: {'soTypeCode': 'STND', 'soTypeName': '标准销售', 'partnerProcedureHeadRef': {'id': 14005002}, 'attachmentProcedureHeadRef': None, 'status': 'ENABLED', 'soTypeDesc': '标准销售', 'genTextTypeRef': None, 'isRev': False, 'isSubmitApproval': True, 'isModifyApproval': False, 'currExchangeRateType': {'id': 2000001}, 'btClass': 'SALES', 'effectiveDays': None, 'syncPrice': False, 'isDefault': False, 'id': 2101001, 'createdBy': {'id': 27}, 'updatedBy': {'id': 477234922377861}, 'createdAt': 1685108645000, 'updatedAt': 1745892294000, 'version': 68, 'deleted': 0, 'originOrgId': 0}
2025-05-07 10:14:04|MysqlUtil.__init__ line:36| 数据库管理器初始化完成，运行时模式: False
2025-05-07 10:14:04|MysqlUtil.__init__ line:36| 数据库管理器初始化完成，运行时模式: False
2025-05-07 10:14:04|LogUtil.info line:33| 文件缓存命中：使用缓存的SCM初始化数据
2025-05-07 10:14:04|login_manager.__init__ line:19| 初始化登录管理器
2025-05-07 10:14:04|login_manager.__init__ line:24| IAM URL: https://t-erp-iam-test.app.terminus.io
2025-05-07 10:14:04|login_manager.__init__ line:25| API URL: https://t-erp-portal-test.app.terminus.io
2025-05-07 10:14:04|login_manager.__init__ line:56| 登录管理器初始化完成
2025-05-07 10:14:04|login_manager.login line:69| 开始登录流程
2025-05-07 10:14:04|login_manager.login line:72| 使用配置文件中的默认账号密码
2025-05-07 10:14:04|login_manager.login line:76| 使用账号: 17376596912
2025-05-07 10:14:04|login_manager.login line:86| 登录URL: https://t-erp-iam-test.app.terminus.io/iam/api/v1/user/login/account
2025-05-07 10:14:04|login_manager.login line:92| 登录响应状态码: 200
2025-05-07 10:14:04|login_manager.login line:101| 重定向URL: https://t-erp-portal-test.app.terminus.io/TERP_PORTAL-TERP-tpf_umwrhzbg/login
2025-05-07 10:14:04|login_manager.get_current_user line:130| 获取用户信息URL: https://t-erp-portal-test.app.terminus.io/api/trantor/portal/user/current
2025-05-07 10:14:04|login_manager.get_current_user line:136| 获取用户信息响应状态码: 200
2025-05-07 10:14:04|login_manager.login line:114| 登录成功，用户信息: {'requestId': 'c932b4f6-1559632', 'success': True, 'data': {'id': 540175374525637, 'username': 'zhangang', 'email': 'zhangang.26@163.com', 'mobile': '17376596912', 'nickname': '章昂', 'status': True, 'avatar': 'https://terminus-new-trantor.oss-cn-hangzhou.aliyuncs.com/iam/user/avatar/540175374525637/2025-03-10_14_44_32_7dbc5543-0152-4a67-9901-b7da94c6ba4f_%E5%A4%8D%E6%B4%BB%E5%B2%9B%E5%B7%A8%E4%BA%BA%E5%83%8F.png'}}
2025-05-07 10:14:05|LogUtil.info line:33| 测试类初始化完成
2025-05-07 10:14:05|LogUtil.info line:33| CRM会员测试类初始化完成
2025-05-07 10:14:05|LogUtil.info line:33| 发送请求: 新增会员接口
2025-05-07 10:14:05|test_01_member_create.test_create_member line:83| 新增会员接口响应: {
  "requestId": "cb8d7702-1559633",
  "success": true,
  "data": null
}
2025-05-07 10:17:13|MysqlUtil.__init__ line:36| 数据库管理器初始化完成，运行时模式: False
2025-05-07 10:17:13|MysqlUtil.__init__ line:36| 数据库管理器初始化完成，运行时模式: False
2025-05-07 10:17:13|LogUtil.info line:33| 文件缓存命中：使用缓存的SCM初始化数据
2025-05-07 10:17:13|login_manager.__init__ line:19| 初始化登录管理器
2025-05-07 10:17:13|login_manager.__init__ line:24| IAM URL: https://t-erp-iam-test.app.terminus.io
2025-05-07 10:17:13|login_manager.__init__ line:25| API URL: https://t-erp-portal-test.app.terminus.io
2025-05-07 10:17:14|login_manager.__init__ line:56| 登录管理器初始化完成
2025-05-07 10:17:14|login_manager.login line:69| 开始登录流程
2025-05-07 10:17:14|login_manager.login line:72| 使用配置文件中的默认账号密码
2025-05-07 10:17:14|login_manager.login line:76| 使用账号: 17376596912
2025-05-07 10:17:14|login_manager.login line:86| 登录URL: https://t-erp-iam-test.app.terminus.io/iam/api/v1/user/login/account
2025-05-07 10:17:14|login_manager.login line:92| 登录响应状态码: 200
2025-05-07 10:17:14|login_manager.login line:101| 重定向URL: https://t-erp-portal-test.app.terminus.io/TERP_PORTAL-TERP-tpf_umwrhzbg/login
2025-05-07 10:17:14|login_manager.get_current_user line:130| 获取用户信息URL: https://t-erp-portal-test.app.terminus.io/api/trantor/portal/user/current
2025-05-07 10:17:14|login_manager.get_current_user line:136| 获取用户信息响应状态码: 200
2025-05-07 10:17:14|login_manager.login line:114| 登录成功，用户信息: {'requestId': '04e1b44a-1559777', 'success': True, 'data': {'id': 540175374525637, 'username': 'zhangang', 'email': 'zhangang.26@163.com', 'mobile': '17376596912', 'nickname': '章昂', 'status': True, 'avatar': 'https://terminus-new-trantor.oss-cn-hangzhou.aliyuncs.com/iam/user/avatar/540175374525637/2025-03-10_14_44_32_7dbc5543-0152-4a67-9901-b7da94c6ba4f_%E5%A4%8D%E6%B4%BB%E5%B2%9B%E5%B7%A8%E4%BA%BA%E5%83%8F.png'}}
2025-05-07 10:17:14|LogUtil.info line:33| 测试类初始化完成
2025-05-07 10:17:14|LogUtil.info line:33| CRM会员测试类初始化完成
2025-05-07 10:17:14|LogUtil.info line:33| 发送请求: 新增会员接口
2025-05-07 10:17:14|test_01_member_create.test_create_member line:89| 新增会员接口响应: {
  "requestId": "d9c080f0-1559778",
  "success": true,
  "data": null
}
2025-05-07 10:17:15|LogUtil.info line:33| 发送请求: 新增会员接口-第1个
2025-05-07 10:17:15|test_01_member_create.test_batch_create_members line:111| 第1个会员创建成功
2025-05-07 10:17:15|LogUtil.info line:33| 发送请求: 新增会员接口-第2个
2025-05-07 10:17:15|test_01_member_create.test_batch_create_members line:111| 第2个会员创建成功
2025-05-07 10:17:15|LogUtil.info line:33| 发送请求: 新增会员接口-第3个
2025-05-07 10:17:15|test_01_member_create.test_batch_create_members line:111| 第3个会员创建成功
2025-05-07 10:17:15|test_01_member_create.test_batch_create_members line:130| 批量创建完成，总数: 3, 成功: 3, 失败: 0
2025-05-07 10:17:15|test_01_member_create.<module> line:153| 批量创建结果: {
  "total": 3,
  "success": 3,
  "failed": 0,
  "failed_members": []
}
2025-05-07 10:17:33|MysqlUtil.__init__ line:36| 数据库管理器初始化完成，运行时模式: False
2025-05-07 10:17:33|MysqlUtil.__init__ line:36| 数据库管理器初始化完成，运行时模式: False
2025-05-07 10:17:33|LogUtil.info line:33| 文件缓存命中：使用缓存的SCM初始化数据
2025-05-07 10:17:33|login_manager.__init__ line:19| 初始化登录管理器
2025-05-07 10:17:33|login_manager.__init__ line:24| IAM URL: https://t-erp-iam-test.app.terminus.io
2025-05-07 10:17:33|login_manager.__init__ line:25| API URL: https://t-erp-portal-test.app.terminus.io
2025-05-07 10:17:34|login_manager.__init__ line:56| 登录管理器初始化完成
2025-05-07 10:17:34|login_manager.login line:69| 开始登录流程
2025-05-07 10:17:34|login_manager.login line:72| 使用配置文件中的默认账号密码
2025-05-07 10:17:34|login_manager.login line:76| 使用账号: 17376596912
2025-05-07 10:17:34|login_manager.login line:86| 登录URL: https://t-erp-iam-test.app.terminus.io/iam/api/v1/user/login/account
2025-05-07 10:17:34|login_manager.login line:92| 登录响应状态码: 200
2025-05-07 10:17:34|login_manager.login line:101| 重定向URL: https://t-erp-portal-test.app.terminus.io/TERP_PORTAL-TERP-tpf_umwrhzbg/login
2025-05-07 10:17:34|login_manager.get_current_user line:130| 获取用户信息URL: https://t-erp-portal-test.app.terminus.io/api/trantor/portal/user/current
2025-05-07 10:17:34|login_manager.get_current_user line:136| 获取用户信息响应状态码: 200
2025-05-07 10:17:34|login_manager.login line:114| 登录成功，用户信息: {'requestId': 'e565e778-1559797', 'success': True, 'data': {'id': 540175374525637, 'username': 'zhangang', 'email': 'zhangang.26@163.com', 'mobile': '17376596912', 'nickname': '章昂', 'status': True, 'avatar': 'https://terminus-new-trantor.oss-cn-hangzhou.aliyuncs.com/iam/user/avatar/540175374525637/2025-03-10_14_44_32_7dbc5543-0152-4a67-9901-b7da94c6ba4f_%E5%A4%8D%E6%B4%BB%E5%B2%9B%E5%B7%A8%E4%BA%BA%E5%83%8F.png'}}
2025-05-07 10:17:34|LogUtil.info line:33| 测试类初始化完成
2025-05-07 10:17:34|LogUtil.info line:33| CRM会员测试类初始化完成
2025-05-07 10:17:34|LogUtil.info line:33| 发送请求: 新增会员接口
2025-05-07 10:17:34|test_01_member_create.test_create_member line:89| 新增会员接口响应: {
  "requestId": "04e1b44a-1559798",
  "success": true,
  "data": null
}
2025-05-07 10:17:34|LogUtil.info line:33| 发送请求: 新增会员接口-第1个
2025-05-07 10:17:35|test_01_member_create.test_batch_create_members line:111| 第1个会员创建成功
2025-05-07 10:17:35|LogUtil.info line:33| 发送请求: 新增会员接口-第2个
2025-05-07 10:17:35|test_01_member_create.test_batch_create_members line:111| 第2个会员创建成功
2025-05-07 10:17:35|LogUtil.info line:33| 发送请求: 新增会员接口-第3个
2025-05-07 10:17:35|test_01_member_create.test_batch_create_members line:111| 第3个会员创建成功
2025-05-07 10:17:35|LogUtil.info line:33| 发送请求: 新增会员接口-第4个
2025-05-07 10:17:35|test_01_member_create.test_batch_create_members line:111| 第4个会员创建成功
2025-05-07 10:17:35|LogUtil.info line:33| 发送请求: 新增会员接口-第5个
2025-05-07 10:17:35|test_01_member_create.test_batch_create_members line:111| 第5个会员创建成功
2025-05-07 10:17:36|LogUtil.info line:33| 发送请求: 新增会员接口-第6个
2025-05-07 10:17:36|test_01_member_create.test_batch_create_members line:111| 第6个会员创建成功
2025-05-07 10:17:36|LogUtil.info line:33| 发送请求: 新增会员接口-第7个
2025-05-07 10:17:36|test_01_member_create.test_batch_create_members line:111| 第7个会员创建成功
2025-05-07 10:17:36|LogUtil.info line:33| 发送请求: 新增会员接口-第8个
2025-05-07 10:17:36|test_01_member_create.test_batch_create_members line:111| 第8个会员创建成功
2025-05-07 10:17:36|LogUtil.info line:33| 发送请求: 新增会员接口-第9个
2025-05-07 10:17:36|test_01_member_create.test_batch_create_members line:111| 第9个会员创建成功
2025-05-07 10:17:36|LogUtil.info line:33| 发送请求: 新增会员接口-第10个
2025-05-07 10:17:37|test_01_member_create.test_batch_create_members line:111| 第10个会员创建成功
2025-05-07 10:17:37|LogUtil.info line:33| 发送请求: 新增会员接口-第11个
2025-05-07 10:17:37|test_01_member_create.test_batch_create_members line:111| 第11个会员创建成功
2025-05-07 10:17:37|LogUtil.info line:33| 发送请求: 新增会员接口-第12个
2025-05-07 10:17:37|test_01_member_create.test_batch_create_members line:111| 第12个会员创建成功
2025-05-07 10:17:37|LogUtil.info line:33| 发送请求: 新增会员接口-第13个
2025-05-07 10:17:37|test_01_member_create.test_batch_create_members line:111| 第13个会员创建成功
2025-05-07 10:17:37|LogUtil.info line:33| 发送请求: 新增会员接口-第14个
2025-05-07 10:17:37|test_01_member_create.test_batch_create_members line:111| 第14个会员创建成功
2025-05-07 10:17:38|LogUtil.info line:33| 发送请求: 新增会员接口-第15个
2025-05-07 10:17:38|test_01_member_create.test_batch_create_members line:111| 第15个会员创建成功
2025-05-07 10:17:38|LogUtil.info line:33| 发送请求: 新增会员接口-第16个
2025-05-07 10:17:38|test_01_member_create.test_batch_create_members line:111| 第16个会员创建成功
2025-05-07 10:17:38|LogUtil.info line:33| 发送请求: 新增会员接口-第17个
2025-05-07 10:17:38|test_01_member_create.test_batch_create_members line:111| 第17个会员创建成功
2025-05-07 10:17:38|LogUtil.info line:33| 发送请求: 新增会员接口-第18个
2025-05-07 10:17:38|test_01_member_create.test_batch_create_members line:111| 第18个会员创建成功
2025-05-07 10:17:39|LogUtil.info line:33| 发送请求: 新增会员接口-第19个
2025-05-07 10:17:39|test_01_member_create.test_batch_create_members line:111| 第19个会员创建成功
2025-05-07 10:17:39|LogUtil.info line:33| 发送请求: 新增会员接口-第20个
2025-05-07 10:17:39|test_01_member_create.test_batch_create_members line:111| 第20个会员创建成功
2025-05-07 10:17:39|LogUtil.info line:33| 发送请求: 新增会员接口-第21个
2025-05-07 10:17:39|test_01_member_create.test_batch_create_members line:111| 第21个会员创建成功
2025-05-07 10:17:39|LogUtil.info line:33| 发送请求: 新增会员接口-第22个
2025-05-07 10:17:39|test_01_member_create.test_batch_create_members line:111| 第22个会员创建成功
2025-05-07 10:17:40|LogUtil.info line:33| 发送请求: 新增会员接口-第23个
2025-05-07 10:17:40|test_01_member_create.test_batch_create_members line:111| 第23个会员创建成功
2025-05-07 10:17:40|LogUtil.info line:33| 发送请求: 新增会员接口-第24个
2025-05-07 10:17:40|test_01_member_create.test_batch_create_members line:111| 第24个会员创建成功
2025-05-07 10:17:40|LogUtil.info line:33| 发送请求: 新增会员接口-第25个
2025-05-07 10:17:40|test_01_member_create.test_batch_create_members line:111| 第25个会员创建成功
2025-05-07 10:17:40|LogUtil.info line:33| 发送请求: 新增会员接口-第26个
2025-05-07 10:17:40|test_01_member_create.test_batch_create_members line:111| 第26个会员创建成功
2025-05-07 10:17:40|LogUtil.info line:33| 发送请求: 新增会员接口-第27个
2025-05-07 10:17:41|test_01_member_create.test_batch_create_members line:111| 第27个会员创建成功
2025-05-07 10:17:41|LogUtil.info line:33| 发送请求: 新增会员接口-第28个
2025-05-07 10:17:41|test_01_member_create.test_batch_create_members line:111| 第28个会员创建成功
2025-05-07 10:17:41|LogUtil.info line:33| 发送请求: 新增会员接口-第29个
2025-05-07 10:17:41|test_01_member_create.test_batch_create_members line:111| 第29个会员创建成功
2025-05-07 10:17:41|LogUtil.info line:33| 发送请求: 新增会员接口-第30个
2025-05-07 10:17:41|test_01_member_create.test_batch_create_members line:111| 第30个会员创建成功
2025-05-07 10:17:41|LogUtil.info line:33| 发送请求: 新增会员接口-第31个
2025-05-07 10:17:41|test_01_member_create.test_batch_create_members line:111| 第31个会员创建成功
2025-05-07 10:17:41|LogUtil.info line:33| 发送请求: 新增会员接口-第32个
2025-05-07 10:17:42|test_01_member_create.test_batch_create_members line:111| 第32个会员创建成功
2025-05-07 10:17:42|LogUtil.info line:33| 发送请求: 新增会员接口-第33个
2025-05-07 10:17:42|test_01_member_create.test_batch_create_members line:111| 第33个会员创建成功
2025-05-07 10:17:42|LogUtil.info line:33| 发送请求: 新增会员接口-第34个
2025-05-07 10:17:42|test_01_member_create.test_batch_create_members line:111| 第34个会员创建成功
2025-05-07 10:17:42|LogUtil.info line:33| 发送请求: 新增会员接口-第35个
2025-05-07 10:17:42|test_01_member_create.test_batch_create_members line:111| 第35个会员创建成功
2025-05-07 10:17:42|LogUtil.info line:33| 发送请求: 新增会员接口-第36个
2025-05-07 10:17:42|test_01_member_create.test_batch_create_members line:111| 第36个会员创建成功
2025-05-07 10:17:43|LogUtil.info line:33| 发送请求: 新增会员接口-第37个
2025-05-07 10:17:43|test_01_member_create.test_batch_create_members line:111| 第37个会员创建成功
2025-05-07 10:17:43|LogUtil.info line:33| 发送请求: 新增会员接口-第38个
2025-05-07 10:17:43|test_01_member_create.test_batch_create_members line:111| 第38个会员创建成功
2025-05-07 10:17:43|LogUtil.info line:33| 发送请求: 新增会员接口-第39个
2025-05-07 10:17:43|test_01_member_create.test_batch_create_members line:111| 第39个会员创建成功
2025-05-07 10:17:43|LogUtil.info line:33| 发送请求: 新增会员接口-第40个
2025-05-07 10:17:43|test_01_member_create.test_batch_create_members line:111| 第40个会员创建成功
2025-05-07 10:17:43|LogUtil.info line:33| 发送请求: 新增会员接口-第41个
2025-05-07 10:17:43|test_01_member_create.test_batch_create_members line:111| 第41个会员创建成功
2025-05-07 10:17:44|LogUtil.info line:33| 发送请求: 新增会员接口-第42个
2025-05-07 10:17:44|test_01_member_create.test_batch_create_members line:111| 第42个会员创建成功
2025-05-07 10:17:44|LogUtil.info line:33| 发送请求: 新增会员接口-第43个
2025-05-07 10:17:44|test_01_member_create.test_batch_create_members line:111| 第43个会员创建成功
2025-05-07 10:17:44|LogUtil.info line:33| 发送请求: 新增会员接口-第44个
2025-05-07 10:17:44|test_01_member_create.test_batch_create_members line:111| 第44个会员创建成功
2025-05-07 10:17:44|LogUtil.info line:33| 发送请求: 新增会员接口-第45个
2025-05-07 10:17:44|test_01_member_create.test_batch_create_members line:111| 第45个会员创建成功
2025-05-07 10:17:44|LogUtil.info line:33| 发送请求: 新增会员接口-第46个
2025-05-07 10:17:44|test_01_member_create.test_batch_create_members line:111| 第46个会员创建成功
2025-05-07 10:17:45|LogUtil.info line:33| 发送请求: 新增会员接口-第47个
2025-05-07 10:17:45|test_01_member_create.test_batch_create_members line:111| 第47个会员创建成功
2025-05-07 10:17:45|LogUtil.info line:33| 发送请求: 新增会员接口-第48个
2025-05-07 10:17:45|test_01_member_create.test_batch_create_members line:111| 第48个会员创建成功
2025-05-07 10:17:45|LogUtil.info line:33| 发送请求: 新增会员接口-第49个
2025-05-07 10:17:45|test_01_member_create.test_batch_create_members line:111| 第49个会员创建成功
2025-05-07 10:17:45|LogUtil.info line:33| 发送请求: 新增会员接口-第50个
2025-05-07 10:17:45|test_01_member_create.test_batch_create_members line:111| 第50个会员创建成功
2025-05-07 10:17:45|LogUtil.info line:33| 发送请求: 新增会员接口-第51个
2025-05-07 10:17:46|test_01_member_create.test_batch_create_members line:111| 第51个会员创建成功
2025-05-07 10:17:46|LogUtil.info line:33| 发送请求: 新增会员接口-第52个
2025-05-07 10:17:46|test_01_member_create.test_batch_create_members line:111| 第52个会员创建成功
2025-05-07 10:17:46|LogUtil.info line:33| 发送请求: 新增会员接口-第53个
2025-05-07 10:17:46|test_01_member_create.test_batch_create_members line:111| 第53个会员创建成功
2025-05-07 10:17:46|LogUtil.info line:33| 发送请求: 新增会员接口-第54个
2025-05-07 10:17:46|test_01_member_create.test_batch_create_members line:111| 第54个会员创建成功
2025-05-07 10:17:46|LogUtil.info line:33| 发送请求: 新增会员接口-第55个
2025-05-07 10:17:47|test_01_member_create.test_batch_create_members line:111| 第55个会员创建成功
2025-05-07 10:17:47|LogUtil.info line:33| 发送请求: 新增会员接口-第56个
2025-05-07 10:17:47|test_01_member_create.test_batch_create_members line:111| 第56个会员创建成功
2025-05-07 10:17:47|LogUtil.info line:33| 发送请求: 新增会员接口-第57个
2025-05-07 10:17:47|test_01_member_create.test_batch_create_members line:111| 第57个会员创建成功
2025-05-07 10:17:47|LogUtil.info line:33| 发送请求: 新增会员接口-第58个
2025-05-07 10:17:47|test_01_member_create.test_batch_create_members line:111| 第58个会员创建成功
2025-05-07 10:17:47|LogUtil.info line:33| 发送请求: 新增会员接口-第59个
2025-05-07 10:17:48|test_01_member_create.test_batch_create_members line:111| 第59个会员创建成功
2025-05-07 10:17:48|LogUtil.info line:33| 发送请求: 新增会员接口-第60个
2025-05-07 10:17:48|test_01_member_create.test_batch_create_members line:111| 第60个会员创建成功
2025-05-07 10:17:48|LogUtil.info line:33| 发送请求: 新增会员接口-第61个
2025-05-07 10:17:48|test_01_member_create.test_batch_create_members line:111| 第61个会员创建成功
2025-05-07 10:17:48|LogUtil.info line:33| 发送请求: 新增会员接口-第62个
2025-05-07 10:17:48|test_01_member_create.test_batch_create_members line:111| 第62个会员创建成功
2025-05-07 10:17:49|LogUtil.info line:33| 发送请求: 新增会员接口-第63个
2025-05-07 10:17:49|test_01_member_create.test_batch_create_members line:111| 第63个会员创建成功
2025-05-07 10:17:49|LogUtil.info line:33| 发送请求: 新增会员接口-第64个
2025-05-07 10:17:49|test_01_member_create.test_batch_create_members line:111| 第64个会员创建成功
2025-05-07 10:17:49|LogUtil.info line:33| 发送请求: 新增会员接口-第65个
2025-05-07 10:17:49|test_01_member_create.test_batch_create_members line:111| 第65个会员创建成功
2025-05-07 10:17:50|LogUtil.info line:33| 发送请求: 新增会员接口-第66个
2025-05-07 10:17:50|test_01_member_create.test_batch_create_members line:111| 第66个会员创建成功
2025-05-07 10:17:50|LogUtil.info line:33| 发送请求: 新增会员接口-第67个
2025-05-07 10:17:50|test_01_member_create.test_batch_create_members line:111| 第67个会员创建成功
2025-05-07 10:17:50|LogUtil.info line:33| 发送请求: 新增会员接口-第68个
2025-05-07 10:17:50|test_01_member_create.test_batch_create_members line:111| 第68个会员创建成功
2025-05-07 10:17:51|LogUtil.info line:33| 发送请求: 新增会员接口-第69个
2025-05-07 10:17:51|test_01_member_create.test_batch_create_members line:111| 第69个会员创建成功
2025-05-07 10:17:51|LogUtil.info line:33| 发送请求: 新增会员接口-第70个
2025-05-07 10:17:51|test_01_member_create.test_batch_create_members line:111| 第70个会员创建成功
2025-05-07 10:17:51|LogUtil.info line:33| 发送请求: 新增会员接口-第71个
2025-05-07 10:17:51|test_01_member_create.test_batch_create_members line:111| 第71个会员创建成功
2025-05-07 10:17:51|LogUtil.info line:33| 发送请求: 新增会员接口-第72个
2025-05-07 10:17:51|test_01_member_create.test_batch_create_members line:111| 第72个会员创建成功
2025-05-07 10:17:52|LogUtil.info line:33| 发送请求: 新增会员接口-第73个
2025-05-07 10:17:52|test_01_member_create.test_batch_create_members line:111| 第73个会员创建成功
2025-05-07 10:17:52|LogUtil.info line:33| 发送请求: 新增会员接口-第74个
2025-05-07 10:17:52|test_01_member_create.test_batch_create_members line:111| 第74个会员创建成功
2025-05-07 10:17:52|LogUtil.info line:33| 发送请求: 新增会员接口-第75个
2025-05-07 10:17:52|test_01_member_create.test_batch_create_members line:111| 第75个会员创建成功
2025-05-07 10:17:53|LogUtil.info line:33| 发送请求: 新增会员接口-第76个
2025-05-07 10:17:53|test_01_member_create.test_batch_create_members line:111| 第76个会员创建成功
2025-05-07 10:17:53|LogUtil.info line:33| 发送请求: 新增会员接口-第77个
2025-05-07 10:17:53|test_01_member_create.test_batch_create_members line:111| 第77个会员创建成功
2025-05-07 10:17:54|LogUtil.info line:33| 发送请求: 新增会员接口-第78个
2025-05-07 10:17:54|test_01_member_create.test_batch_create_members line:111| 第78个会员创建成功
2025-05-07 10:17:54|LogUtil.info line:33| 发送请求: 新增会员接口-第79个
2025-05-07 10:17:54|test_01_member_create.test_batch_create_members line:111| 第79个会员创建成功
2025-05-07 10:17:54|LogUtil.info line:33| 发送请求: 新增会员接口-第80个
2025-05-07 10:17:54|test_01_member_create.test_batch_create_members line:111| 第80个会员创建成功
2025-05-07 10:17:54|LogUtil.info line:33| 发送请求: 新增会员接口-第81个
2025-05-07 10:17:54|test_01_member_create.test_batch_create_members line:111| 第81个会员创建成功
2025-05-07 10:17:55|LogUtil.info line:33| 发送请求: 新增会员接口-第82个
2025-05-07 10:17:55|test_01_member_create.test_batch_create_members line:111| 第82个会员创建成功
2025-05-07 10:17:55|LogUtil.info line:33| 发送请求: 新增会员接口-第83个
2025-05-07 10:17:55|test_01_member_create.test_batch_create_members line:111| 第83个会员创建成功
2025-05-07 10:17:55|LogUtil.info line:33| 发送请求: 新增会员接口-第84个
2025-05-07 10:17:55|test_01_member_create.test_batch_create_members line:111| 第84个会员创建成功
2025-05-07 10:17:55|LogUtil.info line:33| 发送请求: 新增会员接口-第85个
2025-05-07 10:17:55|test_01_member_create.test_batch_create_members line:111| 第85个会员创建成功
2025-05-07 10:17:56|LogUtil.info line:33| 发送请求: 新增会员接口-第86个
2025-05-07 10:17:56|test_01_member_create.test_batch_create_members line:111| 第86个会员创建成功
2025-05-07 10:17:56|LogUtil.info line:33| 发送请求: 新增会员接口-第87个
2025-05-07 10:17:56|test_01_member_create.test_batch_create_members line:111| 第87个会员创建成功
2025-05-07 10:17:56|LogUtil.info line:33| 发送请求: 新增会员接口-第88个
2025-05-07 10:17:56|test_01_member_create.test_batch_create_members line:111| 第88个会员创建成功
2025-05-07 10:17:57|LogUtil.info line:33| 发送请求: 新增会员接口-第89个
2025-05-07 10:17:57|test_01_member_create.test_batch_create_members line:111| 第89个会员创建成功
2025-05-07 10:17:57|LogUtil.info line:33| 发送请求: 新增会员接口-第90个
2025-05-07 10:17:57|test_01_member_create.test_batch_create_members line:111| 第90个会员创建成功
2025-05-07 10:17:57|LogUtil.info line:33| 发送请求: 新增会员接口-第91个
2025-05-07 10:17:57|test_01_member_create.test_batch_create_members line:111| 第91个会员创建成功
2025-05-07 10:17:57|LogUtil.info line:33| 发送请求: 新增会员接口-第92个
2025-05-07 10:17:57|test_01_member_create.test_batch_create_members line:111| 第92个会员创建成功
2025-05-07 10:17:58|LogUtil.info line:33| 发送请求: 新增会员接口-第93个
2025-05-07 10:17:58|test_01_member_create.test_batch_create_members line:111| 第93个会员创建成功
2025-05-07 10:17:58|LogUtil.info line:33| 发送请求: 新增会员接口-第94个
2025-05-07 10:17:58|test_01_member_create.test_batch_create_members line:111| 第94个会员创建成功
2025-05-07 10:17:58|LogUtil.info line:33| 发送请求: 新增会员接口-第95个
2025-05-07 10:17:58|test_01_member_create.test_batch_create_members line:111| 第95个会员创建成功
2025-05-07 10:17:58|LogUtil.info line:33| 发送请求: 新增会员接口-第96个
2025-05-07 10:17:59|test_01_member_create.test_batch_create_members line:111| 第96个会员创建成功
2025-05-07 10:17:59|LogUtil.info line:33| 发送请求: 新增会员接口-第97个
2025-05-07 10:17:59|test_01_member_create.test_batch_create_members line:111| 第97个会员创建成功
2025-05-07 10:17:59|LogUtil.info line:33| 发送请求: 新增会员接口-第98个
2025-05-07 10:17:59|test_01_member_create.test_batch_create_members line:111| 第98个会员创建成功
2025-05-07 10:18:00|LogUtil.info line:33| 发送请求: 新增会员接口-第99个
2025-05-07 10:18:00|test_01_member_create.test_batch_create_members line:111| 第99个会员创建成功
2025-05-07 10:18:00|LogUtil.info line:33| 发送请求: 新增会员接口-第100个
2025-05-07 10:18:01|test_01_member_create.test_batch_create_members line:111| 第100个会员创建成功
2025-05-07 10:18:01|LogUtil.info line:33| 发送请求: 新增会员接口-第101个
2025-05-07 10:18:01|test_01_member_create.test_batch_create_members line:111| 第101个会员创建成功
2025-05-07 10:18:01|LogUtil.info line:33| 发送请求: 新增会员接口-第102个
2025-05-07 10:18:02|test_01_member_create.test_batch_create_members line:111| 第102个会员创建成功
2025-05-07 10:18:02|LogUtil.info line:33| 发送请求: 新增会员接口-第103个
2025-05-07 10:18:02|test_01_member_create.test_batch_create_members line:111| 第103个会员创建成功
2025-05-07 10:18:02|LogUtil.info line:33| 发送请求: 新增会员接口-第104个
2025-05-07 10:18:02|test_01_member_create.test_batch_create_members line:111| 第104个会员创建成功
2025-05-07 10:18:02|LogUtil.info line:33| 发送请求: 新增会员接口-第105个
2025-05-07 10:18:03|test_01_member_create.test_batch_create_members line:111| 第105个会员创建成功
2025-05-07 10:18:03|LogUtil.info line:33| 发送请求: 新增会员接口-第106个
2025-05-07 10:18:03|test_01_member_create.test_batch_create_members line:111| 第106个会员创建成功
2025-05-07 10:18:03|LogUtil.info line:33| 发送请求: 新增会员接口-第107个
2025-05-07 10:18:03|test_01_member_create.test_batch_create_members line:111| 第107个会员创建成功
2025-05-07 10:18:03|LogUtil.info line:33| 发送请求: 新增会员接口-第108个
2025-05-07 10:18:03|test_01_member_create.test_batch_create_members line:111| 第108个会员创建成功
2025-05-07 10:18:04|LogUtil.info line:33| 发送请求: 新增会员接口-第109个
2025-05-07 10:18:04|test_01_member_create.test_batch_create_members line:111| 第109个会员创建成功
2025-05-07 10:18:04|LogUtil.info line:33| 发送请求: 新增会员接口-第110个
2025-05-07 10:18:04|test_01_member_create.test_batch_create_members line:111| 第110个会员创建成功
2025-05-07 10:18:04|LogUtil.info line:33| 发送请求: 新增会员接口-第111个
2025-05-07 10:18:04|test_01_member_create.test_batch_create_members line:111| 第111个会员创建成功
2025-05-07 10:18:04|LogUtil.info line:33| 发送请求: 新增会员接口-第112个
2025-05-07 10:18:05|test_01_member_create.test_batch_create_members line:111| 第112个会员创建成功
2025-05-07 10:18:05|LogUtil.info line:33| 发送请求: 新增会员接口-第113个
2025-05-07 10:18:05|test_01_member_create.test_batch_create_members line:111| 第113个会员创建成功
2025-05-07 10:18:05|LogUtil.info line:33| 发送请求: 新增会员接口-第114个
2025-05-07 10:18:05|test_01_member_create.test_batch_create_members line:111| 第114个会员创建成功
2025-05-07 10:18:05|LogUtil.info line:33| 发送请求: 新增会员接口-第115个
2025-05-07 10:18:06|test_01_member_create.test_batch_create_members line:111| 第115个会员创建成功
2025-05-07 10:18:06|LogUtil.info line:33| 发送请求: 新增会员接口-第116个
2025-05-07 10:18:06|test_01_member_create.test_batch_create_members line:111| 第116个会员创建成功
2025-05-07 10:18:06|LogUtil.info line:33| 发送请求: 新增会员接口-第117个
2025-05-07 10:18:06|test_01_member_create.test_batch_create_members line:111| 第117个会员创建成功
2025-05-07 10:18:06|LogUtil.info line:33| 发送请求: 新增会员接口-第118个
2025-05-07 10:18:06|test_01_member_create.test_batch_create_members line:111| 第118个会员创建成功
2025-05-07 10:18:06|LogUtil.info line:33| 发送请求: 新增会员接口-第119个
2025-05-07 10:18:06|test_01_member_create.test_batch_create_members line:111| 第119个会员创建成功
2025-05-07 10:18:07|LogUtil.info line:33| 发送请求: 新增会员接口-第120个
2025-05-07 10:18:07|test_01_member_create.test_batch_create_members line:111| 第120个会员创建成功
2025-05-07 10:18:07|LogUtil.info line:33| 发送请求: 新增会员接口-第121个
2025-05-07 10:18:07|test_01_member_create.test_batch_create_members line:111| 第121个会员创建成功
2025-05-07 10:18:07|LogUtil.info line:33| 发送请求: 新增会员接口-第122个
2025-05-07 10:18:07|test_01_member_create.test_batch_create_members line:111| 第122个会员创建成功
2025-05-07 10:18:07|LogUtil.info line:33| 发送请求: 新增会员接口-第123个
2025-05-07 10:18:07|test_01_member_create.test_batch_create_members line:111| 第123个会员创建成功
2025-05-07 10:18:08|LogUtil.info line:33| 发送请求: 新增会员接口-第124个
2025-05-07 10:18:08|test_01_member_create.test_batch_create_members line:111| 第124个会员创建成功
2025-05-07 10:18:08|LogUtil.info line:33| 发送请求: 新增会员接口-第125个
2025-05-07 10:18:08|test_01_member_create.test_batch_create_members line:111| 第125个会员创建成功
2025-05-07 10:18:08|LogUtil.info line:33| 发送请求: 新增会员接口-第126个
2025-05-07 10:18:08|test_01_member_create.test_batch_create_members line:111| 第126个会员创建成功
2025-05-07 10:18:08|LogUtil.info line:33| 发送请求: 新增会员接口-第127个
2025-05-07 10:18:08|test_01_member_create.test_batch_create_members line:111| 第127个会员创建成功
2025-05-07 10:18:09|LogUtil.info line:33| 发送请求: 新增会员接口-第128个
2025-05-07 10:18:09|test_01_member_create.test_batch_create_members line:111| 第128个会员创建成功
2025-05-07 10:18:09|LogUtil.info line:33| 发送请求: 新增会员接口-第129个
2025-05-07 10:18:09|test_01_member_create.test_batch_create_members line:111| 第129个会员创建成功
2025-05-07 10:18:09|LogUtil.info line:33| 发送请求: 新增会员接口-第130个
2025-05-07 10:18:09|test_01_member_create.test_batch_create_members line:111| 第130个会员创建成功
2025-05-07 10:18:09|LogUtil.info line:33| 发送请求: 新增会员接口-第131个
2025-05-07 10:18:09|test_01_member_create.test_batch_create_members line:111| 第131个会员创建成功
2025-05-07 10:18:10|LogUtil.info line:33| 发送请求: 新增会员接口-第132个
2025-05-07 10:18:10|test_01_member_create.test_batch_create_members line:111| 第132个会员创建成功
2025-05-07 10:18:10|LogUtil.info line:33| 发送请求: 新增会员接口-第133个
2025-05-07 10:18:10|test_01_member_create.test_batch_create_members line:111| 第133个会员创建成功
2025-05-07 10:18:10|LogUtil.info line:33| 发送请求: 新增会员接口-第134个
2025-05-07 10:18:10|test_01_member_create.test_batch_create_members line:111| 第134个会员创建成功
2025-05-07 10:18:10|LogUtil.info line:33| 发送请求: 新增会员接口-第135个
2025-05-07 10:18:10|test_01_member_create.test_batch_create_members line:111| 第135个会员创建成功
2025-05-07 10:18:11|LogUtil.info line:33| 发送请求: 新增会员接口-第136个
2025-05-07 10:18:11|test_01_member_create.test_batch_create_members line:111| 第136个会员创建成功
2025-05-07 10:18:11|LogUtil.info line:33| 发送请求: 新增会员接口-第137个
2025-05-07 10:18:11|test_01_member_create.test_batch_create_members line:111| 第137个会员创建成功
2025-05-07 10:18:11|LogUtil.info line:33| 发送请求: 新增会员接口-第138个
2025-05-07 10:18:11|test_01_member_create.test_batch_create_members line:111| 第138个会员创建成功
2025-05-07 10:18:11|LogUtil.info line:33| 发送请求: 新增会员接口-第139个
2025-05-07 10:18:11|test_01_member_create.test_batch_create_members line:111| 第139个会员创建成功
2025-05-07 10:18:11|LogUtil.info line:33| 发送请求: 新增会员接口-第140个
2025-05-07 10:18:12|test_01_member_create.test_batch_create_members line:111| 第140个会员创建成功
2025-05-07 10:18:12|LogUtil.info line:33| 发送请求: 新增会员接口-第141个
2025-05-07 10:18:12|test_01_member_create.test_batch_create_members line:111| 第141个会员创建成功
2025-05-07 10:18:12|LogUtil.info line:33| 发送请求: 新增会员接口-第142个
2025-05-07 10:18:12|test_01_member_create.test_batch_create_members line:111| 第142个会员创建成功
2025-05-07 10:18:12|LogUtil.info line:33| 发送请求: 新增会员接口-第143个
2025-05-07 10:18:12|test_01_member_create.test_batch_create_members line:111| 第143个会员创建成功
2025-05-07 10:18:12|LogUtil.info line:33| 发送请求: 新增会员接口-第144个
2025-05-07 10:18:13|test_01_member_create.test_batch_create_members line:111| 第144个会员创建成功
2025-05-07 10:18:13|LogUtil.info line:33| 发送请求: 新增会员接口-第145个
2025-05-07 10:18:13|test_01_member_create.test_batch_create_members line:111| 第145个会员创建成功
2025-05-07 10:18:13|LogUtil.info line:33| 发送请求: 新增会员接口-第146个
2025-05-07 10:18:13|test_01_member_create.test_batch_create_members line:111| 第146个会员创建成功
2025-05-07 10:18:13|LogUtil.info line:33| 发送请求: 新增会员接口-第147个
2025-05-07 10:18:13|test_01_member_create.test_batch_create_members line:111| 第147个会员创建成功
2025-05-07 10:18:14|LogUtil.info line:33| 发送请求: 新增会员接口-第148个
2025-05-07 10:18:14|test_01_member_create.test_batch_create_members line:111| 第148个会员创建成功
2025-05-07 10:18:14|LogUtil.info line:33| 发送请求: 新增会员接口-第149个
2025-05-07 10:18:14|test_01_member_create.test_batch_create_members line:111| 第149个会员创建成功
2025-05-07 10:18:14|LogUtil.info line:33| 发送请求: 新增会员接口-第150个
2025-05-07 10:18:14|test_01_member_create.test_batch_create_members line:111| 第150个会员创建成功
2025-05-07 10:18:14|LogUtil.info line:33| 发送请求: 新增会员接口-第151个
2025-05-07 10:18:14|test_01_member_create.test_batch_create_members line:111| 第151个会员创建成功
2025-05-07 10:18:14|LogUtil.info line:33| 发送请求: 新增会员接口-第152个
2025-05-07 10:18:15|test_01_member_create.test_batch_create_members line:111| 第152个会员创建成功
2025-05-07 10:18:15|LogUtil.info line:33| 发送请求: 新增会员接口-第153个
2025-05-07 10:18:15|test_01_member_create.test_batch_create_members line:111| 第153个会员创建成功
2025-05-07 10:18:15|LogUtil.info line:33| 发送请求: 新增会员接口-第154个
2025-05-07 10:18:15|test_01_member_create.test_batch_create_members line:111| 第154个会员创建成功
2025-05-07 10:18:15|LogUtil.info line:33| 发送请求: 新增会员接口-第155个
2025-05-07 10:18:15|test_01_member_create.test_batch_create_members line:111| 第155个会员创建成功
2025-05-07 10:18:16|LogUtil.info line:33| 发送请求: 新增会员接口-第156个
2025-05-07 10:18:16|test_01_member_create.test_batch_create_members line:111| 第156个会员创建成功
2025-05-07 10:18:16|LogUtil.info line:33| 发送请求: 新增会员接口-第157个
2025-05-07 10:18:16|test_01_member_create.test_batch_create_members line:111| 第157个会员创建成功
2025-05-07 10:18:16|LogUtil.info line:33| 发送请求: 新增会员接口-第158个
2025-05-07 10:18:16|test_01_member_create.test_batch_create_members line:111| 第158个会员创建成功
2025-05-07 10:18:16|LogUtil.info line:33| 发送请求: 新增会员接口-第159个
2025-05-07 10:18:16|test_01_member_create.test_batch_create_members line:111| 第159个会员创建成功
2025-05-07 10:18:17|LogUtil.info line:33| 发送请求: 新增会员接口-第160个
2025-05-07 10:18:17|test_01_member_create.test_batch_create_members line:111| 第160个会员创建成功
2025-05-07 10:18:17|LogUtil.info line:33| 发送请求: 新增会员接口-第161个
2025-05-07 10:18:17|test_01_member_create.test_batch_create_members line:111| 第161个会员创建成功
2025-05-07 10:18:17|LogUtil.info line:33| 发送请求: 新增会员接口-第162个
2025-05-07 10:18:17|test_01_member_create.test_batch_create_members line:111| 第162个会员创建成功
2025-05-07 10:18:18|LogUtil.info line:33| 发送请求: 新增会员接口-第163个
2025-05-07 10:18:18|test_01_member_create.test_batch_create_members line:111| 第163个会员创建成功
2025-05-07 10:18:18|LogUtil.info line:33| 发送请求: 新增会员接口-第164个
2025-05-07 10:18:18|test_01_member_create.test_batch_create_members line:111| 第164个会员创建成功
2025-05-07 10:18:19|LogUtil.info line:33| 发送请求: 新增会员接口-第165个
2025-05-07 10:18:19|test_01_member_create.test_batch_create_members line:111| 第165个会员创建成功
2025-05-07 10:18:19|LogUtil.info line:33| 发送请求: 新增会员接口-第166个
2025-05-07 10:18:19|test_01_member_create.test_batch_create_members line:111| 第166个会员创建成功
2025-05-07 10:18:20|LogUtil.info line:33| 发送请求: 新增会员接口-第167个
2025-05-07 10:18:20|test_01_member_create.test_batch_create_members line:111| 第167个会员创建成功
2025-05-07 10:18:20|LogUtil.info line:33| 发送请求: 新增会员接口-第168个
2025-05-07 10:18:20|test_01_member_create.test_batch_create_members line:111| 第168个会员创建成功
2025-05-07 10:18:20|LogUtil.info line:33| 发送请求: 新增会员接口-第169个
2025-05-07 10:18:20|test_01_member_create.test_batch_create_members line:111| 第169个会员创建成功
2025-05-07 10:18:21|LogUtil.info line:33| 发送请求: 新增会员接口-第170个
2025-05-07 10:18:21|test_01_member_create.test_batch_create_members line:111| 第170个会员创建成功
2025-05-07 10:18:22|LogUtil.info line:33| 发送请求: 新增会员接口-第171个
2025-05-07 10:18:22|test_01_member_create.test_batch_create_members line:111| 第171个会员创建成功
2025-05-07 10:18:22|LogUtil.info line:33| 发送请求: 新增会员接口-第172个
2025-05-07 10:18:22|test_01_member_create.test_batch_create_members line:111| 第172个会员创建成功
2025-05-07 10:18:23|LogUtil.info line:33| 发送请求: 新增会员接口-第173个
2025-05-07 10:18:23|test_01_member_create.test_batch_create_members line:111| 第173个会员创建成功
2025-05-07 11:35:32|LogUtil.info line:33| 当前测试环境: test
2025-05-07 11:35:32|MysqlUtil.__init__ line:36| 数据库管理器初始化完成，运行时模式: False
2025-05-07 11:35:32|MysqlUtil.__init__ line:36| 数据库管理器初始化完成，运行时模式: False
2025-05-07 11:35:32|LogUtil.info line:33| 文件缓存命中：使用缓存的SCM初始化数据
2025-05-07 11:35:32|login_manager.__init__ line:19| 初始化登录管理器
2025-05-07 11:35:32|login_manager.__init__ line:24| IAM URL: https://t-erp-iam-test.app.terminus.io
2025-05-07 11:35:32|login_manager.__init__ line:25| API URL: https://t-erp-portal-test.app.terminus.io
2025-05-07 11:35:33|login_manager.__init__ line:56| 登录管理器初始化完成
2025-05-07 11:35:33|login_manager.login line:69| 开始登录流程
2025-05-07 11:35:33|login_manager.login line:72| 使用配置文件中的默认账号密码
2025-05-07 11:35:33|login_manager.login line:76| 使用账号: 17376596912
2025-05-07 11:35:33|login_manager.login line:86| 登录URL: https://t-erp-iam-test.app.terminus.io/iam/api/v1/user/login/account
2025-05-07 11:35:33|login_manager.login line:92| 登录响应状态码: 200
2025-05-07 11:35:33|login_manager.login line:101| 重定向URL: https://t-erp-portal-test.app.terminus.io/TERP_PORTAL-TERP-tpf_umwrhzbg/login
2025-05-07 11:35:33|login_manager.get_current_user line:130| 获取用户信息URL: https://t-erp-portal-test.app.terminus.io/api/trantor/portal/user/current
2025-05-07 11:35:33|login_manager.get_current_user line:136| 获取用户信息响应状态码: 200
2025-05-07 11:35:33|login_manager.login line:114| 登录成功，用户信息: {'requestId': '27c1c1c0-1563815', 'success': True, 'data': {'id': 540175374525637, 'username': 'zhangang', 'email': 'zhangang.26@163.com', 'mobile': '17376596912', 'nickname': '章昂', 'status': True, 'avatar': 'https://terminus-new-trantor.oss-cn-hangzhou.aliyuncs.com/iam/user/avatar/540175374525637/2025-03-10_14_44_32_7dbc5543-0152-4a67-9901-b7da94c6ba4f_%E5%A4%8D%E6%B4%BB%E5%B2%9B%E5%B7%A8%E4%BA%BA%E5%83%8F.png'}}
2025-05-07 11:35:34|LogUtil.info line:33| 测试类初始化完成
2025-05-07 11:35:34|LogUtil.info line:33| 开始测试: test_05_query_orders_by_customer
2025-05-07 11:35:34|test_02_orderlist_query.setup_method line:40| 已加载通用查询参数
2025-05-07 11:35:34|test_02_orderlist_query.setup_method line:57| 初始化新的测试数据
2025-05-07 11:35:34|test_02_orderlist_query.setup_method line:61| 开始执行测试方法: test_05_query_orders_by_customer
2025-05-07 11:35:34|test_02_orderlist_query.setup_method line:65| 初始化测试数据完成
2025-05-07 11:35:34|test_02_orderlist_query.test_05_query_orders_by_customer line:463| 未获取到客户ID，无法执行按客户查询测试
2025-05-07 11:35:34|LogUtil.info line:33| 开始测试: test_03_query_orders_by_status
2025-05-07 11:35:34|test_02_orderlist_query.setup_method line:57| 初始化新的测试数据
2025-05-07 11:35:34|test_02_orderlist_query.setup_method line:61| 开始执行测试方法: test_03_query_orders_by_status
2025-05-07 11:35:34|test_02_orderlist_query.setup_method line:65| 初始化测试数据完成
2025-05-07 11:35:34|test_02_orderlist_query.test_03_query_orders_by_status line:324| 
准备发送请求...
2025-05-07 11:35:34|test_02_orderlist_query.test_03_query_orders_by_status line:325| 查询条件: 订单状态 = CANCELLED
2025-05-07 11:35:34|LogUtil.info line:33| 发送请求: 按单据状态 CANCELLED 查询销售订单列表
2025-05-07 11:35:35|test_02_orderlist_query.test_03_query_orders_by_status line:329| 
收到完整响应: {
  "requestId": "0d51156c-1563816",
  "success": true,
  "data": {
    "data": {
      "data": [
        {
          "soCode": "SO002634",
          "soDocDate": 1745769600000,
          "soExtCode": null,
          "baseCurrId": {
            "id": 2000001
          },
          "slsCurrId": {
            "id": 2000001
          },
          "exchRate": 1.0,
          "grossBaseAmt": 817696.0,
          "netBaseAmt": 723624.778761,
          "taxAmt": 94071.221239,
          "soCreateSource": "TERP门户",
          "slsOrgId": {
            "id": 14579001
          },
          "slsTmId": null,
          "soTypeId": {
            "soTypeCode": "STND",
            "soTypeName": "标准销售",
            "partnerProcedureHeadRef": {
              "id": 14005002
            },
            "attachmentProcedureHeadRef": null,
            "status": "ENABLED",
            "soTypeDesc": "标准销售",
            "genTextTypeRef": null,
            "isRev": false,
            "isSubmitApproval": true,
            "isModifyApproval": false,
            "currExchangeRateType": {
              "id": 2000001
            },
            "btClass": "SALES",
            "effectiveDays": null,
            "syncPrice": false,
            "isDefault": false,
            "id": 2101001,
            "createdBy": {
              "id": 27
            },
            "updatedBy": {
              "id": 477234922377861
            },
            "createdAt": 1685108645000,
            "updatedAt": 1745892294000,
            "version": 68,
            "deleted": 0,
            "originOrgId": 0
          },
          "custId": {
            "id": 2059001
          },
          "custPersonName": "李月汝",
          "custPhone": "18378999655",
          "slsPersonName": "章昂",
          "slsPhone": "17376596912",
          "soStatus": "CANCELLED",
          "approveStatus": null,
          "soTitle": null,
          "soDesc": null,
          "soNotes": null,
          "isFixedExchRate": false,
          "slsComId": {
            "id": 14373001
          },
          "priceIdempotent": "5190cc51b780a399b710db2a5aea9f98",
          "freezeType": "NU_FREEZE",
          "soAssociationCode": null,
          "soBusinessStatus": "INIT",
          "bizRuleGroup": null,
          "addrDetail": "佛山市禅城区季华五路28号",
          "currExchangeRateType": {
            "id": 2000001
          },
          "slsDcId": {
            "id": 14378001
          },
          "btClass": "SALES",
          "effectiveAt": null,
          "slsPerson": {
            "id": 14094003
          },
          "reCalculate": null,
          "invOrg": null,
          "invLoc": null,
          "priceCalcDate": 1745824711000,
          "deliveryInterceptFail": null,
          "externalBuyerId": null,
          "addrId": {
            "id": 70002638
          },
          "totalAmt": 817696.0,
          "discountAmt": 0.0,
          "discountInfo": "",
          "platformDiscountAmt": null,
          "merchantDiscountAmt": null,
          "actualPaidAmt": null,
          "freightAmt": null,
          "buyerRemark": null,
          "sellerRemark": null,
          "id": 16383005,
          "createdBy": {
            "id": 540175374525637
          },
          "updatedBy": {
            "id": 540175374525637
          },
          "createdAt": 1745824711000,
          "updatedAt": 1745824718000,
          "version": 5,
          "deleted": 0,
          "originOrgId": 0,
          "slsPartnerLinks": [
            {
              "soId": {
                "id": 16383005
              },
              "id": 16227005
            }
          ],
          "soItems": [
            {
              "soId": {
                "id": 16383005
              },
              "id": 16305005
            }
          ]
        },
        {
          "soCode": "SO002623",
          "soDocDate": 1745769600000,
          "soExtCode": null,
          "baseCurrId": {
            "id": 2000001
          },
          "slsCurrId": {
            "id": 2000001
          },
          "exchRate": 1.0,
          "grossBaseAmt": 808808.0,
          "netBaseAmt": 715759.292035,
          "taxAmt": 93048.707965,
          "soCreateSource": "TERP门户",
          "slsOrgId": {
            "id": 14579001
          },
          "slsTmId": null,
          "soTypeId": {
            "soTypeCode": "STND",
            "soTypeName": "标准销售",
            "partnerProcedureHeadRef": {
              "id": 14005002
            },
            "attachmentProcedureHeadRef": null,
            "status": "ENABLED",
            "soTypeDesc": "标准销售",
            "genTextTypeRef": null,
            "isRev": false,
            "isSubmitApproval": true,
            "isModifyApproval": false,
            "currExchangeRateType": {
              "id": 2000001
            },
            "btClass": "SALES",
            "effectiveDays": null,
            "syncPrice": false,
            "isDefault": false,
            "id": 2101001,
            "createdBy": {
              "id": 27
            },
            "updatedBy": {
              "id": 477234922377861
            },
            "createdAt": 1685108645000,
            "updatedAt": 1745892294000,
            "version": 68,
            "deleted": 0,
            "originOrgId": 0
          },
          "custId": {
            "id": 2059001
          },
          "custPersonName": "李月汝",
          "custPhone": "18378999655",
          "slsPersonName": "章昂",
          "slsPhone": "17376596912",
          "soStatus": "CANCELLED",
          "approveStatus": null,
          "soTitle": null,
          "soDesc": null,
          "soNotes": null,
          "isFixedExchRate": false,
          "slsComId": {
            "id": 14373001
          },
          "priceIdempotent": "6c8589639ebd90ac2bf7f80b807615f3",
          "freezeType": "NU_FREEZE",
          "soAssociationCode": null,
          "soBusinessStatus": "INIT",
          "bizRuleGroup": null,
          "addrDetail": "佛山市禅城区季华五路28号",
          "currExchangeRateType": {
            "id": 2000001
          },
          "slsDcId": {
            "id": 14378001
          },
          "btClass": "SALES",
          "effectiveAt": null,
          "slsPerson": {
            "id": 14094003
          },
          "reCalculate": null,
          "invOrg": null,
          "invLoc": null,
          "priceCalcDate": 1745824498000,
          "deliveryInterceptFail": null,
          "externalBuyerId": null,
          "addrId": {
            "id": 70002638
          },
          "totalAmt": 808808.0,
          "discountAmt": 0.0,
          "discountInfo": "",
          "platformDiscountAmt": null,
          "merchantDiscountAmt": null,
          "actualPaidAmt": null,
          "freightAmt": null,
          "buyerRemark": null,
          "sellerRemark": null,
          "id": 16382005,
          "createdBy": {
            "id": 540175374525637
          },
          "updatedBy": {
            "id": 540175374525637
          },
          "createdAt": 1745824498000,
          "updatedAt": 1745824595000,
          "version": 5,
          "deleted": 0,
          "originOrgId": 0,
          "slsPartnerLinks": [
            {
              "soId": {
                "id": 16382005
              },
              "id": 16226005
            }
          ],
          "soItems": [
            {
              "soId": {
                "id": 16382005
              },
              "id": 16304005
            }
          ]
        },
        {
          "soCode": "SO002570",
          "soDocDate": 1745424000000,
          "soExtCode": null,
          "baseCurrId": {
            "id": 2000001
          },
          "slsCurrId": {
            "id": 2000001
          },
          "exchRate": 1.0,
          "grossBaseAmt": 373296.0,
          "netBaseAmt": 330350.442478,
          "taxAmt": 42945.557522,
          "soCreateSource": "TERP门户",
          "slsOrgId": {
            "id": 14579001
          },
          "slsTmId": null,
          "soTypeId": {
            "soTypeCode": "STND",
            "soTypeName": "标准销售",
            "partnerProcedureHeadRef": {
              "id": 14005002
            },
            "attachmentProcedureHeadRef": null,
            "status": "ENABLED",
            "soTypeDesc": "标准销售",
            "genTextTypeRef": null,
            "isRev": false,
            "isSubmitApproval": true,
            "isModifyApproval": false,
            "currExchangeRateType": {
              "id": 2000001
            },
            "btClass": "SALES",
            "effectiveDays": null,
            "syncPrice": false,
            "isDefault": false,
            "id": 2101001,
            "createdBy": {
              "id": 27
            },
            "updatedBy": {
              "id": 477234922377861
            },
            "createdAt": 1685108645000,
            "updatedAt": 1745892294000,
            "version": 68,
            "deleted": 0,
            "originOrgId": 0
          },
          "custId": {
            "id": 2059001
          },
          "custPersonName": "李月汝",
          "custPhone": "18378999655",
          "slsPersonName": "章昂",
          "slsPhone": "17376596912",
          "soStatus": "CANCELLED",
          "approveStatus": null,
          "soTitle": null,
          "soDesc": null,
          "soNotes": null,
          "isFixedExchRate": false,
          "slsComId": {
            "id": 14373001
          },
          "priceIdempotent": "ffc3b73531c5d8563af3c5385313ce50",
          "freezeType": "NU_FREEZE",
          "soAssociationCode": null,
          "soBusinessStatus": "INIT",
          "bizRuleGroup": null,
          "addrDetail": "佛山市禅城区季华五路28号",
          "currExchangeRateType": {
            "id": 2000001
          },
          "slsDcId": {
            "id": 14378001
          },
          "btClass": "SALES",
          "effectiveAt": null,
          "slsPerson": {
            "id": 14094003
          },
          "reCalculate": null,
          "invOrg": null,
          "invLoc": null,
          "priceCalcDate": 1745478873000,
          "deliveryInterceptFail": null,
          "externalBuyerId": null,
          "addrId": {
            "id": 70002638
          },
          "totalAmt": 373296.0,
          "discountAmt": 0.0,
          "discountInfo": "",
          "platformDiscountAmt": null,
          "merchantDiscountAmt": null,
          "actualPaidAmt": null,
          "freightAmt": null,
          "buyerRemark": null,
          "sellerRemark": null,
          "id": 16379145,
          "createdBy": {
            "id": 540175374525637
          },
          "updatedBy": {
            "id": 540175374525637
          },
          "createdAt": 1745478874000,
          "updatedAt": 1745478883000,
          "version": 5,
          "deleted": 0,
          "originOrgId": 0,
          "slsPartnerLinks": [
            {
              "soId": {
                "id": 16379145
              },
              "id": 16223111
            }
          ],
          "soItems": [
            {
              "soId": {
                "id": 16379145
              },
              "id": 16301148
            }
          ]
        },
        {
          "soCode": "SO002543",
          "soDocDate": 1745337600000,
          "soExtCode": null,
          "baseCurrId": {
            "id": 2000001
          },
          "slsCurrId": {
            "id": 2000001
          },
          "exchRate": 1.0,
          "grossBaseAmt": 559944.0,
          "netBaseAmt": 495525.663717,
          "taxAmt": 64418.336283,
          "soCreateSource": "TERP门户",
          "slsOrgId": {
            "id": 14579001
          },
          "slsTmId": null,
          "soTypeId": {
            "soTypeCode": "STND",
            "soTypeName": "标准销售",
            "partnerProcedureHeadRef": {
              "id": 14005002
            },
            "attachmentProcedureHeadRef": null,
            "status": "ENABLED",
            "soTypeDesc": "标准销售",
            "genTextTypeRef": null,
            "isRev": false,
            "isSubmitApproval": true,
            "isModifyApproval": false,
            "currExchangeRateType": {
              "id": 2000001
            },
            "btClass": "SALES",
            "effectiveDays": null,
            "syncPrice": false,
            "isDefault": false,
            "id": 2101001,
            "createdBy": {
              "id": 27
            },
            "updatedBy": {
              "id": 477234922377861
            },
            "createdAt": 1685108645000,
            "updatedAt": 1745892294000,
            "version": 68,
            "deleted": 0,
            "originOrgId": 0
          },
          "custId": {
            "id": 2059001
          },
          "custPersonName": "李月汝",
          "custPhone": "18378999655",
          "slsPersonName": "章昂",
          "slsPhone": "17376596912",
          "soStatus": "CANCELLED",
          "approveStatus": null,
          "soTitle": null,
          "soDesc": null,
          "soNotes": null,
          "isFixedExchRate": false,
          "slsComId": {
            "id": 14373001
          },
          "priceIdempotent": "4d952788980b245a9872ea82f819578f",
          "freezeType": "NU_FREEZE",
          "soAssociationCode": null,
          "soBusinessStatus": "INIT",
          "bizRuleGroup": null,
          "addrDetail": "佛山市禅城区季华五路28号",
          "currExchangeRateType": {
            "id": 2000001
          },
          "slsDcId": {
            "id": 14378001
          },
          "btClass": "SALES",
          "effectiveAt": null,
          "slsPerson": {
            "id": 14094003
          },
          "reCalculate": null,
          "invOrg": null,
          "invLoc": null,
          "priceCalcDate": 1745402556000,
          "deliveryInterceptFail": null,
          "externalBuyerId": null,
          "addrId": {
            "id": 70002638
          },
          "totalAmt": 559944.0,
          "discountAmt": 0.0,
          "discountInfo": "",
          "platformDiscountAmt": null,
          "merchantDiscountAmt": null,
          "actualPaidAmt": null,
          "freightAmt": null,
          "buyerRemark": null,
          "sellerRemark": null,
          "id": 16379137,
          "createdBy": {
            "id": 540175374525637
          },
          "updatedBy": {
            "id": 540175374525637
          },
          "createdAt": 1745402556000,
          "updatedAt": 1745402566000,
          "version": 5,
          "deleted": 0,
          "originOrgId": 0,
          "slsPartnerLinks": [
            {
              "soId": {
                "id": 16379137
              },
              "id": 16223103
            }
          ],
          "soItems": [
            {
              "soId": {
                "id": 16379137
              },
              "id": 16301140
            }
          ]
        },
        {
          "soCode": "SO002529",
          "soDocDate": 1745337600000,
          "soExtCode": null,
          "baseCurrId": {
            "id": 2000001
          },
          "slsCurrId": {
            "id": 2000001
          },
          "exchRate": 1.0,
          "grossBaseAmt": 408848.0,
          "netBaseAmt": 361812.389381,
          "taxAmt": 47035.610619,
          "soCreateSource": "TERP门户",
          "slsOrgId": {
            "id": 14579001
          },
          "slsTmId": null,
          "soTypeId": {
            "soTypeCode": "STND",
            "soTypeName": "标准销售",
            "partnerProcedureHeadRef": {
              "id": 14005002
            },
            "attachmentProcedureHeadRef": null,
            "status": "ENABLED",
            "soTypeDesc": "标准销售",
            "genTextTypeRef": null,
            "isRev": false,
            "isSubmitApproval": true,
            "isModifyApproval": false,
            "currExchangeRateType": {
              "id": 2000001
            },
            "btClass": "SALES",
            "effectiveDays": null,
            "syncPrice": false,
            "isDefault": false,
            "id": 2101001,
            "createdBy": {
              "id": 27
            },
            "updatedBy": {
              "id": 477234922377861
            },
            "createdAt": 1685108645000,
            "updatedAt": 1745892294000,
            "version": 68,
            "deleted": 0,
            "originOrgId": 0
          },
          "custId": {
            "id": 2059001
          },
          "custPersonName": "李月汝",
          "custPhone": "18378999655",
          "slsPersonName": "章昂",
          "slsPhone": "17376596912",
          "soStatus": "CANCELLED",
          "approveStatus": null,
          "soTitle": null,
          "soDesc": null,
          "soNotes": null,
          "isFixedExchRate": false,
          "slsComId": {
            "id": 14373001
          },
          "priceIdempotent": "1f2f6ee30aa515fe8ab7f680d25bceb2",
          "freezeType": "NU_FREEZE",
          "soAssociationCode": null,
          "soBusinessStatus": "INIT",
          "bizRuleGroup": null,
          "addrDetail": "佛山市禅城区季华五路28号",
          "currExchangeRateType": {
            "id": 2000001
          },
          "slsDcId": {
            "id": 14378001
          },
          "btClass": "SALES",
          "effectiveAt": null,
          "slsPerson": {
            "id": 14094003
          },
          "reCalculate": null,
          "invOrg": null,
          "invLoc": null,
          "priceCalcDate": 1745402380000,
          "deliveryInterceptFail": null,
          "externalBuyerId": null,
          "addrId": {
            "id": 70002638
          },
          "totalAmt": 408848.0,
          "discountAmt": 0.0,
          "discountInfo": "",
          "platformDiscountAmt": null,
          "merchantDiscountAmt": null,
          "actualPaidAmt": null,
          "freightAmt": null,
          "buyerRemark": null,
          "sellerRemark": null,
          "id": 16379130,
          "createdBy": {
            "id": 540175374525637
          },
          "updatedBy": {
            "id": 540175374525637
          },
          "createdAt": 1745402380000,
          "updatedAt": 1745402389000,
          "version": 5,
          "deleted": 0,
          "originOrgId": 0,
          "slsPartnerLinks": [
            {
              "soId": {
                "id": 16379130
              },
              "id": 16223096
            }
          ],
          "soItems": [
            {
              "soId": {
                "id": 16379130
              },
              "id": 16301133
            }
          ]
        },
        {
          "soCode": "SO002515",
          "soDocDate": 1745337600000,
          "soExtCode": null,
          "baseCurrId": {
            "id": 2000001
          },
          "slsCurrId": {
            "id": 2000001
          },
          "exchRate": 1.0,
          "grossBaseAmt": 195536.0,
          "netBaseAmt": 173040.707965,
          "taxAmt": 22495.292035,
          "soCreateSource": "TERP门户",
          "slsOrgId": {
            "id": 14579001
          },
          "slsTmId": null,
          "soTypeId": {
            "soTypeCode": "STND",
            "soTypeName": "标准销售",
            "partnerProcedureHeadRef": {
              "id": 14005002
            },
            "attachmentProcedureHeadRef": null,
            "status": "ENABLED",
            "soTypeDesc": "标准销售",
            "genTextTypeRef": null,
            "isRev": false,
            "isSubmitApproval": true,
            "isModifyApproval": false,
            "currExchangeRateType": {
              "id": 2000001
            },
            "btClass": "SALES",
            "effectiveDays": null,
            "syncPrice": false,
            "isDefault": false,
            "id": 2101001,
            "createdBy": {
              "id": 27
            },
            "updatedBy": {
              "id": 477234922377861
            },
            "createdAt": 1685108645000,
            "updatedAt": 1745892294000,
            "version": 68,
            "deleted": 0,
            "originOrgId": 0
          },
          "custId": {
            "id": 2059001
          },
          "custPersonName": "李月汝",
          "custPhone": "18378999655",
          "slsPersonName": "章昂",
          "slsPhone": "17376596912",
          "soStatus": "CANCELLED",
          "approveStatus": null,
          "soTitle": null,
          "soDesc": null,
          "soNotes": null,
          "isFixedExchRate": false,
          "slsComId": {
            "id": 14373001
          },
          "priceIdempotent": "b7e5400ad3f46f060a1b2f5a8356efa7",
          "freezeType": "NU_FREEZE",
          "soAssociationCode": null,
          "soBusinessStatus": "INIT",
          "bizRuleGroup": null,
          "addrDetail": "佛山市禅城区季华五路28号",
          "currExchangeRateType": {
            "id": 2000001
          },
          "slsDcId": {
            "id": 14378001
          },
          "btClass": "SALES",
          "effectiveAt": null,
          "slsPerson": {
            "id": 14094003
          },
          "reCalculate": null,
          "invOrg": null,
          "invLoc": null,
          "priceCalcDate": 1745401487000,
          "deliveryInterceptFail": null,
          "externalBuyerId": null,
          "addrId": {
            "id": 70002638
          },
          "totalAmt": 195536.0,
          "discountAmt": 0.0,
          "discountInfo": "",
          "platformDiscountAmt": null,
          "merchantDiscountAmt": null,
          "actualPaidAmt": null,
          "freightAmt": null,
          "buyerRemark": null,
          "sellerRemark": null,
          "id": 16379123,
          "createdBy": {
            "id": 540175374525637
          },
          "updatedBy": {
            "id": 540175374525637
          },
          "createdAt": 1745401488000,
          "updatedAt": 1745401502000,
          "version": 5,
          "deleted": 0,
          "originOrgId": 0,
          "slsPartnerLinks": [
            {
              "soId": {
                "id": 16379123
              },
              "id": 16223089
            }
          ],
          "soItems": [
            {
              "soId": {
                "id": 16379123
              },
              "id": 16301126
            }
          ]
        },
        {
          "soCode": "SO002501",
          "soDocDate": 1745337600000,
          "soExtCode": null,
          "baseCurrId": {
            "id": 2000001
          },
          "slsCurrId": {
            "id": 2000001
          },
          "exchRate": 1.0,
          "grossBaseAmt": 666600.0,
          "netBaseAmt": 589911.504425,
          "taxAmt": 76688.495575,
          "soCreateSource": "TERP门户",
          "slsOrgId": {
            "id": 14579001
          },
          "slsTmId": null,
          "soTypeId": {
            "soTypeCode": "STND",
            "soTypeName": "标准销售",
            "partnerProcedureHeadRef": {
              "id": 14005002
            },
            "attachmentProcedureHeadRef": null,
            "status": "ENABLED",
            "soTypeDesc": "标准销售",
            "genTextTypeRef": null,
            "isRev": false,
            "isSubmitApproval": true,
            "isModifyApproval": false,
            "currExchangeRateType": {
              "id": 2000001
            },
            "btClass": "SALES",
            "effectiveDays": null,
            "syncPrice": false,
            "isDefault": false,
            "id": 2101001,
            "createdBy": {
              "id": 27
            },
            "updatedBy": {
              "id": 477234922377861
            },
            "createdAt": 1685108645000,
            "updatedAt": 1745892294000,
            "version": 68,
            "deleted": 0,
            "originOrgId": 0
          },
          "custId": {
            "id": 2059001
          },
          "custPersonName": "李月汝",
          "custPhone": "18378999655",
          "slsPersonName": "章昂",
          "slsPhone": "17376596912",
          "soStatus": "CANCELLED",
          "approveStatus": null,
          "soTitle": null,
          "soDesc": null,
          "soNotes": null,
          "isFixedExchRate": false,
          "slsComId": {
            "id": 14373001
          },
          "priceIdempotent": "c72d057d525961ad927a87e9232c8a12",
          "freezeType": "NU_FREEZE",
          "soAssociationCode": null,
          "soBusinessStatus": "INIT",
          "bizRuleGroup": null,
          "addrDetail": "佛山市禅城区季华五路28号",
          "currExchangeRateType": {
            "id": 2000001
          },
          "slsDcId": {
            "id": 14378001
          },
          "btClass": "SALES",
          "effectiveAt": null,
          "slsPerson": {
            "id": 14094003
          },
          "reCalculate": null,
          "invOrg": null,
          "invLoc": null,
          "priceCalcDate": 1745401078000,
          "deliveryInterceptFail": null,
          "externalBuyerId": null,
          "addrId": {
            "id": 70002638
          },
          "totalAmt": 666600.0,
          "discountAmt": 0.0,
          "discountInfo": "",
          "platformDiscountAmt": null,
          "merchantDiscountAmt": null,
          "actualPaidAmt": null,
          "freightAmt": null,
          "buyerRemark": null,
          "sellerRemark": null,
          "id": 16379116,
          "createdBy": {
            "id": 540175374525637
          },
          "updatedBy": {
            "id": 540175374525637
          },
          "createdAt": 1745401078000,
          "updatedAt": 1745401089000,
          "version": 5,
          "deleted": 0,
          "originOrgId": 0,
          "slsPartnerLinks": [
            {
              "soId": {
                "id": 16379116
              },
              "id": 16223082
            }
          ],
          "soItems": [
            {
              "soId": {
                "id": 16379116
              },
              "id": 16301119
            }
          ]
        },
        {
          "soCode": "SO002487",
          "soDocDate": 1745337600000,
          "soExtCode": null,
          "baseCurrId": {
            "id": 2000001
          },
          "slsCurrId": {
            "id": 2000001
          },
          "exchRate": 1.0,
          "grossBaseAmt": 542168.0,
          "netBaseAmt": 479794.690265,
          "taxAmt": 62373.309735,
          "soCreateSource": "TERP门户",
          "slsOrgId": {
            "id": 14579001
          },
          "slsTmId": null,
          "soTypeId": {
            "soTypeCode": "STND",
            "soTypeName": "标准销售",
            "partnerProcedureHeadRef": {
              "id": 14005002
            },
            "attachmentProcedureHeadRef": null,
            "status": "ENABLED",
            "soTypeDesc": "标准销售",
            "genTextTypeRef": null,
            "isRev": false,
            "isSubmitApproval": true,
            "isModifyApproval": false,
            "currExchangeRateType": {
              "id": 2000001
            },
            "btClass": "SALES",
            "effectiveDays": null,
            "syncPrice": false,
            "isDefault": false,
            "id": 2101001,
            "createdBy": {
              "id": 27
            },
            "updatedBy": {
              "id": 477234922377861
            },
            "createdAt": 1685108645000,
            "updatedAt": 1745892294000,
            "version": 68,
            "deleted": 0,
            "originOrgId": 0
          },
          "custId": {
            "id": 2059001
          },
          "custPersonName": "李月汝",
          "custPhone": "18378999655",
          "slsPersonName": "章昂",
          "slsPhone": "17376596912",
          "soStatus": "CANCELLED",
          "approveStatus": null,
          "soTitle": null,
          "soDesc": null,
          "soNotes": null,
          "isFixedExchRate": false,
          "slsComId": {
            "id": 14373001
          },
          "priceIdempotent": "00d9cf29e4a2cca089b64012ba61f00d",
          "freezeType": "NU_FREEZE",
          "soAssociationCode": null,
          "soBusinessStatus": "INIT",
          "bizRuleGroup": null,
          "addrDetail": "佛山市禅城区季华五路28号",
          "currExchangeRateType": {
            "id": 2000001
          },
          "slsDcId": {
            "id": 14378001
          },
          "btClass": "SALES",
          "effectiveAt": null,
          "slsPerson": {
            "id": 14094003
          },
          "reCalculate": null,
          "invOrg": null,
          "invLoc": null,
          "priceCalcDate": 1745400865000,
          "deliveryInterceptFail": null,
          "externalBuyerId": null,
          "addrId": {
            "id": 70002638
          },
          "totalAmt": 542168.0,
          "discountAmt": 0.0,
          "discountInfo": "",
          "platformDiscountAmt": null,
          "merchantDiscountAmt": null,
          "actualPaidAmt": null,
          "freightAmt": null,
          "buyerRemark": null,
          "sellerRemark": null,
          "id": 16379109,
          "createdBy": {
            "id": 540175374525637
          },
          "updatedBy": {
            "id": 540175374525637
          },
          "createdAt": 1745400865000,
          "updatedAt": 1745400875000,
          "version": 5,
          "deleted": 0,
          "originOrgId": 0,
          "slsPartnerLinks": [
            {
              "soId": {
                "id": 16379109
              },
              "id": 16223075
            }
          ],
          "soItems": [
            {
              "soId": {
                "id": 16379109
              },
              "id": 16301112
            }
          ]
        },
        {
          "soCode": "SO002473",
          "soDocDate": 1745337600000,
          "soExtCode": null,
          "baseCurrId": {
            "id": 2000001
          },
          "slsCurrId": {
            "id": 2000001
          },
          "exchRate": 1.0,
          "grossBaseAmt": 506616.0,
          "netBaseAmt": 448332.743363,
          "taxAmt": 58283.256637,
          "soCreateSource": "TERP门户",
          "slsOrgId": {
            "id": 14579001
          },
          "slsTmId": null,
          "soTypeId": {
            "soTypeCode": "STND",
            "soTypeName": "标准销售",
            "partnerProcedureHeadRef": {
              "id": 14005002
            },
            "attachmentProcedureHeadRef": null,
            "status": "ENABLED",
            "soTypeDesc": "标准销售",
            "genTextTypeRef": null,
            "isRev": false,
            "isSubmitApproval": true,
            "isModifyApproval": false,
            "currExchangeRateType": {
              "id": 2000001
            },
            "btClass": "SALES",
            "effectiveDays": null,
            "syncPrice": false,
            "isDefault": false,
            "id": 2101001,
            "createdBy": {
              "id": 27
            },
            "updatedBy": {
              "id": 477234922377861
            },
            "createdAt": 1685108645000,
            "updatedAt": 1745892294000,
            "version": 68,
            "deleted": 0,
            "originOrgId": 0
          },
          "custId": {
            "id": 2059001
          },
          "custPersonName": "李月汝",
          "custPhone": "18378999655",
          "slsPersonName": "章昂",
          "slsPhone": "17376596912",
          "soStatus": "CANCELLED",
          "approveStatus": null,
          "soTitle": null,
          "soDesc": null,
          "soNotes": null,
          "isFixedExchRate": false,
          "slsComId": {
            "id": 14373001
          },
          "priceIdempotent": "a91b61a76866182b14947388f6b93840",
          "freezeType": "NU_FREEZE",
          "soAssociationCode": null,
          "soBusinessStatus": "INIT",
          "bizRuleGroup": null,
          "addrDetail": "佛山市禅城区季华五路28号",
          "currExchangeRateType": {
            "id": 2000001
          },
          "slsDcId": {
            "id": 14378001
          },
          "btClass": "SALES",
          "effectiveAt": null,
          "slsPerson": {
            "id": 14094003
          },
          "reCalculate": null,
          "invOrg": null,
          "invLoc": null,
          "priceCalcDate": 1745400517000,
          "deliveryInterceptFail": null,
          "externalBuyerId": null,
          "addrId": {
            "id": 70002638
          },
          "totalAmt": 506616.0,
          "discountAmt": 0.0,
          "discountInfo": "",
          "platformDiscountAmt": null,
          "merchantDiscountAmt": null,
          "actualPaidAmt": null,
          "freightAmt": null,
          "buyerRemark": null,
          "sellerRemark": null,
          "id": 16379102,
          "createdBy": {
            "id": 540175374525637
          },
          "updatedBy": {
            "id": 540175374525637
          },
          "createdAt": 1745400518000,
          "updatedAt": 1745400527000,
          "version": 5,
          "deleted": 0,
          "originOrgId": 0,
          "slsPartnerLinks": [
            {
              "soId": {
                "id": 16379102
              },
              "id": 16223068
            }
          ],
          "soItems": [
            {
              "soId": {
                "id": 16379102
              },
              "id": 16301105
            }
          ]
        },
        {
          "soCode": "SO002442",
          "soDocDate": 1745337600000,
          "soExtCode": null,
          "baseCurrId": {
            "id": 2000001
          },
          "slsCurrId": {
            "id": 2000001
          },
          "exchRate": 1.0,
          "grossBaseAmt": 586608.0,
          "netBaseAmt": 519122.123894,
          "taxAmt": 67485.876106,
          "soCreateSource": "TERP门户",
          "slsOrgId": {
            "id": 14579001
          },
          "slsTmId": null,
          "soTypeId": {
            "soTypeCode": "STND",
            "soTypeName": "标准销售",
            "partnerProcedureHeadRef": {
              "id": 14005002
            },
            "attachmentProcedureHeadRef": null,
            "status": "ENABLED",
            "soTypeDesc": "标准销售",
            "genTextTypeRef": null,
            "isRev": false,
            "isSubmitApproval": true,
            "isModifyApproval": false,
            "currExchangeRateType": {
              "id": 2000001
            },
            "btClass": "SALES",
            "effectiveDays": null,
            "syncPrice": false,
            "isDefault": false,
            "id": 2101001,
            "createdBy": {
              "id": 27
            },
            "updatedBy": {
              "id": 477234922377861
            },
            "createdAt": 1685108645000,
            "updatedAt": 1745892294000,
            "version": 68,
            "deleted": 0,
            "originOrgId": 0
          },
          "custId": {
            "id": 2059001
          },
          "custPersonName": "李月汝",
          "custPhone": "18378999655",
          "slsPersonName": "章昂",
          "slsPhone": "17376596912",
          "soStatus": "CANCELLED",
          "approveStatus": null,
          "soTitle": null,
          "soDesc": null,
          "soNotes": null,
          "isFixedExchRate": false,
          "slsComId": {
            "id": 14373001
          },
          "priceIdempotent": "83faf3940edc2651e2fce44267deeec6",
          "freezeType": "NU_FREEZE",
          "soAssociationCode": null,
          "soBusinessStatus": "INIT",
          "bizRuleGroup": null,
          "addrDetail": "佛山市禅城区季华五路28号",
          "currExchangeRateType": {
            "id": 2000001
          },
          "slsDcId": {
            "id": 14378001
          },
          "btClass": "SALES",
          "effectiveAt": null,
          "slsPerson": {
            "id": 14094003
          },
          "reCalculate": null,
          "invOrg": null,
          "invLoc": null,
          "priceCalcDate": 1745382376000,
          "deliveryInterceptFail": null,
          "externalBuyerId": null,
          "addrId": {
            "id": 70002638
          },
          "totalAmt": 586608.0,
          "discountAmt": 0.0,
          "discountInfo": "",
          "platformDiscountAmt": null,
          "merchantDiscountAmt": null,
          "actualPaidAmt": null,
          "freightAmt": null,
          "buyerRemark": null,
          "sellerRemark": null,
          "id": 16379089,
          "createdBy": {
            "id": 540175374525637
          },
          "updatedBy": {
            "id": 540175374525637
          },
          "createdAt": 1745382377000,
          "updatedAt": 1745382385000,
          "version": 5,
          "deleted": 0,
          "originOrgId": 0,
          "slsPartnerLinks": [
            {
              "soId": {
                "id": 16379089
              },
              "id": 16223055
            }
          ],
          "soItems": [
            {
              "soId": {
                "id": 16379089
              },
              "id": 16301092
            }
          ]
        },
        {
          "soCode": "SO002430",
          "soDocDate": 1745337600000,
          "soExtCode": null,
          "baseCurrId": {
            "id": 2000001
          },
          "slsCurrId": {
            "id": 2000001
          },
          "exchRate": 1.0,
          "grossBaseAmt": 808808.0,
          "netBaseAmt": 715759.292035,
          "taxAmt": 93048.707965,
          "soCreateSource": "TERP门户",
          "slsOrgId": {
            "id": 14579001
          },
          "slsTmId": null,
          "soTypeId": {
            "soTypeCode": "STND",
            "soTypeName": "标准销售",
            "partnerProcedureHeadRef": {
              "id": 14005002
            },
            "attachmentProcedureHeadRef": null,
            "status": "ENABLED",
            "soTypeDesc": "标准销售",
            "genTextTypeRef": null,
            "isRev": false,
            "isSubmitApproval": true,
            "isModifyApproval": false,
            "currExchangeRateType": {
              "id": 2000001
            },
            "btClass": "SALES",
            "effectiveDays": null,
            "syncPrice": false,
            "isDefault": false,
            "id": 2101001,
            "createdBy": {
              "id": 27
            },
            "updatedBy": {
              "id": 477234922377861
            },
            "createdAt": 1685108645000,
            "updatedAt": 1745892294000,
            "version": 68,
            "deleted": 0,
            "originOrgId": 0
          },
          "custId": {
            "id": 2059001
          },
          "custPersonName": "李月汝",
          "custPhone": "18378999655",
          "slsPersonName": "章昂",
          "slsPhone": "17376596912",
          "soStatus": "CANCELLED",
          "approveStatus": null,
          "soTitle": null,
          "soDesc": null,
          "soNotes": null,
          "isFixedExchRate": false,
          "slsComId": {
            "id": 14373001
          },
          "priceIdempotent": "5be753f773bfa78d8aa3dc2196d40e76",
          "freezeType": "NU_FREEZE",
          "soAssociationCode": null,
          "soBusinessStatus": "INIT",
          "bizRuleGroup": null,
          "addrDetail": "佛山市禅城区季华五路28号",
          "currExchangeRateType": {
            "id": 2000001
          },
          "slsDcId": {
            "id": 14378001
          },
          "btClass": "SALES",
          "effectiveAt": null,
          "slsPerson": {
            "id": 14094003
          },
          "reCalculate": null,
          "invOrg": null,
          "invLoc": null,
          "priceCalcDate": 1745376865000,
          "deliveryInterceptFail": null,
          "externalBuyerId": null,
          "addrId": {
            "id": 70002638
          },
          "totalAmt": 808808.0,
          "discountAmt": 0.0,
          "discountInfo": "",
          "platformDiscountAmt": null,
          "merchantDiscountAmt": null,
          "actualPaidAmt": null,
          "freightAmt": null,
          "buyerRemark": null,
          "sellerRemark": null,
          "id": 16379083,
          "createdBy": {
            "id": 540175374525637
          },
          "updatedBy": {
            "id": 540175374525637
          },
          "createdAt": 1745376865000,
          "updatedAt": 1745376875000,
          "version": 5,
          "deleted": 0,
          "originOrgId": 0,
          "slsPartnerLinks": [
            {
              "soId": {
                "id": 16379083
              },
              "id": 16223049
            }
          ],
          "soItems": [
            {
              "soId": {
                "id": 16379083
              },
              "id": 16301085
            }
          ]
        },
        {
          "soCode": "SO002415",
          "soDocDate": 1745337600000,
          "soExtCode": null,
          "baseCurrId": {
            "id": 2000001
          },
          "slsCurrId": {
            "id": 2000001
          },
          "exchRate": 1.0,
          "grossBaseAmt": 195536.0,
          "netBaseAmt": 173040.707965,
          "taxAmt": 22495.292035,
          "soCreateSource": "TERP门户",
          "slsOrgId": {
            "id": 14579001
          },
          "slsTmId": null,
          "soTypeId": {
            "soTypeCode": "STND",
            "soTypeName": "标准销售",
            "partnerProcedureHeadRef": {
              "id": 14005002
            },
            "attachmentProcedureHeadRef": null,
            "status": "ENABLED",
            "soTypeDesc": "标准销售",
            "genTextTypeRef": null,
            "isRev": false,
            "isSubmitApproval": true,
            "isModifyApproval": false,
            "currExchangeRateType": {
              "id": 2000001
            },
            "btClass": "SALES",
            "effectiveDays": null,
            "syncPrice": false,
            "isDefault": false,
            "id": 2101001,
            "createdBy": {
              "id": 27
            },
            "updatedBy": {
              "id": 477234922377861
            },
            "createdAt": 1685108645000,
            "updatedAt": 1745892294000,
            "version": 68,
            "deleted": 0,
            "originOrgId": 0
          },
          "custId": {
            "id": 2059001
          },
          "custPersonName": "李月汝",
          "custPhone": "18378999655",
          "slsPersonName": "章昂",
          "slsPhone": "17376596912",
          "soStatus": "CANCELLED",
          "approveStatus": null,
          "soTitle": null,
          "soDesc": null,
          "soNotes": null,
          "isFixedExchRate": false,
          "slsComId": {
            "id": 14373001
          },
          "priceIdempotent": "728a381f5c80a96cc60309e6cf7bee9c",
          "freezeType": "NU_FREEZE",
          "soAssociationCode": null,
          "soBusinessStatus": "INIT",
          "bizRuleGroup": null,
          "addrDetail": "佛山市禅城区季华五路28号",
          "currExchangeRateType": {
            "id": 2000001
          },
          "slsDcId": {
            "id": 14378001
          },
          "btClass": "SALES",
          "effectiveAt": null,
          "slsPerson": {
            "id": 14094003
          },
          "reCalculate": null,
          "invOrg": null,
          "invLoc": null,
          "priceCalcDate": 1745375926000,
          "deliveryInterceptFail": null,
          "externalBuyerId": null,
          "addrId": {
            "id": 70002638
          },
          "totalAmt": 195536.0,
          "discountAmt": 0.0,
          "discountInfo": "",
          "platformDiscountAmt": null,
          "merchantDiscountAmt": null,
          "actualPaidAmt": null,
          "freightAmt": null,
          "buyerRemark": null,
          "sellerRemark": null,
          "id": 16379076,
          "createdBy": {
            "id": 540175374525637
          },
          "updatedBy": {
            "id": 540175374525637
          },
          "createdAt": 1745375926000,
          "updatedAt": 1745375937000,
          "version": 5,
          "deleted": 0,
          "originOrgId": 0,
          "slsPartnerLinks": [
            {
              "soId": {
                "id": 16379076
              },
              "id": 16223042
            }
          ],
          "soItems": [
            {
              "soId": {
                "id": 16379076
              },
              "id": 16301078
            }
          ]
        },
        {
          "soCode": "SO002393",
          "soDocDate": 1745337600000,
          "soExtCode": null,
          "baseCurrId": {
            "id": 2000001
          },
          "slsCurrId": {
            "id": 2000001
          },
          "exchRate": 1.0,
          "grossBaseAmt": 231088.0,
          "netBaseAmt": 204502.654867,
          "taxAmt": 26585.345133,
          "soCreateSource": "TERP门户",
          "slsOrgId": {
            "id": 14579001
          },
          "slsTmId": null,
          "soTypeId": {
            "soTypeCode": "STND",
            "soTypeName": "标准销售",
            "partnerProcedureHeadRef": {
              "id": 14005002
            },
            "attachmentProcedureHeadRef": null,
            "status": "ENABLED",
            "soTypeDesc": "标准销售",
            "genTextTypeRef": null,
            "isRev": false,
            "isSubmitApproval": true,
            "isModifyApproval": false,
            "currExchangeRateType": {
              "id": 2000001
            },
            "btClass": "SALES",
            "effectiveDays": null,
            "syncPrice": false,
            "isDefault": false,
            "id": 2101001,
            "createdBy": {
              "id": 27
            },
            "updatedBy": {
              "id": 477234922377861
            },
            "createdAt": 1685108645000,
            "updatedAt": 1745892294000,
            "version": 68,
            "deleted": 0,
            "originOrgId": 0
          },
          "custId": {
            "id": 2059001
          },
          "custPersonName": "李月汝",
          "custPhone": "18378999655",
          "slsPersonName": "章昂",
          "slsPhone": "17376596912",
          "soStatus": "CANCELLED",
          "approveStatus": null,
          "soTitle": null,
          "soDesc": null,
          "soNotes": null,
          "isFixedExchRate": false,
          "slsComId": {
            "id": 14373001
          },
          "priceIdempotent": "12f0b27015dd7b6748fc8f6bff474c54",
          "freezeType": "NU_FREEZE",
          "soAssociationCode": null,
          "soBusinessStatus": "INIT",
          "bizRuleGroup": null,
          "addrDetail": "佛山市禅城区季华五路28号",
          "currExchangeRateType": {
            "id": 2000001
          },
          "slsDcId": {
            "id": 14378001
          },
          "btClass": "SALES",
          "effectiveAt": null,
          "slsPerson": {
            "id": 14094003
          },
          "reCalculate": null,
          "invOrg": null,
          "invLoc": null,
          "priceCalcDate": 1745375440000,
          "deliveryInterceptFail": null,
          "externalBuyerId": null,
          "addrId": {
            "id": 70002638
          },
          "totalAmt": 231088.0,
          "discountAmt": 0.0,
          "discountInfo": "",
          "platformDiscountAmt": null,
          "merchantDiscountAmt": null,
          "actualPaidAmt": null,
          "freightAmt": null,
          "buyerRemark": null,
          "sellerRemark": null,
          "id": 16379065,
          "createdBy": {
            "id": 540175374525637
          },
          "updatedBy": {
            "id": 540175374525637
          },
          "createdAt": 1745375441000,
          "updatedAt": 1745375451000,
          "version": 5,
          "deleted": 0,
          "originOrgId": 0,
          "slsPartnerLinks": [
            {
              "soId": {
                "id": 16379065
              },
              "id": 16223031
            }
          ],
          "soItems": [
            {
              "soId": {
                "id": 16379065
              },
              "id": 16301067
            }
          ]
        },
        {
          "soCode": "SO002267",
          "soDocDate": 1745251200000,
          "soExtCode": null,
          "baseCurrId": {
            "id": 2000001
          },
          "slsCurrId": {
            "id": 2000001
          },
          "exchRate": 1.0,
          "grossBaseAmt": 622160.0,
          "netBaseAmt": 550584.070796,
          "taxAmt": 71575.929204,
          "soCreateSource": "TERP门户",
          "slsOrgId": {
            "id": 14579001
          },
          "slsTmId": null,
          "soTypeId": {
            "soTypeCode": "STND",
            "soTypeName": "标准销售",
            "partnerProcedureHeadRef": {
              "id": 14005002
            },
            "attachmentProcedureHeadRef": null,
            "status": "ENABLED",
            "soTypeDesc": "标准销售",
            "genTextTypeRef": null,
            "isRev": false,
            "isSubmitApproval": true,
            "isModifyApproval": false,
            "currExchangeRateType": {
              "id": 2000001
            },
            "btClass": "SALES",
            "effectiveDays": null,
            "syncPrice": false,
            "isDefault": false,
            "id": 2101001,
            "createdBy": {
              "id": 27
            },
            "updatedBy": {
              "id": 477234922377861
            },
            "createdAt": 1685108645000,
            "updatedAt": 1745892294000,
            "version": 68,
            "deleted": 0,
            "originOrgId": 0
          },
          "custId": {
            "id": 2059001
          },
          "custPersonName": "李月汝",
          "custPhone": "18378999655",
          "slsPersonName": "章昂",
          "slsPhone": "17376596912",
          "soStatus": "CANCELLED",
          "approveStatus": null,
          "soTitle": null,
          "soDesc": null,
          "soNotes": null,
          "isFixedExchRate": false,
          "slsComId": {
            "id": 14373001
          },
          "priceIdempotent": "d564b241dba79bdf3090a117e95583cc",
          "freezeType": "NU_FREEZE",
          "soAssociationCode": null,
          "soBusinessStatus": "INIT",
          "bizRuleGroup": null,
          "addrDetail": "佛山市禅城区季华五路28号",
          "currExchangeRateType": {
            "id": 2000001
          },
          "slsDcId": {
            "id": 14378001
          },
          "btClass": "SALES",
          "effectiveAt": null,
          "slsPerson": {
            "id": 14094003
          },
          "reCalculate": null,
          "invOrg": null,
          "invLoc": null,
          "priceCalcDate": 1745315006000,
          "deliveryInterceptFail": null,
          "externalBuyerId": null,
          "addrId": {
            "id": 70002638
          },
          "totalAmt": 622160.0,
          "discountAmt": 0.0,
          "discountInfo": "",
          "platformDiscountAmt": null,
          "merchantDiscountAmt": null,
          "actualPaidAmt": null,
          "freightAmt": null,
          "buyerRemark": null,
          "sellerRemark": null,
          "id": 16379028,
          "createdBy": {
            "id": 540175374525637
          },
          "updatedBy": {
            "id": 540175374525637
          },
          "createdAt": 1745315007000,
          "updatedAt": 1745315018000,
          "version": 4,
          "deleted": 0,
          "originOrgId": 0,
          "soItems": [
            {
              "soId": {
                "id": 16379028
              },
              "id": 16301028
            }
          ]
        },
        {
          "soCode": "SO002251",
          "soDocDate": 1745251200000,
          "soExtCode": null,
          "baseCurrId": {
            "id": 2000001
          },
          "slsCurrId": {
            "id": 2000001
          },
          "exchRate": 1.0,
          "grossBaseAmt": 764368.0,
          "netBaseAmt": 676431.858407,
          "taxAmt": 87936.141593,
          "soCreateSource": "TERP门户",
          "slsOrgId": {
            "id": 14579001
          },
          "slsTmId": null,
          "soTypeId": {
            "soTypeCode": "STND",
            "soTypeName": "标准销售",
            "partnerProcedureHeadRef": {
              "id": 14005002
            },
            "attachmentProcedureHeadRef": null,
            "status": "ENABLED",
            "soTypeDesc": "标准销售",
            "genTextTypeRef": null,
            "isRev": false,
            "isSubmitApproval": true,
            "isModifyApproval": false,
            "currExchangeRateType": {
              "id": 2000001
            },
            "btClass": "SALES",
            "effectiveDays": null,
            "syncPrice": false,
            "isDefault": false,
            "id": 2101001,
            "createdBy": {
              "id": 27
            },
            "updatedBy": {
              "id": 477234922377861
            },
            "createdAt": 1685108645000,
            "updatedAt": 1745892294000,
            "version": 68,
            "deleted": 0,
            "originOrgId": 0
          },
          "custId": {
            "id": 2059001
          },
          "custPersonName": "李月汝",
          "custPhone": "18378999655",
          "slsPersonName": "章昂",
          "slsPhone": "17376596912",
          "soStatus": "CANCELLED",
          "approveStatus": null,
          "soTitle": null,
          "soDesc": null,
          "soNotes": null,
          "isFixedExchRate": false,
          "slsComId": {
            "id": 14373001
          },
          "priceIdempotent": "b523ad27c51a2f75ec201e2626e42937",
          "freezeType": "NU_FREEZE",
          "soAssociationCode": null,
          "soBusinessStatus": "INIT",
          "bizRuleGroup": null,
          "addrDetail": "佛山市禅城区季华五路28号",
          "currExchangeRateType": {
            "id": 2000001
          },
          "slsDcId": {
            "id": 14378001
          },
          "btClass": "SALES",
          "effectiveAt": null,
          "slsPerson": {
            "id": 14094003
          },
          "reCalculate": null,
          "invOrg": null,
          "invLoc": null,
          "priceCalcDate": 1745314416000,
          "deliveryInterceptFail": null,
          "externalBuyerId": null,
          "addrId": {
            "id": 70002638
          },
          "totalAmt": 764368.0,
          "discountAmt": 0.0,
          "discountInfo": "",
          "platformDiscountAmt": null,
          "merchantDiscountAmt": null,
          "actualPaidAmt": null,
          "freightAmt": null,
          "buyerRemark": null,
          "sellerRemark": null,
          "id": 16379022,
          "createdBy": {
            "id": 540175374525637
          },
          "updatedBy": {
            "id": 540175374525637
          },
          "createdAt": 1745314417000,
          "updatedAt": 1745314427000,
          "version": 5,
          "deleted": 0,
          "originOrgId": 0,
          "soItems": [
            {
              "soId": {
                "id": 16379022
              },
              "id": 16301022
            }
          ]
        },
        {
          "soCode": "SO002235",
          "soDocDate": 1745251200000,
          "soExtCode": null,
          "baseCurrId": {
            "id": 2000001
          },
          "slsCurrId": {
            "id": 2000001
          },
          "exchRate": 1.0,
          "grossBaseAmt": 586608.0,
          "netBaseAmt": 519122.123894,
          "taxAmt": 67485.876106,
          "soCreateSource": "TERP门户",
          "slsOrgId": {
            "id": 14579001
          },
          "slsTmId": null,
          "soTypeId": {
            "soTypeCode": "STND",
            "soTypeName": "标准销售",
            "partnerProcedureHeadRef": {
              "id": 14005002
            },
            "attachmentProcedureHeadRef": null,
            "status": "ENABLED",
            "soTypeDesc": "标准销售",
            "genTextTypeRef": null,
            "isRev": false,
            "isSubmitApproval": true,
            "isModifyApproval": false,
            "currExchangeRateType": {
              "id": 2000001
            },
            "btClass": "SALES",
            "effectiveDays": null,
            "syncPrice": false,
            "isDefault": false,
            "id": 2101001,
            "createdBy": {
              "id": 27
            },
            "updatedBy": {
              "id": 477234922377861
            },
            "createdAt": 1685108645000,
            "updatedAt": 1745892294000,
            "version": 68,
            "deleted": 0,
            "originOrgId": 0
          },
          "custId": {
            "id": 2059001
          },
          "custPersonName": "李月汝",
          "custPhone": "18378999655",
          "slsPersonName": "章昂",
          "slsPhone": "17376596912",
          "soStatus": "CANCELLED",
          "approveStatus": null,
          "soTitle": null,
          "soDesc": null,
          "soNotes": null,
          "isFixedExchRate": false,
          "slsComId": {
            "id": 14373001
          },
          "priceIdempotent": "00cdaf13edbae908770f54ff2b99027e",
          "freezeType": "NU_FREEZE",
          "soAssociationCode": null,
          "soBusinessStatus": "INIT",
          "bizRuleGroup": null,
          "addrDetail": "佛山市禅城区季华五路28号",
          "currExchangeRateType": {
            "id": 2000001
          },
          "slsDcId": {
            "id": 14378001
          },
          "btClass": "SALES",
          "effectiveAt": null,
          "slsPerson": {
            "id": 14094003
          },
          "reCalculate": null,
          "invOrg": null,
          "invLoc": null,
          "priceCalcDate": 1745314322000,
          "deliveryInterceptFail": null,
          "externalBuyerId": null,
          "addrId": {
            "id": 70002638
          },
          "totalAmt": 586608.0,
          "discountAmt": 0.0,
          "discountInfo": "",
          "platformDiscountAmt": null,
          "merchantDiscountAmt": null,
          "actualPaidAmt": null,
          "freightAmt": null,
          "buyerRemark": null,
          "sellerRemark": null,
          "id": 16379015,
          "createdBy": {
            "id": 540175374525637
          },
          "updatedBy": {
            "id": 540175374525637
          },
          "createdAt": 1745314323000,
          "updatedAt": 1745314334000,
          "version": 5,
          "deleted": 0,
          "originOrgId": 0,
          "soItems": [
            {
              "soId": {
                "id": 16379015
              },
              "id": 16301015
            }
          ]
        },
        {
          "soCode": "SO002219",
          "soDocDate": 1745251200000,
          "soExtCode": null,
          "baseCurrId": {
            "id": 2000001
          },
          "slsCurrId": {
            "id": 2000001
          },
          "exchRate": 1.0,
          "grossBaseAmt": 844360.0,
          "netBaseAmt": 747221.238938,
          "taxAmt": 97138.761062,
          "soCreateSource": "TERP门户",
          "slsOrgId": {
            "id": 14579001
          },
          "slsTmId": null,
          "soTypeId": {
            "soTypeCode": "STND",
            "soTypeName": "标准销售",
            "partnerProcedureHeadRef": {
              "id": 14005002
            },
            "attachmentProcedureHeadRef": null,
            "status": "ENABLED",
            "soTypeDesc": "标准销售",
            "genTextTypeRef": null,
            "isRev": false,
            "isSubmitApproval": true,
            "isModifyApproval": false,
            "currExchangeRateType": {
              "id": 2000001
            },
            "btClass": "SALES",
            "effectiveDays": null,
            "syncPrice": false,
            "isDefault": false,
            "id": 2101001,
            "createdBy": {
              "id": 27
            },
            "updatedBy": {
              "id": 477234922377861
            },
            "createdAt": 1685108645000,
            "updatedAt": 1745892294000,
            "version": 68,
            "deleted": 0,
            "originOrgId": 0
          },
          "custId": {
            "id": 2059001
          },
          "custPersonName": "李月汝",
          "custPhone": "18378999655",
          "slsPersonName": "章昂",
          "slsPhone": "17376596912",
          "soStatus": "CANCELLED",
          "approveStatus": null,
          "soTitle": null,
          "soDesc": null,
          "soNotes": null,
          "isFixedExchRate": false,
          "slsComId": {
            "id": 14373001
          },
          "priceIdempotent": "3e3289ae31a4952eb97bc8a273eaf029",
          "freezeType": "NU_FREEZE",
          "soAssociationCode": null,
          "soBusinessStatus": "INIT",
          "bizRuleGroup": null,
          "addrDetail": "佛山市禅城区季华五路28号",
          "currExchangeRateType": {
            "id": 2000001
          },
          "slsDcId": {
            "id": 14378001
          },
          "btClass": "SALES",
          "effectiveAt": null,
          "slsPerson": {
            "id": 14094003
          },
          "reCalculate": null,
          "invOrg": null,
          "invLoc": null,
          "priceCalcDate": 1745314222000,
          "deliveryInterceptFail": null,
          "externalBuyerId": null,
          "addrId": {
            "id": 70002638
          },
          "totalAmt": 844360.0,
          "discountAmt": 0.0,
          "discountInfo": "",
          "platformDiscountAmt": null,
          "merchantDiscountAmt": null,
          "actualPaidAmt": null,
          "freightAmt": null,
          "buyerRemark": null,
          "sellerRemark": null,
          "id": 16379008,
          "createdBy": {
            "id": 540175374525637
          },
          "updatedBy": {
            "id": 540175374525637
          },
          "createdAt": 1745314222000,
          "updatedAt": 1745314235000,
          "version": 5,
          "deleted": 0,
          "originOrgId": 0,
          "soItems": [
            {
              "soId": {
                "id": 16379008
              },
              "id": 16301008
            }
          ]
        },
        {
          "soCode": "SO002167",
          "soDocDate": 1745251200000,
          "soExtCode": null,
          "baseCurrId": {
            "id": 2000001
          },
          "slsCurrId": {
            "id": 2000001
          },
          "exchRate": 1.0,
          "grossBaseAmt": 702152.0,
          "netBaseAmt": 621373.451327,
          "taxAmt": 80778.548673,
          "soCreateSource": "TERP门户",
          "slsOrgId": {
            "id": 14579001
          },
          "slsTmId": null,
          "soTypeId": {
            "soTypeCode": "STND",
            "soTypeName": "标准销售",
            "partnerProcedureHeadRef": {
              "id": 14005002
            },
            "attachmentProcedureHeadRef": null,
            "status": "ENABLED",
            "soTypeDesc": "标准销售",
            "genTextTypeRef": null,
            "isRev": false,
            "isSubmitApproval": true,
            "isModifyApproval": false,
            "currExchangeRateType": {
              "id": 2000001
            },
            "btClass": "SALES",
            "effectiveDays": null,
            "syncPrice": false,
            "isDefault": false,
            "id": 2101001,
            "createdBy": {
              "id": 27
            },
            "updatedBy": {
              "id": 477234922377861
            },
            "createdAt": 1685108645000,
            "updatedAt": 1745892294000,
            "version": 68,
            "deleted": 0,
            "originOrgId": 0
          },
          "custId": {
            "id": 2059001
          },
          "custPersonName": "李月汝",
          "custPhone": "18378999655",
          "slsPersonName": "章昂",
          "slsPhone": "17376596912",
          "soStatus": "CANCELLED",
          "approveStatus": null,
          "soTitle": null,
          "soDesc": null,
          "soNotes": null,
          "isFixedExchRate": false,
          "slsComId": {
            "id": 14373001
          },
          "priceIdempotent": "07ddf6db89c588c43724dab08462638e",
          "freezeType": "NU_FREEZE",
          "soAssociationCode": null,
          "soBusinessStatus": "INIT",
          "bizRuleGroup": null,
          "addrDetail": "佛山市禅城区季华五路28号",
          "currExchangeRateType": {
            "id": 2000001
          },
          "slsDcId": {
            "id": 14378001
          },
          "btClass": "SALES",
          "effectiveAt": null,
          "slsPerson": {
            "id": 14094003
          },
          "reCalculate": null,
          "invOrg": null,
          "invLoc": null,
          "priceCalcDate": 1745308123000,
          "deliveryInterceptFail": null,
          "externalBuyerId": null,
          "addrId": {
            "id": 70002638
          },
          "totalAmt": 702152.0,
          "discountAmt": 0.0,
          "discountInfo": "",
          "platformDiscountAmt": null,
          "merchantDiscountAmt": null,
          "actualPaidAmt": null,
          "freightAmt": null,
          "buyerRemark": null,
          "sellerRemark": null,
          "id": 16378028,
          "createdBy": {
            "id": 540175374525637
          },
          "updatedBy": {
            "id": 540175374525637
          },
          "createdAt": 1745308123000,
          "updatedAt": 1745308130000,
          "version": 5,
          "deleted": 0,
          "originOrgId": 0,
          "soItems": [
            {
              "soId": {
                "id": 16378028
              },
              "id": 16300033
            }
          ]
        },
        {
          "soCode": "SO002137",
          "soDocDate": 1745251200000,
          "soExtCode": null,
          "baseCurrId": {
            "id": 2000001
          },
          "slsCurrId": {
            "id": 2000001
          },
          "exchRate": 1.0,
          "grossBaseAmt": 791032.0,
          "netBaseAmt": 700028.318584,
          "taxAmt": 91003.681416,
          "soCreateSource": "TERP门户",
          "slsOrgId": {
            "id": 14579001
          },
          "slsTmId": null,
          "soTypeId": {
            "soTypeCode": "STND",
            "soTypeName": "标准销售",
            "partnerProcedureHeadRef": {
              "id": 14005002
            },
            "attachmentProcedureHeadRef": null,
            "status": "ENABLED",
            "soTypeDesc": "标准销售",
            "genTextTypeRef": null,
            "isRev": false,
            "isSubmitApproval": true,
            "isModifyApproval": false,
            "currExchangeRateType": {
              "id": 2000001
            },
            "btClass": "SALES",
            "effectiveDays": null,
            "syncPrice": false,
            "isDefault": false,
            "id": 2101001,
            "createdBy": {
              "id": 27
            },
            "updatedBy": {
              "id": 477234922377861
            },
            "createdAt": 1685108645000,
            "updatedAt": 1745892294000,
            "version": 68,
            "deleted": 0,
            "originOrgId": 0
          },
          "custId": {
            "id": 2059001
          },
          "custPersonName": "李月汝",
          "custPhone": "18378999655",
          "slsPersonName": "章昂",
          "slsPhone": "17376596912",
          "soStatus": "CANCELLED",
          "approveStatus": null,
          "soTitle": null,
          "soDesc": null,
          "soNotes": null,
          "isFixedExchRate": false,
          "slsComId": {
            "id": 14373001
          },
          "priceIdempotent": "49d3c37eca907e1764a3123e232a523e",
          "freezeType": "NU_FREEZE",
          "soAssociationCode": null,
          "soBusinessStatus": "INIT",
          "bizRuleGroup": null,
          "addrDetail": "佛山市禅城区季华五路28号",
          "currExchangeRateType": {
            "id": 2000001
          },
          "slsDcId": {
            "id": 14378001
          },
          "btClass": "SALES",
          "effectiveAt": null,
          "slsPerson": {
            "id": 14094003
          },
          "reCalculate": null,
          "invOrg": null,
          "invLoc": null,
          "priceCalcDate": 1745305949000,
          "deliveryInterceptFail": null,
          "externalBuyerId": null,
          "addrId": {
            "id": 70002638
          },
          "totalAmt": 791032.0,
          "discountAmt": 0.0,
          "discountInfo": "",
          "platformDiscountAmt": null,
          "merchantDiscountAmt": null,
          "actualPaidAmt": null,
          "freightAmt": null,
          "buyerRemark": null,
          "sellerRemark": null,
          "id": 16378017,
          "createdBy": {
            "id": 540175374525637
          },
          "updatedBy": {
            "id": 540175374525637
          },
          "createdAt": 1745305950000,
          "updatedAt": 1745305955000,
          "version": 5,
          "deleted": 0,
          "originOrgId": 0,
          "soItems": [
            {
              "soId": {
                "id": 16378017
              },
              "id": 16300017
            }
          ]
        },
        {
          "soCode": "SO002117",
          "soDocDate": 1745251200000,
          "soExtCode": null,
          "baseCurrId": {
            "id": 2000001
          },
          "slsCurrId": {
            "id": 2000001
          },
          "exchRate": 1.0,
          "grossBaseAmt": 266640.0,
          "netBaseAmt": 235964.60177,
          "taxAmt": 30675.39823,
          "soCreateSource": "TERP门户",
          "slsOrgId": {
            "id": 14579001
          },
          "slsTmId": null,
          "soTypeId": {
            "soTypeCode": "STND",
            "soTypeName": "标准销售",
            "partnerProcedureHeadRef": {
              "id": 14005002
            },
            "attachmentProcedureHeadRef": null,
            "status": "ENABLED",
            "soTypeDesc": "标准销售",
            "genTextTypeRef": null,
            "isRev": false,
            "isSubmitApproval": true,
            "isModifyApproval": false,
            "currExchangeRateType": {
              "id": 2000001
            },
            "btClass": "SALES",
            "effectiveDays": null,
            "syncPrice": false,
            "isDefault": false,
            "id": 2101001,
            "createdBy": {
              "id": 27
            },
            "updatedBy": {
              "id": 477234922377861
            },
            "createdAt": 1685108645000,
            "updatedAt": 1745892294000,
            "version": 68,
            "deleted": 0,
            "originOrgId": 0
          },
          "custId": {
            "id": 2059001
          },
          "custPersonName": "李月汝",
          "custPhone": "18378999655",
          "slsPersonName": "章昂",
          "slsPhone": "17376596912",
          "soStatus": "CANCELLED",
          "approveStatus": null,
          "soTitle": null,
          "soDesc": null,
          "soNotes": null,
          "isFixedExchRate": false,
          "slsComId": {
            "id": 14373001
          },
          "priceIdempotent": "d19655cbbc258ba7d55deaa07d38fb78",
          "freezeType": "NU_FREEZE",
          "soAssociationCode": null,
          "soBusinessStatus": "INIT",
          "bizRuleGroup": null,
          "addrDetail": "佛山市禅城区季华五路28号",
          "currExchangeRateType": {
            "id": 2000001
          },
          "slsDcId": {
            "id": 14378001
          },
          "btClass": "SALES",
          "effectiveAt": null,
          "slsPerson": {
            "id": 14094003
          },
          "reCalculate": null,
          "invOrg": null,
          "invLoc": null,
          "priceCalcDate": 1745304363000,
          "deliveryInterceptFail": null,
          "externalBuyerId": null,
          "addrId": {
            "id": 70002638
          },
          "totalAmt": 266640.0,
          "discountAmt": 0.0,
          "discountInfo": "",
          "platformDiscountAmt": null,
          "merchantDiscountAmt": null,
          "actualPaidAmt": null,
          "freightAmt": null,
          "buyerRemark": null,
          "sellerRemark": null,
          "id": 16378008,
          "createdBy": {
            "id": 540175374525637
          },
          "updatedBy": {
            "id": 540175374525637
          },
          "createdAt": 1745304363000,
          "updatedAt": 1745305766000,
          "version": 4,
          "deleted": 0,
          "originOrgId": 0,
          "soItems": [
            {
              "soId": {
                "id": 16378008
              },
              "id": 16300008
            }
          ]
        }
      ],
      "total": 37
    }
  }
}
2025-05-07 11:35:35|LogUtil.info line:33| 发送请求: 按单据状态 CANCELLED 查询销售订单列表
2025-05-07 11:35:35|test_02_orderlist_query.test_03_query_orders_by_status line:333| 
提取的嵌套数据: [
  {
    "soCode": "SO002634",
    "soDocDate": 1745769600000,
    "soExtCode": null,
    "baseCurrId": {
      "id": 2000001
    },
    "slsCurrId": {
      "id": 2000001
    },
    "exchRate": 1.0,
    "grossBaseAmt": 817696.0,
    "netBaseAmt": 723624.778761,
    "taxAmt": 94071.221239,
    "soCreateSource": "TERP门户",
    "slsOrgId": {
      "id": 14579001
    },
    "slsTmId": null,
    "soTypeId": {
      "soTypeCode": "STND",
      "soTypeName": "标准销售",
      "partnerProcedureHeadRef": {
        "id": 14005002
      },
      "attachmentProcedureHeadRef": null,
      "status": "ENABLED",
      "soTypeDesc": "标准销售",
      "genTextTypeRef": null,
      "isRev": false,
      "isSubmitApproval": true,
      "isModifyApproval": false,
      "currExchangeRateType": {
        "id": 2000001
      },
      "btClass": "SALES",
      "effectiveDays": null,
      "syncPrice": false,
      "isDefault": false,
      "id": 2101001,
      "createdBy": {
        "id": 27
      },
      "updatedBy": {
        "id": 477234922377861
      },
      "createdAt": 1685108645000,
      "updatedAt": 1745892294000,
      "version": 68,
      "deleted": 0,
      "originOrgId": 0
    },
    "custId": {
      "id": 2059001
    },
    "custPersonName": "李月汝",
    "custPhone": "18378999655",
    "slsPersonName": "章昂",
    "slsPhone": "17376596912",
    "soStatus": "CANCELLED",
    "approveStatus": null,
    "soTitle": null,
    "soDesc": null,
    "soNotes": null,
    "isFixedExchRate": false,
    "slsComId": {
      "id": 14373001
    },
    "priceIdempotent": "5190cc51b780a399b710db2a5aea9f98",
    "freezeType": "NU_FREEZE",
    "soAssociationCode": null,
    "soBusinessStatus": "INIT",
    "bizRuleGroup": null,
    "addrDetail": "佛山市禅城区季华五路28号",
    "currExchangeRateType": {
      "id": 2000001
    },
    "slsDcId": {
      "id": 14378001
    },
    "btClass": "SALES",
    "effectiveAt": null,
    "slsPerson": {
      "id": 14094003
    },
    "reCalculate": null,
    "invOrg": null,
    "invLoc": null,
    "priceCalcDate": 1745824711000,
    "deliveryInterceptFail": null,
    "externalBuyerId": null,
    "addrId": {
      "id": 70002638
    },
    "totalAmt": 817696.0,
    "discountAmt": 0.0,
    "discountInfo": "",
    "platformDiscountAmt": null,
    "merchantDiscountAmt": null,
    "actualPaidAmt": null,
    "freightAmt": null,
    "buyerRemark": null,
    "sellerRemark": null,
    "id": 16383005,
    "createdBy": {
      "id": 540175374525637
    },
    "updatedBy": {
      "id": 540175374525637
    },
    "createdAt": 1745824711000,
    "updatedAt": 1745824718000,
    "version": 5,
    "deleted": 0,
    "originOrgId": 0,
    "slsPartnerLinks": [
      {
        "soId": {
          "id": 16383005
        },
        "id": 16227005
      }
    ],
    "soItems": [
      {
        "soId": {
          "id": 16383005
        },
        "id": 16305005
      }
    ]
  },
  {
    "soCode": "SO002623",
    "soDocDate": 1745769600000,
    "soExtCode": null,
    "baseCurrId": {
      "id": 2000001
    },
    "slsCurrId": {
      "id": 2000001
    },
    "exchRate": 1.0,
    "grossBaseAmt": 808808.0,
    "netBaseAmt": 715759.292035,
    "taxAmt": 93048.707965,
    "soCreateSource": "TERP门户",
    "slsOrgId": {
      "id": 14579001
    },
    "slsTmId": null,
    "soTypeId": {
      "soTypeCode": "STND",
      "soTypeName": "标准销售",
      "partnerProcedureHeadRef": {
        "id": 14005002
      },
      "attachmentProcedureHeadRef": null,
      "status": "ENABLED",
      "soTypeDesc": "标准销售",
      "genTextTypeRef": null,
      "isRev": false,
      "isSubmitApproval": true,
      "isModifyApproval": false,
      "currExchangeRateType": {
        "id": 2000001
      },
      "btClass": "SALES",
      "effectiveDays": null,
      "syncPrice": false,
      "isDefault": false,
      "id": 2101001,
      "createdBy": {
        "id": 27
      },
      "updatedBy": {
        "id": 477234922377861
      },
      "createdAt": 1685108645000,
      "updatedAt": 1745892294000,
      "version": 68,
      "deleted": 0,
      "originOrgId": 0
    },
    "custId": {
      "id": 2059001
    },
    "custPersonName": "李月汝",
    "custPhone": "18378999655",
    "slsPersonName": "章昂",
    "slsPhone": "17376596912",
    "soStatus": "CANCELLED",
    "approveStatus": null,
    "soTitle": null,
    "soDesc": null,
    "soNotes": null,
    "isFixedExchRate": false,
    "slsComId": {
      "id": 14373001
    },
    "priceIdempotent": "6c8589639ebd90ac2bf7f80b807615f3",
    "freezeType": "NU_FREEZE",
    "soAssociationCode": null,
    "soBusinessStatus": "INIT",
    "bizRuleGroup": null,
    "addrDetail": "佛山市禅城区季华五路28号",
    "currExchangeRateType": {
      "id": 2000001
    },
    "slsDcId": {
      "id": 14378001
    },
    "btClass": "SALES",
    "effectiveAt": null,
    "slsPerson": {
      "id": 14094003
    },
    "reCalculate": null,
    "invOrg": null,
    "invLoc": null,
    "priceCalcDate": 1745824498000,
    "deliveryInterceptFail": null,
    "externalBuyerId": null,
    "addrId": {
      "id": 70002638
    },
    "totalAmt": 808808.0,
    "discountAmt": 0.0,
    "discountInfo": "",
    "platformDiscountAmt": null,
    "merchantDiscountAmt": null,
    "actualPaidAmt": null,
    "freightAmt": null,
    "buyerRemark": null,
    "sellerRemark": null,
    "id": 16382005,
    "createdBy": {
      "id": 540175374525637
    },
    "updatedBy": {
      "id": 540175374525637
    },
    "createdAt": 1745824498000,
    "updatedAt": 1745824595000,
    "version": 5,
    "deleted": 0,
    "originOrgId": 0,
    "slsPartnerLinks": [
      {
        "soId": {
          "id": 16382005
        },
        "id": 16226005
      }
    ],
    "soItems": [
      {
        "soId": {
          "id": 16382005
        },
        "id": 16304005
      }
    ]
  },
  {
    "soCode": "SO002570",
    "soDocDate": 1745424000000,
    "soExtCode": null,
    "baseCurrId": {
      "id": 2000001
    },
    "slsCurrId": {
      "id": 2000001
    },
    "exchRate": 1.0,
    "grossBaseAmt": 373296.0,
    "netBaseAmt": 330350.442478,
    "taxAmt": 42945.557522,
    "soCreateSource": "TERP门户",
    "slsOrgId": {
      "id": 14579001
    },
    "slsTmId": null,
    "soTypeId": {
      "soTypeCode": "STND",
      "soTypeName": "标准销售",
      "partnerProcedureHeadRef": {
        "id": 14005002
      },
      "attachmentProcedureHeadRef": null,
      "status": "ENABLED",
      "soTypeDesc": "标准销售",
      "genTextTypeRef": null,
      "isRev": false,
      "isSubmitApproval": true,
      "isModifyApproval": false,
      "currExchangeRateType": {
        "id": 2000001
      },
      "btClass": "SALES",
      "effectiveDays": null,
      "syncPrice": false,
      "isDefault": false,
      "id": 2101001,
      "createdBy": {
        "id": 27
      },
      "updatedBy": {
        "id": 477234922377861
      },
      "createdAt": 1685108645000,
      "updatedAt": 1745892294000,
      "version": 68,
      "deleted": 0,
      "originOrgId": 0
    },
    "custId": {
      "id": 2059001
    },
    "custPersonName": "李月汝",
    "custPhone": "18378999655",
    "slsPersonName": "章昂",
    "slsPhone": "17376596912",
    "soStatus": "CANCELLED",
    "approveStatus": null,
    "soTitle": null,
    "soDesc": null,
    "soNotes": null,
    "isFixedExchRate": false,
    "slsComId": {
      "id": 14373001
    },
    "priceIdempotent": "ffc3b73531c5d8563af3c5385313ce50",
    "freezeType": "NU_FREEZE",
    "soAssociationCode": null,
    "soBusinessStatus": "INIT",
    "bizRuleGroup": null,
    "addrDetail": "佛山市禅城区季华五路28号",
    "currExchangeRateType": {
      "id": 2000001
    },
    "slsDcId": {
      "id": 14378001
    },
    "btClass": "SALES",
    "effectiveAt": null,
    "slsPerson": {
      "id": 14094003
    },
    "reCalculate": null,
    "invOrg": null,
    "invLoc": null,
    "priceCalcDate": 1745478873000,
    "deliveryInterceptFail": null,
    "externalBuyerId": null,
    "addrId": {
      "id": 70002638
    },
    "totalAmt": 373296.0,
    "discountAmt": 0.0,
    "discountInfo": "",
    "platformDiscountAmt": null,
    "merchantDiscountAmt": null,
    "actualPaidAmt": null,
    "freightAmt": null,
    "buyerRemark": null,
    "sellerRemark": null,
    "id": 16379145,
    "createdBy": {
      "id": 540175374525637
    },
    "updatedBy": {
      "id": 540175374525637
    },
    "createdAt": 1745478874000,
    "updatedAt": 1745478883000,
    "version": 5,
    "deleted": 0,
    "originOrgId": 0,
    "slsPartnerLinks": [
      {
        "soId": {
          "id": 16379145
        },
        "id": 16223111
      }
    ],
    "soItems": [
      {
        "soId": {
          "id": 16379145
        },
        "id": 16301148
      }
    ]
  },
  {
    "soCode": "SO002543",
    "soDocDate": 1745337600000,
    "soExtCode": null,
    "baseCurrId": {
      "id": 2000001
    },
    "slsCurrId": {
      "id": 2000001
    },
    "exchRate": 1.0,
    "grossBaseAmt": 559944.0,
    "netBaseAmt": 495525.663717,
    "taxAmt": 64418.336283,
    "soCreateSource": "TERP门户",
    "slsOrgId": {
      "id": 14579001
    },
    "slsTmId": null,
    "soTypeId": {
      "soTypeCode": "STND",
      "soTypeName": "标准销售",
      "partnerProcedureHeadRef": {
        "id": 14005002
      },
      "attachmentProcedureHeadRef": null,
      "status": "ENABLED",
      "soTypeDesc": "标准销售",
      "genTextTypeRef": null,
      "isRev": false,
      "isSubmitApproval": true,
      "isModifyApproval": false,
      "currExchangeRateType": {
        "id": 2000001
      },
      "btClass": "SALES",
      "effectiveDays": null,
      "syncPrice": false,
      "isDefault": false,
      "id": 2101001,
      "createdBy": {
        "id": 27
      },
      "updatedBy": {
        "id": 477234922377861
      },
      "createdAt": 1685108645000,
      "updatedAt": 1745892294000,
      "version": 68,
      "deleted": 0,
      "originOrgId": 0
    },
    "custId": {
      "id": 2059001
    },
    "custPersonName": "李月汝",
    "custPhone": "18378999655",
    "slsPersonName": "章昂",
    "slsPhone": "17376596912",
    "soStatus": "CANCELLED",
    "approveStatus": null,
    "soTitle": null,
    "soDesc": null,
    "soNotes": null,
    "isFixedExchRate": false,
    "slsComId": {
      "id": 14373001
    },
    "priceIdempotent": "4d952788980b245a9872ea82f819578f",
    "freezeType": "NU_FREEZE",
    "soAssociationCode": null,
    "soBusinessStatus": "INIT",
    "bizRuleGroup": null,
    "addrDetail": "佛山市禅城区季华五路28号",
    "currExchangeRateType": {
      "id": 2000001
    },
    "slsDcId": {
      "id": 14378001
    },
    "btClass": "SALES",
    "effectiveAt": null,
    "slsPerson": {
      "id": 14094003
    },
    "reCalculate": null,
    "invOrg": null,
    "invLoc": null,
    "priceCalcDate": 1745402556000,
    "deliveryInterceptFail": null,
    "externalBuyerId": null,
    "addrId": {
      "id": 70002638
    },
    "totalAmt": 559944.0,
    "discountAmt": 0.0,
    "discountInfo": "",
    "platformDiscountAmt": null,
    "merchantDiscountAmt": null,
    "actualPaidAmt": null,
    "freightAmt": null,
    "buyerRemark": null,
    "sellerRemark": null,
    "id": 16379137,
    "createdBy": {
      "id": 540175374525637
    },
    "updatedBy": {
      "id": 540175374525637
    },
    "createdAt": 1745402556000,
    "updatedAt": 1745402566000,
    "version": 5,
    "deleted": 0,
    "originOrgId": 0,
    "slsPartnerLinks": [
      {
        "soId": {
          "id": 16379137
        },
        "id": 16223103
      }
    ],
    "soItems": [
      {
        "soId": {
          "id": 16379137
        },
        "id": 16301140
      }
    ]
  },
  {
    "soCode": "SO002529",
    "soDocDate": 1745337600000,
    "soExtCode": null,
    "baseCurrId": {
      "id": 2000001
    },
    "slsCurrId": {
      "id": 2000001
    },
    "exchRate": 1.0,
    "grossBaseAmt": 408848.0,
    "netBaseAmt": 361812.389381,
    "taxAmt": 47035.610619,
    "soCreateSource": "TERP门户",
    "slsOrgId": {
      "id": 14579001
    },
    "slsTmId": null,
    "soTypeId": {
      "soTypeCode": "STND",
      "soTypeName": "标准销售",
      "partnerProcedureHeadRef": {
        "id": 14005002
      },
      "attachmentProcedureHeadRef": null,
      "status": "ENABLED",
      "soTypeDesc": "标准销售",
      "genTextTypeRef": null,
      "isRev": false,
      "isSubmitApproval": true,
      "isModifyApproval": false,
      "currExchangeRateType": {
        "id": 2000001
      },
      "btClass": "SALES",
      "effectiveDays": null,
      "syncPrice": false,
      "isDefault": false,
      "id": 2101001,
      "createdBy": {
        "id": 27
      },
      "updatedBy": {
        "id": 477234922377861
      },
      "createdAt": 1685108645000,
      "updatedAt": 1745892294000,
      "version": 68,
      "deleted": 0,
      "originOrgId": 0
    },
    "custId": {
      "id": 2059001
    },
    "custPersonName": "李月汝",
    "custPhone": "18378999655",
    "slsPersonName": "章昂",
    "slsPhone": "17376596912",
    "soStatus": "CANCELLED",
    "approveStatus": null,
    "soTitle": null,
    "soDesc": null,
    "soNotes": null,
    "isFixedExchRate": false,
    "slsComId": {
      "id": 14373001
    },
    "priceIdempotent": "1f2f6ee30aa515fe8ab7f680d25bceb2",
    "freezeType": "NU_FREEZE",
    "soAssociationCode": null,
    "soBusinessStatus": "INIT",
    "bizRuleGroup": null,
    "addrDetail": "佛山市禅城区季华五路28号",
    "currExchangeRateType": {
      "id": 2000001
    },
    "slsDcId": {
      "id": 14378001
    },
    "btClass": "SALES",
    "effectiveAt": null,
    "slsPerson": {
      "id": 14094003
    },
    "reCalculate": null,
    "invOrg": null,
    "invLoc": null,
    "priceCalcDate": 1745402380000,
    "deliveryInterceptFail": null,
    "externalBuyerId": null,
    "addrId": {
      "id": 70002638
    },
    "totalAmt": 408848.0,
    "discountAmt": 0.0,
    "discountInfo": "",
    "platformDiscountAmt": null,
    "merchantDiscountAmt": null,
    "actualPaidAmt": null,
    "freightAmt": null,
    "buyerRemark": null,
    "sellerRemark": null,
    "id": 16379130,
    "createdBy": {
      "id": 540175374525637
    },
    "updatedBy": {
      "id": 540175374525637
    },
    "createdAt": 1745402380000,
    "updatedAt": 1745402389000,
    "version": 5,
    "deleted": 0,
    "originOrgId": 0,
    "slsPartnerLinks": [
      {
        "soId": {
          "id": 16379130
        },
        "id": 16223096
      }
    ],
    "soItems": [
      {
        "soId": {
          "id": 16379130
        },
        "id": 16301133
      }
    ]
  },
  {
    "soCode": "SO002515",
    "soDocDate": 1745337600000,
    "soExtCode": null,
    "baseCurrId": {
      "id": 2000001
    },
    "slsCurrId": {
      "id": 2000001
    },
    "exchRate": 1.0,
    "grossBaseAmt": 195536.0,
    "netBaseAmt": 173040.707965,
    "taxAmt": 22495.292035,
    "soCreateSource": "TERP门户",
    "slsOrgId": {
      "id": 14579001
    },
    "slsTmId": null,
    "soTypeId": {
      "soTypeCode": "STND",
      "soTypeName": "标准销售",
      "partnerProcedureHeadRef": {
        "id": 14005002
      },
      "attachmentProcedureHeadRef": null,
      "status": "ENABLED",
      "soTypeDesc": "标准销售",
      "genTextTypeRef": null,
      "isRev": false,
      "isSubmitApproval": true,
      "isModifyApproval": false,
      "currExchangeRateType": {
        "id": 2000001
      },
      "btClass": "SALES",
      "effectiveDays": null,
      "syncPrice": false,
      "isDefault": false,
      "id": 2101001,
      "createdBy": {
        "id": 27
      },
      "updatedBy": {
        "id": 477234922377861
      },
      "createdAt": 1685108645000,
      "updatedAt": 1745892294000,
      "version": 68,
      "deleted": 0,
      "originOrgId": 0
    },
    "custId": {
      "id": 2059001
    },
    "custPersonName": "李月汝",
    "custPhone": "18378999655",
    "slsPersonName": "章昂",
    "slsPhone": "17376596912",
    "soStatus": "CANCELLED",
    "approveStatus": null,
    "soTitle": null,
    "soDesc": null,
    "soNotes": null,
    "isFixedExchRate": false,
    "slsComId": {
      "id": 14373001
    },
    "priceIdempotent": "b7e5400ad3f46f060a1b2f5a8356efa7",
    "freezeType": "NU_FREEZE",
    "soAssociationCode": null,
    "soBusinessStatus": "INIT",
    "bizRuleGroup": null,
    "addrDetail": "佛山市禅城区季华五路28号",
    "currExchangeRateType": {
      "id": 2000001
    },
    "slsDcId": {
      "id": 14378001
    },
    "btClass": "SALES",
    "effectiveAt": null,
    "slsPerson": {
      "id": 14094003
    },
    "reCalculate": null,
    "invOrg": null,
    "invLoc": null,
    "priceCalcDate": 1745401487000,
    "deliveryInterceptFail": null,
    "externalBuyerId": null,
    "addrId": {
      "id": 70002638
    },
    "totalAmt": 195536.0,
    "discountAmt": 0.0,
    "discountInfo": "",
    "platformDiscountAmt": null,
    "merchantDiscountAmt": null,
    "actualPaidAmt": null,
    "freightAmt": null,
    "buyerRemark": null,
    "sellerRemark": null,
    "id": 16379123,
    "createdBy": {
      "id": 540175374525637
    },
    "updatedBy": {
      "id": 540175374525637
    },
    "createdAt": 1745401488000,
    "updatedAt": 1745401502000,
    "version": 5,
    "deleted": 0,
    "originOrgId": 0,
    "slsPartnerLinks": [
      {
        "soId": {
          "id": 16379123
        },
        "id": 16223089
      }
    ],
    "soItems": [
      {
        "soId": {
          "id": 16379123
        },
        "id": 16301126
      }
    ]
  },
  {
    "soCode": "SO002501",
    "soDocDate": 1745337600000,
    "soExtCode": null,
    "baseCurrId": {
      "id": 2000001
    },
    "slsCurrId": {
      "id": 2000001
    },
    "exchRate": 1.0,
    "grossBaseAmt": 666600.0,
    "netBaseAmt": 589911.504425,
    "taxAmt": 76688.495575,
    "soCreateSource": "TERP门户",
    "slsOrgId": {
      "id": 14579001
    },
    "slsTmId": null,
    "soTypeId": {
      "soTypeCode": "STND",
      "soTypeName": "标准销售",
      "partnerProcedureHeadRef": {
        "id": 14005002
      },
      "attachmentProcedureHeadRef": null,
      "status": "ENABLED",
      "soTypeDesc": "标准销售",
      "genTextTypeRef": null,
      "isRev": false,
      "isSubmitApproval": true,
      "isModifyApproval": false,
      "currExchangeRateType": {
        "id": 2000001
      },
      "btClass": "SALES",
      "effectiveDays": null,
      "syncPrice": false,
      "isDefault": false,
      "id": 2101001,
      "createdBy": {
        "id": 27
      },
      "updatedBy": {
        "id": 477234922377861
      },
      "createdAt": 1685108645000,
      "updatedAt": 1745892294000,
      "version": 68,
      "deleted": 0,
      "originOrgId": 0
    },
    "custId": {
      "id": 2059001
    },
    "custPersonName": "李月汝",
    "custPhone": "18378999655",
    "slsPersonName": "章昂",
    "slsPhone": "17376596912",
    "soStatus": "CANCELLED",
    "approveStatus": null,
    "soTitle": null,
    "soDesc": null,
    "soNotes": null,
    "isFixedExchRate": false,
    "slsComId": {
      "id": 14373001
    },
    "priceIdempotent": "c72d057d525961ad927a87e9232c8a12",
    "freezeType": "NU_FREEZE",
    "soAssociationCode": null,
    "soBusinessStatus": "INIT",
    "bizRuleGroup": null,
    "addrDetail": "佛山市禅城区季华五路28号",
    "currExchangeRateType": {
      "id": 2000001
    },
    "slsDcId": {
      "id": 14378001
    },
    "btClass": "SALES",
    "effectiveAt": null,
    "slsPerson": {
      "id": 14094003
    },
    "reCalculate": null,
    "invOrg": null,
    "invLoc": null,
    "priceCalcDate": 1745401078000,
    "deliveryInterceptFail": null,
    "externalBuyerId": null,
    "addrId": {
      "id": 70002638
    },
    "totalAmt": 666600.0,
    "discountAmt": 0.0,
    "discountInfo": "",
    "platformDiscountAmt": null,
    "merchantDiscountAmt": null,
    "actualPaidAmt": null,
    "freightAmt": null,
    "buyerRemark": null,
    "sellerRemark": null,
    "id": 16379116,
    "createdBy": {
      "id": 540175374525637
    },
    "updatedBy": {
      "id": 540175374525637
    },
    "createdAt": 1745401078000,
    "updatedAt": 1745401089000,
    "version": 5,
    "deleted": 0,
    "originOrgId": 0,
    "slsPartnerLinks": [
      {
        "soId": {
          "id": 16379116
        },
        "id": 16223082
      }
    ],
    "soItems": [
      {
        "soId": {
          "id": 16379116
        },
        "id": 16301119
      }
    ]
  },
  {
    "soCode": "SO002487",
    "soDocDate": 1745337600000,
    "soExtCode": null,
    "baseCurrId": {
      "id": 2000001
    },
    "slsCurrId": {
      "id": 2000001
    },
    "exchRate": 1.0,
    "grossBaseAmt": 542168.0,
    "netBaseAmt": 479794.690265,
    "taxAmt": 62373.309735,
    "soCreateSource": "TERP门户",
    "slsOrgId": {
      "id": 14579001
    },
    "slsTmId": null,
    "soTypeId": {
      "soTypeCode": "STND",
      "soTypeName": "标准销售",
      "partnerProcedureHeadRef": {
        "id": 14005002
      },
      "attachmentProcedureHeadRef": null,
      "status": "ENABLED",
      "soTypeDesc": "标准销售",
      "genTextTypeRef": null,
      "isRev": false,
      "isSubmitApproval": true,
      "isModifyApproval": false,
      "currExchangeRateType": {
        "id": 2000001
      },
      "btClass": "SALES",
      "effectiveDays": null,
      "syncPrice": false,
      "isDefault": false,
      "id": 2101001,
      "createdBy": {
        "id": 27
      },
      "updatedBy": {
        "id": 477234922377861
      },
      "createdAt": 1685108645000,
      "updatedAt": 1745892294000,
      "version": 68,
      "deleted": 0,
      "originOrgId": 0
    },
    "custId": {
      "id": 2059001
    },
    "custPersonName": "李月汝",
    "custPhone": "18378999655",
    "slsPersonName": "章昂",
    "slsPhone": "17376596912",
    "soStatus": "CANCELLED",
    "approveStatus": null,
    "soTitle": null,
    "soDesc": null,
    "soNotes": null,
    "isFixedExchRate": false,
    "slsComId": {
      "id": 14373001
    },
    "priceIdempotent": "00d9cf29e4a2cca089b64012ba61f00d",
    "freezeType": "NU_FREEZE",
    "soAssociationCode": null,
    "soBusinessStatus": "INIT",
    "bizRuleGroup": null,
    "addrDetail": "佛山市禅城区季华五路28号",
    "currExchangeRateType": {
      "id": 2000001
    },
    "slsDcId": {
      "id": 14378001
    },
    "btClass": "SALES",
    "effectiveAt": null,
    "slsPerson": {
      "id": 14094003
    },
    "reCalculate": null,
    "invOrg": null,
    "invLoc": null,
    "priceCalcDate": 1745400865000,
    "deliveryInterceptFail": null,
    "externalBuyerId": null,
    "addrId": {
      "id": 70002638
    },
    "totalAmt": 542168.0,
    "discountAmt": 0.0,
    "discountInfo": "",
    "platformDiscountAmt": null,
    "merchantDiscountAmt": null,
    "actualPaidAmt": null,
    "freightAmt": null,
    "buyerRemark": null,
    "sellerRemark": null,
    "id": 16379109,
    "createdBy": {
      "id": 540175374525637
    },
    "updatedBy": {
      "id": 540175374525637
    },
    "createdAt": 1745400865000,
    "updatedAt": 1745400875000,
    "version": 5,
    "deleted": 0,
    "originOrgId": 0,
    "slsPartnerLinks": [
      {
        "soId": {
          "id": 16379109
        },
        "id": 16223075
      }
    ],
    "soItems": [
      {
        "soId": {
          "id": 16379109
        },
        "id": 16301112
      }
    ]
  },
  {
    "soCode": "SO002473",
    "soDocDate": 1745337600000,
    "soExtCode": null,
    "baseCurrId": {
      "id": 2000001
    },
    "slsCurrId": {
      "id": 2000001
    },
    "exchRate": 1.0,
    "grossBaseAmt": 506616.0,
    "netBaseAmt": 448332.743363,
    "taxAmt": 58283.256637,
    "soCreateSource": "TERP门户",
    "slsOrgId": {
      "id": 14579001
    },
    "slsTmId": null,
    "soTypeId": {
      "soTypeCode": "STND",
      "soTypeName": "标准销售",
      "partnerProcedureHeadRef": {
        "id": 14005002
      },
      "attachmentProcedureHeadRef": null,
      "status": "ENABLED",
      "soTypeDesc": "标准销售",
      "genTextTypeRef": null,
      "isRev": false,
      "isSubmitApproval": true,
      "isModifyApproval": false,
      "currExchangeRateType": {
        "id": 2000001
      },
      "btClass": "SALES",
      "effectiveDays": null,
      "syncPrice": false,
      "isDefault": false,
      "id": 2101001,
      "createdBy": {
        "id": 27
      },
      "updatedBy": {
        "id": 477234922377861
      },
      "createdAt": 1685108645000,
      "updatedAt": 1745892294000,
      "version": 68,
      "deleted": 0,
      "originOrgId": 0
    },
    "custId": {
      "id": 2059001
    },
    "custPersonName": "李月汝",
    "custPhone": "18378999655",
    "slsPersonName": "章昂",
    "slsPhone": "17376596912",
    "soStatus": "CANCELLED",
    "approveStatus": null,
    "soTitle": null,
    "soDesc": null,
    "soNotes": null,
    "isFixedExchRate": false,
    "slsComId": {
      "id": 14373001
    },
    "priceIdempotent": "a91b61a76866182b14947388f6b93840",
    "freezeType": "NU_FREEZE",
    "soAssociationCode": null,
    "soBusinessStatus": "INIT",
    "bizRuleGroup": null,
    "addrDetail": "佛山市禅城区季华五路28号",
    "currExchangeRateType": {
      "id": 2000001
    },
    "slsDcId": {
      "id": 14378001
    },
    "btClass": "SALES",
    "effectiveAt": null,
    "slsPerson": {
      "id": 14094003
    },
    "reCalculate": null,
    "invOrg": null,
    "invLoc": null,
    "priceCalcDate": 1745400517000,
    "deliveryInterceptFail": null,
    "externalBuyerId": null,
    "addrId": {
      "id": 70002638
    },
    "totalAmt": 506616.0,
    "discountAmt": 0.0,
    "discountInfo": "",
    "platformDiscountAmt": null,
    "merchantDiscountAmt": null,
    "actualPaidAmt": null,
    "freightAmt": null,
    "buyerRemark": null,
    "sellerRemark": null,
    "id": 16379102,
    "createdBy": {
      "id": 540175374525637
    },
    "updatedBy": {
      "id": 540175374525637
    },
    "createdAt": 1745400518000,
    "updatedAt": 1745400527000,
    "version": 5,
    "deleted": 0,
    "originOrgId": 0,
    "slsPartnerLinks": [
      {
        "soId": {
          "id": 16379102
        },
        "id": 16223068
      }
    ],
    "soItems": [
      {
        "soId": {
          "id": 16379102
        },
        "id": 16301105
      }
    ]
  },
  {
    "soCode": "SO002442",
    "soDocDate": 1745337600000,
    "soExtCode": null,
    "baseCurrId": {
      "id": 2000001
    },
    "slsCurrId": {
      "id": 2000001
    },
    "exchRate": 1.0,
    "grossBaseAmt": 586608.0,
    "netBaseAmt": 519122.123894,
    "taxAmt": 67485.876106,
    "soCreateSource": "TERP门户",
    "slsOrgId": {
      "id": 14579001
    },
    "slsTmId": null,
    "soTypeId": {
      "soTypeCode": "STND",
      "soTypeName": "标准销售",
      "partnerProcedureHeadRef": {
        "id": 14005002
      },
      "attachmentProcedureHeadRef": null,
      "status": "ENABLED",
      "soTypeDesc": "标准销售",
      "genTextTypeRef": null,
      "isRev": false,
      "isSubmitApproval": true,
      "isModifyApproval": false,
      "currExchangeRateType": {
        "id": 2000001
      },
      "btClass": "SALES",
      "effectiveDays": null,
      "syncPrice": false,
      "isDefault": false,
      "id": 2101001,
      "createdBy": {
        "id": 27
      },
      "updatedBy": {
        "id": 477234922377861
      },
      "createdAt": 1685108645000,
      "updatedAt": 1745892294000,
      "version": 68,
      "deleted": 0,
      "originOrgId": 0
    },
    "custId": {
      "id": 2059001
    },
    "custPersonName": "李月汝",
    "custPhone": "18378999655",
    "slsPersonName": "章昂",
    "slsPhone": "17376596912",
    "soStatus": "CANCELLED",
    "approveStatus": null,
    "soTitle": null,
    "soDesc": null,
    "soNotes": null,
    "isFixedExchRate": false,
    "slsComId": {
      "id": 14373001
    },
    "priceIdempotent": "83faf3940edc2651e2fce44267deeec6",
    "freezeType": "NU_FREEZE",
    "soAssociationCode": null,
    "soBusinessStatus": "INIT",
    "bizRuleGroup": null,
    "addrDetail": "佛山市禅城区季华五路28号",
    "currExchangeRateType": {
      "id": 2000001
    },
    "slsDcId": {
      "id": 14378001
    },
    "btClass": "SALES",
    "effectiveAt": null,
    "slsPerson": {
      "id": 14094003
    },
    "reCalculate": null,
    "invOrg": null,
    "invLoc": null,
    "priceCalcDate": 1745382376000,
    "deliveryInterceptFail": null,
    "externalBuyerId": null,
    "addrId": {
      "id": 70002638
    },
    "totalAmt": 586608.0,
    "discountAmt": 0.0,
    "discountInfo": "",
    "platformDiscountAmt": null,
    "merchantDiscountAmt": null,
    "actualPaidAmt": null,
    "freightAmt": null,
    "buyerRemark": null,
    "sellerRemark": null,
    "id": 16379089,
    "createdBy": {
      "id": 540175374525637
    },
    "updatedBy": {
      "id": 540175374525637
    },
    "createdAt": 1745382377000,
    "updatedAt": 1745382385000,
    "version": 5,
    "deleted": 0,
    "originOrgId": 0,
    "slsPartnerLinks": [
      {
        "soId": {
          "id": 16379089
        },
        "id": 16223055
      }
    ],
    "soItems": [
      {
        "soId": {
          "id": 16379089
        },
        "id": 16301092
      }
    ]
  },
  {
    "soCode": "SO002430",
    "soDocDate": 1745337600000,
    "soExtCode": null,
    "baseCurrId": {
      "id": 2000001
    },
    "slsCurrId": {
      "id": 2000001
    },
    "exchRate": 1.0,
    "grossBaseAmt": 808808.0,
    "netBaseAmt": 715759.292035,
    "taxAmt": 93048.707965,
    "soCreateSource": "TERP门户",
    "slsOrgId": {
      "id": 14579001
    },
    "slsTmId": null,
    "soTypeId": {
      "soTypeCode": "STND",
      "soTypeName": "标准销售",
      "partnerProcedureHeadRef": {
        "id": 14005002
      },
      "attachmentProcedureHeadRef": null,
      "status": "ENABLED",
      "soTypeDesc": "标准销售",
      "genTextTypeRef": null,
      "isRev": false,
      "isSubmitApproval": true,
      "isModifyApproval": false,
      "currExchangeRateType": {
        "id": 2000001
      },
      "btClass": "SALES",
      "effectiveDays": null,
      "syncPrice": false,
      "isDefault": false,
      "id": 2101001,
      "createdBy": {
        "id": 27
      },
      "updatedBy": {
        "id": 477234922377861
      },
      "createdAt": 1685108645000,
      "updatedAt": 1745892294000,
      "version": 68,
      "deleted": 0,
      "originOrgId": 0
    },
    "custId": {
      "id": 2059001
    },
    "custPersonName": "李月汝",
    "custPhone": "18378999655",
    "slsPersonName": "章昂",
    "slsPhone": "17376596912",
    "soStatus": "CANCELLED",
    "approveStatus": null,
    "soTitle": null,
    "soDesc": null,
    "soNotes": null,
    "isFixedExchRate": false,
    "slsComId": {
      "id": 14373001
    },
    "priceIdempotent": "5be753f773bfa78d8aa3dc2196d40e76",
    "freezeType": "NU_FREEZE",
    "soAssociationCode": null,
    "soBusinessStatus": "INIT",
    "bizRuleGroup": null,
    "addrDetail": "佛山市禅城区季华五路28号",
    "currExchangeRateType": {
      "id": 2000001
    },
    "slsDcId": {
      "id": 14378001
    },
    "btClass": "SALES",
    "effectiveAt": null,
    "slsPerson": {
      "id": 14094003
    },
    "reCalculate": null,
    "invOrg": null,
    "invLoc": null,
    "priceCalcDate": 1745376865000,
    "deliveryInterceptFail": null,
    "externalBuyerId": null,
    "addrId": {
      "id": 70002638
    },
    "totalAmt": 808808.0,
    "discountAmt": 0.0,
    "discountInfo": "",
    "platformDiscountAmt": null,
    "merchantDiscountAmt": null,
    "actualPaidAmt": null,
    "freightAmt": null,
    "buyerRemark": null,
    "sellerRemark": null,
    "id": 16379083,
    "createdBy": {
      "id": 540175374525637
    },
    "updatedBy": {
      "id": 540175374525637
    },
    "createdAt": 1745376865000,
    "updatedAt": 1745376875000,
    "version": 5,
    "deleted": 0,
    "originOrgId": 0,
    "slsPartnerLinks": [
      {
        "soId": {
          "id": 16379083
        },
        "id": 16223049
      }
    ],
    "soItems": [
      {
        "soId": {
          "id": 16379083
        },
        "id": 16301085
      }
    ]
  },
  {
    "soCode": "SO002415",
    "soDocDate": 1745337600000,
    "soExtCode": null,
    "baseCurrId": {
      "id": 2000001
    },
    "slsCurrId": {
      "id": 2000001
    },
    "exchRate": 1.0,
    "grossBaseAmt": 195536.0,
    "netBaseAmt": 173040.707965,
    "taxAmt": 22495.292035,
    "soCreateSource": "TERP门户",
    "slsOrgId": {
      "id": 14579001
    },
    "slsTmId": null,
    "soTypeId": {
      "soTypeCode": "STND",
      "soTypeName": "标准销售",
      "partnerProcedureHeadRef": {
        "id": 14005002
      },
      "attachmentProcedureHeadRef": null,
      "status": "ENABLED",
      "soTypeDesc": "标准销售",
      "genTextTypeRef": null,
      "isRev": false,
      "isSubmitApproval": true,
      "isModifyApproval": false,
      "currExchangeRateType": {
        "id": 2000001
      },
      "btClass": "SALES",
      "effectiveDays": null,
      "syncPrice": false,
      "isDefault": false,
      "id": 2101001,
      "createdBy": {
        "id": 27
      },
      "updatedBy": {
        "id": 477234922377861
      },
      "createdAt": 1685108645000,
      "updatedAt": 1745892294000,
      "version": 68,
      "deleted": 0,
      "originOrgId": 0
    },
    "custId": {
      "id": 2059001
    },
    "custPersonName": "李月汝",
    "custPhone": "18378999655",
    "slsPersonName": "章昂",
    "slsPhone": "17376596912",
    "soStatus": "CANCELLED",
    "approveStatus": null,
    "soTitle": null,
    "soDesc": null,
    "soNotes": null,
    "isFixedExchRate": false,
    "slsComId": {
      "id": 14373001
    },
    "priceIdempotent": "728a381f5c80a96cc60309e6cf7bee9c",
    "freezeType": "NU_FREEZE",
    "soAssociationCode": null,
    "soBusinessStatus": "INIT",
    "bizRuleGroup": null,
    "addrDetail": "佛山市禅城区季华五路28号",
    "currExchangeRateType": {
      "id": 2000001
    },
    "slsDcId": {
      "id": 14378001
    },
    "btClass": "SALES",
    "effectiveAt": null,
    "slsPerson": {
      "id": 14094003
    },
    "reCalculate": null,
    "invOrg": null,
    "invLoc": null,
    "priceCalcDate": 1745375926000,
    "deliveryInterceptFail": null,
    "externalBuyerId": null,
    "addrId": {
      "id": 70002638
    },
    "totalAmt": 195536.0,
    "discountAmt": 0.0,
    "discountInfo": "",
    "platformDiscountAmt": null,
    "merchantDiscountAmt": null,
    "actualPaidAmt": null,
    "freightAmt": null,
    "buyerRemark": null,
    "sellerRemark": null,
    "id": 16379076,
    "createdBy": {
      "id": 540175374525637
    },
    "updatedBy": {
      "id": 540175374525637
    },
    "createdAt": 1745375926000,
    "updatedAt": 1745375937000,
    "version": 5,
    "deleted": 0,
    "originOrgId": 0,
    "slsPartnerLinks": [
      {
        "soId": {
          "id": 16379076
        },
        "id": 16223042
      }
    ],
    "soItems": [
      {
        "soId": {
          "id": 16379076
        },
        "id": 16301078
      }
    ]
  },
  {
    "soCode": "SO002393",
    "soDocDate": 1745337600000,
    "soExtCode": null,
    "baseCurrId": {
      "id": 2000001
    },
    "slsCurrId": {
      "id": 2000001
    },
    "exchRate": 1.0,
    "grossBaseAmt": 231088.0,
    "netBaseAmt": 204502.654867,
    "taxAmt": 26585.345133,
    "soCreateSource": "TERP门户",
    "slsOrgId": {
      "id": 14579001
    },
    "slsTmId": null,
    "soTypeId": {
      "soTypeCode": "STND",
      "soTypeName": "标准销售",
      "partnerProcedureHeadRef": {
        "id": 14005002
      },
      "attachmentProcedureHeadRef": null,
      "status": "ENABLED",
      "soTypeDesc": "标准销售",
      "genTextTypeRef": null,
      "isRev": false,
      "isSubmitApproval": true,
      "isModifyApproval": false,
      "currExchangeRateType": {
        "id": 2000001
      },
      "btClass": "SALES",
      "effectiveDays": null,
      "syncPrice": false,
      "isDefault": false,
      "id": 2101001,
      "createdBy": {
        "id": 27
      },
      "updatedBy": {
        "id": 477234922377861
      },
      "createdAt": 1685108645000,
      "updatedAt": 1745892294000,
      "version": 68,
      "deleted": 0,
      "originOrgId": 0
    },
    "custId": {
      "id": 2059001
    },
    "custPersonName": "李月汝",
    "custPhone": "18378999655",
    "slsPersonName": "章昂",
    "slsPhone": "17376596912",
    "soStatus": "CANCELLED",
    "approveStatus": null,
    "soTitle": null,
    "soDesc": null,
    "soNotes": null,
    "isFixedExchRate": false,
    "slsComId": {
      "id": 14373001
    },
    "priceIdempotent": "12f0b27015dd7b6748fc8f6bff474c54",
    "freezeType": "NU_FREEZE",
    "soAssociationCode": null,
    "soBusinessStatus": "INIT",
    "bizRuleGroup": null,
    "addrDetail": "佛山市禅城区季华五路28号",
    "currExchangeRateType": {
      "id": 2000001
    },
    "slsDcId": {
      "id": 14378001
    },
    "btClass": "SALES",
    "effectiveAt": null,
    "slsPerson": {
      "id": 14094003
    },
    "reCalculate": null,
    "invOrg": null,
    "invLoc": null,
    "priceCalcDate": 1745375440000,
    "deliveryInterceptFail": null,
    "externalBuyerId": null,
    "addrId": {
      "id": 70002638
    },
    "totalAmt": 231088.0,
    "discountAmt": 0.0,
    "discountInfo": "",
    "platformDiscountAmt": null,
    "merchantDiscountAmt": null,
    "actualPaidAmt": null,
    "freightAmt": null,
    "buyerRemark": null,
    "sellerRemark": null,
    "id": 16379065,
    "createdBy": {
      "id": 540175374525637
    },
    "updatedBy": {
      "id": 540175374525637
    },
    "createdAt": 1745375441000,
    "updatedAt": 1745375451000,
    "version": 5,
    "deleted": 0,
    "originOrgId": 0,
    "slsPartnerLinks": [
      {
        "soId": {
          "id": 16379065
        },
        "id": 16223031
      }
    ],
    "soItems": [
      {
        "soId": {
          "id": 16379065
        },
        "id": 16301067
      }
    ]
  },
  {
    "soCode": "SO002267",
    "soDocDate": 1745251200000,
    "soExtCode": null,
    "baseCurrId": {
      "id": 2000001
    },
    "slsCurrId": {
      "id": 2000001
    },
    "exchRate": 1.0,
    "grossBaseAmt": 622160.0,
    "netBaseAmt": 550584.070796,
    "taxAmt": 71575.929204,
    "soCreateSource": "TERP门户",
    "slsOrgId": {
      "id": 14579001
    },
    "slsTmId": null,
    "soTypeId": {
      "soTypeCode": "STND",
      "soTypeName": "标准销售",
      "partnerProcedureHeadRef": {
        "id": 14005002
      },
      "attachmentProcedureHeadRef": null,
      "status": "ENABLED",
      "soTypeDesc": "标准销售",
      "genTextTypeRef": null,
      "isRev": false,
      "isSubmitApproval": true,
      "isModifyApproval": false,
      "currExchangeRateType": {
        "id": 2000001
      },
      "btClass": "SALES",
      "effectiveDays": null,
      "syncPrice": false,
      "isDefault": false,
      "id": 2101001,
      "createdBy": {
        "id": 27
      },
      "updatedBy": {
        "id": 477234922377861
      },
      "createdAt": 1685108645000,
      "updatedAt": 1745892294000,
      "version": 68,
      "deleted": 0,
      "originOrgId": 0
    },
    "custId": {
      "id": 2059001
    },
    "custPersonName": "李月汝",
    "custPhone": "18378999655",
    "slsPersonName": "章昂",
    "slsPhone": "17376596912",
    "soStatus": "CANCELLED",
    "approveStatus": null,
    "soTitle": null,
    "soDesc": null,
    "soNotes": null,
    "isFixedExchRate": false,
    "slsComId": {
      "id": 14373001
    },
    "priceIdempotent": "d564b241dba79bdf3090a117e95583cc",
    "freezeType": "NU_FREEZE",
    "soAssociationCode": null,
    "soBusinessStatus": "INIT",
    "bizRuleGroup": null,
    "addrDetail": "佛山市禅城区季华五路28号",
    "currExchangeRateType": {
      "id": 2000001
    },
    "slsDcId": {
      "id": 14378001
    },
    "btClass": "SALES",
    "effectiveAt": null,
    "slsPerson": {
      "id": 14094003
    },
    "reCalculate": null,
    "invOrg": null,
    "invLoc": null,
    "priceCalcDate": 1745315006000,
    "deliveryInterceptFail": null,
    "externalBuyerId": null,
    "addrId": {
      "id": 70002638
    },
    "totalAmt": 622160.0,
    "discountAmt": 0.0,
    "discountInfo": "",
    "platformDiscountAmt": null,
    "merchantDiscountAmt": null,
    "actualPaidAmt": null,
    "freightAmt": null,
    "buyerRemark": null,
    "sellerRemark": null,
    "id": 16379028,
    "createdBy": {
      "id": 540175374525637
    },
    "updatedBy": {
      "id": 540175374525637
    },
    "createdAt": 1745315007000,
    "updatedAt": 1745315018000,
    "version": 4,
    "deleted": 0,
    "originOrgId": 0,
    "soItems": [
      {
        "soId": {
          "id": 16379028
        },
        "id": 16301028
      }
    ]
  },
  {
    "soCode": "SO002251",
    "soDocDate": 1745251200000,
    "soExtCode": null,
    "baseCurrId": {
      "id": 2000001
    },
    "slsCurrId": {
      "id": 2000001
    },
    "exchRate": 1.0,
    "grossBaseAmt": 764368.0,
    "netBaseAmt": 676431.858407,
    "taxAmt": 87936.141593,
    "soCreateSource": "TERP门户",
    "slsOrgId": {
      "id": 14579001
    },
    "slsTmId": null,
    "soTypeId": {
      "soTypeCode": "STND",
      "soTypeName": "标准销售",
      "partnerProcedureHeadRef": {
        "id": 14005002
      },
      "attachmentProcedureHeadRef": null,
      "status": "ENABLED",
      "soTypeDesc": "标准销售",
      "genTextTypeRef": null,
      "isRev": false,
      "isSubmitApproval": true,
      "isModifyApproval": false,
      "currExchangeRateType": {
        "id": 2000001
      },
      "btClass": "SALES",
      "effectiveDays": null,
      "syncPrice": false,
      "isDefault": false,
      "id": 2101001,
      "createdBy": {
        "id": 27
      },
      "updatedBy": {
        "id": 477234922377861
      },
      "createdAt": 1685108645000,
      "updatedAt": 1745892294000,
      "version": 68,
      "deleted": 0,
      "originOrgId": 0
    },
    "custId": {
      "id": 2059001
    },
    "custPersonName": "李月汝",
    "custPhone": "18378999655",
    "slsPersonName": "章昂",
    "slsPhone": "17376596912",
    "soStatus": "CANCELLED",
    "approveStatus": null,
    "soTitle": null,
    "soDesc": null,
    "soNotes": null,
    "isFixedExchRate": false,
    "slsComId": {
      "id": 14373001
    },
    "priceIdempotent": "b523ad27c51a2f75ec201e2626e42937",
    "freezeType": "NU_FREEZE",
    "soAssociationCode": null,
    "soBusinessStatus": "INIT",
    "bizRuleGroup": null,
    "addrDetail": "佛山市禅城区季华五路28号",
    "currExchangeRateType": {
      "id": 2000001
    },
    "slsDcId": {
      "id": 14378001
    },
    "btClass": "SALES",
    "effectiveAt": null,
    "slsPerson": {
      "id": 14094003
    },
    "reCalculate": null,
    "invOrg": null,
    "invLoc": null,
    "priceCalcDate": 1745314416000,
    "deliveryInterceptFail": null,
    "externalBuyerId": null,
    "addrId": {
      "id": 70002638
    },
    "totalAmt": 764368.0,
    "discountAmt": 0.0,
    "discountInfo": "",
    "platformDiscountAmt": null,
    "merchantDiscountAmt": null,
    "actualPaidAmt": null,
    "freightAmt": null,
    "buyerRemark": null,
    "sellerRemark": null,
    "id": 16379022,
    "createdBy": {
      "id": 540175374525637
    },
    "updatedBy": {
      "id": 540175374525637
    },
    "createdAt": 1745314417000,
    "updatedAt": 1745314427000,
    "version": 5,
    "deleted": 0,
    "originOrgId": 0,
    "soItems": [
      {
        "soId": {
          "id": 16379022
        },
        "id": 16301022
      }
    ]
  },
  {
    "soCode": "SO002235",
    "soDocDate": 1745251200000,
    "soExtCode": null,
    "baseCurrId": {
      "id": 2000001
    },
    "slsCurrId": {
      "id": 2000001
    },
    "exchRate": 1.0,
    "grossBaseAmt": 586608.0,
    "netBaseAmt": 519122.123894,
    "taxAmt": 67485.876106,
    "soCreateSource": "TERP门户",
    "slsOrgId": {
      "id": 14579001
    },
    "slsTmId": null,
    "soTypeId": {
      "soTypeCode": "STND",
      "soTypeName": "标准销售",
      "partnerProcedureHeadRef": {
        "id": 14005002
      },
      "attachmentProcedureHeadRef": null,
      "status": "ENABLED",
      "soTypeDesc": "标准销售",
      "genTextTypeRef": null,
      "isRev": false,
      "isSubmitApproval": true,
      "isModifyApproval": false,
      "currExchangeRateType": {
        "id": 2000001
      },
      "btClass": "SALES",
      "effectiveDays": null,
      "syncPrice": false,
      "isDefault": false,
      "id": 2101001,
      "createdBy": {
        "id": 27
      },
      "updatedBy": {
        "id": 477234922377861
      },
      "createdAt": 1685108645000,
      "updatedAt": 1745892294000,
      "version": 68,
      "deleted": 0,
      "originOrgId": 0
    },
    "custId": {
      "id": 2059001
    },
    "custPersonName": "李月汝",
    "custPhone": "18378999655",
    "slsPersonName": "章昂",
    "slsPhone": "17376596912",
    "soStatus": "CANCELLED",
    "approveStatus": null,
    "soTitle": null,
    "soDesc": null,
    "soNotes": null,
    "isFixedExchRate": false,
    "slsComId": {
      "id": 14373001
    },
    "priceIdempotent": "00cdaf13edbae908770f54ff2b99027e",
    "freezeType": "NU_FREEZE",
    "soAssociationCode": null,
    "soBusinessStatus": "INIT",
    "bizRuleGroup": null,
    "addrDetail": "佛山市禅城区季华五路28号",
    "currExchangeRateType": {
      "id": 2000001
    },
    "slsDcId": {
      "id": 14378001
    },
    "btClass": "SALES",
    "effectiveAt": null,
    "slsPerson": {
      "id": 14094003
    },
    "reCalculate": null,
    "invOrg": null,
    "invLoc": null,
    "priceCalcDate": 1745314322000,
    "deliveryInterceptFail": null,
    "externalBuyerId": null,
    "addrId": {
      "id": 70002638
    },
    "totalAmt": 586608.0,
    "discountAmt": 0.0,
    "discountInfo": "",
    "platformDiscountAmt": null,
    "merchantDiscountAmt": null,
    "actualPaidAmt": null,
    "freightAmt": null,
    "buyerRemark": null,
    "sellerRemark": null,
    "id": 16379015,
    "createdBy": {
      "id": 540175374525637
    },
    "updatedBy": {
      "id": 540175374525637
    },
    "createdAt": 1745314323000,
    "updatedAt": 1745314334000,
    "version": 5,
    "deleted": 0,
    "originOrgId": 0,
    "soItems": [
      {
        "soId": {
          "id": 16379015
        },
        "id": 16301015
      }
    ]
  },
  {
    "soCode": "SO002219",
    "soDocDate": 1745251200000,
    "soExtCode": null,
    "baseCurrId": {
      "id": 2000001
    },
    "slsCurrId": {
      "id": 2000001
    },
    "exchRate": 1.0,
    "grossBaseAmt": 844360.0,
    "netBaseAmt": 747221.238938,
    "taxAmt": 97138.761062,
    "soCreateSource": "TERP门户",
    "slsOrgId": {
      "id": 14579001
    },
    "slsTmId": null,
    "soTypeId": {
      "soTypeCode": "STND",
      "soTypeName": "标准销售",
      "partnerProcedureHeadRef": {
        "id": 14005002
      },
      "attachmentProcedureHeadRef": null,
      "status": "ENABLED",
      "soTypeDesc": "标准销售",
      "genTextTypeRef": null,
      "isRev": false,
      "isSubmitApproval": true,
      "isModifyApproval": false,
      "currExchangeRateType": {
        "id": 2000001
      },
      "btClass": "SALES",
      "effectiveDays": null,
      "syncPrice": false,
      "isDefault": false,
      "id": 2101001,
      "createdBy": {
        "id": 27
      },
      "updatedBy": {
        "id": 477234922377861
      },
      "createdAt": 1685108645000,
      "updatedAt": 1745892294000,
      "version": 68,
      "deleted": 0,
      "originOrgId": 0
    },
    "custId": {
      "id": 2059001
    },
    "custPersonName": "李月汝",
    "custPhone": "18378999655",
    "slsPersonName": "章昂",
    "slsPhone": "17376596912",
    "soStatus": "CANCELLED",
    "approveStatus": null,
    "soTitle": null,
    "soDesc": null,
    "soNotes": null,
    "isFixedExchRate": false,
    "slsComId": {
      "id": 14373001
    },
    "priceIdempotent": "3e3289ae31a4952eb97bc8a273eaf029",
    "freezeType": "NU_FREEZE",
    "soAssociationCode": null,
    "soBusinessStatus": "INIT",
    "bizRuleGroup": null,
    "addrDetail": "佛山市禅城区季华五路28号",
    "currExchangeRateType": {
      "id": 2000001
    },
    "slsDcId": {
      "id": 14378001
    },
    "btClass": "SALES",
    "effectiveAt": null,
    "slsPerson": {
      "id": 14094003
    },
    "reCalculate": null,
    "invOrg": null,
    "invLoc": null,
    "priceCalcDate": 1745314222000,
    "deliveryInterceptFail": null,
    "externalBuyerId": null,
    "addrId": {
      "id": 70002638
    },
    "totalAmt": 844360.0,
    "discountAmt": 0.0,
    "discountInfo": "",
    "platformDiscountAmt": null,
    "merchantDiscountAmt": null,
    "actualPaidAmt": null,
    "freightAmt": null,
    "buyerRemark": null,
    "sellerRemark": null,
    "id": 16379008,
    "createdBy": {
      "id": 540175374525637
    },
    "updatedBy": {
      "id": 540175374525637
    },
    "createdAt": 1745314222000,
    "updatedAt": 1745314235000,
    "version": 5,
    "deleted": 0,
    "originOrgId": 0,
    "soItems": [
      {
        "soId": {
          "id": 16379008
        },
        "id": 16301008
      }
    ]
  },
  {
    "soCode": "SO002167",
    "soDocDate": 1745251200000,
    "soExtCode": null,
    "baseCurrId": {
      "id": 2000001
    },
    "slsCurrId": {
      "id": 2000001
    },
    "exchRate": 1.0,
    "grossBaseAmt": 702152.0,
    "netBaseAmt": 621373.451327,
    "taxAmt": 80778.548673,
    "soCreateSource": "TERP门户",
    "slsOrgId": {
      "id": 14579001
    },
    "slsTmId": null,
    "soTypeId": {
      "soTypeCode": "STND",
      "soTypeName": "标准销售",
      "partnerProcedureHeadRef": {
        "id": 14005002
      },
      "attachmentProcedureHeadRef": null,
      "status": "ENABLED",
      "soTypeDesc": "标准销售",
      "genTextTypeRef": null,
      "isRev": false,
      "isSubmitApproval": true,
      "isModifyApproval": false,
      "currExchangeRateType": {
        "id": 2000001
      },
      "btClass": "SALES",
      "effectiveDays": null,
      "syncPrice": false,
      "isDefault": false,
      "id": 2101001,
      "createdBy": {
        "id": 27
      },
      "updatedBy": {
        "id": 477234922377861
      },
      "createdAt": 1685108645000,
      "updatedAt": 1745892294000,
      "version": 68,
      "deleted": 0,
      "originOrgId": 0
    },
    "custId": {
      "id": 2059001
    },
    "custPersonName": "李月汝",
    "custPhone": "18378999655",
    "slsPersonName": "章昂",
    "slsPhone": "17376596912",
    "soStatus": "CANCELLED",
    "approveStatus": null,
    "soTitle": null,
    "soDesc": null,
    "soNotes": null,
    "isFixedExchRate": false,
    "slsComId": {
      "id": 14373001
    },
    "priceIdempotent": "07ddf6db89c588c43724dab08462638e",
    "freezeType": "NU_FREEZE",
    "soAssociationCode": null,
    "soBusinessStatus": "INIT",
    "bizRuleGroup": null,
    "addrDetail": "佛山市禅城区季华五路28号",
    "currExchangeRateType": {
      "id": 2000001
    },
    "slsDcId": {
      "id": 14378001
    },
    "btClass": "SALES",
    "effectiveAt": null,
    "slsPerson": {
      "id": 14094003
    },
    "reCalculate": null,
    "invOrg": null,
    "invLoc": null,
    "priceCalcDate": 1745308123000,
    "deliveryInterceptFail": null,
    "externalBuyerId": null,
    "addrId": {
      "id": 70002638
    },
    "totalAmt": 702152.0,
    "discountAmt": 0.0,
    "discountInfo": "",
    "platformDiscountAmt": null,
    "merchantDiscountAmt": null,
    "actualPaidAmt": null,
    "freightAmt": null,
    "buyerRemark": null,
    "sellerRemark": null,
    "id": 16378028,
    "createdBy": {
      "id": 540175374525637
    },
    "updatedBy": {
      "id": 540175374525637
    },
    "createdAt": 1745308123000,
    "updatedAt": 1745308130000,
    "version": 5,
    "deleted": 0,
    "originOrgId": 0,
    "soItems": [
      {
        "soId": {
          "id": 16378028
        },
        "id": 16300033
      }
    ]
  },
  {
    "soCode": "SO002137",
    "soDocDate": 1745251200000,
    "soExtCode": null,
    "baseCurrId": {
      "id": 2000001
    },
    "slsCurrId": {
      "id": 2000001
    },
    "exchRate": 1.0,
    "grossBaseAmt": 791032.0,
    "netBaseAmt": 700028.318584,
    "taxAmt": 91003.681416,
    "soCreateSource": "TERP门户",
    "slsOrgId": {
      "id": 14579001
    },
    "slsTmId": null,
    "soTypeId": {
      "soTypeCode": "STND",
      "soTypeName": "标准销售",
      "partnerProcedureHeadRef": {
        "id": 14005002
      },
      "attachmentProcedureHeadRef": null,
      "status": "ENABLED",
      "soTypeDesc": "标准销售",
      "genTextTypeRef": null,
      "isRev": false,
      "isSubmitApproval": true,
      "isModifyApproval": false,
      "currExchangeRateType": {
        "id": 2000001
      },
      "btClass": "SALES",
      "effectiveDays": null,
      "syncPrice": false,
      "isDefault": false,
      "id": 2101001,
      "createdBy": {
        "id": 27
      },
      "updatedBy": {
        "id": 477234922377861
      },
      "createdAt": 1685108645000,
      "updatedAt": 1745892294000,
      "version": 68,
      "deleted": 0,
      "originOrgId": 0
    },
    "custId": {
      "id": 2059001
    },
    "custPersonName": "李月汝",
    "custPhone": "18378999655",
    "slsPersonName": "章昂",
    "slsPhone": "17376596912",
    "soStatus": "CANCELLED",
    "approveStatus": null,
    "soTitle": null,
    "soDesc": null,
    "soNotes": null,
    "isFixedExchRate": false,
    "slsComId": {
      "id": 14373001
    },
    "priceIdempotent": "49d3c37eca907e1764a3123e232a523e",
    "freezeType": "NU_FREEZE",
    "soAssociationCode": null,
    "soBusinessStatus": "INIT",
    "bizRuleGroup": null,
    "addrDetail": "佛山市禅城区季华五路28号",
    "currExchangeRateType": {
      "id": 2000001
    },
    "slsDcId": {
      "id": 14378001
    },
    "btClass": "SALES",
    "effectiveAt": null,
    "slsPerson": {
      "id": 14094003
    },
    "reCalculate": null,
    "invOrg": null,
    "invLoc": null,
    "priceCalcDate": 1745305949000,
    "deliveryInterceptFail": null,
    "externalBuyerId": null,
    "addrId": {
      "id": 70002638
    },
    "totalAmt": 791032.0,
    "discountAmt": 0.0,
    "discountInfo": "",
    "platformDiscountAmt": null,
    "merchantDiscountAmt": null,
    "actualPaidAmt": null,
    "freightAmt": null,
    "buyerRemark": null,
    "sellerRemark": null,
    "id": 16378017,
    "createdBy": {
      "id": 540175374525637
    },
    "updatedBy": {
      "id": 540175374525637
    },
    "createdAt": 1745305950000,
    "updatedAt": 1745305955000,
    "version": 5,
    "deleted": 0,
    "originOrgId": 0,
    "soItems": [
      {
        "soId": {
          "id": 16378017
        },
        "id": 16300017
      }
    ]
  },
  {
    "soCode": "SO002117",
    "soDocDate": 1745251200000,
    "soExtCode": null,
    "baseCurrId": {
      "id": 2000001
    },
    "slsCurrId": {
      "id": 2000001
    },
    "exchRate": 1.0,
    "grossBaseAmt": 266640.0,
    "netBaseAmt": 235964.60177,
    "taxAmt": 30675.39823,
    "soCreateSource": "TERP门户",
    "slsOrgId": {
      "id": 14579001
    },
    "slsTmId": null,
    "soTypeId": {
      "soTypeCode": "STND",
      "soTypeName": "标准销售",
      "partnerProcedureHeadRef": {
        "id": 14005002
      },
      "attachmentProcedureHeadRef": null,
      "status": "ENABLED",
      "soTypeDesc": "标准销售",
      "genTextTypeRef": null,
      "isRev": false,
      "isSubmitApproval": true,
      "isModifyApproval": false,
      "currExchangeRateType": {
        "id": 2000001
      },
      "btClass": "SALES",
      "effectiveDays": null,
      "syncPrice": false,
      "isDefault": false,
      "id": 2101001,
      "createdBy": {
        "id": 27
      },
      "updatedBy": {
        "id": 477234922377861
      },
      "createdAt": 1685108645000,
      "updatedAt": 1745892294000,
      "version": 68,
      "deleted": 0,
      "originOrgId": 0
    },
    "custId": {
      "id": 2059001
    },
    "custPersonName": "李月汝",
    "custPhone": "18378999655",
    "slsPersonName": "章昂",
    "slsPhone": "17376596912",
    "soStatus": "CANCELLED",
    "approveStatus": null,
    "soTitle": null,
    "soDesc": null,
    "soNotes": null,
    "isFixedExchRate": false,
    "slsComId": {
      "id": 14373001
    },
    "priceIdempotent": "d19655cbbc258ba7d55deaa07d38fb78",
    "freezeType": "NU_FREEZE",
    "soAssociationCode": null,
    "soBusinessStatus": "INIT",
    "bizRuleGroup": null,
    "addrDetail": "佛山市禅城区季华五路28号",
    "currExchangeRateType": {
      "id": 2000001
    },
    "slsDcId": {
      "id": 14378001
    },
    "btClass": "SALES",
    "effectiveAt": null,
    "slsPerson": {
      "id": 14094003
    },
    "reCalculate": null,
    "invOrg": null,
    "invLoc": null,
    "priceCalcDate": 1745304363000,
    "deliveryInterceptFail": null,
    "externalBuyerId": null,
    "addrId": {
      "id": 70002638
    },
    "totalAmt": 266640.0,
    "discountAmt": 0.0,
    "discountInfo": "",
    "platformDiscountAmt": null,
    "merchantDiscountAmt": null,
    "actualPaidAmt": null,
    "freightAmt": null,
    "buyerRemark": null,
    "sellerRemark": null,
    "id": 16378008,
    "createdBy": {
      "id": 540175374525637
    },
    "updatedBy": {
      "id": 540175374525637
    },
    "createdAt": 1745304363000,
    "updatedAt": 1745305766000,
    "version": 4,
    "deleted": 0,
    "originOrgId": 0,
    "soItems": [
      {
        "soId": {
          "id": 16378008
        },
        "id": 16300008
      }
    ]
  }
]
2025-05-07 11:35:35|test_02_orderlist_query.test_03_query_orders_by_status line:344| 
成功查询到 20 条状态为 CANCELLED 的订单数据
2025-05-07 11:35:35|LogUtil.info line:33| 开始测试: test_03_query_orders_by_status
2025-05-07 11:35:35|test_02_orderlist_query.setup_method line:57| 初始化新的测试数据
2025-05-07 11:35:35|test_02_orderlist_query.setup_method line:61| 开始执行测试方法: test_03_query_orders_by_status
2025-05-07 11:35:35|test_02_orderlist_query.setup_method line:65| 初始化测试数据完成
2025-05-07 11:35:35|test_02_orderlist_query.test_03_query_orders_by_status line:324| 
准备发送请求...
2025-05-07 11:35:35|test_02_orderlist_query.test_03_query_orders_by_status line:325| 查询条件: 订单状态 = DRAFT
2025-05-07 11:35:35|LogUtil.info line:33| 发送请求: 按单据状态 DRAFT 查询销售订单列表
2025-05-07 11:35:35|test_02_orderlist_query.test_03_query_orders_by_status line:329| 
收到完整响应: {
  "requestId": "7d1724be-1563818",
  "success": true,
  "data": {
    "data": {
      "data": [
        {
          "soCode": "SO002377",
          "soDocDate": 1745337600000,
          "soExtCode": null,
          "baseCurrId": {
            "id": 2000001
          },
          "slsCurrId": {
            "id": 2000001
          },
          "exchRate": 1.0,
          "grossBaseAmt": 417736.0,
          "netBaseAmt": 369677.876106,
          "taxAmt": 48058.123894,
          "soCreateSource": "TERP门户",
          "slsOrgId": {
            "id": 14579001
          },
          "slsTmId": null,
          "soTypeId": {
            "soTypeCode": "STND",
            "soTypeName": "标准销售",
            "partnerProcedureHeadRef": {
              "id": 14005002
            },
            "attachmentProcedureHeadRef": null,
            "status": "ENABLED",
            "soTypeDesc": "标准销售",
            "genTextTypeRef": null,
            "isRev": false,
            "isSubmitApproval": true,
            "isModifyApproval": false,
            "currExchangeRateType": {
              "id": 2000001
            },
            "btClass": "SALES",
            "effectiveDays": null,
            "syncPrice": false,
            "isDefault": false,
            "id": 2101001,
            "createdBy": {
              "id": 27
            },
            "updatedBy": {
              "id": 477234922377861
            },
            "createdAt": 1685108645000,
            "updatedAt": 1745892294000,
            "version": 68,
            "deleted": 0,
            "originOrgId": 0
          },
          "custId": {
            "id": 2059001
          },
          "custPersonName": "李月汝",
          "custPhone": "18378999655",
          "slsPersonName": "章昂",
          "slsPhone": "17376596912",
          "soStatus": "DRAFT",
          "approveStatus": null,
          "soTitle": null,
          "soDesc": null,
          "soNotes": null,
          "isFixedExchRate": false,
          "slsComId": {
            "id": 14373001
          },
          "priceIdempotent": "3bb74b3773745de18b7e6d898cffe412",
          "freezeType": "NU_FREEZE",
          "soAssociationCode": null,
          "soBusinessStatus": null,
          "bizRuleGroup": null,
          "addrDetail": "佛山市禅城区季华五路28号",
          "currExchangeRateType": {
            "id": 2000001
          },
          "slsDcId": {
            "id": 14378001
          },
          "btClass": "SALES",
          "effectiveAt": null,
          "slsPerson": {
            "id": 14094003
          },
          "reCalculate": null,
          "invOrg": null,
          "invLoc": null,
          "priceCalcDate": 1745375198000,
          "deliveryInterceptFail": null,
          "externalBuyerId": null,
          "addrId": {
            "id": 70002638
          },
          "totalAmt": 417736.0,
          "discountAmt": 0.0,
          "discountInfo": "",
          "platformDiscountAmt": null,
          "merchantDiscountAmt": null,
          "actualPaidAmt": null,
          "freightAmt": null,
          "buyerRemark": null,
          "sellerRemark": null,
          "id": 16379057,
          "createdBy": {
            "id": 540175374525637
          },
          "updatedBy": {
            "id": 540175374525637
          },
          "createdAt": 1745375199000,
          "updatedAt": 1745375199000,
          "version": 1,
          "deleted": 0,
          "originOrgId": 0,
          "slsPartnerLinks": [
            {
              "soId": {
                "id": 16379057
              },
              "id": 16223023
            }
          ],
          "soItems": [
            {
              "soId": {
                "id": 16379057
              },
              "id": 16301059
            }
          ]
        },
        {
          "soCode": "SO002373",
          "soDocDate": 1745337600000,
          "soExtCode": null,
          "baseCurrId": {
            "id": 2000001
          },
          "slsCurrId": {
            "id": 2000001
          },
          "exchRate": 1.0,
          "grossBaseAmt": 791032.0,
          "netBaseAmt": 700028.318584,
          "taxAmt": 91003.681416,
          "soCreateSource": "TERP门户",
          "slsOrgId": {
            "id": 14579001
          },
          "slsTmId": null,
          "soTypeId": {
            "soTypeCode": "STND",
            "soTypeName": "标准销售",
            "partnerProcedureHeadRef": {
              "id": 14005002
            },
            "attachmentProcedureHeadRef": null,
            "status": "ENABLED",
            "soTypeDesc": "标准销售",
            "genTextTypeRef": null,
            "isRev": false,
            "isSubmitApproval": true,
            "isModifyApproval": false,
            "currExchangeRateType": {
              "id": 2000001
            },
            "btClass": "SALES",
            "effectiveDays": null,
            "syncPrice": false,
            "isDefault": false,
            "id": 2101001,
            "createdBy": {
              "id": 27
            },
            "updatedBy": {
              "id": 477234922377861
            },
            "createdAt": 1685108645000,
            "updatedAt": 1745892294000,
            "version": 68,
            "deleted": 0,
            "originOrgId": 0
          },
          "custId": {
            "id": 2059001
          },
          "custPersonName": "李月汝",
          "custPhone": "18378999655",
          "slsPersonName": "章昂",
          "slsPhone": "17376596912",
          "soStatus": "DRAFT",
          "approveStatus": null,
          "soTitle": null,
          "soDesc": null,
          "soNotes": null,
          "isFixedExchRate": false,
          "slsComId": {
            "id": 14373001
          },
          "priceIdempotent": "6bc7bb37dff04ef9fefabfd5cb590aea",
          "freezeType": "NU_FREEZE",
          "soAssociationCode": null,
          "soBusinessStatus": null,
          "bizRuleGroup": null,
          "addrDetail": "佛山市禅城区季华五路28号",
          "currExchangeRateType": {
            "id": 2000001
          },
          "slsDcId": {
            "id": 14378001
          },
          "btClass": "SALES",
          "effectiveAt": null,
          "slsPerson": {
            "id": 14094003
          },
          "reCalculate": null,
          "invOrg": null,
          "invLoc": null,
          "priceCalcDate": 1745375188000,
          "deliveryInterceptFail": null,
          "externalBuyerId": null,
          "addrId": {
            "id": 70002638
          },
          "totalAmt": 791032.0,
          "discountAmt": 0.0,
          "discountInfo": "",
          "platformDiscountAmt": null,
          "merchantDiscountAmt": null,
          "actualPaidAmt": null,
          "freightAmt": null,
          "buyerRemark": null,
          "sellerRemark": null,
          "id": 16379055,
          "createdBy": {
            "id": 540175374525637
          },
          "updatedBy": {
            "id": 540175374525637
          },
          "createdAt": 1745375189000,
          "updatedAt": 1745375189000,
          "version": 1,
          "deleted": 0,
          "originOrgId": 0,
          "slsPartnerLinks": [
            {
              "soId": {
                "id": 16379055
              },
              "id": 16223021
            }
          ],
          "soItems": [
            {
              "soId": {
                "id": 16379055
              },
              "id": 16301057
            }
          ]
        },
        {
          "soCode": "SO002369",
          "soDocDate": 1745337600000,
          "soExtCode": null,
          "baseCurrId": {
            "id": 2000001
          },
          "slsCurrId": {
            "id": 2000001
          },
          "exchRate": 1.0,
          "grossBaseAmt": 204424.0,
          "netBaseAmt": 180906.19469,
          "taxAmt": 23517.80531,
          "soCreateSource": "TERP门户",
          "slsOrgId": {
            "id": 14579001
          },
          "slsTmId": null,
          "soTypeId": {
            "soTypeCode": "STND",
            "soTypeName": "标准销售",
            "partnerProcedureHeadRef": {
              "id": 14005002
            },
            "attachmentProcedureHeadRef": null,
            "status": "ENABLED",
            "soTypeDesc": "标准销售",
            "genTextTypeRef": null,
            "isRev": false,
            "isSubmitApproval": true,
            "isModifyApproval": false,
            "currExchangeRateType": {
              "id": 2000001
            },
            "btClass": "SALES",
            "effectiveDays": null,
            "syncPrice": false,
            "isDefault": false,
            "id": 2101001,
            "createdBy": {
              "id": 27
            },
            "updatedBy": {
              "id": 477234922377861
            },
            "createdAt": 1685108645000,
            "updatedAt": 1745892294000,
            "version": 68,
            "deleted": 0,
            "originOrgId": 0
          },
          "custId": {
            "id": 2059001
          },
          "custPersonName": "李月汝",
          "custPhone": "18378999655",
          "slsPersonName": "章昂",
          "slsPhone": "17376596912",
          "soStatus": "DRAFT",
          "approveStatus": null,
          "soTitle": null,
          "soDesc": null,
          "soNotes": null,
          "isFixedExchRate": false,
          "slsComId": {
            "id": 14373001
          },
          "priceIdempotent": "6d97c06133363605b4a485fc0b778ef1",
          "freezeType": "NU_FREEZE",
          "soAssociationCode": null,
          "soBusinessStatus": null,
          "bizRuleGroup": null,
          "addrDetail": "佛山市禅城区季华五路28号",
          "currExchangeRateType": {
            "id": 2000001
          },
          "slsDcId": {
            "id": 14378001
          },
          "btClass": "SALES",
          "effectiveAt": null,
          "slsPerson": {
            "id": 14094003
          },
          "reCalculate": null,
          "invOrg": null,
          "invLoc": null,
          "priceCalcDate": 1745374937000,
          "deliveryInterceptFail": null,
          "externalBuyerId": null,
          "addrId": {
            "id": 70002638
          },
          "totalAmt": 204424.0,
          "discountAmt": 0.0,
          "discountInfo": "",
          "platformDiscountAmt": null,
          "merchantDiscountAmt": null,
          "actualPaidAmt": null,
          "freightAmt": null,
          "buyerRemark": null,
          "sellerRemark": null,
          "id": 16379053,
          "createdBy": {
            "id": 540175374525637
          },
          "updatedBy": {
            "id": 540175374525637
          },
          "createdAt": 1745374937000,
          "updatedAt": 1745374937000,
          "version": 1,
          "deleted": 0,
          "originOrgId": 0,
          "slsPartnerLinks": [
            {
              "soId": {
                "id": 16379053
              },
              "id": 16223019
            }
          ],
          "soItems": [
            {
              "soId": {
                "id": 16379053
              },
              "id": 16301055
            }
          ]
        },
        {
          "soCode": "SO002367",
          "soDocDate": 1745337600000,
          "soExtCode": null,
          "baseCurrId": {
            "id": 2000001
          },
          "slsCurrId": {
            "id": 2000001
          },
          "exchRate": 1.0,
          "grossBaseAmt": 462176.0,
          "netBaseAmt": 409005.309735,
          "taxAmt": 53170.690265,
          "soCreateSource": "TERP门户",
          "slsOrgId": {
            "id": 14579001
          },
          "slsTmId": null,
          "soTypeId": {
            "soTypeCode": "STND",
            "soTypeName": "标准销售",
            "partnerProcedureHeadRef": {
              "id": 14005002
            },
            "attachmentProcedureHeadRef": null,
            "status": "ENABLED",
            "soTypeDesc": "标准销售",
            "genTextTypeRef": null,
            "isRev": false,
            "isSubmitApproval": true,
            "isModifyApproval": false,
            "currExchangeRateType": {
              "id": 2000001
            },
            "btClass": "SALES",
            "effectiveDays": null,
            "syncPrice": false,
            "isDefault": false,
            "id": 2101001,
            "createdBy": {
              "id": 27
            },
            "updatedBy": {
              "id": 477234922377861
            },
            "createdAt": 1685108645000,
            "updatedAt": 1745892294000,
            "version": 68,
            "deleted": 0,
            "originOrgId": 0
          },
          "custId": {
            "id": 2059001
          },
          "custPersonName": "李月汝",
          "custPhone": "18378999655",
          "slsPersonName": "章昂",
          "slsPhone": "17376596912",
          "soStatus": "DRAFT",
          "approveStatus": null,
          "soTitle": null,
          "soDesc": null,
          "soNotes": null,
          "isFixedExchRate": false,
          "slsComId": {
            "id": 14373001
          },
          "priceIdempotent": "bb897ee043167c91ec8b785c73f52290",
          "freezeType": "NU_FREEZE",
          "soAssociationCode": null,
          "soBusinessStatus": null,
          "bizRuleGroup": null,
          "addrDetail": "佛山市禅城区季华五路28号",
          "currExchangeRateType": {
            "id": 2000001
          },
          "slsDcId": {
            "id": 14378001
          },
          "btClass": "SALES",
          "effectiveAt": null,
          "slsPerson": {
            "id": 14094003
          },
          "reCalculate": null,
          "invOrg": null,
          "invLoc": null,
          "priceCalcDate": 1745374924000,
          "deliveryInterceptFail": null,
          "externalBuyerId": null,
          "addrId": {
            "id": 70002638
          },
          "totalAmt": 462176.0,
          "discountAmt": 0.0,
          "discountInfo": "",
          "platformDiscountAmt": null,
          "merchantDiscountAmt": null,
          "actualPaidAmt": null,
          "freightAmt": null,
          "buyerRemark": null,
          "sellerRemark": null,
          "id": 16379052,
          "createdBy": {
            "id": 540175374525637
          },
          "updatedBy": {
            "id": 540175374525637
          },
          "createdAt": 1745374925000,
          "updatedAt": 1745374925000,
          "version": 1,
          "deleted": 0,
          "originOrgId": 0,
          "slsPartnerLinks": [
            {
              "soId": {
                "id": 16379052
              },
              "id": 16223018
            }
          ],
          "soItems": [
            {
              "soId": {
                "id": 16379052
              },
              "id": 16301054
            }
          ]
        },
        {
          "soCode": "SO002364",
          "soDocDate": 1745337600000,
          "soExtCode": null,
          "baseCurrId": {
            "id": 2000001
          },
          "slsCurrId": {
            "id": 2000001
          },
          "exchRate": 1.0,
          "grossBaseAmt": 533280.0,
          "netBaseAmt": 471929.20354,
          "taxAmt": 61350.79646,
          "soCreateSource": "TERP门户",
          "slsOrgId": {
            "id": 14579001
          },
          "slsTmId": null,
          "soTypeId": {
            "soTypeCode": "STND",
            "soTypeName": "标准销售",
            "partnerProcedureHeadRef": {
              "id": 14005002
            },
            "attachmentProcedureHeadRef": null,
            "status": "ENABLED",
            "soTypeDesc": "标准销售",
            "genTextTypeRef": null,
            "isRev": false,
            "isSubmitApproval": true,
            "isModifyApproval": false,
            "currExchangeRateType": {
              "id": 2000001
            },
            "btClass": "SALES",
            "effectiveDays": null,
            "syncPrice": false,
            "isDefault": false,
            "id": 2101001,
            "createdBy": {
              "id": 27
            },
            "updatedBy": {
              "id": 477234922377861
            },
            "createdAt": 1685108645000,
            "updatedAt": 1745892294000,
            "version": 68,
            "deleted": 0,
            "originOrgId": 0
          },
          "custId": {
            "id": 2059001
          },
          "custPersonName": "李月汝",
          "custPhone": "18378999655",
          "slsPersonName": "章昂",
          "slsPhone": "17376596912",
          "soStatus": "DRAFT",
          "approveStatus": null,
          "soTitle": null,
          "soDesc": null,
          "soNotes": null,
          "isFixedExchRate": false,
          "slsComId": {
            "id": 14373001
          },
          "priceIdempotent": "49e98c94d4bd961f900feb1f47e991cf",
          "freezeType": "NU_FREEZE",
          "soAssociationCode": null,
          "soBusinessStatus": null,
          "bizRuleGroup": null,
          "addrDetail": "佛山市禅城区季华五路28号",
          "currExchangeRateType": {
            "id": 2000001
          },
          "slsDcId": {
            "id": 14378001
          },
          "btClass": "SALES",
          "effectiveAt": null,
          "slsPerson": {
            "id": 14094003
          },
          "reCalculate": null,
          "invOrg": null,
          "invLoc": null,
          "priceCalcDate": 1745374864000,
          "deliveryInterceptFail": null,
          "externalBuyerId": null,
          "addrId": {
            "id": 70002638
          },
          "totalAmt": 533280.0,
          "discountAmt": 0.0,
          "discountInfo": "",
          "platformDiscountAmt": null,
          "merchantDiscountAmt": null,
          "actualPaidAmt": null,
          "freightAmt": null,
          "buyerRemark": null,
          "sellerRemark": null,
          "id": 16379050,
          "createdBy": {
            "id": 540175374525637
          },
          "updatedBy": {
            "id": 540175374525637
          },
          "createdAt": 1745374865000,
          "updatedAt": 1745374865000,
          "version": 1,
          "deleted": 0,
          "originOrgId": 0,
          "slsPartnerLinks": [
            {
              "soId": {
                "id": 16379050
              },
              "id": 16223016
            }
          ],
          "soItems": [
            {
              "soId": {
                "id": 16379050
              },
              "id": 16301051
            }
          ]
        },
        {
          "soCode": "SO002360",
          "soDocDate": 1745337600000,
          "soExtCode": null,
          "baseCurrId": {
            "id": 2000001
          },
          "slsCurrId": {
            "id": 2000001
          },
          "exchRate": 1.0,
          "grossBaseAmt": 284416.0,
          "netBaseAmt": 251695.575221,
          "taxAmt": 32720.424779,
          "soCreateSource": "TERP门户",
          "slsOrgId": {
            "id": 14579001
          },
          "slsTmId": null,
          "soTypeId": {
            "soTypeCode": "STND",
            "soTypeName": "标准销售",
            "partnerProcedureHeadRef": {
              "id": 14005002
            },
            "attachmentProcedureHeadRef": null,
            "status": "ENABLED",
            "soTypeDesc": "标准销售",
            "genTextTypeRef": null,
            "isRev": false,
            "isSubmitApproval": true,
            "isModifyApproval": false,
            "currExchangeRateType": {
              "id": 2000001
            },
            "btClass": "SALES",
            "effectiveDays": null,
            "syncPrice": false,
            "isDefault": false,
            "id": 2101001,
            "createdBy": {
              "id": 27
            },
            "updatedBy": {
              "id": 477234922377861
            },
            "createdAt": 1685108645000,
            "updatedAt": 1745892294000,
            "version": 68,
            "deleted": 0,
            "originOrgId": 0
          },
          "custId": {
            "id": 2059001
          },
          "custPersonName": "李月汝",
          "custPhone": "18378999655",
          "slsPersonName": "章昂",
          "slsPhone": "17376596912",
          "soStatus": "DRAFT",
          "approveStatus": null,
          "soTitle": null,
          "soDesc": null,
          "soNotes": null,
          "isFixedExchRate": false,
          "slsComId": {
            "id": 14373001
          },
          "priceIdempotent": "3ccbf5503f5adb91ca00776b0ec5644d",
          "freezeType": "NU_FREEZE",
          "soAssociationCode": null,
          "soBusinessStatus": null,
          "bizRuleGroup": null,
          "addrDetail": "佛山市禅城区季华五路28号",
          "currExchangeRateType": {
            "id": 2000001
          },
          "slsDcId": {
            "id": 14378001
          },
          "btClass": "SALES",
          "effectiveAt": null,
          "slsPerson": {
            "id": 14094003
          },
          "reCalculate": null,
          "invOrg": null,
          "invLoc": null,
          "priceCalcDate": 1745374619000,
          "deliveryInterceptFail": null,
          "externalBuyerId": null,
          "addrId": {
            "id": 70002638
          },
          "totalAmt": 284416.0,
          "discountAmt": 0.0,
          "discountInfo": "",
          "platformDiscountAmt": null,
          "merchantDiscountAmt": null,
          "actualPaidAmt": null,
          "freightAmt": null,
          "buyerRemark": null,
          "sellerRemark": null,
          "id": 16379048,
          "createdBy": {
            "id": 540175374525637
          },
          "updatedBy": {
            "id": 540175374525637
          },
          "createdAt": 1745374619000,
          "updatedAt": 1745374619000,
          "version": 1,
          "deleted": 0,
          "originOrgId": 0,
          "slsPartnerLinks": [
            {
              "soId": {
                "id": 16379048
              },
              "id": 16223014
            }
          ],
          "soItems": [
            {
              "soId": {
                "id": 16379048
              },
              "id": 16301048
            }
          ]
        },
        {
          "soCode": "SO002347",
          "soDocDate": 1745251200000,
          "soExtCode": null,
          "baseCurrId": {
            "id": 2000001
          },
          "slsCurrId": {
            "id": 2000001
          },
          "exchRate": 1.0,
          "grossBaseAmt": 808808.0,
          "netBaseAmt": 715759.292035,
          "taxAmt": 93048.707965,
          "soCreateSource": "TERP门户",
          "slsOrgId": {
            "id": 14579001
          },
          "slsTmId": null,
          "soTypeId": {
            "soTypeCode": "STND",
            "soTypeName": "标准销售",
            "partnerProcedureHeadRef": {
              "id": 14005002
            },
            "attachmentProcedureHeadRef": null,
            "status": "ENABLED",
            "soTypeDesc": "标准销售",
            "genTextTypeRef": null,
            "isRev": false,
            "isSubmitApproval": true,
            "isModifyApproval": false,
            "currExchangeRateType": {
              "id": 2000001
            },
            "btClass": "SALES",
            "effectiveDays": null,
            "syncPrice": false,
            "isDefault": false,
            "id": 2101001,
            "createdBy": {
              "id": 27
            },
            "updatedBy": {
              "id": 477234922377861
            },
            "createdAt": 1685108645000,
            "updatedAt": 1745892294000,
            "version": 68,
            "deleted": 0,
            "originOrgId": 0
          },
          "custId": {
            "id": 2059001
          },
          "custPersonName": "李月汝",
          "custPhone": "18378999655",
          "slsPersonName": "章昂",
          "slsPhone": "17376596912",
          "soStatus": "DRAFT",
          "approveStatus": null,
          "soTitle": null,
          "soDesc": null,
          "soNotes": null,
          "isFixedExchRate": false,
          "slsComId": {
            "id": 14373001
          },
          "priceIdempotent": "e229ff84215e46865316b861098e4d6e",
          "freezeType": "NU_FREEZE",
          "soAssociationCode": null,
          "soBusinessStatus": null,
          "bizRuleGroup": null,
          "addrDetail": "佛山市禅城区季华五路28号",
          "currExchangeRateType": {
            "id": 2000001
          },
          "slsDcId": {
            "id": 14378001
          },
          "btClass": "SALES",
          "effectiveAt": null,
          "slsPerson": {
            "id": 14094003
          },
          "reCalculate": null,
          "invOrg": null,
          "invLoc": null,
          "priceCalcDate": 1745325328000,
          "deliveryInterceptFail": null,
          "externalBuyerId": null,
          "addrId": {
            "id": 70002638
          },
          "totalAmt": 808808.0,
          "discountAmt": 0.0,
          "discountInfo": "",
          "platformDiscountAmt": null,
          "merchantDiscountAmt": null,
          "actualPaidAmt": null,
          "freightAmt": null,
          "buyerRemark": null,
          "sellerRemark": null,
          "id": 16379046,
          "createdBy": {
            "id": 540175374525637
          },
          "updatedBy": {
            "id": 540175374525637
          },
          "createdAt": 1745325328000,
          "updatedAt": 1745325328000,
          "version": 1,
          "deleted": 0,
          "originOrgId": 0,
          "slsPartnerLinks": [
            {
              "soId": {
                "id": 16379046
              },
              "id": 16223012
            }
          ],
          "soItems": [
            {
              "soId": {
                "id": 16379046
              },
              "id": 16301046
            }
          ]
        },
        {
          "soCode": "SO002342",
          "soDocDate": 1745251200000,
          "soExtCode": null,
          "baseCurrId": {
            "id": 2000001
          },
          "slsCurrId": {
            "id": 2000001
          },
          "exchRate": 1.0,
          "grossBaseAmt": 533280.0,
          "netBaseAmt": 471929.20354,
          "taxAmt": 61350.79646,
          "soCreateSource": "TERP门户",
          "slsOrgId": {
            "id": 14579001
          },
          "slsTmId": null,
          "soTypeId": {
            "soTypeCode": "STND",
            "soTypeName": "标准销售",
            "partnerProcedureHeadRef": {
              "id": 14005002
            },
            "attachmentProcedureHeadRef": null,
            "status": "ENABLED",
            "soTypeDesc": "标准销售",
            "genTextTypeRef": null,
            "isRev": false,
            "isSubmitApproval": true,
            "isModifyApproval": false,
            "currExchangeRateType": {
              "id": 2000001
            },
            "btClass": "SALES",
            "effectiveDays": null,
            "syncPrice": false,
            "isDefault": false,
            "id": 2101001,
            "createdBy": {
              "id": 27
            },
            "updatedBy": {
              "id": 477234922377861
            },
            "createdAt": 1685108645000,
            "updatedAt": 1745892294000,
            "version": 68,
            "deleted": 0,
            "originOrgId": 0
          },
          "custId": {
            "id": 2059001
          },
          "custPersonName": "李月汝",
          "custPhone": "18378999655",
          "slsPersonName": "章昂",
          "slsPhone": "17376596912",
          "soStatus": "DRAFT",
          "approveStatus": null,
          "soTitle": null,
          "soDesc": null,
          "soNotes": null,
          "isFixedExchRate": false,
          "slsComId": {
            "id": 14373001
          },
          "priceIdempotent": "d7106e324ec3d28cce8c251adbeccb55",
          "freezeType": "NU_FREEZE",
          "soAssociationCode": null,
          "soBusinessStatus": null,
          "bizRuleGroup": null,
          "addrDetail": "佛山市禅城区季华五路28号",
          "currExchangeRateType": {
            "id": 2000001
          },
          "slsDcId": {
            "id": 14378001
          },
          "btClass": "SALES",
          "effectiveAt": null,
          "slsPerson": {
            "id": 14094003
          },
          "reCalculate": null,
          "invOrg": null,
          "invLoc": null,
          "priceCalcDate": 1745325323000,
          "deliveryInterceptFail": null,
          "externalBuyerId": null,
          "addrId": {
            "id": 70002638
          },
          "totalAmt": 533280.0,
          "discountAmt": 0.0,
          "discountInfo": "",
          "platformDiscountAmt": null,
          "merchantDiscountAmt": null,
          "actualPaidAmt": null,
          "freightAmt": null,
          "buyerRemark": null,
          "sellerRemark": null,
          "id": 16379044,
          "createdBy": {
            "id": 540175374525637
          },
          "updatedBy": {
            "id": 540175374525637
          },
          "createdAt": 1745325323000,
          "updatedAt": 1745325323000,
          "version": 1,
          "deleted": 0,
          "originOrgId": 0,
          "slsPartnerLinks": [
            {
              "soId": {
                "id": 16379044
              },
              "id": 16223010
            }
          ],
          "soItems": [
            {
              "soId": {
                "id": 16379044
              },
              "id": 16301044
            }
          ]
        },
        {
          "soCode": "SO002338",
          "soDocDate": 1745251200000,
          "soExtCode": null,
          "baseCurrId": {
            "id": 2000001
          },
          "slsCurrId": {
            "id": 2000001
          },
          "exchRate": 1.0,
          "grossBaseAmt": 533280.0,
          "netBaseAmt": 471929.20354,
          "taxAmt": 61350.79646,
          "soCreateSource": "TERP门户",
          "slsOrgId": {
            "id": 14579001
          },
          "slsTmId": null,
          "soTypeId": {
            "soTypeCode": "STND",
            "soTypeName": "标准销售",
            "partnerProcedureHeadRef": {
              "id": 14005002
            },
            "attachmentProcedureHeadRef": null,
            "status": "ENABLED",
            "soTypeDesc": "标准销售",
            "genTextTypeRef": null,
            "isRev": false,
            "isSubmitApproval": true,
            "isModifyApproval": false,
            "currExchangeRateType": {
              "id": 2000001
            },
            "btClass": "SALES",
            "effectiveDays": null,
            "syncPrice": false,
            "isDefault": false,
            "id": 2101001,
            "createdBy": {
              "id": 27
            },
            "updatedBy": {
              "id": 477234922377861
            },
            "createdAt": 1685108645000,
            "updatedAt": 1745892294000,
            "version": 68,
            "deleted": 0,
            "originOrgId": 0
          },
          "custId": {
            "id": 2059001
          },
          "custPersonName": "李月汝",
          "custPhone": "18378999655",
          "slsPersonName": "章昂",
          "slsPhone": "17376596912",
          "soStatus": "DRAFT",
          "approveStatus": null,
          "soTitle": null,
          "soDesc": null,
          "soNotes": null,
          "isFixedExchRate": false,
          "slsComId": {
            "id": 14373001
          },
          "priceIdempotent": "e8b57fa49a7c8f5e8ca79c307825c055",
          "freezeType": "NU_FREEZE",
          "soAssociationCode": null,
          "soBusinessStatus": null,
          "bizRuleGroup": null,
          "addrDetail": "佛山市禅城区季华五路28号",
          "currExchangeRateType": {
            "id": 2000001
          },
          "slsDcId": {
            "id": 14378001
          },
          "btClass": "SALES",
          "effectiveAt": null,
          "slsPerson": {
            "id": 14094003
          },
          "reCalculate": null,
          "invOrg": null,
          "invLoc": null,
          "priceCalcDate": 1745325319000,
          "deliveryInterceptFail": null,
          "externalBuyerId": null,
          "addrId": {
            "id": 70002638
          },
          "totalAmt": 533280.0,
          "discountAmt": 0.0,
          "discountInfo": "",
          "platformDiscountAmt": null,
          "merchantDiscountAmt": null,
          "actualPaidAmt": null,
          "freightAmt": null,
          "buyerRemark": null,
          "sellerRemark": null,
          "id": 16379042,
          "createdBy": {
            "id": 540175374525637
          },
          "updatedBy": {
            "id": 540175374525637
          },
          "createdAt": 1745325319000,
          "updatedAt": 1745325319000,
          "version": 1,
          "deleted": 0,
          "originOrgId": 0,
          "slsPartnerLinks": [
            {
              "soId": {
                "id": 16379042
              },
              "id": 16223008
            }
          ],
          "soItems": [
            {
              "soId": {
                "id": 16379042
              },
              "id": 16301042
            }
          ]
        },
        {
          "soCode": "SO002331",
          "soDocDate": 1745251200000,
          "soExtCode": null,
          "baseCurrId": {
            "id": 2000001
          },
          "slsCurrId": {
            "id": 2000001
          },
          "exchRate": 1.0,
          "grossBaseAmt": 391072.0,
          "netBaseAmt": 346081.415929,
          "taxAmt": 44990.584071,
          "soCreateSource": "TERP门户",
          "slsOrgId": {
            "id": 14579001
          },
          "slsTmId": null,
          "soTypeId": {
            "soTypeCode": "STND",
            "soTypeName": "标准销售",
            "partnerProcedureHeadRef": {
              "id": 14005002
            },
            "attachmentProcedureHeadRef": null,
            "status": "ENABLED",
            "soTypeDesc": "标准销售",
            "genTextTypeRef": null,
            "isRev": false,
            "isSubmitApproval": true,
            "isModifyApproval": false,
            "currExchangeRateType": {
              "id": 2000001
            },
            "btClass": "SALES",
            "effectiveDays": null,
            "syncPrice": false,
            "isDefault": false,
            "id": 2101001,
            "createdBy": {
              "id": 27
            },
            "updatedBy": {
              "id": 477234922377861
            },
            "createdAt": 1685108645000,
            "updatedAt": 1745892294000,
            "version": 68,
            "deleted": 0,
            "originOrgId": 0
          },
          "custId": {
            "id": 2059001
          },
          "custPersonName": "李月汝",
          "custPhone": "18378999655",
          "slsPersonName": "章昂",
          "slsPhone": "17376596912",
          "soStatus": "DRAFT",
          "approveStatus": null,
          "soTitle": null,
          "soDesc": null,
          "soNotes": null,
          "isFixedExchRate": false,
          "slsComId": {
            "id": 14373001
          },
          "priceIdempotent": "04dee9d5ce8e5a72a2a22804a375861a",
          "freezeType": "NU_FREEZE",
          "soAssociationCode": null,
          "soBusinessStatus": null,
          "bizRuleGroup": null,
          "addrDetail": "佛山市禅城区季华五路28号",
          "currExchangeRateType": {
            "id": 2000001
          },
          "slsDcId": {
            "id": 14378001
          },
          "btClass": "SALES",
          "effectiveAt": null,
          "slsPerson": {
            "id": 14094003
          },
          "reCalculate": null,
          "invOrg": null,
          "invLoc": null,
          "priceCalcDate": 1745324900000,
          "deliveryInterceptFail": null,
          "externalBuyerId": null,
          "addrId": {
            "id": 70002638
          },
          "totalAmt": 391072.0,
          "discountAmt": 0.0,
          "discountInfo": "",
          "platformDiscountAmt": null,
          "merchantDiscountAmt": null,
          "actualPaidAmt": null,
          "freightAmt": null,
          "buyerRemark": null,
          "sellerRemark": null,
          "id": 16379040,
          "createdBy": {
            "id": 540175374525637
          },
          "updatedBy": {
            "id": 540175374525637
          },
          "createdAt": 1745324900000,
          "updatedAt": 1745324900000,
          "version": 1,
          "deleted": 0,
          "originOrgId": 0,
          "slsPartnerLinks": [
            {
              "soId": {
                "id": 16379040
              },
              "id": 16223006
            }
          ],
          "soItems": [
            {
              "soId": {
                "id": 16379040
              },
              "id": 16301040
            }
          ]
        },
        {
          "soCode": "SO002310",
          "soDocDate": 1745251200000,
          "soExtCode": null,
          "baseCurrId": {
            "id": 2000001
          },
          "slsCurrId": {
            "id": 2000001
          },
          "exchRate": 1.0,
          "grossBaseAmt": 106656.0,
          "netBaseAmt": 94385.840708,
          "taxAmt": 12270.159292,
          "soCreateSource": "TERP门户",
          "slsOrgId": {
            "id": 14579001
          },
          "slsTmId": null,
          "soTypeId": {
            "soTypeCode": "STND",
            "soTypeName": "标准销售",
            "partnerProcedureHeadRef": {
              "id": 14005002
            },
            "attachmentProcedureHeadRef": null,
            "status": "ENABLED",
            "soTypeDesc": "标准销售",
            "genTextTypeRef": null,
            "isRev": false,
            "isSubmitApproval": true,
            "isModifyApproval": false,
            "currExchangeRateType": {
              "id": 2000001
            },
            "btClass": "SALES",
            "effectiveDays": null,
            "syncPrice": false,
            "isDefault": false,
            "id": 2101001,
            "createdBy": {
              "id": 27
            },
            "updatedBy": {
              "id": 477234922377861
            },
            "createdAt": 1685108645000,
            "updatedAt": 1745892294000,
            "version": 68,
            "deleted": 0,
            "originOrgId": 0
          },
          "custId": {
            "id": 2059001
          },
          "custPersonName": "李月汝",
          "custPhone": "18378999655",
          "slsPersonName": "章昂",
          "slsPhone": "17376596912",
          "soStatus": "DRAFT",
          "approveStatus": null,
          "soTitle": null,
          "soDesc": null,
          "soNotes": null,
          "isFixedExchRate": false,
          "slsComId": {
            "id": 14373001
          },
          "priceIdempotent": "6687906a1836f581301dd09fa321d370",
          "freezeType": "NU_FREEZE",
          "soAssociationCode": null,
          "soBusinessStatus": null,
          "bizRuleGroup": null,
          "addrDetail": "佛山市禅城区季华五路28号",
          "currExchangeRateType": {
            "id": 2000001
          },
          "slsDcId": {
            "id": 14378001
          },
          "btClass": "SALES",
          "effectiveAt": null,
          "slsPerson": {
            "id": 14094003
          },
          "reCalculate": null,
          "invOrg": null,
          "invLoc": null,
          "priceCalcDate": 1745324034000,
          "deliveryInterceptFail": null,
          "externalBuyerId": null,
          "addrId": {
            "id": 70002638
          },
          "totalAmt": 106656.0,
          "discountAmt": 0.0,
          "discountInfo": "",
          "platformDiscountAmt": null,
          "merchantDiscountAmt": null,
          "actualPaidAmt": null,
          "freightAmt": null,
          "buyerRemark": null,
          "sellerRemark": null,
          "id": 16379039,
          "createdBy": {
            "id": 540175374525637
          },
          "updatedBy": {
            "id": 540175374525637
          },
          "createdAt": 1745324035000,
          "updatedAt": 1745324035000,
          "version": 1,
          "deleted": 0,
          "originOrgId": 0,
          "slsPartnerLinks": [
            {
              "soId": {
                "id": 16379039
              },
              "id": 16223005
            }
          ],
          "soItems": [
            {
              "soId": {
                "id": 16379039
              },
              "id": 16301039
            }
          ]
        },
        {
          "soCode": "SO002292",
          "soDocDate": 1745251200000,
          "soExtCode": null,
          "baseCurrId": {
            "id": 2000001
          },
          "slsCurrId": {
            "id": 2000001
          },
          "exchRate": 1.0,
          "grossBaseAmt": 97768.0,
          "netBaseAmt": 86520.353982,
          "taxAmt": 11247.646018,
          "soCreateSource": "TERP门户",
          "slsOrgId": {
            "id": 14579001
          },
          "slsTmId": null,
          "soTypeId": {
            "soTypeCode": "STND",
            "soTypeName": "标准销售",
            "partnerProcedureHeadRef": {
              "id": 14005002
            },
            "attachmentProcedureHeadRef": null,
            "status": "ENABLED",
            "soTypeDesc": "标准销售",
            "genTextTypeRef": null,
            "isRev": false,
            "isSubmitApproval": true,
            "isModifyApproval": false,
            "currExchangeRateType": {
              "id": 2000001
            },
            "btClass": "SALES",
            "effectiveDays": null,
            "syncPrice": false,
            "isDefault": false,
            "id": 2101001,
            "createdBy": {
              "id": 27
            },
            "updatedBy": {
              "id": 477234922377861
            },
            "createdAt": 1685108645000,
            "updatedAt": 1745892294000,
            "version": 68,
            "deleted": 0,
            "originOrgId": 0
          },
          "custId": {
            "id": 2059001
          },
          "custPersonName": "李月汝",
          "custPhone": "18378999655",
          "slsPersonName": "章昂",
          "slsPhone": "17376596912",
          "soStatus": "DRAFT",
          "approveStatus": null,
          "soTitle": null,
          "soDesc": null,
          "soNotes": null,
          "isFixedExchRate": false,
          "slsComId": {
            "id": 14373001
          },
          "priceIdempotent": "e8285f20b09df5ab65459801e29e25d2",
          "freezeType": "NU_FREEZE",
          "soAssociationCode": null,
          "soBusinessStatus": null,
          "bizRuleGroup": null,
          "addrDetail": "佛山市禅城区季华五路28号",
          "currExchangeRateType": {
            "id": 2000001
          },
          "slsDcId": {
            "id": 14378001
          },
          "btClass": "SALES",
          "effectiveAt": null,
          "slsPerson": {
            "id": 14094003
          },
          "reCalculate": null,
          "invOrg": null,
          "invLoc": null,
          "priceCalcDate": 1745315745000,
          "deliveryInterceptFail": null,
          "externalBuyerId": null,
          "addrId": {
            "id": 70002638
          },
          "totalAmt": 97768.0,
          "discountAmt": 0.0,
          "discountInfo": "",
          "platformDiscountAmt": null,
          "merchantDiscountAmt": null,
          "actualPaidAmt": null,
          "freightAmt": null,
          "buyerRemark": null,
          "sellerRemark": null,
          "id": 16379037,
          "createdBy": {
            "id": 540175374525637
          },
          "updatedBy": {
            "id": 540175374525637
          },
          "createdAt": 1745315745000,
          "updatedAt": 1745315745000,
          "version": 1,
          "deleted": 0,
          "originOrgId": 0,
          "soItems": [
            {
              "soId": {
                "id": 16379037
              },
              "id": 16301037
            }
          ]
        },
        {
          "soCode": "SO002288",
          "soDocDate": 1745251200000,
          "soExtCode": null,
          "baseCurrId": {
            "id": 2000001
          },
          "slsCurrId": {
            "id": 2000001
          },
          "exchRate": 1.0,
          "grossBaseAmt": 257752.0,
          "netBaseAmt": 228099.115044,
          "taxAmt": 29652.884956,
          "soCreateSource": "TERP门户",
          "slsOrgId": {
            "id": 14579001
          },
          "slsTmId": null,
          "soTypeId": {
            "soTypeCode": "STND",
            "soTypeName": "标准销售",
            "partnerProcedureHeadRef": {
              "id": 14005002
            },
            "attachmentProcedureHeadRef": null,
            "status": "ENABLED",
            "soTypeDesc": "标准销售",
            "genTextTypeRef": null,
            "isRev": false,
            "isSubmitApproval": true,
            "isModifyApproval": false,
            "currExchangeRateType": {
              "id": 2000001
            },
            "btClass": "SALES",
            "effectiveDays": null,
            "syncPrice": false,
            "isDefault": false,
            "id": 2101001,
            "createdBy": {
              "id": 27
            },
            "updatedBy": {
              "id": 477234922377861
            },
            "createdAt": 1685108645000,
            "updatedAt": 1745892294000,
            "version": 68,
            "deleted": 0,
            "originOrgId": 0
          },
          "custId": {
            "id": 2059001
          },
          "custPersonName": "李月汝",
          "custPhone": "18378999655",
          "slsPersonName": "章昂",
          "slsPhone": "17376596912",
          "soStatus": "DRAFT",
          "approveStatus": null,
          "soTitle": null,
          "soDesc": null,
          "soNotes": null,
          "isFixedExchRate": false,
          "slsComId": {
            "id": 14373001
          },
          "priceIdempotent": "074a42532f957df7a850d57a27f504a8",
          "freezeType": "NU_FREEZE",
          "soAssociationCode": null,
          "soBusinessStatus": null,
          "bizRuleGroup": null,
          "addrDetail": "佛山市禅城区季华五路28号",
          "currExchangeRateType": {
            "id": 2000001
          },
          "slsDcId": {
            "id": 14378001
          },
          "btClass": "SALES",
          "effectiveAt": null,
          "slsPerson": {
            "id": 14094003
          },
          "reCalculate": null,
          "invOrg": null,
          "invLoc": null,
          "priceCalcDate": 1745315720000,
          "deliveryInterceptFail": null,
          "externalBuyerId": null,
          "addrId": {
            "id": 70002638
          },
          "totalAmt": 257752.0,
          "discountAmt": 0.0,
          "discountInfo": "",
          "platformDiscountAmt": null,
          "merchantDiscountAmt": null,
          "actualPaidAmt": null,
          "freightAmt": null,
          "buyerRemark": null,
          "sellerRemark": null,
          "id": 16379036,
          "createdBy": {
            "id": 540175374525637
          },
          "updatedBy": {
            "id": 540175374525637
          },
          "createdAt": 1745315721000,
          "updatedAt": 1745315721000,
          "version": 1,
          "deleted": 0,
          "originOrgId": 0,
          "slsPartnerLinks": [
            {
              "soId": {
                "id": 16379036
              },
              "id": 16223004
            }
          ],
          "soItems": [
            {
              "soId": {
                "id": 16379036
              },
              "id": 16301036
            }
          ]
        },
        {
          "soCode": "SO002284",
          "soDocDate": 1745251200000,
          "soExtCode": null,
          "baseCurrId": {
            "id": 2000001
          },
          "slsCurrId": {
            "id": 2000001
          },
          "exchRate": 1.0,
          "grossBaseAmt": 639936.0,
          "netBaseAmt": 566315.044248,
          "taxAmt": 73620.955752,
          "soCreateSource": "TERP门户",
          "slsOrgId": {
            "id": 14579001
          },
          "slsTmId": null,
          "soTypeId": {
            "soTypeCode": "STND",
            "soTypeName": "标准销售",
            "partnerProcedureHeadRef": {
              "id": 14005002
            },
            "attachmentProcedureHeadRef": null,
            "status": "ENABLED",
            "soTypeDesc": "标准销售",
            "genTextTypeRef": null,
            "isRev": false,
            "isSubmitApproval": true,
            "isModifyApproval": false,
            "currExchangeRateType": {
              "id": 2000001
            },
            "btClass": "SALES",
            "effectiveDays": null,
            "syncPrice": false,
            "isDefault": false,
            "id": 2101001,
            "createdBy": {
              "id": 27
            },
            "updatedBy": {
              "id": 477234922377861
            },
            "createdAt": 1685108645000,
            "updatedAt": 1745892294000,
            "version": 68,
            "deleted": 0,
            "originOrgId": 0
          },
          "custId": {
            "id": 2059001
          },
          "custPersonName": "李月汝",
          "custPhone": "18378999655",
          "slsPersonName": "章昂",
          "slsPhone": "17376596912",
          "soStatus": "DRAFT",
          "approveStatus": null,
          "soTitle": null,
          "soDesc": null,
          "soNotes": null,
          "isFixedExchRate": false,
          "slsComId": {
            "id": 14373001
          },
          "priceIdempotent": "7321c690e3243987b7e32fa7271fb758",
          "freezeType": "NU_FREEZE",
          "soAssociationCode": null,
          "soBusinessStatus": null,
          "bizRuleGroup": null,
          "addrDetail": "佛山市禅城区季华五路28号",
          "currExchangeRateType": {
            "id": 2000001
          },
          "slsDcId": {
            "id": 14378001
          },
          "btClass": "SALES",
          "effectiveAt": null,
          "slsPerson": {
            "id": 14094003
          },
          "reCalculate": null,
          "invOrg": null,
          "invLoc": null,
          "priceCalcDate": 1745315659000,
          "deliveryInterceptFail": null,
          "externalBuyerId": null,
          "addrId": {
            "id": 70002638
          },
          "totalAmt": 639936.0,
          "discountAmt": 0.0,
          "discountInfo": "",
          "platformDiscountAmt": null,
          "merchantDiscountAmt": null,
          "actualPaidAmt": null,
          "freightAmt": null,
          "buyerRemark": null,
          "sellerRemark": null,
          "id": 16379034,
          "createdBy": {
            "id": 540175374525637
          },
          "updatedBy": {
            "id": 540175374525637
          },
          "createdAt": 1745315659000,
          "updatedAt": 1745315659000,
          "version": 1,
          "deleted": 0,
          "originOrgId": 0,
          "soItems": [
            {
              "soId": {
                "id": 16379034
              },
              "id": 16301034
            }
          ]
        },
        {
          "soCode": "SO002278",
          "soDocDate": 1745251200000,
          "soExtCode": null,
          "baseCurrId": {
            "id": 2000001
          },
          "slsCurrId": {
            "id": 2000001
          },
          "exchRate": 1.0,
          "grossBaseAmt": 728816.0,
          "netBaseAmt": 644969.911504,
          "taxAmt": 83846.088496,
          "soCreateSource": "TERP门户",
          "slsOrgId": {
            "id": 14579001
          },
          "slsTmId": null,
          "soTypeId": {
            "soTypeCode": "STND",
            "soTypeName": "标准销售",
            "partnerProcedureHeadRef": {
              "id": 14005002
            },
            "attachmentProcedureHeadRef": null,
            "status": "ENABLED",
            "soTypeDesc": "标准销售",
            "genTextTypeRef": null,
            "isRev": false,
            "isSubmitApproval": true,
            "isModifyApproval": false,
            "currExchangeRateType": {
              "id": 2000001
            },
            "btClass": "SALES",
            "effectiveDays": null,
            "syncPrice": false,
            "isDefault": false,
            "id": 2101001,
            "createdBy": {
              "id": 27
            },
            "updatedBy": {
              "id": 477234922377861
            },
            "createdAt": 1685108645000,
            "updatedAt": 1745892294000,
            "version": 68,
            "deleted": 0,
            "originOrgId": 0
          },
          "custId": {
            "id": 2059001
          },
          "custPersonName": "李月汝",
          "custPhone": "18378999655",
          "slsPersonName": "章昂",
          "slsPhone": "17376596912",
          "soStatus": "DRAFT",
          "approveStatus": null,
          "soTitle": null,
          "soDesc": null,
          "soNotes": null,
          "isFixedExchRate": false,
          "slsComId": {
            "id": 14373001
          },
          "priceIdempotent": "7a6a0da1422ce818a80eb6cf3b7072d6",
          "freezeType": "NU_FREEZE",
          "soAssociationCode": null,
          "soBusinessStatus": null,
          "bizRuleGroup": null,
          "addrDetail": "佛山市禅城区季华五路28号",
          "currExchangeRateType": {
            "id": 2000001
          },
          "slsDcId": {
            "id": 14378001
          },
          "btClass": "SALES",
          "effectiveAt": null,
          "slsPerson": {
            "id": 14094003
          },
          "reCalculate": null,
          "invOrg": null,
          "invLoc": null,
          "priceCalcDate": 1745315585000,
          "deliveryInterceptFail": null,
          "externalBuyerId": null,
          "addrId": {
            "id": 70002638
          },
          "totalAmt": 728816.0,
          "discountAmt": 0.0,
          "discountInfo": "",
          "platformDiscountAmt": null,
          "merchantDiscountAmt": null,
          "actualPaidAmt": null,
          "freightAmt": null,
          "buyerRemark": null,
          "sellerRemark": null,
          "id": 16379032,
          "createdBy": {
            "id": 540175374525637
          },
          "updatedBy": {
            "id": 540175374525637
          },
          "createdAt": 1745315586000,
          "updatedAt": 1745315586000,
          "version": 1,
          "deleted": 0,
          "originOrgId": 0,
          "soItems": [
            {
              "soId": {
                "id": 16379032
              },
              "id": 16301032
            }
          ]
        },
        {
          "soCode": "SO002272",
          "soDocDate": 1745251200000,
          "soExtCode": null,
          "baseCurrId": {
            "id": 2000001
          },
          "slsCurrId": {
            "id": 2000001
          },
          "exchRate": 1.0,
          "grossBaseAmt": 648824.0,
          "netBaseAmt": 574180.530973,
          "taxAmt": 74643.469027,
          "soCreateSource": "TERP门户",
          "slsOrgId": {
            "id": 14579001
          },
          "slsTmId": null,
          "soTypeId": {
            "soTypeCode": "STND",
            "soTypeName": "标准销售",
            "partnerProcedureHeadRef": {
              "id": 14005002
            },
            "attachmentProcedureHeadRef": null,
            "status": "ENABLED",
            "soTypeDesc": "标准销售",
            "genTextTypeRef": null,
            "isRev": false,
            "isSubmitApproval": true,
            "isModifyApproval": false,
            "currExchangeRateType": {
              "id": 2000001
            },
            "btClass": "SALES",
            "effectiveDays": null,
            "syncPrice": false,
            "isDefault": false,
            "id": 2101001,
            "createdBy": {
              "id": 27
            },
            "updatedBy": {
              "id": 477234922377861
            },
            "createdAt": 1685108645000,
            "updatedAt": 1745892294000,
            "version": 68,
            "deleted": 0,
            "originOrgId": 0
          },
          "custId": {
            "id": 2059001
          },
          "custPersonName": "李月汝",
          "custPhone": "18378999655",
          "slsPersonName": "章昂",
          "slsPhone": "17376596912",
          "soStatus": "DRAFT",
          "approveStatus": null,
          "soTitle": null,
          "soDesc": null,
          "soNotes": null,
          "isFixedExchRate": false,
          "slsComId": {
            "id": 14373001
          },
          "priceIdempotent": "322657ecc8417eb97d5d8b97269226e1",
          "freezeType": "NU_FREEZE",
          "soAssociationCode": null,
          "soBusinessStatus": "INIT",
          "bizRuleGroup": null,
          "addrDetail": "佛山市禅城区季华五路28号",
          "currExchangeRateType": {
            "id": 2000001
          },
          "slsDcId": {
            "id": 14378001
          },
          "btClass": "SALES",
          "effectiveAt": null,
          "slsPerson": {
            "id": 14094003
          },
          "reCalculate": null,
          "invOrg": null,
          "invLoc": null,
          "priceCalcDate": 1745315012000,
          "deliveryInterceptFail": null,
          "externalBuyerId": null,
          "addrId": {
            "id": 70002638
          },
          "totalAmt": 648824.0,
          "discountAmt": 0.0,
          "discountInfo": "",
          "platformDiscountAmt": null,
          "merchantDiscountAmt": null,
          "actualPaidAmt": null,
          "freightAmt": null,
          "buyerRemark": null,
          "sellerRemark": null,
          "id": 16379030,
          "createdBy": {
            "id": 540175374525637
          },
          "updatedBy": {
            "id": 540175374525637
          },
          "createdAt": 1745315013000,
          "updatedAt": 1745315017000,
          "version": 4,
          "deleted": 0,
          "originOrgId": 0,
          "soItems": [
            {
              "soId": {
                "id": 16379030
              },
              "id": 16301030
            }
          ]
        },
        {
          "soCode": "SO002270",
          "soDocDate": 1745251200000,
          "soExtCode": null,
          "baseCurrId": {
            "id": 2000001
          },
          "slsCurrId": {
            "id": 2000001
          },
          "exchRate": 1.0,
          "grossBaseAmt": 648824.0,
          "netBaseAmt": 574180.530973,
          "taxAmt": 74643.469027,
          "soCreateSource": "TERP门户",
          "slsOrgId": {
            "id": 14579001
          },
          "slsTmId": null,
          "soTypeId": {
            "soTypeCode": "STND",
            "soTypeName": "标准销售",
            "partnerProcedureHeadRef": {
              "id": 14005002
            },
            "attachmentProcedureHeadRef": null,
            "status": "ENABLED",
            "soTypeDesc": "标准销售",
            "genTextTypeRef": null,
            "isRev": false,
            "isSubmitApproval": true,
            "isModifyApproval": false,
            "currExchangeRateType": {
              "id": 2000001
            },
            "btClass": "SALES",
            "effectiveDays": null,
            "syncPrice": false,
            "isDefault": false,
            "id": 2101001,
            "createdBy": {
              "id": 27
            },
            "updatedBy": {
              "id": 477234922377861
            },
            "createdAt": 1685108645000,
            "updatedAt": 1745892294000,
            "version": 68,
            "deleted": 0,
            "originOrgId": 0
          },
          "custId": {
            "id": 2059001
          },
          "custPersonName": "李月汝",
          "custPhone": "18378999655",
          "slsPersonName": "章昂",
          "slsPhone": "17376596912",
          "soStatus": "DRAFT",
          "approveStatus": null,
          "soTitle": null,
          "soDesc": null,
          "soNotes": null,
          "isFixedExchRate": false,
          "slsComId": {
            "id": 14373001
          },
          "priceIdempotent": "bbd3054439d62a326c8bde49da575b35",
          "freezeType": "NU_FREEZE",
          "soAssociationCode": null,
          "soBusinessStatus": null,
          "bizRuleGroup": null,
          "addrDetail": "佛山市禅城区季华五路28号",
          "currExchangeRateType": {
            "id": 2000001
          },
          "slsDcId": {
            "id": 14378001
          },
          "btClass": "SALES",
          "effectiveAt": null,
          "slsPerson": {
            "id": 14094003
          },
          "reCalculate": null,
          "invOrg": null,
          "invLoc": null,
          "priceCalcDate": 1745315011000,
          "deliveryInterceptFail": null,
          "externalBuyerId": null,
          "addrId": {
            "id": 70002638
          },
          "totalAmt": 648824.0,
          "discountAmt": 0.0,
          "discountInfo": "",
          "platformDiscountAmt": null,
          "merchantDiscountAmt": null,
          "actualPaidAmt": null,
          "freightAmt": null,
          "buyerRemark": null,
          "sellerRemark": null,
          "id": 16379029,
          "createdBy": {
            "id": 540175374525637
          },
          "updatedBy": {
            "id": 540175374525637
          },
          "createdAt": 1745315012000,
          "updatedAt": 1745315012000,
          "version": 1,
          "deleted": 0,
          "originOrgId": 0,
          "soItems": [
            {
              "soId": {
                "id": 16379029
              },
              "id": 16301029
            }
          ]
        },
        {
          "soCode": "SO002265",
          "soDocDate": 1745251200000,
          "soExtCode": null,
          "baseCurrId": {
            "id": 2000001
          },
          "slsCurrId": {
            "id": 2000001
          },
          "exchRate": 1.0,
          "grossBaseAmt": 622160.0,
          "netBaseAmt": 550584.070796,
          "taxAmt": 71575.929204,
          "soCreateSource": "TERP门户",
          "slsOrgId": {
            "id": 14579001
          },
          "slsTmId": null,
          "soTypeId": {
            "soTypeCode": "STND",
            "soTypeName": "标准销售",
            "partnerProcedureHeadRef": {
              "id": 14005002
            },
            "attachmentProcedureHeadRef": null,
            "status": "ENABLED",
            "soTypeDesc": "标准销售",
            "genTextTypeRef": null,
            "isRev": false,
            "isSubmitApproval": true,
            "isModifyApproval": false,
            "currExchangeRateType": {
              "id": 2000001
            },
            "btClass": "SALES",
            "effectiveDays": null,
            "syncPrice": false,
            "isDefault": false,
            "id": 2101001,
            "createdBy": {
              "id": 27
            },
            "updatedBy": {
              "id": 477234922377861
            },
            "createdAt": 1685108645000,
            "updatedAt": 1745892294000,
            "version": 68,
            "deleted": 0,
            "originOrgId": 0
          },
          "custId": {
            "id": 2059001
          },
          "custPersonName": "李月汝",
          "custPhone": "18378999655",
          "slsPersonName": "章昂",
          "slsPhone": "17376596912",
          "soStatus": "DRAFT",
          "approveStatus": null,
          "soTitle": null,
          "soDesc": null,
          "soNotes": null,
          "isFixedExchRate": false,
          "slsComId": {
            "id": 14373001
          },
          "priceIdempotent": "f49ee4447c1370d1a08bbc30227fb814",
          "freezeType": "NU_FREEZE",
          "soAssociationCode": null,
          "soBusinessStatus": null,
          "bizRuleGroup": null,
          "addrDetail": "佛山市禅城区季华五路28号",
          "currExchangeRateType": {
            "id": 2000001
          },
          "slsDcId": {
            "id": 14378001
          },
          "btClass": "SALES",
          "effectiveAt": null,
          "slsPerson": {
            "id": 14094003
          },
          "reCalculate": null,
          "invOrg": null,
          "invLoc": null,
          "priceCalcDate": 1745315005000,
          "deliveryInterceptFail": null,
          "externalBuyerId": null,
          "addrId": {
            "id": 70002638
          },
          "totalAmt": 622160.0,
          "discountAmt": 0.0,
          "discountInfo": "",
          "platformDiscountAmt": null,
          "merchantDiscountAmt": null,
          "actualPaidAmt": null,
          "freightAmt": null,
          "buyerRemark": null,
          "sellerRemark": null,
          "id": 16379027,
          "createdBy": {
            "id": 540175374525637
          },
          "updatedBy": {
            "id": 540175374525637
          },
          "createdAt": 1745315005000,
          "updatedAt": 1745315005000,
          "version": 1,
          "deleted": 0,
          "originOrgId": 0,
          "soItems": [
            {
              "soId": {
                "id": 16379027
              },
              "id": 16301027
            }
          ]
        },
        {
          "soCode": "SO002260",
          "soDocDate": 1745251200000,
          "soExtCode": null,
          "baseCurrId": {
            "id": 2000001
          },
          "slsCurrId": {
            "id": 2000001
          },
          "exchRate": 1.0,
          "grossBaseAmt": 808808.0,
          "netBaseAmt": 715759.292035,
          "taxAmt": 93048.707965,
          "soCreateSource": "TERP门户",
          "slsOrgId": {
            "id": 14579001
          },
          "slsTmId": null,
          "soTypeId": {
            "soTypeCode": "STND",
            "soTypeName": "标准销售",
            "partnerProcedureHeadRef": {
              "id": 14005002
            },
            "attachmentProcedureHeadRef": null,
            "status": "ENABLED",
            "soTypeDesc": "标准销售",
            "genTextTypeRef": null,
            "isRev": false,
            "isSubmitApproval": true,
            "isModifyApproval": false,
            "currExchangeRateType": {
              "id": 2000001
            },
            "btClass": "SALES",
            "effectiveDays": null,
            "syncPrice": false,
            "isDefault": false,
            "id": 2101001,
            "createdBy": {
              "id": 27
            },
            "updatedBy": {
              "id": 477234922377861
            },
            "createdAt": 1685108645000,
            "updatedAt": 1745892294000,
            "version": 68,
            "deleted": 0,
            "originOrgId": 0
          },
          "custId": {
            "id": 2059001
          },
          "custPersonName": "李月汝",
          "custPhone": "18378999655",
          "slsPersonName": "章昂",
          "slsPhone": "17376596912",
          "soStatus": "DRAFT",
          "approveStatus": null,
          "soTitle": null,
          "soDesc": null,
          "soNotes": null,
          "isFixedExchRate": false,
          "slsComId": {
            "id": 14373001
          },
          "priceIdempotent": "250e1111dc6d182788f7215991bca49a",
          "freezeType": "NU_FREEZE",
          "soAssociationCode": null,
          "soBusinessStatus": null,
          "bizRuleGroup": null,
          "addrDetail": "佛山市禅城区季华五路28号",
          "currExchangeRateType": {
            "id": 2000001
          },
          "slsDcId": {
            "id": 14378001
          },
          "btClass": "SALES",
          "effectiveAt": null,
          "slsPerson": {
            "id": 14094003
          },
          "reCalculate": null,
          "invOrg": null,
          "invLoc": null,
          "priceCalcDate": 1745314995000,
          "deliveryInterceptFail": null,
          "externalBuyerId": null,
          "addrId": {
            "id": 70002638
          },
          "totalAmt": 808808.0,
          "discountAmt": 0.0,
          "discountInfo": "",
          "platformDiscountAmt": null,
          "merchantDiscountAmt": null,
          "actualPaidAmt": null,
          "freightAmt": null,
          "buyerRemark": null,
          "sellerRemark": null,
          "id": 16379025,
          "createdBy": {
            "id": 540175374525637
          },
          "updatedBy": {
            "id": 540175374525637
          },
          "createdAt": 1745314996000,
          "updatedAt": 1745314996000,
          "version": 1,
          "deleted": 0,
          "originOrgId": 0,
          "soItems": [
            {
              "soId": {
                "id": 16379025
              },
              "id": 16301025
            }
          ]
        },
        {
          "soCode": "SO002253",
          "soDocDate": 1745251200000,
          "soExtCode": null,
          "baseCurrId": {
            "id": 2000001
          },
          "slsCurrId": {
            "id": 2000001
          },
          "exchRate": 1.0,
          "grossBaseAmt": 764368.0,
          "netBaseAmt": 676431.858407,
          "taxAmt": 87936.141593,
          "soCreateSource": "TERP门户",
          "slsOrgId": {
            "id": 14579001
          },
          "slsTmId": null,
          "soTypeId": {
            "soTypeCode": "STND",
            "soTypeName": "标准销售",
            "partnerProcedureHeadRef": {
              "id": 14005002
            },
            "attachmentProcedureHeadRef": null,
            "status": "ENABLED",
            "soTypeDesc": "标准销售",
            "genTextTypeRef": null,
            "isRev": false,
            "isSubmitApproval": true,
            "isModifyApproval": false,
            "currExchangeRateType": {
              "id": 2000001
            },
            "btClass": "SALES",
            "effectiveDays": null,
            "syncPrice": false,
            "isDefault": false,
            "id": 2101001,
            "createdBy": {
              "id": 27
            },
            "updatedBy": {
              "id": 477234922377861
            },
            "createdAt": 1685108645000,
            "updatedAt": 1745892294000,
            "version": 68,
            "deleted": 0,
            "originOrgId": 0
          },
          "custId": {
            "id": 2059001
          },
          "custPersonName": "李月汝",
          "custPhone": "18378999655",
          "slsPersonName": "章昂",
          "slsPhone": "17376596912",
          "soStatus": "DRAFT",
          "approveStatus": null,
          "soTitle": null,
          "soDesc": null,
          "soNotes": null,
          "isFixedExchRate": false,
          "slsComId": {
            "id": 14373001
          },
          "priceIdempotent": "fa3c67172b095b0b7090accc5a22f7d6",
          "freezeType": "NU_FREEZE",
          "soAssociationCode": null,
          "soBusinessStatus": "INIT",
          "bizRuleGroup": null,
          "addrDetail": "佛山市禅城区季华五路28号",
          "currExchangeRateType": {
            "id": 2000001
          },
          "slsDcId": {
            "id": 14378001
          },
          "btClass": "SALES",
          "effectiveAt": null,
          "slsPerson": {
            "id": 14094003
          },
          "reCalculate": null,
          "invOrg": null,
          "invLoc": null,
          "priceCalcDate": 1745314417000,
          "deliveryInterceptFail": null,
          "externalBuyerId": null,
          "addrId": {
            "id": 70002638
          },
          "totalAmt": 764368.0,
          "discountAmt": 0.0,
          "discountInfo": "",
          "platformDiscountAmt": null,
          "merchantDiscountAmt": null,
          "actualPaidAmt": null,
          "freightAmt": null,
          "buyerRemark": null,
          "sellerRemark": null,
          "id": 16379023,
          "createdBy": {
            "id": 540175374525637
          },
          "updatedBy": {
            "id": 540175374525637
          },
          "createdAt": 1745314418000,
          "updatedAt": 1745314425000,
          "version": 4,
          "deleted": 0,
          "originOrgId": 0,
          "soItems": [
            {
              "soId": {
                "id": 16379023
              },
              "id": 16301023
            }
          ]
        }
      ],
      "total": 20
    }
  }
}
2025-05-07 11:35:35|LogUtil.info line:33| 发送请求: 按单据状态 DRAFT 查询销售订单列表
2025-05-07 11:35:35|test_02_orderlist_query.test_03_query_orders_by_status line:333| 
提取的嵌套数据: [
  {
    "soCode": "SO002377",
    "soDocDate": 1745337600000,
    "soExtCode": null,
    "baseCurrId": {
      "id": 2000001
    },
    "slsCurrId": {
      "id": 2000001
    },
    "exchRate": 1.0,
    "grossBaseAmt": 417736.0,
    "netBaseAmt": 369677.876106,
    "taxAmt": 48058.123894,
    "soCreateSource": "TERP门户",
    "slsOrgId": {
      "id": 14579001
    },
    "slsTmId": null,
    "soTypeId": {
      "soTypeCode": "STND",
      "soTypeName": "标准销售",
      "partnerProcedureHeadRef": {
        "id": 14005002
      },
      "attachmentProcedureHeadRef": null,
      "status": "ENABLED",
      "soTypeDesc": "标准销售",
      "genTextTypeRef": null,
      "isRev": false,
      "isSubmitApproval": true,
      "isModifyApproval": false,
      "currExchangeRateType": {
        "id": 2000001
      },
      "btClass": "SALES",
      "effectiveDays": null,
      "syncPrice": false,
      "isDefault": false,
      "id": 2101001,
      "createdBy": {
        "id": 27
      },
      "updatedBy": {
        "id": 477234922377861
      },
      "createdAt": 1685108645000,
      "updatedAt": 1745892294000,
      "version": 68,
      "deleted": 0,
      "originOrgId": 0
    },
    "custId": {
      "id": 2059001
    },
    "custPersonName": "李月汝",
    "custPhone": "18378999655",
    "slsPersonName": "章昂",
    "slsPhone": "17376596912",
    "soStatus": "DRAFT",
    "approveStatus": null,
    "soTitle": null,
    "soDesc": null,
    "soNotes": null,
    "isFixedExchRate": false,
    "slsComId": {
      "id": 14373001
    },
    "priceIdempotent": "3bb74b3773745de18b7e6d898cffe412",
    "freezeType": "NU_FREEZE",
    "soAssociationCode": null,
    "soBusinessStatus": null,
    "bizRuleGroup": null,
    "addrDetail": "佛山市禅城区季华五路28号",
    "currExchangeRateType": {
      "id": 2000001
    },
    "slsDcId": {
      "id": 14378001
    },
    "btClass": "SALES",
    "effectiveAt": null,
    "slsPerson": {
      "id": 14094003
    },
    "reCalculate": null,
    "invOrg": null,
    "invLoc": null,
    "priceCalcDate": 1745375198000,
    "deliveryInterceptFail": null,
    "externalBuyerId": null,
    "addrId": {
      "id": 70002638
    },
    "totalAmt": 417736.0,
    "discountAmt": 0.0,
    "discountInfo": "",
    "platformDiscountAmt": null,
    "merchantDiscountAmt": null,
    "actualPaidAmt": null,
    "freightAmt": null,
    "buyerRemark": null,
    "sellerRemark": null,
    "id": 16379057,
    "createdBy": {
      "id": 540175374525637
    },
    "updatedBy": {
      "id": 540175374525637
    },
    "createdAt": 1745375199000,
    "updatedAt": 1745375199000,
    "version": 1,
    "deleted": 0,
    "originOrgId": 0,
    "slsPartnerLinks": [
      {
        "soId": {
          "id": 16379057
        },
        "id": 16223023
      }
    ],
    "soItems": [
      {
        "soId": {
          "id": 16379057
        },
        "id": 16301059
      }
    ]
  },
  {
    "soCode": "SO002373",
    "soDocDate": 1745337600000,
    "soExtCode": null,
    "baseCurrId": {
      "id": 2000001
    },
    "slsCurrId": {
      "id": 2000001
    },
    "exchRate": 1.0,
    "grossBaseAmt": 791032.0,
    "netBaseAmt": 700028.318584,
    "taxAmt": 91003.681416,
    "soCreateSource": "TERP门户",
    "slsOrgId": {
      "id": 14579001
    },
    "slsTmId": null,
    "soTypeId": {
      "soTypeCode": "STND",
      "soTypeName": "标准销售",
      "partnerProcedureHeadRef": {
        "id": 14005002
      },
      "attachmentProcedureHeadRef": null,
      "status": "ENABLED",
      "soTypeDesc": "标准销售",
      "genTextTypeRef": null,
      "isRev": false,
      "isSubmitApproval": true,
      "isModifyApproval": false,
      "currExchangeRateType": {
        "id": 2000001
      },
      "btClass": "SALES",
      "effectiveDays": null,
      "syncPrice": false,
      "isDefault": false,
      "id": 2101001,
      "createdBy": {
        "id": 27
      },
      "updatedBy": {
        "id": 477234922377861
      },
      "createdAt": 1685108645000,
      "updatedAt": 1745892294000,
      "version": 68,
      "deleted": 0,
      "originOrgId": 0
    },
    "custId": {
      "id": 2059001
    },
    "custPersonName": "李月汝",
    "custPhone": "18378999655",
    "slsPersonName": "章昂",
    "slsPhone": "17376596912",
    "soStatus": "DRAFT",
    "approveStatus": null,
    "soTitle": null,
    "soDesc": null,
    "soNotes": null,
    "isFixedExchRate": false,
    "slsComId": {
      "id": 14373001
    },
    "priceIdempotent": "6bc7bb37dff04ef9fefabfd5cb590aea",
    "freezeType": "NU_FREEZE",
    "soAssociationCode": null,
    "soBusinessStatus": null,
    "bizRuleGroup": null,
    "addrDetail": "佛山市禅城区季华五路28号",
    "currExchangeRateType": {
      "id": 2000001
    },
    "slsDcId": {
      "id": 14378001
    },
    "btClass": "SALES",
    "effectiveAt": null,
    "slsPerson": {
      "id": 14094003
    },
    "reCalculate": null,
    "invOrg": null,
    "invLoc": null,
    "priceCalcDate": 1745375188000,
    "deliveryInterceptFail": null,
    "externalBuyerId": null,
    "addrId": {
      "id": 70002638
    },
    "totalAmt": 791032.0,
    "discountAmt": 0.0,
    "discountInfo": "",
    "platformDiscountAmt": null,
    "merchantDiscountAmt": null,
    "actualPaidAmt": null,
    "freightAmt": null,
    "buyerRemark": null,
    "sellerRemark": null,
    "id": 16379055,
    "createdBy": {
      "id": 540175374525637
    },
    "updatedBy": {
      "id": 540175374525637
    },
    "createdAt": 1745375189000,
    "updatedAt": 1745375189000,
    "version": 1,
    "deleted": 0,
    "originOrgId": 0,
    "slsPartnerLinks": [
      {
        "soId": {
          "id": 16379055
        },
        "id": 16223021
      }
    ],
    "soItems": [
      {
        "soId": {
          "id": 16379055
        },
        "id": 16301057
      }
    ]
  },
  {
    "soCode": "SO002369",
    "soDocDate": 1745337600000,
    "soExtCode": null,
    "baseCurrId": {
      "id": 2000001
    },
    "slsCurrId": {
      "id": 2000001
    },
    "exchRate": 1.0,
    "grossBaseAmt": 204424.0,
    "netBaseAmt": 180906.19469,
    "taxAmt": 23517.80531,
    "soCreateSource": "TERP门户",
    "slsOrgId": {
      "id": 14579001
    },
    "slsTmId": null,
    "soTypeId": {
      "soTypeCode": "STND",
      "soTypeName": "标准销售",
      "partnerProcedureHeadRef": {
        "id": 14005002
      },
      "attachmentProcedureHeadRef": null,
      "status": "ENABLED",
      "soTypeDesc": "标准销售",
      "genTextTypeRef": null,
      "isRev": false,
      "isSubmitApproval": true,
      "isModifyApproval": false,
      "currExchangeRateType": {
        "id": 2000001
      },
      "btClass": "SALES",
      "effectiveDays": null,
      "syncPrice": false,
      "isDefault": false,
      "id": 2101001,
      "createdBy": {
        "id": 27
      },
      "updatedBy": {
        "id": 477234922377861
      },
      "createdAt": 1685108645000,
      "updatedAt": 1745892294000,
      "version": 68,
      "deleted": 0,
      "originOrgId": 0
    },
    "custId": {
      "id": 2059001
    },
    "custPersonName": "李月汝",
    "custPhone": "18378999655",
    "slsPersonName": "章昂",
    "slsPhone": "17376596912",
    "soStatus": "DRAFT",
    "approveStatus": null,
    "soTitle": null,
    "soDesc": null,
    "soNotes": null,
    "isFixedExchRate": false,
    "slsComId": {
      "id": 14373001
    },
    "priceIdempotent": "6d97c06133363605b4a485fc0b778ef1",
    "freezeType": "NU_FREEZE",
    "soAssociationCode": null,
    "soBusinessStatus": null,
    "bizRuleGroup": null,
    "addrDetail": "佛山市禅城区季华五路28号",
    "currExchangeRateType": {
      "id": 2000001
    },
    "slsDcId": {
      "id": 14378001
    },
    "btClass": "SALES",
    "effectiveAt": null,
    "slsPerson": {
      "id": 14094003
    },
    "reCalculate": null,
    "invOrg": null,
    "invLoc": null,
    "priceCalcDate": 1745374937000,
    "deliveryInterceptFail": null,
    "externalBuyerId": null,
    "addrId": {
      "id": 70002638
    },
    "totalAmt": 204424.0,
    "discountAmt": 0.0,
    "discountInfo": "",
    "platformDiscountAmt": null,
    "merchantDiscountAmt": null,
    "actualPaidAmt": null,
    "freightAmt": null,
    "buyerRemark": null,
    "sellerRemark": null,
    "id": 16379053,
    "createdBy": {
      "id": 540175374525637
    },
    "updatedBy": {
      "id": 540175374525637
    },
    "createdAt": 1745374937000,
    "updatedAt": 1745374937000,
    "version": 1,
    "deleted": 0,
    "originOrgId": 0,
    "slsPartnerLinks": [
      {
        "soId": {
          "id": 16379053
        },
        "id": 16223019
      }
    ],
    "soItems": [
      {
        "soId": {
          "id": 16379053
        },
        "id": 16301055
      }
    ]
  },
  {
    "soCode": "SO002367",
    "soDocDate": 1745337600000,
    "soExtCode": null,
    "baseCurrId": {
      "id": 2000001
    },
    "slsCurrId": {
      "id": 2000001
    },
    "exchRate": 1.0,
    "grossBaseAmt": 462176.0,
    "netBaseAmt": 409005.309735,
    "taxAmt": 53170.690265,
    "soCreateSource": "TERP门户",
    "slsOrgId": {
      "id": 14579001
    },
    "slsTmId": null,
    "soTypeId": {
      "soTypeCode": "STND",
      "soTypeName": "标准销售",
      "partnerProcedureHeadRef": {
        "id": 14005002
      },
      "attachmentProcedureHeadRef": null,
      "status": "ENABLED",
      "soTypeDesc": "标准销售",
      "genTextTypeRef": null,
      "isRev": false,
      "isSubmitApproval": true,
      "isModifyApproval": false,
      "currExchangeRateType": {
        "id": 2000001
      },
      "btClass": "SALES",
      "effectiveDays": null,
      "syncPrice": false,
      "isDefault": false,
      "id": 2101001,
      "createdBy": {
        "id": 27
      },
      "updatedBy": {
        "id": 477234922377861
      },
      "createdAt": 1685108645000,
      "updatedAt": 1745892294000,
      "version": 68,
      "deleted": 0,
      "originOrgId": 0
    },
    "custId": {
      "id": 2059001
    },
    "custPersonName": "李月汝",
    "custPhone": "18378999655",
    "slsPersonName": "章昂",
    "slsPhone": "17376596912",
    "soStatus": "DRAFT",
    "approveStatus": null,
    "soTitle": null,
    "soDesc": null,
    "soNotes": null,
    "isFixedExchRate": false,
    "slsComId": {
      "id": 14373001
    },
    "priceIdempotent": "bb897ee043167c91ec8b785c73f52290",
    "freezeType": "NU_FREEZE",
    "soAssociationCode": null,
    "soBusinessStatus": null,
    "bizRuleGroup": null,
    "addrDetail": "佛山市禅城区季华五路28号",
    "currExchangeRateType": {
      "id": 2000001
    },
    "slsDcId": {
      "id": 14378001
    },
    "btClass": "SALES",
    "effectiveAt": null,
    "slsPerson": {
      "id": 14094003
    },
    "reCalculate": null,
    "invOrg": null,
    "invLoc": null,
    "priceCalcDate": 1745374924000,
    "deliveryInterceptFail": null,
    "externalBuyerId": null,
    "addrId": {
      "id": 70002638
    },
    "totalAmt": 462176.0,
    "discountAmt": 0.0,
    "discountInfo": "",
    "platformDiscountAmt": null,
    "merchantDiscountAmt": null,
    "actualPaidAmt": null,
    "freightAmt": null,
    "buyerRemark": null,
    "sellerRemark": null,
    "id": 16379052,
    "createdBy": {
      "id": 540175374525637
    },
    "updatedBy": {
      "id": 540175374525637
    },
    "createdAt": 1745374925000,
    "updatedAt": 1745374925000,
    "version": 1,
    "deleted": 0,
    "originOrgId": 0,
    "slsPartnerLinks": [
      {
        "soId": {
          "id": 16379052
        },
        "id": 16223018
      }
    ],
    "soItems": [
      {
        "soId": {
          "id": 16379052
        },
        "id": 16301054
      }
    ]
  },
  {
    "soCode": "SO002364",
    "soDocDate": 1745337600000,
    "soExtCode": null,
    "baseCurrId": {
      "id": 2000001
    },
    "slsCurrId": {
      "id": 2000001
    },
    "exchRate": 1.0,
    "grossBaseAmt": 533280.0,
    "netBaseAmt": 471929.20354,
    "taxAmt": 61350.79646,
    "soCreateSource": "TERP门户",
    "slsOrgId": {
      "id": 14579001
    },
    "slsTmId": null,
    "soTypeId": {
      "soTypeCode": "STND",
      "soTypeName": "标准销售",
      "partnerProcedureHeadRef": {
        "id": 14005002
      },
      "attachmentProcedureHeadRef": null,
      "status": "ENABLED",
      "soTypeDesc": "标准销售",
      "genTextTypeRef": null,
      "isRev": false,
      "isSubmitApproval": true,
      "isModifyApproval": false,
      "currExchangeRateType": {
        "id": 2000001
      },
      "btClass": "SALES",
      "effectiveDays": null,
      "syncPrice": false,
      "isDefault": false,
      "id": 2101001,
      "createdBy": {
        "id": 27
      },
      "updatedBy": {
        "id": 477234922377861
      },
      "createdAt": 1685108645000,
      "updatedAt": 1745892294000,
      "version": 68,
      "deleted": 0,
      "originOrgId": 0
    },
    "custId": {
      "id": 2059001
    },
    "custPersonName": "李月汝",
    "custPhone": "18378999655",
    "slsPersonName": "章昂",
    "slsPhone": "17376596912",
    "soStatus": "DRAFT",
    "approveStatus": null,
    "soTitle": null,
    "soDesc": null,
    "soNotes": null,
    "isFixedExchRate": false,
    "slsComId": {
      "id": 14373001
    },
    "priceIdempotent": "49e98c94d4bd961f900feb1f47e991cf",
    "freezeType": "NU_FREEZE",
    "soAssociationCode": null,
    "soBusinessStatus": null,
    "bizRuleGroup": null,
    "addrDetail": "佛山市禅城区季华五路28号",
    "currExchangeRateType": {
      "id": 2000001
    },
    "slsDcId": {
      "id": 14378001
    },
    "btClass": "SALES",
    "effectiveAt": null,
    "slsPerson": {
      "id": 14094003
    },
    "reCalculate": null,
    "invOrg": null,
    "invLoc": null,
    "priceCalcDate": 1745374864000,
    "deliveryInterceptFail": null,
    "externalBuyerId": null,
    "addrId": {
      "id": 70002638
    },
    "totalAmt": 533280.0,
    "discountAmt": 0.0,
    "discountInfo": "",
    "platformDiscountAmt": null,
    "merchantDiscountAmt": null,
    "actualPaidAmt": null,
    "freightAmt": null,
    "buyerRemark": null,
    "sellerRemark": null,
    "id": 16379050,
    "createdBy": {
      "id": 540175374525637
    },
    "updatedBy": {
      "id": 540175374525637
    },
    "createdAt": 1745374865000,
    "updatedAt": 1745374865000,
    "version": 1,
    "deleted": 0,
    "originOrgId": 0,
    "slsPartnerLinks": [
      {
        "soId": {
          "id": 16379050
        },
        "id": 16223016
      }
    ],
    "soItems": [
      {
        "soId": {
          "id": 16379050
        },
        "id": 16301051
      }
    ]
  },
  {
    "soCode": "SO002360",
    "soDocDate": 1745337600000,
    "soExtCode": null,
    "baseCurrId": {
      "id": 2000001
    },
    "slsCurrId": {
      "id": 2000001
    },
    "exchRate": 1.0,
    "grossBaseAmt": 284416.0,
    "netBaseAmt": 251695.575221,
    "taxAmt": 32720.424779,
    "soCreateSource": "TERP门户",
    "slsOrgId": {
      "id": 14579001
    },
    "slsTmId": null,
    "soTypeId": {
      "soTypeCode": "STND",
      "soTypeName": "标准销售",
      "partnerProcedureHeadRef": {
        "id": 14005002
      },
      "attachmentProcedureHeadRef": null,
      "status": "ENABLED",
      "soTypeDesc": "标准销售",
      "genTextTypeRef": null,
      "isRev": false,
      "isSubmitApproval": true,
      "isModifyApproval": false,
      "currExchangeRateType": {
        "id": 2000001
      },
      "btClass": "SALES",
      "effectiveDays": null,
      "syncPrice": false,
      "isDefault": false,
      "id": 2101001,
      "createdBy": {
        "id": 27
      },
      "updatedBy": {
        "id": 477234922377861
      },
      "createdAt": 1685108645000,
      "updatedAt": 1745892294000,
      "version": 68,
      "deleted": 0,
      "originOrgId": 0
    },
    "custId": {
      "id": 2059001
    },
    "custPersonName": "李月汝",
    "custPhone": "18378999655",
    "slsPersonName": "章昂",
    "slsPhone": "17376596912",
    "soStatus": "DRAFT",
    "approveStatus": null,
    "soTitle": null,
    "soDesc": null,
    "soNotes": null,
    "isFixedExchRate": false,
    "slsComId": {
      "id": 14373001
    },
    "priceIdempotent": "3ccbf5503f5adb91ca00776b0ec5644d",
    "freezeType": "NU_FREEZE",
    "soAssociationCode": null,
    "soBusinessStatus": null,
    "bizRuleGroup": null,
    "addrDetail": "佛山市禅城区季华五路28号",
    "currExchangeRateType": {
      "id": 2000001
    },
    "slsDcId": {
      "id": 14378001
    },
    "btClass": "SALES",
    "effectiveAt": null,
    "slsPerson": {
      "id": 14094003
    },
    "reCalculate": null,
    "invOrg": null,
    "invLoc": null,
    "priceCalcDate": 1745374619000,
    "deliveryInterceptFail": null,
    "externalBuyerId": null,
    "addrId": {
      "id": 70002638
    },
    "totalAmt": 284416.0,
    "discountAmt": 0.0,
    "discountInfo": "",
    "platformDiscountAmt": null,
    "merchantDiscountAmt": null,
    "actualPaidAmt": null,
    "freightAmt": null,
    "buyerRemark": null,
    "sellerRemark": null,
    "id": 16379048,
    "createdBy": {
      "id": 540175374525637
    },
    "updatedBy": {
      "id": 540175374525637
    },
    "createdAt": 1745374619000,
    "updatedAt": 1745374619000,
    "version": 1,
    "deleted": 0,
    "originOrgId": 0,
    "slsPartnerLinks": [
      {
        "soId": {
          "id": 16379048
        },
        "id": 16223014
      }
    ],
    "soItems": [
      {
        "soId": {
          "id": 16379048
        },
        "id": 16301048
      }
    ]
  },
  {
    "soCode": "SO002347",
    "soDocDate": 1745251200000,
    "soExtCode": null,
    "baseCurrId": {
      "id": 2000001
    },
    "slsCurrId": {
      "id": 2000001
    },
    "exchRate": 1.0,
    "grossBaseAmt": 808808.0,
    "netBaseAmt": 715759.292035,
    "taxAmt": 93048.707965,
    "soCreateSource": "TERP门户",
    "slsOrgId": {
      "id": 14579001
    },
    "slsTmId": null,
    "soTypeId": {
      "soTypeCode": "STND",
      "soTypeName": "标准销售",
      "partnerProcedureHeadRef": {
        "id": 14005002
      },
      "attachmentProcedureHeadRef": null,
      "status": "ENABLED",
      "soTypeDesc": "标准销售",
      "genTextTypeRef": null,
      "isRev": false,
      "isSubmitApproval": true,
      "isModifyApproval": false,
      "currExchangeRateType": {
        "id": 2000001
      },
      "btClass": "SALES",
      "effectiveDays": null,
      "syncPrice": false,
      "isDefault": false,
      "id": 2101001,
      "createdBy": {
        "id": 27
      },
      "updatedBy": {
        "id": 477234922377861
      },
      "createdAt": 1685108645000,
      "updatedAt": 1745892294000,
      "version": 68,
      "deleted": 0,
      "originOrgId": 0
    },
    "custId": {
      "id": 2059001
    },
    "custPersonName": "李月汝",
    "custPhone": "18378999655",
    "slsPersonName": "章昂",
    "slsPhone": "17376596912",
    "soStatus": "DRAFT",
    "approveStatus": null,
    "soTitle": null,
    "soDesc": null,
    "soNotes": null,
    "isFixedExchRate": false,
    "slsComId": {
      "id": 14373001
    },
    "priceIdempotent": "e229ff84215e46865316b861098e4d6e",
    "freezeType": "NU_FREEZE",
    "soAssociationCode": null,
    "soBusinessStatus": null,
    "bizRuleGroup": null,
    "addrDetail": "佛山市禅城区季华五路28号",
    "currExchangeRateType": {
      "id": 2000001
    },
    "slsDcId": {
      "id": 14378001
    },
    "btClass": "SALES",
    "effectiveAt": null,
    "slsPerson": {
      "id": 14094003
    },
    "reCalculate": null,
    "invOrg": null,
    "invLoc": null,
    "priceCalcDate": 1745325328000,
    "deliveryInterceptFail": null,
    "externalBuyerId": null,
    "addrId": {
      "id": 70002638
    },
    "totalAmt": 808808.0,
    "discountAmt": 0.0,
    "discountInfo": "",
    "platformDiscountAmt": null,
    "merchantDiscountAmt": null,
    "actualPaidAmt": null,
    "freightAmt": null,
    "buyerRemark": null,
    "sellerRemark": null,
    "id": 16379046,
    "createdBy": {
      "id": 540175374525637
    },
    "updatedBy": {
      "id": 540175374525637
    },
    "createdAt": 1745325328000,
    "updatedAt": 1745325328000,
    "version": 1,
    "deleted": 0,
    "originOrgId": 0,
    "slsPartnerLinks": [
      {
        "soId": {
          "id": 16379046
        },
        "id": 16223012
      }
    ],
    "soItems": [
      {
        "soId": {
          "id": 16379046
        },
        "id": 16301046
      }
    ]
  },
  {
    "soCode": "SO002342",
    "soDocDate": 1745251200000,
    "soExtCode": null,
    "baseCurrId": {
      "id": 2000001
    },
    "slsCurrId": {
      "id": 2000001
    },
    "exchRate": 1.0,
    "grossBaseAmt": 533280.0,
    "netBaseAmt": 471929.20354,
    "taxAmt": 61350.79646,
    "soCreateSource": "TERP门户",
    "slsOrgId": {
      "id": 14579001
    },
    "slsTmId": null,
    "soTypeId": {
      "soTypeCode": "STND",
      "soTypeName": "标准销售",
      "partnerProcedureHeadRef": {
        "id": 14005002
      },
      "attachmentProcedureHeadRef": null,
      "status": "ENABLED",
      "soTypeDesc": "标准销售",
      "genTextTypeRef": null,
      "isRev": false,
      "isSubmitApproval": true,
      "isModifyApproval": false,
      "currExchangeRateType": {
        "id": 2000001
      },
      "btClass": "SALES",
      "effectiveDays": null,
      "syncPrice": false,
      "isDefault": false,
      "id": 2101001,
      "createdBy": {
        "id": 27
      },
      "updatedBy": {
        "id": 477234922377861
      },
      "createdAt": 1685108645000,
      "updatedAt": 1745892294000,
      "version": 68,
      "deleted": 0,
      "originOrgId": 0
    },
    "custId": {
      "id": 2059001
    },
    "custPersonName": "李月汝",
    "custPhone": "18378999655",
    "slsPersonName": "章昂",
    "slsPhone": "17376596912",
    "soStatus": "DRAFT",
    "approveStatus": null,
    "soTitle": null,
    "soDesc": null,
    "soNotes": null,
    "isFixedExchRate": false,
    "slsComId": {
      "id": 14373001
    },
    "priceIdempotent": "d7106e324ec3d28cce8c251adbeccb55",
    "freezeType": "NU_FREEZE",
    "soAssociationCode": null,
    "soBusinessStatus": null,
    "bizRuleGroup": null,
    "addrDetail": "佛山市禅城区季华五路28号",
    "currExchangeRateType": {
      "id": 2000001
    },
    "slsDcId": {
      "id": 14378001
    },
    "btClass": "SALES",
    "effectiveAt": null,
    "slsPerson": {
      "id": 14094003
    },
    "reCalculate": null,
    "invOrg": null,
    "invLoc": null,
    "priceCalcDate": 1745325323000,
    "deliveryInterceptFail": null,
    "externalBuyerId": null,
    "addrId": {
      "id": 70002638
    },
    "totalAmt": 533280.0,
    "discountAmt": 0.0,
    "discountInfo": "",
    "platformDiscountAmt": null,
    "merchantDiscountAmt": null,
    "actualPaidAmt": null,
    "freightAmt": null,
    "buyerRemark": null,
    "sellerRemark": null,
    "id": 16379044,
    "createdBy": {
      "id": 540175374525637
    },
    "updatedBy": {
      "id": 540175374525637
    },
    "createdAt": 1745325323000,
    "updatedAt": 1745325323000,
    "version": 1,
    "deleted": 0,
    "originOrgId": 0,
    "slsPartnerLinks": [
      {
        "soId": {
          "id": 16379044
        },
        "id": 16223010
      }
    ],
    "soItems": [
      {
        "soId": {
          "id": 16379044
        },
        "id": 16301044
      }
    ]
  },
  {
    "soCode": "SO002338",
    "soDocDate": 1745251200000,
    "soExtCode": null,
    "baseCurrId": {
      "id": 2000001
    },
    "slsCurrId": {
      "id": 2000001
    },
    "exchRate": 1.0,
    "grossBaseAmt": 533280.0,
    "netBaseAmt": 471929.20354,
    "taxAmt": 61350.79646,
    "soCreateSource": "TERP门户",
    "slsOrgId": {
      "id": 14579001
    },
    "slsTmId": null,
    "soTypeId": {
      "soTypeCode": "STND",
      "soTypeName": "标准销售",
      "partnerProcedureHeadRef": {
        "id": 14005002
      },
      "attachmentProcedureHeadRef": null,
      "status": "ENABLED",
      "soTypeDesc": "标准销售",
      "genTextTypeRef": null,
      "isRev": false,
      "isSubmitApproval": true,
      "isModifyApproval": false,
      "currExchangeRateType": {
        "id": 2000001
      },
      "btClass": "SALES",
      "effectiveDays": null,
      "syncPrice": false,
      "isDefault": false,
      "id": 2101001,
      "createdBy": {
        "id": 27
      },
      "updatedBy": {
        "id": 477234922377861
      },
      "createdAt": 1685108645000,
      "updatedAt": 1745892294000,
      "version": 68,
      "deleted": 0,
      "originOrgId": 0
    },
    "custId": {
      "id": 2059001
    },
    "custPersonName": "李月汝",
    "custPhone": "18378999655",
    "slsPersonName": "章昂",
    "slsPhone": "17376596912",
    "soStatus": "DRAFT",
    "approveStatus": null,
    "soTitle": null,
    "soDesc": null,
    "soNotes": null,
    "isFixedExchRate": false,
    "slsComId": {
      "id": 14373001
    },
    "priceIdempotent": "e8b57fa49a7c8f5e8ca79c307825c055",
    "freezeType": "NU_FREEZE",
    "soAssociationCode": null,
    "soBusinessStatus": null,
    "bizRuleGroup": null,
    "addrDetail": "佛山市禅城区季华五路28号",
    "currExchangeRateType": {
      "id": 2000001
    },
    "slsDcId": {
      "id": 14378001
    },
    "btClass": "SALES",
    "effectiveAt": null,
    "slsPerson": {
      "id": 14094003
    },
    "reCalculate": null,
    "invOrg": null,
    "invLoc": null,
    "priceCalcDate": 1745325319000,
    "deliveryInterceptFail": null,
    "externalBuyerId": null,
    "addrId": {
      "id": 70002638
    },
    "totalAmt": 533280.0,
    "discountAmt": 0.0,
    "discountInfo": "",
    "platformDiscountAmt": null,
    "merchantDiscountAmt": null,
    "actualPaidAmt": null,
    "freightAmt": null,
    "buyerRemark": null,
    "sellerRemark": null,
    "id": 16379042,
    "createdBy": {
      "id": 540175374525637
    },
    "updatedBy": {
      "id": 540175374525637
    },
    "createdAt": 1745325319000,
    "updatedAt": 1745325319000,
    "version": 1,
    "deleted": 0,
    "originOrgId": 0,
    "slsPartnerLinks": [
      {
        "soId": {
          "id": 16379042
        },
        "id": 16223008
      }
    ],
    "soItems": [
      {
        "soId": {
          "id": 16379042
        },
        "id": 16301042
      }
    ]
  },
  {
    "soCode": "SO002331",
    "soDocDate": 1745251200000,
    "soExtCode": null,
    "baseCurrId": {
      "id": 2000001
    },
    "slsCurrId": {
      "id": 2000001
    },
    "exchRate": 1.0,
    "grossBaseAmt": 391072.0,
    "netBaseAmt": 346081.415929,
    "taxAmt": 44990.584071,
    "soCreateSource": "TERP门户",
    "slsOrgId": {
      "id": 14579001
    },
    "slsTmId": null,
    "soTypeId": {
      "soTypeCode": "STND",
      "soTypeName": "标准销售",
      "partnerProcedureHeadRef": {
        "id": 14005002
      },
      "attachmentProcedureHeadRef": null,
      "status": "ENABLED",
      "soTypeDesc": "标准销售",
      "genTextTypeRef": null,
      "isRev": false,
      "isSubmitApproval": true,
      "isModifyApproval": false,
      "currExchangeRateType": {
        "id": 2000001
      },
      "btClass": "SALES",
      "effectiveDays": null,
      "syncPrice": false,
      "isDefault": false,
      "id": 2101001,
      "createdBy": {
        "id": 27
      },
      "updatedBy": {
        "id": 477234922377861
      },
      "createdAt": 1685108645000,
      "updatedAt": 1745892294000,
      "version": 68,
      "deleted": 0,
      "originOrgId": 0
    },
    "custId": {
      "id": 2059001
    },
    "custPersonName": "李月汝",
    "custPhone": "18378999655",
    "slsPersonName": "章昂",
    "slsPhone": "17376596912",
    "soStatus": "DRAFT",
    "approveStatus": null,
    "soTitle": null,
    "soDesc": null,
    "soNotes": null,
    "isFixedExchRate": false,
    "slsComId": {
      "id": 14373001
    },
    "priceIdempotent": "04dee9d5ce8e5a72a2a22804a375861a",
    "freezeType": "NU_FREEZE",
    "soAssociationCode": null,
    "soBusinessStatus": null,
    "bizRuleGroup": null,
    "addrDetail": "佛山市禅城区季华五路28号",
    "currExchangeRateType": {
      "id": 2000001
    },
    "slsDcId": {
      "id": 14378001
    },
    "btClass": "SALES",
    "effectiveAt": null,
    "slsPerson": {
      "id": 14094003
    },
    "reCalculate": null,
    "invOrg": null,
    "invLoc": null,
    "priceCalcDate": 1745324900000,
    "deliveryInterceptFail": null,
    "externalBuyerId": null,
    "addrId": {
      "id": 70002638
    },
    "totalAmt": 391072.0,
    "discountAmt": 0.0,
    "discountInfo": "",
    "platformDiscountAmt": null,
    "merchantDiscountAmt": null,
    "actualPaidAmt": null,
    "freightAmt": null,
    "buyerRemark": null,
    "sellerRemark": null,
    "id": 16379040,
    "createdBy": {
      "id": 540175374525637
    },
    "updatedBy": {
      "id": 540175374525637
    },
    "createdAt": 1745324900000,
    "updatedAt": 1745324900000,
    "version": 1,
    "deleted": 0,
    "originOrgId": 0,
    "slsPartnerLinks": [
      {
        "soId": {
          "id": 16379040
        },
        "id": 16223006
      }
    ],
    "soItems": [
      {
        "soId": {
          "id": 16379040
        },
        "id": 16301040
      }
    ]
  },
  {
    "soCode": "SO002310",
    "soDocDate": 1745251200000,
    "soExtCode": null,
    "baseCurrId": {
      "id": 2000001
    },
    "slsCurrId": {
      "id": 2000001
    },
    "exchRate": 1.0,
    "grossBaseAmt": 106656.0,
    "netBaseAmt": 94385.840708,
    "taxAmt": 12270.159292,
    "soCreateSource": "TERP门户",
    "slsOrgId": {
      "id": 14579001
    },
    "slsTmId": null,
    "soTypeId": {
      "soTypeCode": "STND",
      "soTypeName": "标准销售",
      "partnerProcedureHeadRef": {
        "id": 14005002
      },
      "attachmentProcedureHeadRef": null,
      "status": "ENABLED",
      "soTypeDesc": "标准销售",
      "genTextTypeRef": null,
      "isRev": false,
      "isSubmitApproval": true,
      "isModifyApproval": false,
      "currExchangeRateType": {
        "id": 2000001
      },
      "btClass": "SALES",
      "effectiveDays": null,
      "syncPrice": false,
      "isDefault": false,
      "id": 2101001,
      "createdBy": {
        "id": 27
      },
      "updatedBy": {
        "id": 477234922377861
      },
      "createdAt": 1685108645000,
      "updatedAt": 1745892294000,
      "version": 68,
      "deleted": 0,
      "originOrgId": 0
    },
    "custId": {
      "id": 2059001
    },
    "custPersonName": "李月汝",
    "custPhone": "18378999655",
    "slsPersonName": "章昂",
    "slsPhone": "17376596912",
    "soStatus": "DRAFT",
    "approveStatus": null,
    "soTitle": null,
    "soDesc": null,
    "soNotes": null,
    "isFixedExchRate": false,
    "slsComId": {
      "id": 14373001
    },
    "priceIdempotent": "6687906a1836f581301dd09fa321d370",
    "freezeType": "NU_FREEZE",
    "soAssociationCode": null,
    "soBusinessStatus": null,
    "bizRuleGroup": null,
    "addrDetail": "佛山市禅城区季华五路28号",
    "currExchangeRateType": {
      "id": 2000001
    },
    "slsDcId": {
      "id": 14378001
    },
    "btClass": "SALES",
    "effectiveAt": null,
    "slsPerson": {
      "id": 14094003
    },
    "reCalculate": null,
    "invOrg": null,
    "invLoc": null,
    "priceCalcDate": 1745324034000,
    "deliveryInterceptFail": null,
    "externalBuyerId": null,
    "addrId": {
      "id": 70002638
    },
    "totalAmt": 106656.0,
    "discountAmt": 0.0,
    "discountInfo": "",
    "platformDiscountAmt": null,
    "merchantDiscountAmt": null,
    "actualPaidAmt": null,
    "freightAmt": null,
    "buyerRemark": null,
    "sellerRemark": null,
    "id": 16379039,
    "createdBy": {
      "id": 540175374525637
    },
    "updatedBy": {
      "id": 540175374525637
    },
    "createdAt": 1745324035000,
    "updatedAt": 1745324035000,
    "version": 1,
    "deleted": 0,
    "originOrgId": 0,
    "slsPartnerLinks": [
      {
        "soId": {
          "id": 16379039
        },
        "id": 16223005
      }
    ],
    "soItems": [
      {
        "soId": {
          "id": 16379039
        },
        "id": 16301039
      }
    ]
  },
  {
    "soCode": "SO002292",
    "soDocDate": 1745251200000,
    "soExtCode": null,
    "baseCurrId": {
      "id": 2000001
    },
    "slsCurrId": {
      "id": 2000001
    },
    "exchRate": 1.0,
    "grossBaseAmt": 97768.0,
    "netBaseAmt": 86520.353982,
    "taxAmt": 11247.646018,
    "soCreateSource": "TERP门户",
    "slsOrgId": {
      "id": 14579001
    },
    "slsTmId": null,
    "soTypeId": {
      "soTypeCode": "STND",
      "soTypeName": "标准销售",
      "partnerProcedureHeadRef": {
        "id": 14005002
      },
      "attachmentProcedureHeadRef": null,
      "status": "ENABLED",
      "soTypeDesc": "标准销售",
      "genTextTypeRef": null,
      "isRev": false,
      "isSubmitApproval": true,
      "isModifyApproval": false,
      "currExchangeRateType": {
        "id": 2000001
      },
      "btClass": "SALES",
      "effectiveDays": null,
      "syncPrice": false,
      "isDefault": false,
      "id": 2101001,
      "createdBy": {
        "id": 27
      },
      "updatedBy": {
        "id": 477234922377861
      },
      "createdAt": 1685108645000,
      "updatedAt": 1745892294000,
      "version": 68,
      "deleted": 0,
      "originOrgId": 0
    },
    "custId": {
      "id": 2059001
    },
    "custPersonName": "李月汝",
    "custPhone": "18378999655",
    "slsPersonName": "章昂",
    "slsPhone": "17376596912",
    "soStatus": "DRAFT",
    "approveStatus": null,
    "soTitle": null,
    "soDesc": null,
    "soNotes": null,
    "isFixedExchRate": false,
    "slsComId": {
      "id": 14373001
    },
    "priceIdempotent": "e8285f20b09df5ab65459801e29e25d2",
    "freezeType": "NU_FREEZE",
    "soAssociationCode": null,
    "soBusinessStatus": null,
    "bizRuleGroup": null,
    "addrDetail": "佛山市禅城区季华五路28号",
    "currExchangeRateType": {
      "id": 2000001
    },
    "slsDcId": {
      "id": 14378001
    },
    "btClass": "SALES",
    "effectiveAt": null,
    "slsPerson": {
      "id": 14094003
    },
    "reCalculate": null,
    "invOrg": null,
    "invLoc": null,
    "priceCalcDate": 1745315745000,
    "deliveryInterceptFail": null,
    "externalBuyerId": null,
    "addrId": {
      "id": 70002638
    },
    "totalAmt": 97768.0,
    "discountAmt": 0.0,
    "discountInfo": "",
    "platformDiscountAmt": null,
    "merchantDiscountAmt": null,
    "actualPaidAmt": null,
    "freightAmt": null,
    "buyerRemark": null,
    "sellerRemark": null,
    "id": 16379037,
    "createdBy": {
      "id": 540175374525637
    },
    "updatedBy": {
      "id": 540175374525637
    },
    "createdAt": 1745315745000,
    "updatedAt": 1745315745000,
    "version": 1,
    "deleted": 0,
    "originOrgId": 0,
    "soItems": [
      {
        "soId": {
          "id": 16379037
        },
        "id": 16301037
      }
    ]
  },
  {
    "soCode": "SO002288",
    "soDocDate": 1745251200000,
    "soExtCode": null,
    "baseCurrId": {
      "id": 2000001
    },
    "slsCurrId": {
      "id": 2000001
    },
    "exchRate": 1.0,
    "grossBaseAmt": 257752.0,
    "netBaseAmt": 228099.115044,
    "taxAmt": 29652.884956,
    "soCreateSource": "TERP门户",
    "slsOrgId": {
      "id": 14579001
    },
    "slsTmId": null,
    "soTypeId": {
      "soTypeCode": "STND",
      "soTypeName": "标准销售",
      "partnerProcedureHeadRef": {
        "id": 14005002
      },
      "attachmentProcedureHeadRef": null,
      "status": "ENABLED",
      "soTypeDesc": "标准销售",
      "genTextTypeRef": null,
      "isRev": false,
      "isSubmitApproval": true,
      "isModifyApproval": false,
      "currExchangeRateType": {
        "id": 2000001
      },
      "btClass": "SALES",
      "effectiveDays": null,
      "syncPrice": false,
      "isDefault": false,
      "id": 2101001,
      "createdBy": {
        "id": 27
      },
      "updatedBy": {
        "id": 477234922377861
      },
      "createdAt": 1685108645000,
      "updatedAt": 1745892294000,
      "version": 68,
      "deleted": 0,
      "originOrgId": 0
    },
    "custId": {
      "id": 2059001
    },
    "custPersonName": "李月汝",
    "custPhone": "18378999655",
    "slsPersonName": "章昂",
    "slsPhone": "17376596912",
    "soStatus": "DRAFT",
    "approveStatus": null,
    "soTitle": null,
    "soDesc": null,
    "soNotes": null,
    "isFixedExchRate": false,
    "slsComId": {
      "id": 14373001
    },
    "priceIdempotent": "074a42532f957df7a850d57a27f504a8",
    "freezeType": "NU_FREEZE",
    "soAssociationCode": null,
    "soBusinessStatus": null,
    "bizRuleGroup": null,
    "addrDetail": "佛山市禅城区季华五路28号",
    "currExchangeRateType": {
      "id": 2000001
    },
    "slsDcId": {
      "id": 14378001
    },
    "btClass": "SALES",
    "effectiveAt": null,
    "slsPerson": {
      "id": 14094003
    },
    "reCalculate": null,
    "invOrg": null,
    "invLoc": null,
    "priceCalcDate": 1745315720000,
    "deliveryInterceptFail": null,
    "externalBuyerId": null,
    "addrId": {
      "id": 70002638
    },
    "totalAmt": 257752.0,
    "discountAmt": 0.0,
    "discountInfo": "",
    "platformDiscountAmt": null,
    "merchantDiscountAmt": null,
    "actualPaidAmt": null,
    "freightAmt": null,
    "buyerRemark": null,
    "sellerRemark": null,
    "id": 16379036,
    "createdBy": {
      "id": 540175374525637
    },
    "updatedBy": {
      "id": 540175374525637
    },
    "createdAt": 1745315721000,
    "updatedAt": 1745315721000,
    "version": 1,
    "deleted": 0,
    "originOrgId": 0,
    "slsPartnerLinks": [
      {
        "soId": {
          "id": 16379036
        },
        "id": 16223004
      }
    ],
    "soItems": [
      {
        "soId": {
          "id": 16379036
        },
        "id": 16301036
      }
    ]
  },
  {
    "soCode": "SO002284",
    "soDocDate": 1745251200000,
    "soExtCode": null,
    "baseCurrId": {
      "id": 2000001
    },
    "slsCurrId": {
      "id": 2000001
    },
    "exchRate": 1.0,
    "grossBaseAmt": 639936.0,
    "netBaseAmt": 566315.044248,
    "taxAmt": 73620.955752,
    "soCreateSource": "TERP门户",
    "slsOrgId": {
      "id": 14579001
    },
    "slsTmId": null,
    "soTypeId": {
      "soTypeCode": "STND",
      "soTypeName": "标准销售",
      "partnerProcedureHeadRef": {
        "id": 14005002
      },
      "attachmentProcedureHeadRef": null,
      "status": "ENABLED",
      "soTypeDesc": "标准销售",
      "genTextTypeRef": null,
      "isRev": false,
      "isSubmitApproval": true,
      "isModifyApproval": false,
      "currExchangeRateType": {
        "id": 2000001
      },
      "btClass": "SALES",
      "effectiveDays": null,
      "syncPrice": false,
      "isDefault": false,
      "id": 2101001,
      "createdBy": {
        "id": 27
      },
      "updatedBy": {
        "id": 477234922377861
      },
      "createdAt": 1685108645000,
      "updatedAt": 1745892294000,
      "version": 68,
      "deleted": 0,
      "originOrgId": 0
    },
    "custId": {
      "id": 2059001
    },
    "custPersonName": "李月汝",
    "custPhone": "18378999655",
    "slsPersonName": "章昂",
    "slsPhone": "17376596912",
    "soStatus": "DRAFT",
    "approveStatus": null,
    "soTitle": null,
    "soDesc": null,
    "soNotes": null,
    "isFixedExchRate": false,
    "slsComId": {
      "id": 14373001
    },
    "priceIdempotent": "7321c690e3243987b7e32fa7271fb758",
    "freezeType": "NU_FREEZE",
    "soAssociationCode": null,
    "soBusinessStatus": null,
    "bizRuleGroup": null,
    "addrDetail": "佛山市禅城区季华五路28号",
    "currExchangeRateType": {
      "id": 2000001
    },
    "slsDcId": {
      "id": 14378001
    },
    "btClass": "SALES",
    "effectiveAt": null,
    "slsPerson": {
      "id": 14094003
    },
    "reCalculate": null,
    "invOrg": null,
    "invLoc": null,
    "priceCalcDate": 1745315659000,
    "deliveryInterceptFail": null,
    "externalBuyerId": null,
    "addrId": {
      "id": 70002638
    },
    "totalAmt": 639936.0,
    "discountAmt": 0.0,
    "discountInfo": "",
    "platformDiscountAmt": null,
    "merchantDiscountAmt": null,
    "actualPaidAmt": null,
    "freightAmt": null,
    "buyerRemark": null,
    "sellerRemark": null,
    "id": 16379034,
    "createdBy": {
      "id": 540175374525637
    },
    "updatedBy": {
      "id": 540175374525637
    },
    "createdAt": 1745315659000,
    "updatedAt": 1745315659000,
    "version": 1,
    "deleted": 0,
    "originOrgId": 0,
    "soItems": [
      {
        "soId": {
          "id": 16379034
        },
        "id": 16301034
      }
    ]
  },
  {
    "soCode": "SO002278",
    "soDocDate": 1745251200000,
    "soExtCode": null,
    "baseCurrId": {
      "id": 2000001
    },
    "slsCurrId": {
      "id": 2000001
    },
    "exchRate": 1.0,
    "grossBaseAmt": 728816.0,
    "netBaseAmt": 644969.911504,
    "taxAmt": 83846.088496,
    "soCreateSource": "TERP门户",
    "slsOrgId": {
      "id": 14579001
    },
    "slsTmId": null,
    "soTypeId": {
      "soTypeCode": "STND",
      "soTypeName": "标准销售",
      "partnerProcedureHeadRef": {
        "id": 14005002
      },
      "attachmentProcedureHeadRef": null,
      "status": "ENABLED",
      "soTypeDesc": "标准销售",
      "genTextTypeRef": null,
      "isRev": false,
      "isSubmitApproval": true,
      "isModifyApproval": false,
      "currExchangeRateType": {
        "id": 2000001
      },
      "btClass": "SALES",
      "effectiveDays": null,
      "syncPrice": false,
      "isDefault": false,
      "id": 2101001,
      "createdBy": {
        "id": 27
      },
      "updatedBy": {
        "id": 477234922377861
      },
      "createdAt": 1685108645000,
      "updatedAt": 1745892294000,
      "version": 68,
      "deleted": 0,
      "originOrgId": 0
    },
    "custId": {
      "id": 2059001
    },
    "custPersonName": "李月汝",
    "custPhone": "18378999655",
    "slsPersonName": "章昂",
    "slsPhone": "17376596912",
    "soStatus": "DRAFT",
    "approveStatus": null,
    "soTitle": null,
    "soDesc": null,
    "soNotes": null,
    "isFixedExchRate": false,
    "slsComId": {
      "id": 14373001
    },
    "priceIdempotent": "7a6a0da1422ce818a80eb6cf3b7072d6",
    "freezeType": "NU_FREEZE",
    "soAssociationCode": null,
    "soBusinessStatus": null,
    "bizRuleGroup": null,
    "addrDetail": "佛山市禅城区季华五路28号",
    "currExchangeRateType": {
      "id": 2000001
    },
    "slsDcId": {
      "id": 14378001
    },
    "btClass": "SALES",
    "effectiveAt": null,
    "slsPerson": {
      "id": 14094003
    },
    "reCalculate": null,
    "invOrg": null,
    "invLoc": null,
    "priceCalcDate": 1745315585000,
    "deliveryInterceptFail": null,
    "externalBuyerId": null,
    "addrId": {
      "id": 70002638
    },
    "totalAmt": 728816.0,
    "discountAmt": 0.0,
    "discountInfo": "",
    "platformDiscountAmt": null,
    "merchantDiscountAmt": null,
    "actualPaidAmt": null,
    "freightAmt": null,
    "buyerRemark": null,
    "sellerRemark": null,
    "id": 16379032,
    "createdBy": {
      "id": 540175374525637
    },
    "updatedBy": {
      "id": 540175374525637
    },
    "createdAt": 1745315586000,
    "updatedAt": 1745315586000,
    "version": 1,
    "deleted": 0,
    "originOrgId": 0,
    "soItems": [
      {
        "soId": {
          "id": 16379032
        },
        "id": 16301032
      }
    ]
  },
  {
    "soCode": "SO002272",
    "soDocDate": 1745251200000,
    "soExtCode": null,
    "baseCurrId": {
      "id": 2000001
    },
    "slsCurrId": {
      "id": 2000001
    },
    "exchRate": 1.0,
    "grossBaseAmt": 648824.0,
    "netBaseAmt": 574180.530973,
    "taxAmt": 74643.469027,
    "soCreateSource": "TERP门户",
    "slsOrgId": {
      "id": 14579001
    },
    "slsTmId": null,
    "soTypeId": {
      "soTypeCode": "STND",
      "soTypeName": "标准销售",
      "partnerProcedureHeadRef": {
        "id": 14005002
      },
      "attachmentProcedureHeadRef": null,
      "status": "ENABLED",
      "soTypeDesc": "标准销售",
      "genTextTypeRef": null,
      "isRev": false,
      "isSubmitApproval": true,
      "isModifyApproval": false,
      "currExchangeRateType": {
        "id": 2000001
      },
      "btClass": "SALES",
      "effectiveDays": null,
      "syncPrice": false,
      "isDefault": false,
      "id": 2101001,
      "createdBy": {
        "id": 27
      },
      "updatedBy": {
        "id": 477234922377861
      },
      "createdAt": 1685108645000,
      "updatedAt": 1745892294000,
      "version": 68,
      "deleted": 0,
      "originOrgId": 0
    },
    "custId": {
      "id": 2059001
    },
    "custPersonName": "李月汝",
    "custPhone": "18378999655",
    "slsPersonName": "章昂",
    "slsPhone": "17376596912",
    "soStatus": "DRAFT",
    "approveStatus": null,
    "soTitle": null,
    "soDesc": null,
    "soNotes": null,
    "isFixedExchRate": false,
    "slsComId": {
      "id": 14373001
    },
    "priceIdempotent": "322657ecc8417eb97d5d8b97269226e1",
    "freezeType": "NU_FREEZE",
    "soAssociationCode": null,
    "soBusinessStatus": "INIT",
    "bizRuleGroup": null,
    "addrDetail": "佛山市禅城区季华五路28号",
    "currExchangeRateType": {
      "id": 2000001
    },
    "slsDcId": {
      "id": 14378001
    },
    "btClass": "SALES",
    "effectiveAt": null,
    "slsPerson": {
      "id": 14094003
    },
    "reCalculate": null,
    "invOrg": null,
    "invLoc": null,
    "priceCalcDate": 1745315012000,
    "deliveryInterceptFail": null,
    "externalBuyerId": null,
    "addrId": {
      "id": 70002638
    },
    "totalAmt": 648824.0,
    "discountAmt": 0.0,
    "discountInfo": "",
    "platformDiscountAmt": null,
    "merchantDiscountAmt": null,
    "actualPaidAmt": null,
    "freightAmt": null,
    "buyerRemark": null,
    "sellerRemark": null,
    "id": 16379030,
    "createdBy": {
      "id": 540175374525637
    },
    "updatedBy": {
      "id": 540175374525637
    },
    "createdAt": 1745315013000,
    "updatedAt": 1745315017000,
    "version": 4,
    "deleted": 0,
    "originOrgId": 0,
    "soItems": [
      {
        "soId": {
          "id": 16379030
        },
        "id": 16301030
      }
    ]
  },
  {
    "soCode": "SO002270",
    "soDocDate": 1745251200000,
    "soExtCode": null,
    "baseCurrId": {
      "id": 2000001
    },
    "slsCurrId": {
      "id": 2000001
    },
    "exchRate": 1.0,
    "grossBaseAmt": 648824.0,
    "netBaseAmt": 574180.530973,
    "taxAmt": 74643.469027,
    "soCreateSource": "TERP门户",
    "slsOrgId": {
      "id": 14579001
    },
    "slsTmId": null,
    "soTypeId": {
      "soTypeCode": "STND",
      "soTypeName": "标准销售",
      "partnerProcedureHeadRef": {
        "id": 14005002
      },
      "attachmentProcedureHeadRef": null,
      "status": "ENABLED",
      "soTypeDesc": "标准销售",
      "genTextTypeRef": null,
      "isRev": false,
      "isSubmitApproval": true,
      "isModifyApproval": false,
      "currExchangeRateType": {
        "id": 2000001
      },
      "btClass": "SALES",
      "effectiveDays": null,
      "syncPrice": false,
      "isDefault": false,
      "id": 2101001,
      "createdBy": {
        "id": 27
      },
      "updatedBy": {
        "id": 477234922377861
      },
      "createdAt": 1685108645000,
      "updatedAt": 1745892294000,
      "version": 68,
      "deleted": 0,
      "originOrgId": 0
    },
    "custId": {
      "id": 2059001
    },
    "custPersonName": "李月汝",
    "custPhone": "18378999655",
    "slsPersonName": "章昂",
    "slsPhone": "17376596912",
    "soStatus": "DRAFT",
    "approveStatus": null,
    "soTitle": null,
    "soDesc": null,
    "soNotes": null,
    "isFixedExchRate": false,
    "slsComId": {
      "id": 14373001
    },
    "priceIdempotent": "bbd3054439d62a326c8bde49da575b35",
    "freezeType": "NU_FREEZE",
    "soAssociationCode": null,
    "soBusinessStatus": null,
    "bizRuleGroup": null,
    "addrDetail": "佛山市禅城区季华五路28号",
    "currExchangeRateType": {
      "id": 2000001
    },
    "slsDcId": {
      "id": 14378001
    },
    "btClass": "SALES",
    "effectiveAt": null,
    "slsPerson": {
      "id": 14094003
    },
    "reCalculate": null,
    "invOrg": null,
    "invLoc": null,
    "priceCalcDate": 1745315011000,
    "deliveryInterceptFail": null,
    "externalBuyerId": null,
    "addrId": {
      "id": 70002638
    },
    "totalAmt": 648824.0,
    "discountAmt": 0.0,
    "discountInfo": "",
    "platformDiscountAmt": null,
    "merchantDiscountAmt": null,
    "actualPaidAmt": null,
    "freightAmt": null,
    "buyerRemark": null,
    "sellerRemark": null,
    "id": 16379029,
    "createdBy": {
      "id": 540175374525637
    },
    "updatedBy": {
      "id": 540175374525637
    },
    "createdAt": 1745315012000,
    "updatedAt": 1745315012000,
    "version": 1,
    "deleted": 0,
    "originOrgId": 0,
    "soItems": [
      {
        "soId": {
          "id": 16379029
        },
        "id": 16301029
      }
    ]
  },
  {
    "soCode": "SO002265",
    "soDocDate": 1745251200000,
    "soExtCode": null,
    "baseCurrId": {
      "id": 2000001
    },
    "slsCurrId": {
      "id": 2000001
    },
    "exchRate": 1.0,
    "grossBaseAmt": 622160.0,
    "netBaseAmt": 550584.070796,
    "taxAmt": 71575.929204,
    "soCreateSource": "TERP门户",
    "slsOrgId": {
      "id": 14579001
    },
    "slsTmId": null,
    "soTypeId": {
      "soTypeCode": "STND",
      "soTypeName": "标准销售",
      "partnerProcedureHeadRef": {
        "id": 14005002
      },
      "attachmentProcedureHeadRef": null,
      "status": "ENABLED",
      "soTypeDesc": "标准销售",
      "genTextTypeRef": null,
      "isRev": false,
      "isSubmitApproval": true,
      "isModifyApproval": false,
      "currExchangeRateType": {
        "id": 2000001
      },
      "btClass": "SALES",
      "effectiveDays": null,
      "syncPrice": false,
      "isDefault": false,
      "id": 2101001,
      "createdBy": {
        "id": 27
      },
      "updatedBy": {
        "id": 477234922377861
      },
      "createdAt": 1685108645000,
      "updatedAt": 1745892294000,
      "version": 68,
      "deleted": 0,
      "originOrgId": 0
    },
    "custId": {
      "id": 2059001
    },
    "custPersonName": "李月汝",
    "custPhone": "18378999655",
    "slsPersonName": "章昂",
    "slsPhone": "17376596912",
    "soStatus": "DRAFT",
    "approveStatus": null,
    "soTitle": null,
    "soDesc": null,
    "soNotes": null,
    "isFixedExchRate": false,
    "slsComId": {
      "id": 14373001
    },
    "priceIdempotent": "f49ee4447c1370d1a08bbc30227fb814",
    "freezeType": "NU_FREEZE",
    "soAssociationCode": null,
    "soBusinessStatus": null,
    "bizRuleGroup": null,
    "addrDetail": "佛山市禅城区季华五路28号",
    "currExchangeRateType": {
      "id": 2000001
    },
    "slsDcId": {
      "id": 14378001
    },
    "btClass": "SALES",
    "effectiveAt": null,
    "slsPerson": {
      "id": 14094003
    },
    "reCalculate": null,
    "invOrg": null,
    "invLoc": null,
    "priceCalcDate": 1745315005000,
    "deliveryInterceptFail": null,
    "externalBuyerId": null,
    "addrId": {
      "id": 70002638
    },
    "totalAmt": 622160.0,
    "discountAmt": 0.0,
    "discountInfo": "",
    "platformDiscountAmt": null,
    "merchantDiscountAmt": null,
    "actualPaidAmt": null,
    "freightAmt": null,
    "buyerRemark": null,
    "sellerRemark": null,
    "id": 16379027,
    "createdBy": {
      "id": 540175374525637
    },
    "updatedBy": {
      "id": 540175374525637
    },
    "createdAt": 1745315005000,
    "updatedAt": 1745315005000,
    "version": 1,
    "deleted": 0,
    "originOrgId": 0,
    "soItems": [
      {
        "soId": {
          "id": 16379027
        },
        "id": 16301027
      }
    ]
  },
  {
    "soCode": "SO002260",
    "soDocDate": 1745251200000,
    "soExtCode": null,
    "baseCurrId": {
      "id": 2000001
    },
    "slsCurrId": {
      "id": 2000001
    },
    "exchRate": 1.0,
    "grossBaseAmt": 808808.0,
    "netBaseAmt": 715759.292035,
    "taxAmt": 93048.707965,
    "soCreateSource": "TERP门户",
    "slsOrgId": {
      "id": 14579001
    },
    "slsTmId": null,
    "soTypeId": {
      "soTypeCode": "STND",
      "soTypeName": "标准销售",
      "partnerProcedureHeadRef": {
        "id": 14005002
      },
      "attachmentProcedureHeadRef": null,
      "status": "ENABLED",
      "soTypeDesc": "标准销售",
      "genTextTypeRef": null,
      "isRev": false,
      "isSubmitApproval": true,
      "isModifyApproval": false,
      "currExchangeRateType": {
        "id": 2000001
      },
      "btClass": "SALES",
      "effectiveDays": null,
      "syncPrice": false,
      "isDefault": false,
      "id": 2101001,
      "createdBy": {
        "id": 27
      },
      "updatedBy": {
        "id": 477234922377861
      },
      "createdAt": 1685108645000,
      "updatedAt": 1745892294000,
      "version": 68,
      "deleted": 0,
      "originOrgId": 0
    },
    "custId": {
      "id": 2059001
    },
    "custPersonName": "李月汝",
    "custPhone": "18378999655",
    "slsPersonName": "章昂",
    "slsPhone": "17376596912",
    "soStatus": "DRAFT",
    "approveStatus": null,
    "soTitle": null,
    "soDesc": null,
    "soNotes": null,
    "isFixedExchRate": false,
    "slsComId": {
      "id": 14373001
    },
    "priceIdempotent": "250e1111dc6d182788f7215991bca49a",
    "freezeType": "NU_FREEZE",
    "soAssociationCode": null,
    "soBusinessStatus": null,
    "bizRuleGroup": null,
    "addrDetail": "佛山市禅城区季华五路28号",
    "currExchangeRateType": {
      "id": 2000001
    },
    "slsDcId": {
      "id": 14378001
    },
    "btClass": "SALES",
    "effectiveAt": null,
    "slsPerson": {
      "id": 14094003
    },
    "reCalculate": null,
    "invOrg": null,
    "invLoc": null,
    "priceCalcDate": 1745314995000,
    "deliveryInterceptFail": null,
    "externalBuyerId": null,
    "addrId": {
      "id": 70002638
    },
    "totalAmt": 808808.0,
    "discountAmt": 0.0,
    "discountInfo": "",
    "platformDiscountAmt": null,
    "merchantDiscountAmt": null,
    "actualPaidAmt": null,
    "freightAmt": null,
    "buyerRemark": null,
    "sellerRemark": null,
    "id": 16379025,
    "createdBy": {
      "id": 540175374525637
    },
    "updatedBy": {
      "id": 540175374525637
    },
    "createdAt": 1745314996000,
    "updatedAt": 1745314996000,
    "version": 1,
    "deleted": 0,
    "originOrgId": 0,
    "soItems": [
      {
        "soId": {
          "id": 16379025
        },
        "id": 16301025
      }
    ]
  },
  {
    "soCode": "SO002253",
    "soDocDate": 1745251200000,
    "soExtCode": null,
    "baseCurrId": {
      "id": 2000001
    },
    "slsCurrId": {
      "id": 2000001
    },
    "exchRate": 1.0,
    "grossBaseAmt": 764368.0,
    "netBaseAmt": 676431.858407,
    "taxAmt": 87936.141593,
    "soCreateSource": "TERP门户",
    "slsOrgId": {
      "id": 14579001
    },
    "slsTmId": null,
    "soTypeId": {
      "soTypeCode": "STND",
      "soTypeName": "标准销售",
      "partnerProcedureHeadRef": {
        "id": 14005002
      },
      "attachmentProcedureHeadRef": null,
      "status": "ENABLED",
      "soTypeDesc": "标准销售",
      "genTextTypeRef": null,
      "isRev": false,
      "isSubmitApproval": true,
      "isModifyApproval": false,
      "currExchangeRateType": {
        "id": 2000001
      },
      "btClass": "SALES",
      "effectiveDays": null,
      "syncPrice": false,
      "isDefault": false,
      "id": 2101001,
      "createdBy": {
        "id": 27
      },
      "updatedBy": {
        "id": 477234922377861
      },
      "createdAt": 1685108645000,
      "updatedAt": 1745892294000,
      "version": 68,
      "deleted": 0,
      "originOrgId": 0
    },
    "custId": {
      "id": 2059001
    },
    "custPersonName": "李月汝",
    "custPhone": "18378999655",
    "slsPersonName": "章昂",
    "slsPhone": "17376596912",
    "soStatus": "DRAFT",
    "approveStatus": null,
    "soTitle": null,
    "soDesc": null,
    "soNotes": null,
    "isFixedExchRate": false,
    "slsComId": {
      "id": 14373001
    },
    "priceIdempotent": "fa3c67172b095b0b7090accc5a22f7d6",
    "freezeType": "NU_FREEZE",
    "soAssociationCode": null,
    "soBusinessStatus": "INIT",
    "bizRuleGroup": null,
    "addrDetail": "佛山市禅城区季华五路28号",
    "currExchangeRateType": {
      "id": 2000001
    },
    "slsDcId": {
      "id": 14378001
    },
    "btClass": "SALES",
    "effectiveAt": null,
    "slsPerson": {
      "id": 14094003
    },
    "reCalculate": null,
    "invOrg": null,
    "invLoc": null,
    "priceCalcDate": 1745314417000,
    "deliveryInterceptFail": null,
    "externalBuyerId": null,
    "addrId": {
      "id": 70002638
    },
    "totalAmt": 764368.0,
    "discountAmt": 0.0,
    "discountInfo": "",
    "platformDiscountAmt": null,
    "merchantDiscountAmt": null,
    "actualPaidAmt": null,
    "freightAmt": null,
    "buyerRemark": null,
    "sellerRemark": null,
    "id": 16379023,
    "createdBy": {
      "id": 540175374525637
    },
    "updatedBy": {
      "id": 540175374525637
    },
    "createdAt": 1745314418000,
    "updatedAt": 1745314425000,
    "version": 4,
    "deleted": 0,
    "originOrgId": 0,
    "soItems": [
      {
        "soId": {
          "id": 16379023
        },
        "id": 16301023
      }
    ]
  }
]
2025-05-07 11:35:35|test_02_orderlist_query.test_03_query_orders_by_status line:344| 
成功查询到 20 条状态为 DRAFT 的订单数据
2025-05-07 11:35:35|LogUtil.info line:33| 开始测试: test_02_query_orders_by_so_code
2025-05-07 11:35:35|test_02_orderlist_query.setup_method line:57| 初始化新的测试数据
2025-05-07 11:35:35|test_02_orderlist_query.setup_method line:61| 开始执行测试方法: test_02_query_orders_by_so_code
2025-05-07 11:35:35|test_02_orderlist_query.setup_method line:65| 初始化测试数据完成
2025-05-07 11:35:35|test_02_orderlist_query.test_02_query_orders_by_so_code line:166| 未获取到订单编号，无法执行按订单编号查询测试
2025-05-07 11:35:35|LogUtil.info line:33| 开始测试: test_03_query_orders_by_status
2025-05-07 11:35:35|test_02_orderlist_query.setup_method line:57| 初始化新的测试数据
2025-05-07 11:35:35|test_02_orderlist_query.setup_method line:61| 开始执行测试方法: test_03_query_orders_by_status
2025-05-07 11:35:35|test_02_orderlist_query.setup_method line:65| 初始化测试数据完成
2025-05-07 11:35:36|test_02_orderlist_query.test_03_query_orders_by_status line:324| 
准备发送请求...
2025-05-07 11:35:36|test_02_orderlist_query.test_03_query_orders_by_status line:325| 查询条件: 订单状态 = EFFECT
2025-05-07 11:35:36|LogUtil.info line:33| 发送请求: 按单据状态 EFFECT 查询销售订单列表
2025-05-07 11:35:36|test_02_orderlist_query.test_03_query_orders_by_status line:329| 
收到完整响应: {
  "requestId": "7d1724be-1563820",
  "success": true,
  "data": {
    "data": {
      "data": [
        {
          "soCode": "SO002863",
          "soDocDate": 1746513503000,
          "soExtCode": "LSD2025050600013",
          "baseCurrId": {
            "id": 2000001
          },
          "slsCurrId": {
            "id": 2000001
          },
          "exchRate": 1.0,
          "grossBaseAmt": 115.0,
          "netBaseAmt": 101.769912,
          "taxAmt": 13.230088,
          "soCreateSource": "TERP门户",
          "slsOrgId": {
            "id": 14139002
          },
          "slsTmId": null,
          "soTypeId": {
            "soTypeCode": "STND",
            "soTypeName": "标准销售",
            "partnerProcedureHeadRef": {
              "id": 14005002
            },
            "attachmentProcedureHeadRef": null,
            "status": "ENABLED",
            "soTypeDesc": "标准销售",
            "genTextTypeRef": null,
            "isRev": false,
            "isSubmitApproval": true,
            "isModifyApproval": false,
            "currExchangeRateType": {
              "id": 2000001
            },
            "btClass": "SALES",
            "effectiveDays": null,
            "syncPrice": false,
            "isDefault": false,
            "id": 2101001,
            "createdBy": {
              "id": 27
            },
            "updatedBy": {
              "id": 477234922377861
            },
            "createdAt": 1685108645000,
            "updatedAt": 1745892294000,
            "version": 68,
            "deleted": 0,
            "originOrgId": 0
          },
          "custId": {
            "id": 2059001
          },
          "custPersonName": "李月汝",
          "custPhone": "18378999655",
          "slsPersonName": "侯新雨",
          "slsPhone": "15825540081",
          "soStatus": "EFFECT",
          "approveStatus": null,
          "soTitle": null,
          "soDesc": null,
          "soNotes": null,
          "isFixedExchRate": false,
          "slsComId": {
            "id": 14139001
          },
          "priceIdempotent": "02b4872c5683216f95f20e8c4dbdd331",
          "freezeType": "NU_FREEZE",
          "soAssociationCode": null,
          "soBusinessStatus": null,
          "bizRuleGroup": null,
          "addrDetail": "佛山市禅城区季华五路28号",
          "currExchangeRateType": {
            "id": 2000001
          },
          "slsDcId": {
            "id": 2001001
          },
          "btClass": "SALES",
          "effectiveAt": null,
          "slsPerson": {
            "id": 14123089
          },
          "reCalculate": null,
          "invOrg": null,
          "invLoc": null,
          "priceCalcDate": 1745994478000,
          "deliveryInterceptFail": true,
          "externalBuyerId": null,
          "addrId": {
            "id": 70002638
          },
          "totalAmt": 115.0,
          "discountAmt": 0.0,
          "discountInfo": null,
          "platformDiscountAmt": null,
          "merchantDiscountAmt": null,
          "actualPaidAmt": null,
          "freightAmt": null,
          "buyerRemark": null,
          "sellerRemark": null,
          "id": 16392001,
          "createdBy": {
            "id": 540175374525637
          },
          "updatedBy": {
            "id": 547355592959109
          },
          "createdAt": 1746513503000,
          "updatedAt": 1746532891000,
          "version": 11,
          "deleted": 0,
          "originOrgId": 0,
          "slsPartnerLinks": [
            {
              "soId": {
                "id": 16392001
              },
              "id": 16236001
            }
          ],
          "soItems": [
            {
              "soId": {
                "id": 16392001
              },
              "id": 16314001
            }
          ]
        },
        {
          "soCode": "SO002656",
          "soDocDate": 1745769600000,
          "soExtCode": null,
          "baseCurrId": {
            "id": 2000001
          },
          "slsCurrId": {
            "id": 2000001
          },
          "exchRate": 1.0,
          "grossBaseAmt": 604384.0,
          "netBaseAmt": 534853.097345,
          "taxAmt": 69530.902655,
          "soCreateSource": "TERP门户",
          "slsOrgId": {
            "id": 14579001
          },
          "slsTmId": null,
          "soTypeId": {
            "soTypeCode": "STND",
            "soTypeName": "标准销售",
            "partnerProcedureHeadRef": {
              "id": 14005002
            },
            "attachmentProcedureHeadRef": null,
            "status": "ENABLED",
            "soTypeDesc": "标准销售",
            "genTextTypeRef": null,
            "isRev": false,
            "isSubmitApproval": true,
            "isModifyApproval": false,
            "currExchangeRateType": {
              "id": 2000001
            },
            "btClass": "SALES",
            "effectiveDays": null,
            "syncPrice": false,
            "isDefault": false,
            "id": 2101001,
            "createdBy": {
              "id": 27
            },
            "updatedBy": {
              "id": 477234922377861
            },
            "createdAt": 1685108645000,
            "updatedAt": 1745892294000,
            "version": 68,
            "deleted": 0,
            "originOrgId": 0
          },
          "custId": {
            "id": 2059001
          },
          "custPersonName": "李月汝",
          "custPhone": "18378999655",
          "slsPersonName": "章昂",
          "slsPhone": "17376596912",
          "soStatus": "EFFECT",
          "approveStatus": null,
          "soTitle": null,
          "soDesc": null,
          "soNotes": null,
          "isFixedExchRate": false,
          "slsComId": {
            "id": 14373001
          },
          "priceIdempotent": "0b27bb5c644d5a042c9612909fedac42",
          "freezeType": "NU_FREEZE",
          "soAssociationCode": null,
          "soBusinessStatus": "DOC_CREATED",
          "bizRuleGroup": null,
          "addrDetail": "佛山市禅城区季华五路28号",
          "currExchangeRateType": {
            "id": 2000001
          },
          "slsDcId": {
            "id": 14378001
          },
          "btClass": "SALES",
          "effectiveAt": null,
          "slsPerson": {
            "id": 14094003
          },
          "reCalculate": null,
          "invOrg": null,
          "invLoc": null,
          "priceCalcDate": 1745829654000,
          "deliveryInterceptFail": null,
          "externalBuyerId": null,
          "addrId": {
            "id": 70002638
          },
          "totalAmt": 604384.0,
          "discountAmt": 0.0,
          "discountInfo": "",
          "platformDiscountAmt": null,
          "merchantDiscountAmt": null,
          "actualPaidAmt": null,
          "freightAmt": null,
          "buyerRemark": null,
          "sellerRemark": null,
          "id": 16384009,
          "createdBy": {
            "id": 540175374525637
          },
          "updatedBy": {
            "id": 477234922377861
          },
          "createdAt": 1745829654000,
          "updatedAt": 1745832985000,
          "version": 3,
          "deleted": 0,
          "originOrgId": 0,
          "slsPartnerLinks": [
            {
              "soId": {
                "id": 16384009
              },
              "id": 16228009
            }
          ],
          "soItems": [
            {
              "soId": {
                "id": 16384009
              },
              "id": 16306009
            }
          ]
        },
        {
          "soCode": "SO002652",
          "soDocDate": 1745829651000,
          "soExtCode": null,
          "baseCurrId": {
            "id": 2000001
          },
          "slsCurrId": {
            "id": 2000001
          },
          "exchRate": 1.0,
          "grossBaseAmt": 453288.0,
          "netBaseAmt": 401139.823009,
          "taxAmt": 52148.176991,
          "soCreateSource": "TERP门户",
          "slsOrgId": {
            "id": 14579001
          },
          "slsTmId": null,
          "soTypeId": {
            "soTypeCode": "STND",
            "soTypeName": "标准销售",
            "partnerProcedureHeadRef": {
              "id": 14005002
            },
            "attachmentProcedureHeadRef": null,
            "status": "ENABLED",
            "soTypeDesc": "标准销售",
            "genTextTypeRef": null,
            "isRev": false,
            "isSubmitApproval": true,
            "isModifyApproval": false,
            "currExchangeRateType": {
              "id": 2000001
            },
            "btClass": "SALES",
            "effectiveDays": null,
            "syncPrice": false,
            "isDefault": false,
            "id": 2101001,
            "createdBy": {
              "id": 27
            },
            "updatedBy": {
              "id": 477234922377861
            },
            "createdAt": 1685108645000,
            "updatedAt": 1745892294000,
            "version": 68,
            "deleted": 0,
            "originOrgId": 0
          },
          "custId": {
            "id": 2059001
          },
          "custPersonName": "李月汝",
          "custPhone": "18378999655",
          "slsPersonName": "章昂",
          "slsPhone": "17376596912",
          "soStatus": "EFFECT",
          "approveStatus": null,
          "soTitle": null,
          "soDesc": null,
          "soNotes": null,
          "isFixedExchRate": false,
          "slsComId": {
            "id": 14373001
          },
          "priceIdempotent": "29263a81c6a76fe913791aff46c031b4",
          "freezeType": "NU_FREEZE",
          "soAssociationCode": null,
          "soBusinessStatus": null,
          "bizRuleGroup": null,
          "addrDetail": "佛山市禅城区季华五路28号",
          "currExchangeRateType": {
            "id": 2000001
          },
          "slsDcId": {
            "id": 14378001
          },
          "btClass": "SALES",
          "effectiveAt": null,
          "slsPerson": {
            "id": 14094003
          },
          "reCalculate": null,
          "invOrg": null,
          "invLoc": null,
          "priceCalcDate": 1745829644000,
          "deliveryInterceptFail": null,
          "externalBuyerId": null,
          "addrId": {
            "id": 70002638
          },
          "totalAmt": 453288.0,
          "discountAmt": 0.0,
          "discountInfo": "",
          "platformDiscountAmt": null,
          "merchantDiscountAmt": null,
          "actualPaidAmt": null,
          "freightAmt": null,
          "buyerRemark": null,
          "sellerRemark": null,
          "id": 16384007,
          "createdBy": {
            "id": 540175374525637
          },
          "updatedBy": {
            "id": 540175374525637
          },
          "createdAt": 1745829651000,
          "updatedAt": 1745829651000,
          "version": 5,
          "deleted": 0,
          "originOrgId": 0,
          "slsPartnerLinks": [
            {
              "soId": {
                "id": 16384007
              },
              "id": 16228007
            }
          ],
          "soItems": [
            {
              "soId": {
                "id": 16384007
              },
              "id": 16306007
            }
          ]
        },
        {
          "soCode": "SO002650",
          "soDocDate": 1745769600000,
          "soExtCode": null,
          "baseCurrId": {
            "id": 2000001
          },
          "slsCurrId": {
            "id": 2000001
          },
          "exchRate": 1.0,
          "grossBaseAmt": 453288.0,
          "netBaseAmt": 401139.823009,
          "taxAmt": 52148.176991,
          "soCreateSource": "TERP门户",
          "slsOrgId": {
            "id": 14579001
          },
          "slsTmId": null,
          "soTypeId": {
            "soTypeCode": "STND",
            "soTypeName": "标准销售",
            "partnerProcedureHeadRef": {
              "id": 14005002
            },
            "attachmentProcedureHeadRef": null,
            "status": "ENABLED",
            "soTypeDesc": "标准销售",
            "genTextTypeRef": null,
            "isRev": false,
            "isSubmitApproval": true,
            "isModifyApproval": false,
            "currExchangeRateType": {
              "id": 2000001
            },
            "btClass": "SALES",
            "effectiveDays": null,
            "syncPrice": false,
            "isDefault": false,
            "id": 2101001,
            "createdBy": {
              "id": 27
            },
            "updatedBy": {
              "id": 477234922377861
            },
            "createdAt": 1685108645000,
            "updatedAt": 1745892294000,
            "version": 68,
            "deleted": 0,
            "originOrgId": 0
          },
          "custId": {
            "id": 2059001
          },
          "custPersonName": "李月汝",
          "custPhone": "18378999655",
          "slsPersonName": "章昂",
          "slsPhone": "17376596912",
          "soStatus": "EFFECT",
          "approveStatus": null,
          "soTitle": null,
          "soDesc": null,
          "soNotes": null,
          "isFixedExchRate": false,
          "slsComId": {
            "id": 14373001
          },
          "priceIdempotent": "0d50fae7dab1832583e5f209383f27cb",
          "freezeType": "ALL_FREEZE",
          "soAssociationCode": null,
          "soBusinessStatus": null,
          "bizRuleGroup": null,
          "addrDetail": "佛山市禅城区季华五路28号",
          "currExchangeRateType": {
            "id": 2000001
          },
          "slsDcId": {
            "id": 14378001
          },
          "btClass": "SALES",
          "effectiveAt": null,
          "slsPerson": {
            "id": 14094003
          },
          "reCalculate": null,
          "invOrg": null,
          "invLoc": null,
          "priceCalcDate": 1745829644000,
          "deliveryInterceptFail": null,
          "externalBuyerId": null,
          "addrId": {
            "id": 70002638
          },
          "totalAmt": 453288.0,
          "discountAmt": 0.0,
          "discountInfo": "",
          "platformDiscountAmt": null,
          "merchantDiscountAmt": null,
          "actualPaidAmt": null,
          "freightAmt": null,
          "buyerRemark": null,
          "sellerRemark": null,
          "id": 16384006,
          "createdBy": {
            "id": 540175374525637
          },
          "updatedBy": {
            "id": 540175374525637
          },
          "createdAt": 1745829644000,
          "updatedAt": 1745829650000,
          "version": 4,
          "deleted": 0,
          "originOrgId": 0,
          "slsPartnerLinks": [
            {
              "soId": {
                "id": 16384006
              },
              "id": 16228006
            }
          ],
          "soItems": [
            {
              "soId": {
                "id": 16384006
              },
              "id": 16306006
            }
          ]
        },
        {
          "soCode": "SO002648",
          "soDocDate": 1745769600000,
          "soExtCode": null,
          "baseCurrId": {
            "id": 2000001
          },
          "slsCurrId": {
            "id": 2000001
          },
          "exchRate": 1.0,
          "grossBaseAmt": 453288.0,
          "netBaseAmt": 401139.823009,
          "taxAmt": 52148.176991,
          "soCreateSource": "TERP门户",
          "slsOrgId": {
            "id": 14579001
          },
          "slsTmId": null,
          "soTypeId": {
            "soTypeCode": "STND",
            "soTypeName": "标准销售",
            "partnerProcedureHeadRef": {
              "id": 14005002
            },
            "attachmentProcedureHeadRef": null,
            "status": "ENABLED",
            "soTypeDesc": "标准销售",
            "genTextTypeRef": null,
            "isRev": false,
            "isSubmitApproval": true,
            "isModifyApproval": false,
            "currExchangeRateType": {
              "id": 2000001
            },
            "btClass": "SALES",
            "effectiveDays": null,
            "syncPrice": false,
            "isDefault": false,
            "id": 2101001,
            "createdBy": {
              "id": 27
            },
            "updatedBy": {
              "id": 477234922377861
            },
            "createdAt": 1685108645000,
            "updatedAt": 1745892294000,
            "version": 68,
            "deleted": 0,
            "originOrgId": 0
          },
          "custId": {
            "id": 2059001
          },
          "custPersonName": "李月汝",
          "custPhone": "18378999655",
          "slsPersonName": "章昂",
          "slsPhone": "17376596912",
          "soStatus": "EFFECT",
          "approveStatus": null,
          "soTitle": null,
          "soDesc": null,
          "soNotes": null,
          "isFixedExchRate": false,
          "slsComId": {
            "id": 14373001
          },
          "priceIdempotent": "f84ff92b17c7d5be42ca4f79665c4ac0",
          "freezeType": "NU_FREEZE",
          "soAssociationCode": null,
          "soBusinessStatus": null,
          "bizRuleGroup": null,
          "addrDetail": "佛山市禅城区季华五路28号",
          "currExchangeRateType": {
            "id": 2000001
          },
          "slsDcId": {
            "id": 14378001
          },
          "btClass": "SALES",
          "effectiveAt": null,
          "slsPerson": {
            "id": 14094003
          },
          "reCalculate": null,
          "invOrg": null,
          "invLoc": null,
          "priceCalcDate": 1745829642000,
          "deliveryInterceptFail": null,
          "externalBuyerId": null,
          "addrId": {
            "id": 70002638
          },
          "totalAmt": 453288.0,
          "discountAmt": 0.0,
          "discountInfo": "",
          "platformDiscountAmt": null,
          "merchantDiscountAmt": null,
          "actualPaidAmt": null,
          "freightAmt": null,
          "buyerRemark": null,
          "sellerRemark": null,
          "id": 16384005,
          "createdBy": {
            "id": 540175374525637
          },
          "updatedBy": {
            "id": 540175374525637
          },
          "createdAt": 1745829643000,
          "updatedAt": 1745829647000,
          "version": 3,
          "deleted": 0,
          "originOrgId": 0,
          "slsPartnerLinks": [
            {
              "soId": {
                "id": 16384005
              },
              "id": 16228005
            }
          ],
          "soItems": [
            {
              "soId": {
                "id": 16384005
              },
              "id": 16306005
            }
          ]
        },
        {
          "soCode": "SO002646",
          "soDocDate": 1745769600000,
          "soExtCode": null,
          "baseCurrId": {
            "id": 2000001
          },
          "slsCurrId": {
            "id": 2000001
          },
          "exchRate": 1.0,
          "grossBaseAmt": 782144.0,
          "netBaseAmt": 692162.831858,
          "taxAmt": 89981.168142,
          "soCreateSource": "TERP门户",
          "slsOrgId": {
            "id": 14579001
          },
          "slsTmId": null,
          "soTypeId": {
            "soTypeCode": "STND",
            "soTypeName": "标准销售",
            "partnerProcedureHeadRef": {
              "id": 14005002
            },
            "attachmentProcedureHeadRef": null,
            "status": "ENABLED",
            "soTypeDesc": "标准销售",
            "genTextTypeRef": null,
            "isRev": false,
            "isSubmitApproval": true,
            "isModifyApproval": false,
            "currExchangeRateType": {
              "id": 2000001
            },
            "btClass": "SALES",
            "effectiveDays": null,
            "syncPrice": false,
            "isDefault": false,
            "id": 2101001,
            "createdBy": {
              "id": 27
            },
            "updatedBy": {
              "id": 477234922377861
            },
            "createdAt": 1685108645000,
            "updatedAt": 1745892294000,
            "version": 68,
            "deleted": 0,
            "originOrgId": 0
          },
          "custId": {
            "id": 2059001
          },
          "custPersonName": "李月汝",
          "custPhone": "18378999655",
          "slsPersonName": "章昂",
          "slsPhone": "17376596912",
          "soStatus": "EFFECT",
          "approveStatus": null,
          "soTitle": null,
          "soDesc": null,
          "soNotes": null,
          "isFixedExchRate": false,
          "slsComId": {
            "id": 14373001
          },
          "priceIdempotent": "7f452801111790a1be4f8744bed16811",
          "freezeType": "NU_FREEZE",
          "soAssociationCode": null,
          "soBusinessStatus": null,
          "bizRuleGroup": null,
          "addrDetail": "佛山市禅城区季华五路28号",
          "currExchangeRateType": {
            "id": 2000001
          },
          "slsDcId": {
            "id": 14378001
          },
          "btClass": "SALES",
          "effectiveAt": null,
          "slsPerson": {
            "id": 14094003
          },
          "reCalculate": null,
          "invOrg": null,
          "invLoc": null,
          "priceCalcDate": 1745829637000,
          "deliveryInterceptFail": null,
          "externalBuyerId": null,
          "addrId": {
            "id": 70002638
          },
          "totalAmt": 782144.0,
          "discountAmt": 0.0,
          "discountInfo": "",
          "platformDiscountAmt": null,
          "merchantDiscountAmt": null,
          "actualPaidAmt": null,
          "freightAmt": null,
          "buyerRemark": null,
          "sellerRemark": null,
          "id": 16384004,
          "createdBy": {
            "id": 540175374525637
          },
          "updatedBy": {
            "id": 540175374525637
          },
          "createdAt": 1745829638000,
          "updatedAt": 1745829638000,
          "version": 2,
          "deleted": 0,
          "originOrgId": 0,
          "slsPartnerLinks": [
            {
              "soId": {
                "id": 16384004
              },
              "id": 16228004
            }
          ],
          "soItems": [
            {
              "soId": {
                "id": 16384004
              },
              "id": 16306004
            }
          ]
        },
        {
          "soCode": "SO002638",
          "soDocDate": 1745824720000,
          "soExtCode": null,
          "baseCurrId": {
            "id": 2000001
          },
          "slsCurrId": {
            "id": 2000001
          },
          "exchRate": 1.0,
          "grossBaseAmt": 364408.0,
          "netBaseAmt": 322484.955752,
          "taxAmt": 41923.044248,
          "soCreateSource": "TERP门户",
          "slsOrgId": {
            "id": 14579001
          },
          "slsTmId": null,
          "soTypeId": {
            "soTypeCode": "STND",
            "soTypeName": "标准销售",
            "partnerProcedureHeadRef": {
              "id": 14005002
            },
            "attachmentProcedureHeadRef": null,
            "status": "ENABLED",
            "soTypeDesc": "标准销售",
            "genTextTypeRef": null,
            "isRev": false,
            "isSubmitApproval": true,
            "isModifyApproval": false,
            "currExchangeRateType": {
              "id": 2000001
            },
            "btClass": "SALES",
            "effectiveDays": null,
            "syncPrice": false,
            "isDefault": false,
            "id": 2101001,
            "createdBy": {
              "id": 27
            },
            "updatedBy": {
              "id": 477234922377861
            },
            "createdAt": 1685108645000,
            "updatedAt": 1745892294000,
            "version": 68,
            "deleted": 0,
            "originOrgId": 0
          },
          "custId": {
            "id": 2059001
          },
          "custPersonName": "李月汝",
          "custPhone": "18378999655",
          "slsPersonName": "章昂",
          "slsPhone": "17376596912",
          "soStatus": "EFFECT",
          "approveStatus": null,
          "soTitle": null,
          "soDesc": null,
          "soNotes": null,
          "isFixedExchRate": false,
          "slsComId": {
            "id": 14373001
          },
          "priceIdempotent": "fbc5d85c3ca539cb13cb5c84cd12e301",
          "freezeType": "NU_FREEZE",
          "soAssociationCode": null,
          "soBusinessStatus": null,
          "bizRuleGroup": null,
          "addrDetail": "佛山市禅城区季华五路28号",
          "currExchangeRateType": {
            "id": 2000001
          },
          "slsDcId": {
            "id": 14378001
          },
          "btClass": "SALES",
          "effectiveAt": null,
          "slsPerson": {
            "id": 14094003
          },
          "reCalculate": null,
          "invOrg": null,
          "invLoc": null,
          "priceCalcDate": 1745824486000,
          "deliveryInterceptFail": null,
          "externalBuyerId": null,
          "addrId": {
            "id": 70002638
          },
          "totalAmt": 364408.0,
          "discountAmt": 0.0,
          "discountInfo": "",
          "platformDiscountAmt": null,
          "merchantDiscountAmt": null,
          "actualPaidAmt": null,
          "freightAmt": null,
          "buyerRemark": null,
          "sellerRemark": null,
          "id": 16383007,
          "createdBy": {
            "id": 540175374525637
          },
          "updatedBy": {
            "id": 540175374525637
          },
          "createdAt": 1745824721000,
          "updatedAt": 1745824721000,
          "version": 6,
          "deleted": 0,
          "originOrgId": 0,
          "slsPartnerLinks": [
            {
              "soId": {
                "id": 16383007
              },
              "id": 16227007
            }
          ],
          "soItems": [
            {
              "soId": {
                "id": 16383007
              },
              "id": 16305007
            }
          ]
        },
        {
          "soCode": "SO002632",
          "soDocDate": 1745824695000,
          "soExtCode": null,
          "baseCurrId": {
            "id": 2000001
          },
          "slsCurrId": {
            "id": 2000001
          },
          "exchRate": 1.0,
          "grossBaseAmt": 364408.0,
          "netBaseAmt": 322484.955752,
          "taxAmt": 41923.044248,
          "soCreateSource": "TERP门户",
          "slsOrgId": {
            "id": 14579001
          },
          "slsTmId": null,
          "soTypeId": {
            "soTypeCode": "STND",
            "soTypeName": "标准销售",
            "partnerProcedureHeadRef": {
              "id": 14005002
            },
            "attachmentProcedureHeadRef": null,
            "status": "ENABLED",
            "soTypeDesc": "标准销售",
            "genTextTypeRef": null,
            "isRev": false,
            "isSubmitApproval": true,
            "isModifyApproval": false,
            "currExchangeRateType": {
              "id": 2000001
            },
            "btClass": "SALES",
            "effectiveDays": null,
            "syncPrice": false,
            "isDefault": false,
            "id": 2101001,
            "createdBy": {
              "id": 27
            },
            "updatedBy": {
              "id": 477234922377861
            },
            "createdAt": 1685108645000,
            "updatedAt": 1745892294000,
            "version": 68,
            "deleted": 0,
            "originOrgId": 0
          },
          "custId": {
            "id": 2059001
          },
          "custPersonName": "李月汝",
          "custPhone": "18378999655",
          "slsPersonName": "章昂",
          "slsPhone": "17376596912",
          "soStatus": "EFFECT",
          "approveStatus": null,
          "soTitle": null,
          "soDesc": null,
          "soNotes": null,
          "isFixedExchRate": false,
          "slsComId": {
            "id": 14373001
          },
          "priceIdempotent": "e802d018a86406ab449e625de151a169",
          "freezeType": "ALL_FREEZE",
          "soAssociationCode": null,
          "soBusinessStatus": null,
          "bizRuleGroup": null,
          "addrDetail": "佛山市禅城区季华五路28号",
          "currExchangeRateType": {
            "id": 2000001
          },
          "slsDcId": {
            "id": 14378001
          },
          "btClass": "SALES",
          "effectiveAt": null,
          "slsPerson": {
            "id": 14094003
          },
          "reCalculate": null,
          "invOrg": null,
          "invLoc": null,
          "priceCalcDate": 1745824486000,
          "deliveryInterceptFail": null,
          "externalBuyerId": null,
          "addrId": {
            "id": 70002638
          },
          "totalAmt": 364408.0,
          "discountAmt": 0.0,
          "discountInfo": "",
          "platformDiscountAmt": null,
          "merchantDiscountAmt": null,
          "actualPaidAmt": null,
          "freightAmt": null,
          "buyerRemark": null,
          "sellerRemark": null,
          "id": 16383004,
          "createdBy": {
            "id": 540175374525637
          },
          "updatedBy": {
            "id": 540175374525637
          },
          "createdAt": 1745824696000,
          "updatedAt": 1745824719000,
          "version": 5,
          "deleted": 0,
          "originOrgId": 0,
          "slsPartnerLinks": [
            {
              "soId": {
                "id": 16383004
              },
              "id": 16227004
            }
          ],
          "soItems": [
            {
              "soId": {
                "id": 16383004
              },
              "id": 16305004
            }
          ]
        },
        {
          "soCode": "SO002619",
          "soDocDate": 1745769600000,
          "soExtCode": null,
          "baseCurrId": {
            "id": 2000001
          },
          "slsCurrId": {
            "id": 2000001
          },
          "exchRate": 1.0,
          "grossBaseAmt": 364408.0,
          "netBaseAmt": 322484.955752,
          "taxAmt": 41923.044248,
          "soCreateSource": "TERP门户",
          "slsOrgId": {
            "id": 14579001
          },
          "slsTmId": null,
          "soTypeId": {
            "soTypeCode": "STND",
            "soTypeName": "标准销售",
            "partnerProcedureHeadRef": {
              "id": 14005002
            },
            "attachmentProcedureHeadRef": null,
            "status": "ENABLED",
            "soTypeDesc": "标准销售",
            "genTextTypeRef": null,
            "isRev": false,
            "isSubmitApproval": true,
            "isModifyApproval": false,
            "currExchangeRateType": {
              "id": 2000001
            },
            "btClass": "SALES",
            "effectiveDays": null,
            "syncPrice": false,
            "isDefault": false,
            "id": 2101001,
            "createdBy": {
              "id": 27
            },
            "updatedBy": {
              "id": 477234922377861
            },
            "createdAt": 1685108645000,
            "updatedAt": 1745892294000,
            "version": 68,
            "deleted": 0,
            "originOrgId": 0
          },
          "custId": {
            "id": 2059001
          },
          "custPersonName": "李月汝",
          "custPhone": "18378999655",
          "slsPersonName": "章昂",
          "slsPhone": "17376596912",
          "soStatus": "EFFECT",
          "approveStatus": null,
          "soTitle": null,
          "soDesc": null,
          "soNotes": null,
          "isFixedExchRate": false,
          "slsComId": {
            "id": 14373001
          },
          "priceIdempotent": "1cb4c281d3dc9fe36139414bc9b0d2c2",
          "freezeType": "ALL_FREEZE",
          "soAssociationCode": null,
          "soBusinessStatus": null,
          "bizRuleGroup": null,
          "addrDetail": "佛山市禅城区季华五路28号",
          "currExchangeRateType": {
            "id": 2000001
          },
          "slsDcId": {
            "id": 14378001
          },
          "btClass": "SALES",
          "effectiveAt": null,
          "slsPerson": {
            "id": 14094003
          },
          "reCalculate": null,
          "invOrg": null,
          "invLoc": null,
          "priceCalcDate": 1745824486000,
          "deliveryInterceptFail": null,
          "externalBuyerId": null,
          "addrId": {
            "id": 70002638
          },
          "totalAmt": 364408.0,
          "discountAmt": 0.0,
          "discountInfo": "",
          "platformDiscountAmt": null,
          "merchantDiscountAmt": null,
          "actualPaidAmt": null,
          "freightAmt": null,
          "buyerRemark": null,
          "sellerRemark": null,
          "id": 16382003,
          "createdBy": {
            "id": 540175374525637
          },
          "updatedBy": {
            "id": 540175374525637
          },
          "createdAt": 1745824486000,
          "updatedAt": 1745824694000,
          "version": 3,
          "deleted": 0,
          "originOrgId": 0,
          "slsPartnerLinks": [
            {
              "soId": {
                "id": 16382003
              },
              "id": 16226003
            }
          ],
          "soItems": [
            {
              "soId": {
                "id": 16382003
              },
              "id": 16304003
            }
          ]
        },
        {
          "soCode": "SO002574",
          "soDocDate": 1745478886000,
          "soExtCode": null,
          "baseCurrId": {
            "id": 2000001
          },
          "slsCurrId": {
            "id": 2000001
          },
          "exchRate": 1.0,
          "grossBaseAmt": 195536.0,
          "netBaseAmt": 173040.707965,
          "taxAmt": 22495.292035,
          "soCreateSource": "TERP门户",
          "slsOrgId": {
            "id": 14579001
          },
          "slsTmId": null,
          "soTypeId": {
            "soTypeCode": "STND",
            "soTypeName": "标准销售",
            "partnerProcedureHeadRef": {
              "id": 14005002
            },
            "attachmentProcedureHeadRef": null,
            "status": "ENABLED",
            "soTypeDesc": "标准销售",
            "genTextTypeRef": null,
            "isRev": false,
            "isSubmitApproval": true,
            "isModifyApproval": false,
            "currExchangeRateType": {
              "id": 2000001
            },
            "btClass": "SALES",
            "effectiveDays": null,
            "syncPrice": false,
            "isDefault": false,
            "id": 2101001,
            "createdBy": {
              "id": 27
            },
            "updatedBy": {
              "id": 477234922377861
            },
            "createdAt": 1685108645000,
            "updatedAt": 1745892294000,
            "version": 68,
            "deleted": 0,
            "originOrgId": 0
          },
          "custId": {
            "id": 2059001
          },
          "custPersonName": "李月汝",
          "custPhone": "18378999655",
          "slsPersonName": "章昂",
          "slsPhone": "17376596912",
          "soStatus": "EFFECT",
          "approveStatus": null,
          "soTitle": null,
          "soDesc": null,
          "soNotes": null,
          "isFixedExchRate": false,
          "slsComId": {
            "id": 14373001
          },
          "priceIdempotent": "632927218c9c0fb73373772f390bc821",
          "freezeType": "NU_FREEZE",
          "soAssociationCode": null,
          "soBusinessStatus": null,
          "bizRuleGroup": null,
          "addrDetail": "佛山市禅城区季华五路28号",
          "currExchangeRateType": {
            "id": 2000001
          },
          "slsDcId": {
            "id": 14378001
          },
          "btClass": "SALES",
          "effectiveAt": null,
          "slsPerson": {
            "id": 14094003
          },
          "reCalculate": null,
          "invOrg": null,
          "invLoc": null,
          "priceCalcDate": 1745478868000,
          "deliveryInterceptFail": null,
          "externalBuyerId": null,
          "addrId": {
            "id": 70002638
          },
          "totalAmt": 195536.0,
          "discountAmt": 0.0,
          "discountInfo": "",
          "platformDiscountAmt": null,
          "merchantDiscountAmt": null,
          "actualPaidAmt": null,
          "freightAmt": null,
          "buyerRemark": null,
          "sellerRemark": null,
          "id": 16379147,
          "createdBy": {
            "id": 540175374525637
          },
          "updatedBy": {
            "id": 540175374525637
          },
          "createdAt": 1745478886000,
          "updatedAt": 1745478887000,
          "version": 4,
          "deleted": 0,
          "originOrgId": 0,
          "slsPartnerLinks": [
            {
              "soId": {
                "id": 16379147
              },
              "id": 16223113
            }
          ],
          "soItems": [
            {
              "soId": {
                "id": 16379147
              },
              "id": 16301150
            }
          ]
        },
        {
          "soCode": "SO002568",
          "soDocDate": 1745424000000,
          "soExtCode": null,
          "baseCurrId": {
            "id": 2000001
          },
          "slsCurrId": {
            "id": 2000001
          },
          "exchRate": 1.0,
          "grossBaseAmt": 195536.0,
          "netBaseAmt": 173040.707965,
          "taxAmt": 22495.292035,
          "soCreateSource": "TERP门户",
          "slsOrgId": {
            "id": 14579001
          },
          "slsTmId": null,
          "soTypeId": {
            "soTypeCode": "STND",
            "soTypeName": "标准销售",
            "partnerProcedureHeadRef": {
              "id": 14005002
            },
            "attachmentProcedureHeadRef": null,
            "status": "ENABLED",
            "soTypeDesc": "标准销售",
            "genTextTypeRef": null,
            "isRev": false,
            "isSubmitApproval": true,
            "isModifyApproval": false,
            "currExchangeRateType": {
              "id": 2000001
            },
            "btClass": "SALES",
            "effectiveDays": null,
            "syncPrice": false,
            "isDefault": false,
            "id": 2101001,
            "createdBy": {
              "id": 27
            },
            "updatedBy": {
              "id": 477234922377861
            },
            "createdAt": 1685108645000,
            "updatedAt": 1745892294000,
            "version": 68,
            "deleted": 0,
            "originOrgId": 0
          },
          "custId": {
            "id": 2059001
          },
          "custPersonName": "李月汝",
          "custPhone": "18378999655",
          "slsPersonName": "章昂",
          "slsPhone": "17376596912",
          "soStatus": "EFFECT",
          "approveStatus": null,
          "soTitle": null,
          "soDesc": null,
          "soNotes": null,
          "isFixedExchRate": false,
          "slsComId": {
            "id": 14373001
          },
          "priceIdempotent": "cf630074a36e740cacaa7f4adeedbe77",
          "freezeType": "ALL_FREEZE",
          "soAssociationCode": null,
          "soBusinessStatus": null,
          "bizRuleGroup": null,
          "addrDetail": "佛山市禅城区季华五路28号",
          "currExchangeRateType": {
            "id": 2000001
          },
          "slsDcId": {
            "id": 14378001
          },
          "btClass": "SALES",
          "effectiveAt": null,
          "slsPerson": {
            "id": 14094003
          },
          "reCalculate": null,
          "invOrg": null,
          "invLoc": null,
          "priceCalcDate": 1745478868000,
          "deliveryInterceptFail": null,
          "externalBuyerId": null,
          "addrId": {
            "id": 70002638
          },
          "totalAmt": 195536.0,
          "discountAmt": 0.0,
          "discountInfo": "",
          "platformDiscountAmt": null,
          "merchantDiscountAmt": null,
          "actualPaidAmt": null,
          "freightAmt": null,
          "buyerRemark": null,
          "sellerRemark": null,
          "id": 16379144,
          "createdBy": {
            "id": 540175374525637
          },
          "updatedBy": {
            "id": 540175374525637
          },
          "createdAt": 1745478868000,
          "updatedAt": 1745478884000,
          "version": 3,
          "deleted": 0,
          "originOrgId": 0,
          "slsPartnerLinks": [
            {
              "soId": {
                "id": 16379144
              },
              "id": 16223110
            }
          ],
          "soItems": [
            {
              "soId": {
                "id": 16379144
              },
              "id": 16301147
            }
          ]
        },
        {
          "soCode": "SO002564",
          "soDocDate": 1745424000000,
          "soExtCode": null,
          "baseCurrId": {
            "id": 2000001
          },
          "slsCurrId": {
            "id": 2000001
          },
          "exchRate": 1.0,
          "grossBaseAmt": 151096.0,
          "netBaseAmt": 133713.274336,
          "taxAmt": 17382.725664,
          "soCreateSource": "TERP门户",
          "slsOrgId": {
            "id": 14579001
          },
          "slsTmId": null,
          "soTypeId": {
            "soTypeCode": "STND",
            "soTypeName": "标准销售",
            "partnerProcedureHeadRef": {
              "id": 14005002
            },
            "attachmentProcedureHeadRef": null,
            "status": "ENABLED",
            "soTypeDesc": "标准销售",
            "genTextTypeRef": null,
            "isRev": false,
            "isSubmitApproval": true,
            "isModifyApproval": false,
            "currExchangeRateType": {
              "id": 2000001
            },
            "btClass": "SALES",
            "effectiveDays": null,
            "syncPrice": false,
            "isDefault": false,
            "id": 2101001,
            "createdBy": {
              "id": 27
            },
            "updatedBy": {
              "id": 477234922377861
            },
            "createdAt": 1685108645000,
            "updatedAt": 1745892294000,
            "version": 68,
            "deleted": 0,
            "originOrgId": 0
          },
          "custId": {
            "id": 2059001
          },
          "custPersonName": "李月汝",
          "custPhone": "18378999655",
          "slsPersonName": "章昂",
          "slsPhone": "17376596912",
          "soStatus": "EFFECT",
          "approveStatus": null,
          "soTitle": null,
          "soDesc": null,
          "soNotes": null,
          "isFixedExchRate": false,
          "slsComId": {
            "id": 14373001
          },
          "priceIdempotent": "36d400a453d82cf2b5bb43d31d5405c1",
          "freezeType": "NU_FREEZE",
          "soAssociationCode": null,
          "soBusinessStatus": null,
          "bizRuleGroup": null,
          "addrDetail": "佛山市禅城区季华五路28号",
          "currExchangeRateType": {
            "id": 2000001
          },
          "slsDcId": {
            "id": 14378001
          },
          "btClass": "SALES",
          "effectiveAt": null,
          "slsPerson": {
            "id": 14094003
          },
          "reCalculate": null,
          "invOrg": null,
          "invLoc": null,
          "priceCalcDate": 1745478860000,
          "deliveryInterceptFail": null,
          "externalBuyerId": null,
          "addrId": {
            "id": 70002638
          },
          "totalAmt": 151096.0,
          "discountAmt": 0.0,
          "discountInfo": "",
          "platformDiscountAmt": null,
          "merchantDiscountAmt": null,
          "actualPaidAmt": null,
          "freightAmt": null,
          "buyerRemark": null,
          "sellerRemark": null,
          "id": 16379142,
          "createdBy": {
            "id": 540175374525637
          },
          "updatedBy": {
            "id": 540175374525637
          },
          "createdAt": 1745478861000,
          "updatedAt": 1745478861000,
          "version": 2,
          "deleted": 0,
          "originOrgId": 0,
          "slsPartnerLinks": [
            {
              "soId": {
                "id": 16379142
              },
              "id": 16223108
            }
          ],
          "soItems": [
            {
              "soId": {
                "id": 16379142
              },
              "id": 16301145
            }
          ]
        },
        {
          "soCode": "SO002547",
          "soDocDate": 1745402569000,
          "soExtCode": null,
          "baseCurrId": {
            "id": 2000001
          },
          "slsCurrId": {
            "id": 2000001
          },
          "exchRate": 1.0,
          "grossBaseAmt": 186648.0,
          "netBaseAmt": 165175.221239,
          "taxAmt": 21472.778761,
          "soCreateSource": "TERP门户",
          "slsOrgId": {
            "id": 14579001
          },
          "slsTmId": null,
          "soTypeId": {
            "soTypeCode": "STND",
            "soTypeName": "标准销售",
            "partnerProcedureHeadRef": {
              "id": 14005002
            },
            "attachmentProcedureHeadRef": null,
            "status": "ENABLED",
            "soTypeDesc": "标准销售",
            "genTextTypeRef": null,
            "isRev": false,
            "isSubmitApproval": true,
            "isModifyApproval": false,
            "currExchangeRateType": {
              "id": 2000001
            },
            "btClass": "SALES",
            "effectiveDays": null,
            "syncPrice": false,
            "isDefault": false,
            "id": 2101001,
            "createdBy": {
              "id": 27
            },
            "updatedBy": {
              "id": 477234922377861
            },
            "createdAt": 1685108645000,
            "updatedAt": 1745892294000,
            "version": 68,
            "deleted": 0,
            "originOrgId": 0
          },
          "custId": {
            "id": 2059001
          },
          "custPersonName": "李月汝",
          "custPhone": "18378999655",
          "slsPersonName": "章昂",
          "slsPhone": "17376596912",
          "soStatus": "EFFECT",
          "approveStatus": null,
          "soTitle": null,
          "soDesc": null,
          "soNotes": null,
          "isFixedExchRate": false,
          "slsComId": {
            "id": 14373001
          },
          "priceIdempotent": "69903288006a19f78614bb70cdd586fa",
          "freezeType": "NU_FREEZE",
          "soAssociationCode": null,
          "soBusinessStatus": null,
          "bizRuleGroup": null,
          "addrDetail": "佛山市禅城区季华五路28号",
          "currExchangeRateType": {
            "id": 2000001
          },
          "slsDcId": {
            "id": 14378001
          },
          "btClass": "SALES",
          "effectiveAt": null,
          "slsPerson": {
            "id": 14094003
          },
          "reCalculate": null,
          "invOrg": null,
          "invLoc": null,
          "priceCalcDate": 1745402550000,
          "deliveryInterceptFail": null,
          "externalBuyerId": null,
          "addrId": {
            "id": 70002638
          },
          "totalAmt": 186648.0,
          "discountAmt": 0.0,
          "discountInfo": "",
          "platformDiscountAmt": null,
          "merchantDiscountAmt": null,
          "actualPaidAmt": null,
          "freightAmt": null,
          "buyerRemark": null,
          "sellerRemark": null,
          "id": 16379139,
          "createdBy": {
            "id": 540175374525637
          },
          "updatedBy": {
            "id": 540175374525637
          },
          "createdAt": 1745402569000,
          "updatedAt": 1745402570000,
          "version": 4,
          "deleted": 0,
          "originOrgId": 0,
          "slsPartnerLinks": [
            {
              "soId": {
                "id": 16379139
              },
              "id": 16223105
            }
          ],
          "soItems": [
            {
              "soId": {
                "id": 16379139
              },
              "id": 16301142
            }
          ]
        },
        {
          "soCode": "SO002541",
          "soDocDate": 1745337600000,
          "soExtCode": null,
          "baseCurrId": {
            "id": 2000001
          },
          "slsCurrId": {
            "id": 2000001
          },
          "exchRate": 1.0,
          "grossBaseAmt": 186648.0,
          "netBaseAmt": 165175.221239,
          "taxAmt": 21472.778761,
          "soCreateSource": "TERP门户",
          "slsOrgId": {
            "id": 14579001
          },
          "slsTmId": null,
          "soTypeId": {
            "soTypeCode": "STND",
            "soTypeName": "标准销售",
            "partnerProcedureHeadRef": {
              "id": 14005002
            },
            "attachmentProcedureHeadRef": null,
            "status": "ENABLED",
            "soTypeDesc": "标准销售",
            "genTextTypeRef": null,
            "isRev": false,
            "isSubmitApproval": true,
            "isModifyApproval": false,
            "currExchangeRateType": {
              "id": 2000001
            },
            "btClass": "SALES",
            "effectiveDays": null,
            "syncPrice": false,
            "isDefault": false,
            "id": 2101001,
            "createdBy": {
              "id": 27
            },
            "updatedBy": {
              "id": 477234922377861
            },
            "createdAt": 1685108645000,
            "updatedAt": 1745892294000,
            "version": 68,
            "deleted": 0,
            "originOrgId": 0
          },
          "custId": {
            "id": 2059001
          },
          "custPersonName": "李月汝",
          "custPhone": "18378999655",
          "slsPersonName": "章昂",
          "slsPhone": "17376596912",
          "soStatus": "EFFECT",
          "approveStatus": null,
          "soTitle": null,
          "soDesc": null,
          "soNotes": null,
          "isFixedExchRate": false,
          "slsComId": {
            "id": 14373001
          },
          "priceIdempotent": "c568c6304149b1eef83f96a45914f0d4",
          "freezeType": "ALL_FREEZE",
          "soAssociationCode": null,
          "soBusinessStatus": null,
          "bizRuleGroup": null,
          "addrDetail": "佛山市禅城区季华五路28号",
          "currExchangeRateType": {
            "id": 2000001
          },
          "slsDcId": {
            "id": 14378001
          },
          "btClass": "SALES",
          "effectiveAt": null,
          "slsPerson": {
            "id": 14094003
          },
          "reCalculate": null,
          "invOrg": null,
          "invLoc": null,
          "priceCalcDate": 1745402550000,
          "deliveryInterceptFail": null,
          "externalBuyerId": null,
          "addrId": {
            "id": 70002638
          },
          "totalAmt": 186648.0,
          "discountAmt": 0.0,
          "discountInfo": "",
          "platformDiscountAmt": null,
          "merchantDiscountAmt": null,
          "actualPaidAmt": null,
          "freightAmt": null,
          "buyerRemark": null,
          "sellerRemark": null,
          "id": 16379136,
          "createdBy": {
            "id": 540175374525637
          },
          "updatedBy": {
            "id": 540175374525637
          },
          "createdAt": 1745402550000,
          "updatedAt": 1745402568000,
          "version": 3,
          "deleted": 0,
          "originOrgId": 0,
          "slsPartnerLinks": [
            {
              "soId": {
                "id": 16379136
              },
              "id": 16223102
            }
          ],
          "soItems": [
            {
              "soId": {
                "id": 16379136
              },
              "id": 16301139
            }
          ]
        },
        {
          "soCode": "SO002537",
          "soDocDate": 1745337600000,
          "soExtCode": null,
          "baseCurrId": {
            "id": 2000001
          },
          "slsCurrId": {
            "id": 2000001
          },
          "exchRate": 1.0,
          "grossBaseAmt": 88880.0,
          "netBaseAmt": 78654.867257,
          "taxAmt": 10225.132743,
          "soCreateSource": "TERP门户",
          "slsOrgId": {
            "id": 14579001
          },
          "slsTmId": null,
          "soTypeId": {
            "soTypeCode": "STND",
            "soTypeName": "标准销售",
            "partnerProcedureHeadRef": {
              "id": 14005002
            },
            "attachmentProcedureHeadRef": null,
            "status": "ENABLED",
            "soTypeDesc": "标准销售",
            "genTextTypeRef": null,
            "isRev": false,
            "isSubmitApproval": true,
            "isModifyApproval": false,
            "currExchangeRateType": {
              "id": 2000001
            },
            "btClass": "SALES",
            "effectiveDays": null,
            "syncPrice": false,
            "isDefault": false,
            "id": 2101001,
            "createdBy": {
              "id": 27
            },
            "updatedBy": {
              "id": 477234922377861
            },
            "createdAt": 1685108645000,
            "updatedAt": 1745892294000,
            "version": 68,
            "deleted": 0,
            "originOrgId": 0
          },
          "custId": {
            "id": 2059001
          },
          "custPersonName": "李月汝",
          "custPhone": "18378999655",
          "slsPersonName": "章昂",
          "slsPhone": "17376596912",
          "soStatus": "EFFECT",
          "approveStatus": null,
          "soTitle": null,
          "soDesc": null,
          "soNotes": null,
          "isFixedExchRate": false,
          "slsComId": {
            "id": 14373001
          },
          "priceIdempotent": "f041c94629cfd24fff6fbae870c676fa",
          "freezeType": "NU_FREEZE",
          "soAssociationCode": null,
          "soBusinessStatus": null,
          "bizRuleGroup": null,
          "addrDetail": "佛山市禅城区季华五路28号",
          "currExchangeRateType": {
            "id": 2000001
          },
          "slsDcId": {
            "id": 14378001
          },
          "btClass": "SALES",
          "effectiveAt": null,
          "slsPerson": {
            "id": 14094003
          },
          "reCalculate": null,
          "invOrg": null,
          "invLoc": null,
          "priceCalcDate": 1745402541000,
          "deliveryInterceptFail": null,
          "externalBuyerId": null,
          "addrId": {
            "id": 70002638
          },
          "totalAmt": 88880.0,
          "discountAmt": 0.0,
          "discountInfo": "",
          "platformDiscountAmt": null,
          "merchantDiscountAmt": null,
          "actualPaidAmt": null,
          "freightAmt": null,
          "buyerRemark": null,
          "sellerRemark": null,
          "id": 16379134,
          "createdBy": {
            "id": 540175374525637
          },
          "updatedBy": {
            "id": 540175374525637
          },
          "createdAt": 1745402542000,
          "updatedAt": 1745402542000,
          "version": 2,
          "deleted": 0,
          "originOrgId": 0,
          "slsPartnerLinks": [
            {
              "soId": {
                "id": 16379134
              },
              "id": 16223100
            }
          ],
          "soItems": [
            {
              "soId": {
                "id": 16379134
              },
              "id": 16301137
            }
          ]
        },
        {
          "soCode": "SO002533",
          "soDocDate": 1745402393000,
          "soExtCode": null,
          "baseCurrId": {
            "id": 2000001
          },
          "slsCurrId": {
            "id": 2000001
          },
          "exchRate": 1.0,
          "grossBaseAmt": 728816.0,
          "netBaseAmt": 644969.911504,
          "taxAmt": 83846.088496,
          "soCreateSource": "TERP门户",
          "slsOrgId": {
            "id": 14579001
          },
          "slsTmId": null,
          "soTypeId": {
            "soTypeCode": "STND",
            "soTypeName": "标准销售",
            "partnerProcedureHeadRef": {
              "id": 14005002
            },
            "attachmentProcedureHeadRef": null,
            "status": "ENABLED",
            "soTypeDesc": "标准销售",
            "genTextTypeRef": null,
            "isRev": false,
            "isSubmitApproval": true,
            "isModifyApproval": false,
            "currExchangeRateType": {
              "id": 2000001
            },
            "btClass": "SALES",
            "effectiveDays": null,
            "syncPrice": false,
            "isDefault": false,
            "id": 2101001,
            "createdBy": {
              "id": 27
            },
            "updatedBy": {
              "id": 477234922377861
            },
            "createdAt": 1685108645000,
            "updatedAt": 1745892294000,
            "version": 68,
            "deleted": 0,
            "originOrgId": 0
          },
          "custId": {
            "id": 2059001
          },
          "custPersonName": "李月汝",
          "custPhone": "18378999655",
          "slsPersonName": "章昂",
          "slsPhone": "17376596912",
          "soStatus": "EFFECT",
          "approveStatus": null,
          "soTitle": null,
          "soDesc": null,
          "soNotes": null,
          "isFixedExchRate": false,
          "slsComId": {
            "id": 14373001
          },
          "priceIdempotent": "b873b63cec5d385206156b61d48871fb",
          "freezeType": "NU_FREEZE",
          "soAssociationCode": null,
          "soBusinessStatus": null,
          "bizRuleGroup": null,
          "addrDetail": "佛山市禅城区季华五路28号",
          "currExchangeRateType": {
            "id": 2000001
          },
          "slsDcId": {
            "id": 14378001
          },
          "btClass": "SALES",
          "effectiveAt": null,
          "slsPerson": {
            "id": 14094003
          },
          "reCalculate": null,
          "invOrg": null,
          "invLoc": null,
          "priceCalcDate": 1745402374000,
          "deliveryInterceptFail": null,
          "externalBuyerId": null,
          "addrId": {
            "id": 70002638
          },
          "totalAmt": 728816.0,
          "discountAmt": 0.0,
          "discountInfo": "",
          "platformDiscountAmt": null,
          "merchantDiscountAmt": null,
          "actualPaidAmt": null,
          "freightAmt": null,
          "buyerRemark": null,
          "sellerRemark": null,
          "id": 16379132,
          "createdBy": {
            "id": 540175374525637
          },
          "updatedBy": {
            "id": 540175374525637
          },
          "createdAt": 1745402393000,
          "updatedAt": 1745402393000,
          "version": 4,
          "deleted": 0,
          "originOrgId": 0,
          "slsPartnerLinks": [
            {
              "soId": {
                "id": 16379132
              },
              "id": 16223098
            }
          ],
          "soItems": [
            {
              "soId": {
                "id": 16379132
              },
              "id": 16301135
            }
          ]
        },
        {
          "soCode": "SO002527",
          "soDocDate": 1745337600000,
          "soExtCode": null,
          "baseCurrId": {
            "id": 2000001
          },
          "slsCurrId": {
            "id": 2000001
          },
          "exchRate": 1.0,
          "grossBaseAmt": 728816.0,
          "netBaseAmt": 644969.911504,
          "taxAmt": 83846.088496,
          "soCreateSource": "TERP门户",
          "slsOrgId": {
            "id": 14579001
          },
          "slsTmId": null,
          "soTypeId": {
            "soTypeCode": "STND",
            "soTypeName": "标准销售",
            "partnerProcedureHeadRef": {
              "id": 14005002
            },
            "attachmentProcedureHeadRef": null,
            "status": "ENABLED",
            "soTypeDesc": "标准销售",
            "genTextTypeRef": null,
            "isRev": false,
            "isSubmitApproval": true,
            "isModifyApproval": false,
            "currExchangeRateType": {
              "id": 2000001
            },
            "btClass": "SALES",
            "effectiveDays": null,
            "syncPrice": false,
            "isDefault": false,
            "id": 2101001,
            "createdBy": {
              "id": 27
            },
            "updatedBy": {
              "id": 477234922377861
            },
            "createdAt": 1685108645000,
            "updatedAt": 1745892294000,
            "version": 68,
            "deleted": 0,
            "originOrgId": 0
          },
          "custId": {
            "id": 2059001
          },
          "custPersonName": "李月汝",
          "custPhone": "18378999655",
          "slsPersonName": "章昂",
          "slsPhone": "17376596912",
          "soStatus": "EFFECT",
          "approveStatus": null,
          "soTitle": null,
          "soDesc": null,
          "soNotes": null,
          "isFixedExchRate": false,
          "slsComId": {
            "id": 14373001
          },
          "priceIdempotent": "44720480c595d532d8fb37811e9ab76a",
          "freezeType": "ALL_FREEZE",
          "soAssociationCode": null,
          "soBusinessStatus": null,
          "bizRuleGroup": null,
          "addrDetail": "佛山市禅城区季华五路28号",
          "currExchangeRateType": {
            "id": 2000001
          },
          "slsDcId": {
            "id": 14378001
          },
          "btClass": "SALES",
          "effectiveAt": null,
          "slsPerson": {
            "id": 14094003
          },
          "reCalculate": null,
          "invOrg": null,
          "invLoc": null,
          "priceCalcDate": 1745402374000,
          "deliveryInterceptFail": null,
          "externalBuyerId": null,
          "addrId": {
            "id": 70002638
          },
          "totalAmt": 728816.0,
          "discountAmt": 0.0,
          "discountInfo": "",
          "platformDiscountAmt": null,
          "merchantDiscountAmt": null,
          "actualPaidAmt": null,
          "freightAmt": null,
          "buyerRemark": null,
          "sellerRemark": null,
          "id": 16379129,
          "createdBy": {
            "id": 540175374525637
          },
          "updatedBy": {
            "id": 540175374525637
          },
          "createdAt": 1745402374000,
          "updatedAt": 1745402391000,
          "version": 3,
          "deleted": 0,
          "originOrgId": 0,
          "slsPartnerLinks": [
            {
              "soId": {
                "id": 16379129
              },
              "id": 16223095
            }
          ],
          "soItems": [
            {
              "soId": {
                "id": 16379129
              },
              "id": 16301132
            }
          ]
        },
        {
          "soCode": "SO002523",
          "soDocDate": 1745337600000,
          "soExtCode": null,
          "baseCurrId": {
            "id": 2000001
          },
          "slsCurrId": {
            "id": 2000001
          },
          "exchRate": 1.0,
          "grossBaseAmt": 151096.0,
          "netBaseAmt": 133713.274336,
          "taxAmt": 17382.725664,
          "soCreateSource": "TERP门户",
          "slsOrgId": {
            "id": 14579001
          },
          "slsTmId": null,
          "soTypeId": {
            "soTypeCode": "STND",
            "soTypeName": "标准销售",
            "partnerProcedureHeadRef": {
              "id": 14005002
            },
            "attachmentProcedureHeadRef": null,
            "status": "ENABLED",
            "soTypeDesc": "标准销售",
            "genTextTypeRef": null,
            "isRev": false,
            "isSubmitApproval": true,
            "isModifyApproval": false,
            "currExchangeRateType": {
              "id": 2000001
            },
            "btClass": "SALES",
            "effectiveDays": null,
            "syncPrice": false,
            "isDefault": false,
            "id": 2101001,
            "createdBy": {
              "id": 27
            },
            "updatedBy": {
              "id": 477234922377861
            },
            "createdAt": 1685108645000,
            "updatedAt": 1745892294000,
            "version": 68,
            "deleted": 0,
            "originOrgId": 0
          },
          "custId": {
            "id": 2059001
          },
          "custPersonName": "李月汝",
          "custPhone": "18378999655",
          "slsPersonName": "章昂",
          "slsPhone": "17376596912",
          "soStatus": "EFFECT",
          "approveStatus": null,
          "soTitle": null,
          "soDesc": null,
          "soNotes": null,
          "isFixedExchRate": false,
          "slsComId": {
            "id": 14373001
          },
          "priceIdempotent": "c2bd948b2c2654b6a7bdc1a036e0de78",
          "freezeType": "NU_FREEZE",
          "soAssociationCode": null,
          "soBusinessStatus": null,
          "bizRuleGroup": null,
          "addrDetail": "佛山市禅城区季华五路28号",
          "currExchangeRateType": {
            "id": 2000001
          },
          "slsDcId": {
            "id": 14378001
          },
          "btClass": "SALES",
          "effectiveAt": null,
          "slsPerson": {
            "id": 14094003
          },
          "reCalculate": null,
          "invOrg": null,
          "invLoc": null,
          "priceCalcDate": 1745402367000,
          "deliveryInterceptFail": null,
          "externalBuyerId": null,
          "addrId": {
            "id": 70002638
          },
          "totalAmt": 151096.0,
          "discountAmt": 0.0,
          "discountInfo": "",
          "platformDiscountAmt": null,
          "merchantDiscountAmt": null,
          "actualPaidAmt": null,
          "freightAmt": null,
          "buyerRemark": null,
          "sellerRemark": null,
          "id": 16379127,
          "createdBy": {
            "id": 540175374525637
          },
          "updatedBy": {
            "id": 540175374525637
          },
          "createdAt": 1745402367000,
          "updatedAt": 1745402368000,
          "version": 2,
          "deleted": 0,
          "originOrgId": 0,
          "slsPartnerLinks": [
            {
              "soId": {
                "id": 16379127
              },
              "id": 16223093
            }
          ],
          "soItems": [
            {
              "soId": {
                "id": 16379127
              },
              "id": 16301130
            }
          ]
        },
        {
          "soCode": "SO002519",
          "soDocDate": 1745401508000,
          "soExtCode": null,
          "baseCurrId": {
            "id": 2000001
          },
          "slsCurrId": {
            "id": 2000001
          },
          "exchRate": 1.0,
          "grossBaseAmt": 355520.0,
          "netBaseAmt": 314619.469027,
          "taxAmt": 40900.530973,
          "soCreateSource": "TERP门户",
          "slsOrgId": {
            "id": 14579001
          },
          "slsTmId": null,
          "soTypeId": {
            "soTypeCode": "STND",
            "soTypeName": "标准销售",
            "partnerProcedureHeadRef": {
              "id": 14005002
            },
            "attachmentProcedureHeadRef": null,
            "status": "ENABLED",
            "soTypeDesc": "标准销售",
            "genTextTypeRef": null,
            "isRev": false,
            "isSubmitApproval": true,
            "isModifyApproval": false,
            "currExchangeRateType": {
              "id": 2000001
            },
            "btClass": "SALES",
            "effectiveDays": null,
            "syncPrice": false,
            "isDefault": false,
            "id": 2101001,
            "createdBy": {
              "id": 27
            },
            "updatedBy": {
              "id": 477234922377861
            },
            "createdAt": 1685108645000,
            "updatedAt": 1745892294000,
            "version": 68,
            "deleted": 0,
            "originOrgId": 0
          },
          "custId": {
            "id": 2059001
          },
          "custPersonName": "李月汝",
          "custPhone": "18378999655",
          "slsPersonName": "章昂",
          "slsPhone": "17376596912",
          "soStatus": "EFFECT",
          "approveStatus": null,
          "soTitle": null,
          "soDesc": null,
          "soNotes": null,
          "isFixedExchRate": false,
          "slsComId": {
            "id": 14373001
          },
          "priceIdempotent": "d4a2bae459d11e7e95cdd78d25f8e35c",
          "freezeType": "NU_FREEZE",
          "soAssociationCode": null,
          "soBusinessStatus": null,
          "bizRuleGroup": null,
          "addrDetail": "佛山市禅城区季华五路28号",
          "currExchangeRateType": {
            "id": 2000001
          },
          "slsDcId": {
            "id": 14378001
          },
          "btClass": "SALES",
          "effectiveAt": null,
          "slsPerson": {
            "id": 14094003
          },
          "reCalculate": null,
          "invOrg": null,
          "invLoc": null,
          "priceCalcDate": 1745401476000,
          "deliveryInterceptFail": null,
          "externalBuyerId": null,
          "addrId": {
            "id": 70002638
          },
          "totalAmt": 355520.0,
          "discountAmt": 0.0,
          "discountInfo": "",
          "platformDiscountAmt": null,
          "merchantDiscountAmt": null,
          "actualPaidAmt": null,
          "freightAmt": null,
          "buyerRemark": null,
          "sellerRemark": null,
          "id": 16379125,
          "createdBy": {
            "id": 540175374525637
          },
          "updatedBy": {
            "id": 540175374525637
          },
          "createdAt": 1745401508000,
          "updatedAt": 1745401509000,
          "version": 4,
          "deleted": 0,
          "originOrgId": 0,
          "slsPartnerLinks": [
            {
              "soId": {
                "id": 16379125
              },
              "id": 16223091
            }
          ],
          "soItems": [
            {
              "soId": {
                "id": 16379125
              },
              "id": 16301128
            }
          ]
        },
        {
          "soCode": "SO002513",
          "soDocDate": 1745337600000,
          "soExtCode": null,
          "baseCurrId": {
            "id": 2000001
          },
          "slsCurrId": {
            "id": 2000001
          },
          "exchRate": 1.0,
          "grossBaseAmt": 355520.0,
          "netBaseAmt": 314619.469027,
          "taxAmt": 40900.530973,
          "soCreateSource": "TERP门户",
          "slsOrgId": {
            "id": 14579001
          },
          "slsTmId": null,
          "soTypeId": {
            "soTypeCode": "STND",
            "soTypeName": "标准销售",
            "partnerProcedureHeadRef": {
              "id": 14005002
            },
            "attachmentProcedureHeadRef": null,
            "status": "ENABLED",
            "soTypeDesc": "标准销售",
            "genTextTypeRef": null,
            "isRev": false,
            "isSubmitApproval": true,
            "isModifyApproval": false,
            "currExchangeRateType": {
              "id": 2000001
            },
            "btClass": "SALES",
            "effectiveDays": null,
            "syncPrice": false,
            "isDefault": false,
            "id": 2101001,
            "createdBy": {
              "id": 27
            },
            "updatedBy": {
              "id": 477234922377861
            },
            "createdAt": 1685108645000,
            "updatedAt": 1745892294000,
            "version": 68,
            "deleted": 0,
            "originOrgId": 0
          },
          "custId": {
            "id": 2059001
          },
          "custPersonName": "李月汝",
          "custPhone": "18378999655",
          "slsPersonName": "章昂",
          "slsPhone": "17376596912",
          "soStatus": "EFFECT",
          "approveStatus": null,
          "soTitle": null,
          "soDesc": null,
          "soNotes": null,
          "isFixedExchRate": false,
          "slsComId": {
            "id": 14373001
          },
          "priceIdempotent": "bdd1cb63923ffe1862bc5aac5a4c3a95",
          "freezeType": "ALL_FREEZE",
          "soAssociationCode": null,
          "soBusinessStatus": null,
          "bizRuleGroup": null,
          "addrDetail": "佛山市禅城区季华五路28号",
          "currExchangeRateType": {
            "id": 2000001
          },
          "slsDcId": {
            "id": 14378001
          },
          "btClass": "SALES",
          "effectiveAt": null,
          "slsPerson": {
            "id": 14094003
          },
          "reCalculate": null,
          "invOrg": null,
          "invLoc": null,
          "priceCalcDate": 1745401476000,
          "deliveryInterceptFail": null,
          "externalBuyerId": null,
          "addrId": {
            "id": 70002638
          },
          "totalAmt": 355520.0,
          "discountAmt": 0.0,
          "discountInfo": "",
          "platformDiscountAmt": null,
          "merchantDiscountAmt": null,
          "actualPaidAmt": null,
          "freightAmt": null,
          "buyerRemark": null,
          "sellerRemark": null,
          "id": 16379122,
          "createdBy": {
            "id": 540175374525637
          },
          "updatedBy": {
            "id": 540175374525637
          },
          "createdAt": 1745401477000,
          "updatedAt": 1745401505000,
          "version": 3,
          "deleted": 0,
          "originOrgId": 0,
          "slsPartnerLinks": [
            {
              "soId": {
                "id": 16379122
              },
              "id": 16223088
            }
          ],
          "soItems": [
            {
              "soId": {
                "id": 16379122
              },
              "id": 16301125
            }
          ]
        }
      ],
      "total": 205
    }
  }
}
2025-05-07 11:35:36|LogUtil.info line:33| 发送请求: 按单据状态 EFFECT 查询销售订单列表
2025-05-07 11:35:36|test_02_orderlist_query.test_03_query_orders_by_status line:333| 
提取的嵌套数据: [
  {
    "soCode": "SO002863",
    "soDocDate": 1746513503000,
    "soExtCode": "LSD2025050600013",
    "baseCurrId": {
      "id": 2000001
    },
    "slsCurrId": {
      "id": 2000001
    },
    "exchRate": 1.0,
    "grossBaseAmt": 115.0,
    "netBaseAmt": 101.769912,
    "taxAmt": 13.230088,
    "soCreateSource": "TERP门户",
    "slsOrgId": {
      "id": 14139002
    },
    "slsTmId": null,
    "soTypeId": {
      "soTypeCode": "STND",
      "soTypeName": "标准销售",
      "partnerProcedureHeadRef": {
        "id": 14005002
      },
      "attachmentProcedureHeadRef": null,
      "status": "ENABLED",
      "soTypeDesc": "标准销售",
      "genTextTypeRef": null,
      "isRev": false,
      "isSubmitApproval": true,
      "isModifyApproval": false,
      "currExchangeRateType": {
        "id": 2000001
      },
      "btClass": "SALES",
      "effectiveDays": null,
      "syncPrice": false,
      "isDefault": false,
      "id": 2101001,
      "createdBy": {
        "id": 27
      },
      "updatedBy": {
        "id": 477234922377861
      },
      "createdAt": 1685108645000,
      "updatedAt": 1745892294000,
      "version": 68,
      "deleted": 0,
      "originOrgId": 0
    },
    "custId": {
      "id": 2059001
    },
    "custPersonName": "李月汝",
    "custPhone": "18378999655",
    "slsPersonName": "侯新雨",
    "slsPhone": "15825540081",
    "soStatus": "EFFECT",
    "approveStatus": null,
    "soTitle": null,
    "soDesc": null,
    "soNotes": null,
    "isFixedExchRate": false,
    "slsComId": {
      "id": 14139001
    },
    "priceIdempotent": "02b4872c5683216f95f20e8c4dbdd331",
    "freezeType": "NU_FREEZE",
    "soAssociationCode": null,
    "soBusinessStatus": null,
    "bizRuleGroup": null,
    "addrDetail": "佛山市禅城区季华五路28号",
    "currExchangeRateType": {
      "id": 2000001
    },
    "slsDcId": {
      "id": 2001001
    },
    "btClass": "SALES",
    "effectiveAt": null,
    "slsPerson": {
      "id": 14123089
    },
    "reCalculate": null,
    "invOrg": null,
    "invLoc": null,
    "priceCalcDate": 1745994478000,
    "deliveryInterceptFail": true,
    "externalBuyerId": null,
    "addrId": {
      "id": 70002638
    },
    "totalAmt": 115.0,
    "discountAmt": 0.0,
    "discountInfo": null,
    "platformDiscountAmt": null,
    "merchantDiscountAmt": null,
    "actualPaidAmt": null,
    "freightAmt": null,
    "buyerRemark": null,
    "sellerRemark": null,
    "id": 16392001,
    "createdBy": {
      "id": 540175374525637
    },
    "updatedBy": {
      "id": 547355592959109
    },
    "createdAt": 1746513503000,
    "updatedAt": 1746532891000,
    "version": 11,
    "deleted": 0,
    "originOrgId": 0,
    "slsPartnerLinks": [
      {
        "soId": {
          "id": 16392001
        },
        "id": 16236001
      }
    ],
    "soItems": [
      {
        "soId": {
          "id": 16392001
        },
        "id": 16314001
      }
    ]
  },
  {
    "soCode": "SO002656",
    "soDocDate": 1745769600000,
    "soExtCode": null,
    "baseCurrId": {
      "id": 2000001
    },
    "slsCurrId": {
      "id": 2000001
    },
    "exchRate": 1.0,
    "grossBaseAmt": 604384.0,
    "netBaseAmt": 534853.097345,
    "taxAmt": 69530.902655,
    "soCreateSource": "TERP门户",
    "slsOrgId": {
      "id": 14579001
    },
    "slsTmId": null,
    "soTypeId": {
      "soTypeCode": "STND",
      "soTypeName": "标准销售",
      "partnerProcedureHeadRef": {
        "id": 14005002
      },
      "attachmentProcedureHeadRef": null,
      "status": "ENABLED",
      "soTypeDesc": "标准销售",
      "genTextTypeRef": null,
      "isRev": false,
      "isSubmitApproval": true,
      "isModifyApproval": false,
      "currExchangeRateType": {
        "id": 2000001
      },
      "btClass": "SALES",
      "effectiveDays": null,
      "syncPrice": false,
      "isDefault": false,
      "id": 2101001,
      "createdBy": {
        "id": 27
      },
      "updatedBy": {
        "id": 477234922377861
      },
      "createdAt": 1685108645000,
      "updatedAt": 1745892294000,
      "version": 68,
      "deleted": 0,
      "originOrgId": 0
    },
    "custId": {
      "id": 2059001
    },
    "custPersonName": "李月汝",
    "custPhone": "18378999655",
    "slsPersonName": "章昂",
    "slsPhone": "17376596912",
    "soStatus": "EFFECT",
    "approveStatus": null,
    "soTitle": null,
    "soDesc": null,
    "soNotes": null,
    "isFixedExchRate": false,
    "slsComId": {
      "id": 14373001
    },
    "priceIdempotent": "0b27bb5c644d5a042c9612909fedac42",
    "freezeType": "NU_FREEZE",
    "soAssociationCode": null,
    "soBusinessStatus": "DOC_CREATED",
    "bizRuleGroup": null,
    "addrDetail": "佛山市禅城区季华五路28号",
    "currExchangeRateType": {
      "id": 2000001
    },
    "slsDcId": {
      "id": 14378001
    },
    "btClass": "SALES",
    "effectiveAt": null,
    "slsPerson": {
      "id": 14094003
    },
    "reCalculate": null,
    "invOrg": null,
    "invLoc": null,
    "priceCalcDate": 1745829654000,
    "deliveryInterceptFail": null,
    "externalBuyerId": null,
    "addrId": {
      "id": 70002638
    },
    "totalAmt": 604384.0,
    "discountAmt": 0.0,
    "discountInfo": "",
    "platformDiscountAmt": null,
    "merchantDiscountAmt": null,
    "actualPaidAmt": null,
    "freightAmt": null,
    "buyerRemark": null,
    "sellerRemark": null,
    "id": 16384009,
    "createdBy": {
      "id": 540175374525637
    },
    "updatedBy": {
      "id": 477234922377861
    },
    "createdAt": 1745829654000,
    "updatedAt": 1745832985000,
    "version": 3,
    "deleted": 0,
    "originOrgId": 0,
    "slsPartnerLinks": [
      {
        "soId": {
          "id": 16384009
        },
        "id": 16228009
      }
    ],
    "soItems": [
      {
        "soId": {
          "id": 16384009
        },
        "id": 16306009
      }
    ]
  },
  {
    "soCode": "SO002652",
    "soDocDate": 1745829651000,
    "soExtCode": null,
    "baseCurrId": {
      "id": 2000001
    },
    "slsCurrId": {
      "id": 2000001
    },
    "exchRate": 1.0,
    "grossBaseAmt": 453288.0,
    "netBaseAmt": 401139.823009,
    "taxAmt": 52148.176991,
    "soCreateSource": "TERP门户",
    "slsOrgId": {
      "id": 14579001
    },
    "slsTmId": null,
    "soTypeId": {
      "soTypeCode": "STND",
      "soTypeName": "标准销售",
      "partnerProcedureHeadRef": {
        "id": 14005002
      },
      "attachmentProcedureHeadRef": null,
      "status": "ENABLED",
      "soTypeDesc": "标准销售",
      "genTextTypeRef": null,
      "isRev": false,
      "isSubmitApproval": true,
      "isModifyApproval": false,
      "currExchangeRateType": {
        "id": 2000001
      },
      "btClass": "SALES",
      "effectiveDays": null,
      "syncPrice": false,
      "isDefault": false,
      "id": 2101001,
      "createdBy": {
        "id": 27
      },
      "updatedBy": {
        "id": 477234922377861
      },
      "createdAt": 1685108645000,
      "updatedAt": 1745892294000,
      "version": 68,
      "deleted": 0,
      "originOrgId": 0
    },
    "custId": {
      "id": 2059001
    },
    "custPersonName": "李月汝",
    "custPhone": "18378999655",
    "slsPersonName": "章昂",
    "slsPhone": "17376596912",
    "soStatus": "EFFECT",
    "approveStatus": null,
    "soTitle": null,
    "soDesc": null,
    "soNotes": null,
    "isFixedExchRate": false,
    "slsComId": {
      "id": 14373001
    },
    "priceIdempotent": "29263a81c6a76fe913791aff46c031b4",
    "freezeType": "NU_FREEZE",
    "soAssociationCode": null,
    "soBusinessStatus": null,
    "bizRuleGroup": null,
    "addrDetail": "佛山市禅城区季华五路28号",
    "currExchangeRateType": {
      "id": 2000001
    },
    "slsDcId": {
      "id": 14378001
    },
    "btClass": "SALES",
    "effectiveAt": null,
    "slsPerson": {
      "id": 14094003
    },
    "reCalculate": null,
    "invOrg": null,
    "invLoc": null,
    "priceCalcDate": 1745829644000,
    "deliveryInterceptFail": null,
    "externalBuyerId": null,
    "addrId": {
      "id": 70002638
    },
    "totalAmt": 453288.0,
    "discountAmt": 0.0,
    "discountInfo": "",
    "platformDiscountAmt": null,
    "merchantDiscountAmt": null,
    "actualPaidAmt": null,
    "freightAmt": null,
    "buyerRemark": null,
    "sellerRemark": null,
    "id": 16384007,
    "createdBy": {
      "id": 540175374525637
    },
    "updatedBy": {
      "id": 540175374525637
    },
    "createdAt": 1745829651000,
    "updatedAt": 1745829651000,
    "version": 5,
    "deleted": 0,
    "originOrgId": 0,
    "slsPartnerLinks": [
      {
        "soId": {
          "id": 16384007
        },
        "id": 16228007
      }
    ],
    "soItems": [
      {
        "soId": {
          "id": 16384007
        },
        "id": 16306007
      }
    ]
  },
  {
    "soCode": "SO002650",
    "soDocDate": 1745769600000,
    "soExtCode": null,
    "baseCurrId": {
      "id": 2000001
    },
    "slsCurrId": {
      "id": 2000001
    },
    "exchRate": 1.0,
    "grossBaseAmt": 453288.0,
    "netBaseAmt": 401139.823009,
    "taxAmt": 52148.176991,
    "soCreateSource": "TERP门户",
    "slsOrgId": {
      "id": 14579001
    },
    "slsTmId": null,
    "soTypeId": {
      "soTypeCode": "STND",
      "soTypeName": "标准销售",
      "partnerProcedureHeadRef": {
        "id": 14005002
      },
      "attachmentProcedureHeadRef": null,
      "status": "ENABLED",
      "soTypeDesc": "标准销售",
      "genTextTypeRef": null,
      "isRev": false,
      "isSubmitApproval": true,
      "isModifyApproval": false,
      "currExchangeRateType": {
        "id": 2000001
      },
      "btClass": "SALES",
      "effectiveDays": null,
      "syncPrice": false,
      "isDefault": false,
      "id": 2101001,
      "createdBy": {
        "id": 27
      },
      "updatedBy": {
        "id": 477234922377861
      },
      "createdAt": 1685108645000,
      "updatedAt": 1745892294000,
      "version": 68,
      "deleted": 0,
      "originOrgId": 0
    },
    "custId": {
      "id": 2059001
    },
    "custPersonName": "李月汝",
    "custPhone": "18378999655",
    "slsPersonName": "章昂",
    "slsPhone": "17376596912",
    "soStatus": "EFFECT",
    "approveStatus": null,
    "soTitle": null,
    "soDesc": null,
    "soNotes": null,
    "isFixedExchRate": false,
    "slsComId": {
      "id": 14373001
    },
    "priceIdempotent": "0d50fae7dab1832583e5f209383f27cb",
    "freezeType": "ALL_FREEZE",
    "soAssociationCode": null,
    "soBusinessStatus": null,
    "bizRuleGroup": null,
    "addrDetail": "佛山市禅城区季华五路28号",
    "currExchangeRateType": {
      "id": 2000001
    },
    "slsDcId": {
      "id": 14378001
    },
    "btClass": "SALES",
    "effectiveAt": null,
    "slsPerson": {
      "id": 14094003
    },
    "reCalculate": null,
    "invOrg": null,
    "invLoc": null,
    "priceCalcDate": 1745829644000,
    "deliveryInterceptFail": null,
    "externalBuyerId": null,
    "addrId": {
      "id": 70002638
    },
    "totalAmt": 453288.0,
    "discountAmt": 0.0,
    "discountInfo": "",
    "platformDiscountAmt": null,
    "merchantDiscountAmt": null,
    "actualPaidAmt": null,
    "freightAmt": null,
    "buyerRemark": null,
    "sellerRemark": null,
    "id": 16384006,
    "createdBy": {
      "id": 540175374525637
    },
    "updatedBy": {
      "id": 540175374525637
    },
    "createdAt": 1745829644000,
    "updatedAt": 1745829650000,
    "version": 4,
    "deleted": 0,
    "originOrgId": 0,
    "slsPartnerLinks": [
      {
        "soId": {
          "id": 16384006
        },
        "id": 16228006
      }
    ],
    "soItems": [
      {
        "soId": {
          "id": 16384006
        },
        "id": 16306006
      }
    ]
  },
  {
    "soCode": "SO002648",
    "soDocDate": 1745769600000,
    "soExtCode": null,
    "baseCurrId": {
      "id": 2000001
    },
    "slsCurrId": {
      "id": 2000001
    },
    "exchRate": 1.0,
    "grossBaseAmt": 453288.0,
    "netBaseAmt": 401139.823009,
    "taxAmt": 52148.176991,
    "soCreateSource": "TERP门户",
    "slsOrgId": {
      "id": 14579001
    },
    "slsTmId": null,
    "soTypeId": {
      "soTypeCode": "STND",
      "soTypeName": "标准销售",
      "partnerProcedureHeadRef": {
        "id": 14005002
      },
      "attachmentProcedureHeadRef": null,
      "status": "ENABLED",
      "soTypeDesc": "标准销售",
      "genTextTypeRef": null,
      "isRev": false,
      "isSubmitApproval": true,
      "isModifyApproval": false,
      "currExchangeRateType": {
        "id": 2000001
      },
      "btClass": "SALES",
      "effectiveDays": null,
      "syncPrice": false,
      "isDefault": false,
      "id": 2101001,
      "createdBy": {
        "id": 27
      },
      "updatedBy": {
        "id": 477234922377861
      },
      "createdAt": 1685108645000,
      "updatedAt": 1745892294000,
      "version": 68,
      "deleted": 0,
      "originOrgId": 0
    },
    "custId": {
      "id": 2059001
    },
    "custPersonName": "李月汝",
    "custPhone": "18378999655",
    "slsPersonName": "章昂",
    "slsPhone": "17376596912",
    "soStatus": "EFFECT",
    "approveStatus": null,
    "soTitle": null,
    "soDesc": null,
    "soNotes": null,
    "isFixedExchRate": false,
    "slsComId": {
      "id": 14373001
    },
    "priceIdempotent": "f84ff92b17c7d5be42ca4f79665c4ac0",
    "freezeType": "NU_FREEZE",
    "soAssociationCode": null,
    "soBusinessStatus": null,
    "bizRuleGroup": null,
    "addrDetail": "佛山市禅城区季华五路28号",
    "currExchangeRateType": {
      "id": 2000001
    },
    "slsDcId": {
      "id": 14378001
    },
    "btClass": "SALES",
    "effectiveAt": null,
    "slsPerson": {
      "id": 14094003
    },
    "reCalculate": null,
    "invOrg": null,
    "invLoc": null,
    "priceCalcDate": 1745829642000,
    "deliveryInterceptFail": null,
    "externalBuyerId": null,
    "addrId": {
      "id": 70002638
    },
    "totalAmt": 453288.0,
    "discountAmt": 0.0,
    "discountInfo": "",
    "platformDiscountAmt": null,
    "merchantDiscountAmt": null,
    "actualPaidAmt": null,
    "freightAmt": null,
    "buyerRemark": null,
    "sellerRemark": null,
    "id": 16384005,
    "createdBy": {
      "id": 540175374525637
    },
    "updatedBy": {
      "id": 540175374525637
    },
    "createdAt": 1745829643000,
    "updatedAt": 1745829647000,
    "version": 3,
    "deleted": 0,
    "originOrgId": 0,
    "slsPartnerLinks": [
      {
        "soId": {
          "id": 16384005
        },
        "id": 16228005
      }
    ],
    "soItems": [
      {
        "soId": {
          "id": 16384005
        },
        "id": 16306005
      }
    ]
  },
  {
    "soCode": "SO002646",
    "soDocDate": 1745769600000,
    "soExtCode": null,
    "baseCurrId": {
      "id": 2000001
    },
    "slsCurrId": {
      "id": 2000001
    },
    "exchRate": 1.0,
    "grossBaseAmt": 782144.0,
    "netBaseAmt": 692162.831858,
    "taxAmt": 89981.168142,
    "soCreateSource": "TERP门户",
    "slsOrgId": {
      "id": 14579001
    },
    "slsTmId": null,
    "soTypeId": {
      "soTypeCode": "STND",
      "soTypeName": "标准销售",
      "partnerProcedureHeadRef": {
        "id": 14005002
      },
      "attachmentProcedureHeadRef": null,
      "status": "ENABLED",
      "soTypeDesc": "标准销售",
      "genTextTypeRef": null,
      "isRev": false,
      "isSubmitApproval": true,
      "isModifyApproval": false,
      "currExchangeRateType": {
        "id": 2000001
      },
      "btClass": "SALES",
      "effectiveDays": null,
      "syncPrice": false,
      "isDefault": false,
      "id": 2101001,
      "createdBy": {
        "id": 27
      },
      "updatedBy": {
        "id": 477234922377861
      },
      "createdAt": 1685108645000,
      "updatedAt": 1745892294000,
      "version": 68,
      "deleted": 0,
      "originOrgId": 0
    },
    "custId": {
      "id": 2059001
    },
    "custPersonName": "李月汝",
    "custPhone": "18378999655",
    "slsPersonName": "章昂",
    "slsPhone": "17376596912",
    "soStatus": "EFFECT",
    "approveStatus": null,
    "soTitle": null,
    "soDesc": null,
    "soNotes": null,
    "isFixedExchRate": false,
    "slsComId": {
      "id": 14373001
    },
    "priceIdempotent": "7f452801111790a1be4f8744bed16811",
    "freezeType": "NU_FREEZE",
    "soAssociationCode": null,
    "soBusinessStatus": null,
    "bizRuleGroup": null,
    "addrDetail": "佛山市禅城区季华五路28号",
    "currExchangeRateType": {
      "id": 2000001
    },
    "slsDcId": {
      "id": 14378001
    },
    "btClass": "SALES",
    "effectiveAt": null,
    "slsPerson": {
      "id": 14094003
    },
    "reCalculate": null,
    "invOrg": null,
    "invLoc": null,
    "priceCalcDate": 1745829637000,
    "deliveryInterceptFail": null,
    "externalBuyerId": null,
    "addrId": {
      "id": 70002638
    },
    "totalAmt": 782144.0,
    "discountAmt": 0.0,
    "discountInfo": "",
    "platformDiscountAmt": null,
    "merchantDiscountAmt": null,
    "actualPaidAmt": null,
    "freightAmt": null,
    "buyerRemark": null,
    "sellerRemark": null,
    "id": 16384004,
    "createdBy": {
      "id": 540175374525637
    },
    "updatedBy": {
      "id": 540175374525637
    },
    "createdAt": 1745829638000,
    "updatedAt": 1745829638000,
    "version": 2,
    "deleted": 0,
    "originOrgId": 0,
    "slsPartnerLinks": [
      {
        "soId": {
          "id": 16384004
        },
        "id": 16228004
      }
    ],
    "soItems": [
      {
        "soId": {
          "id": 16384004
        },
        "id": 16306004
      }
    ]
  },
  {
    "soCode": "SO002638",
    "soDocDate": 1745824720000,
    "soExtCode": null,
    "baseCurrId": {
      "id": 2000001
    },
    "slsCurrId": {
      "id": 2000001
    },
    "exchRate": 1.0,
    "grossBaseAmt": 364408.0,
    "netBaseAmt": 322484.955752,
    "taxAmt": 41923.044248,
    "soCreateSource": "TERP门户",
    "slsOrgId": {
      "id": 14579001
    },
    "slsTmId": null,
    "soTypeId": {
      "soTypeCode": "STND",
      "soTypeName": "标准销售",
      "partnerProcedureHeadRef": {
        "id": 14005002
      },
      "attachmentProcedureHeadRef": null,
      "status": "ENABLED",
      "soTypeDesc": "标准销售",
      "genTextTypeRef": null,
      "isRev": false,
      "isSubmitApproval": true,
      "isModifyApproval": false,
      "currExchangeRateType": {
        "id": 2000001
      },
      "btClass": "SALES",
      "effectiveDays": null,
      "syncPrice": false,
      "isDefault": false,
      "id": 2101001,
      "createdBy": {
        "id": 27
      },
      "updatedBy": {
        "id": 477234922377861
      },
      "createdAt": 1685108645000,
      "updatedAt": 1745892294000,
      "version": 68,
      "deleted": 0,
      "originOrgId": 0
    },
    "custId": {
      "id": 2059001
    },
    "custPersonName": "李月汝",
    "custPhone": "18378999655",
    "slsPersonName": "章昂",
    "slsPhone": "17376596912",
    "soStatus": "EFFECT",
    "approveStatus": null,
    "soTitle": null,
    "soDesc": null,
    "soNotes": null,
    "isFixedExchRate": false,
    "slsComId": {
      "id": 14373001
    },
    "priceIdempotent": "fbc5d85c3ca539cb13cb5c84cd12e301",
    "freezeType": "NU_FREEZE",
    "soAssociationCode": null,
    "soBusinessStatus": null,
    "bizRuleGroup": null,
    "addrDetail": "佛山市禅城区季华五路28号",
    "currExchangeRateType": {
      "id": 2000001
    },
    "slsDcId": {
      "id": 14378001
    },
    "btClass": "SALES",
    "effectiveAt": null,
    "slsPerson": {
      "id": 14094003
    },
    "reCalculate": null,
    "invOrg": null,
    "invLoc": null,
    "priceCalcDate": 1745824486000,
    "deliveryInterceptFail": null,
    "externalBuyerId": null,
    "addrId": {
      "id": 70002638
    },
    "totalAmt": 364408.0,
    "discountAmt": 0.0,
    "discountInfo": "",
    "platformDiscountAmt": null,
    "merchantDiscountAmt": null,
    "actualPaidAmt": null,
    "freightAmt": null,
    "buyerRemark": null,
    "sellerRemark": null,
    "id": 16383007,
    "createdBy": {
      "id": 540175374525637
    },
    "updatedBy": {
      "id": 540175374525637
    },
    "createdAt": 1745824721000,
    "updatedAt": 1745824721000,
    "version": 6,
    "deleted": 0,
    "originOrgId": 0,
    "slsPartnerLinks": [
      {
        "soId": {
          "id": 16383007
        },
        "id": 16227007
      }
    ],
    "soItems": [
      {
        "soId": {
          "id": 16383007
        },
        "id": 16305007
      }
    ]
  },
  {
    "soCode": "SO002632",
    "soDocDate": 1745824695000,
    "soExtCode": null,
    "baseCurrId": {
      "id": 2000001
    },
    "slsCurrId": {
      "id": 2000001
    },
    "exchRate": 1.0,
    "grossBaseAmt": 364408.0,
    "netBaseAmt": 322484.955752,
    "taxAmt": 41923.044248,
    "soCreateSource": "TERP门户",
    "slsOrgId": {
      "id": 14579001
    },
    "slsTmId": null,
    "soTypeId": {
      "soTypeCode": "STND",
      "soTypeName": "标准销售",
      "partnerProcedureHeadRef": {
        "id": 14005002
      },
      "attachmentProcedureHeadRef": null,
      "status": "ENABLED",
      "soTypeDesc": "标准销售",
      "genTextTypeRef": null,
      "isRev": false,
      "isSubmitApproval": true,
      "isModifyApproval": false,
      "currExchangeRateType": {
        "id": 2000001
      },
      "btClass": "SALES",
      "effectiveDays": null,
      "syncPrice": false,
      "isDefault": false,
      "id": 2101001,
      "createdBy": {
        "id": 27
      },
      "updatedBy": {
        "id": 477234922377861
      },
      "createdAt": 1685108645000,
      "updatedAt": 1745892294000,
      "version": 68,
      "deleted": 0,
      "originOrgId": 0
    },
    "custId": {
      "id": 2059001
    },
    "custPersonName": "李月汝",
    "custPhone": "18378999655",
    "slsPersonName": "章昂",
    "slsPhone": "17376596912",
    "soStatus": "EFFECT",
    "approveStatus": null,
    "soTitle": null,
    "soDesc": null,
    "soNotes": null,
    "isFixedExchRate": false,
    "slsComId": {
      "id": 14373001
    },
    "priceIdempotent": "e802d018a86406ab449e625de151a169",
    "freezeType": "ALL_FREEZE",
    "soAssociationCode": null,
    "soBusinessStatus": null,
    "bizRuleGroup": null,
    "addrDetail": "佛山市禅城区季华五路28号",
    "currExchangeRateType": {
      "id": 2000001
    },
    "slsDcId": {
      "id": 14378001
    },
    "btClass": "SALES",
    "effectiveAt": null,
    "slsPerson": {
      "id": 14094003
    },
    "reCalculate": null,
    "invOrg": null,
    "invLoc": null,
    "priceCalcDate": 1745824486000,
    "deliveryInterceptFail": null,
    "externalBuyerId": null,
    "addrId": {
      "id": 70002638
    },
    "totalAmt": 364408.0,
    "discountAmt": 0.0,
    "discountInfo": "",
    "platformDiscountAmt": null,
    "merchantDiscountAmt": null,
    "actualPaidAmt": null,
    "freightAmt": null,
    "buyerRemark": null,
    "sellerRemark": null,
    "id": 16383004,
    "createdBy": {
      "id": 540175374525637
    },
    "updatedBy": {
      "id": 540175374525637
    },
    "createdAt": 1745824696000,
    "updatedAt": 1745824719000,
    "version": 5,
    "deleted": 0,
    "originOrgId": 0,
    "slsPartnerLinks": [
      {
        "soId": {
          "id": 16383004
        },
        "id": 16227004
      }
    ],
    "soItems": [
      {
        "soId": {
          "id": 16383004
        },
        "id": 16305004
      }
    ]
  },
  {
    "soCode": "SO002619",
    "soDocDate": 1745769600000,
    "soExtCode": null,
    "baseCurrId": {
      "id": 2000001
    },
    "slsCurrId": {
      "id": 2000001
    },
    "exchRate": 1.0,
    "grossBaseAmt": 364408.0,
    "netBaseAmt": 322484.955752,
    "taxAmt": 41923.044248,
    "soCreateSource": "TERP门户",
    "slsOrgId": {
      "id": 14579001
    },
    "slsTmId": null,
    "soTypeId": {
      "soTypeCode": "STND",
      "soTypeName": "标准销售",
      "partnerProcedureHeadRef": {
        "id": 14005002
      },
      "attachmentProcedureHeadRef": null,
      "status": "ENABLED",
      "soTypeDesc": "标准销售",
      "genTextTypeRef": null,
      "isRev": false,
      "isSubmitApproval": true,
      "isModifyApproval": false,
      "currExchangeRateType": {
        "id": 2000001
      },
      "btClass": "SALES",
      "effectiveDays": null,
      "syncPrice": false,
      "isDefault": false,
      "id": 2101001,
      "createdBy": {
        "id": 27
      },
      "updatedBy": {
        "id": 477234922377861
      },
      "createdAt": 1685108645000,
      "updatedAt": 1745892294000,
      "version": 68,
      "deleted": 0,
      "originOrgId": 0
    },
    "custId": {
      "id": 2059001
    },
    "custPersonName": "李月汝",
    "custPhone": "18378999655",
    "slsPersonName": "章昂",
    "slsPhone": "17376596912",
    "soStatus": "EFFECT",
    "approveStatus": null,
    "soTitle": null,
    "soDesc": null,
    "soNotes": null,
    "isFixedExchRate": false,
    "slsComId": {
      "id": 14373001
    },
    "priceIdempotent": "1cb4c281d3dc9fe36139414bc9b0d2c2",
    "freezeType": "ALL_FREEZE",
    "soAssociationCode": null,
    "soBusinessStatus": null,
    "bizRuleGroup": null,
    "addrDetail": "佛山市禅城区季华五路28号",
    "currExchangeRateType": {
      "id": 2000001
    },
    "slsDcId": {
      "id": 14378001
    },
    "btClass": "SALES",
    "effectiveAt": null,
    "slsPerson": {
      "id": 14094003
    },
    "reCalculate": null,
    "invOrg": null,
    "invLoc": null,
    "priceCalcDate": 1745824486000,
    "deliveryInterceptFail": null,
    "externalBuyerId": null,
    "addrId": {
      "id": 70002638
    },
    "totalAmt": 364408.0,
    "discountAmt": 0.0,
    "discountInfo": "",
    "platformDiscountAmt": null,
    "merchantDiscountAmt": null,
    "actualPaidAmt": null,
    "freightAmt": null,
    "buyerRemark": null,
    "sellerRemark": null,
    "id": 16382003,
    "createdBy": {
      "id": 540175374525637
    },
    "updatedBy": {
      "id": 540175374525637
    },
    "createdAt": 1745824486000,
    "updatedAt": 1745824694000,
    "version": 3,
    "deleted": 0,
    "originOrgId": 0,
    "slsPartnerLinks": [
      {
        "soId": {
          "id": 16382003
        },
        "id": 16226003
      }
    ],
    "soItems": [
      {
        "soId": {
          "id": 16382003
        },
        "id": 16304003
      }
    ]
  },
  {
    "soCode": "SO002574",
    "soDocDate": 1745478886000,
    "soExtCode": null,
    "baseCurrId": {
      "id": 2000001
    },
    "slsCurrId": {
      "id": 2000001
    },
    "exchRate": 1.0,
    "grossBaseAmt": 195536.0,
    "netBaseAmt": 173040.707965,
    "taxAmt": 22495.292035,
    "soCreateSource": "TERP门户",
    "slsOrgId": {
      "id": 14579001
    },
    "slsTmId": null,
    "soTypeId": {
      "soTypeCode": "STND",
      "soTypeName": "标准销售",
      "partnerProcedureHeadRef": {
        "id": 14005002
      },
      "attachmentProcedureHeadRef": null,
      "status": "ENABLED",
      "soTypeDesc": "标准销售",
      "genTextTypeRef": null,
      "isRev": false,
      "isSubmitApproval": true,
      "isModifyApproval": false,
      "currExchangeRateType": {
        "id": 2000001
      },
      "btClass": "SALES",
      "effectiveDays": null,
      "syncPrice": false,
      "isDefault": false,
      "id": 2101001,
      "createdBy": {
        "id": 27
      },
      "updatedBy": {
        "id": 477234922377861
      },
      "createdAt": 1685108645000,
      "updatedAt": 1745892294000,
      "version": 68,
      "deleted": 0,
      "originOrgId": 0
    },
    "custId": {
      "id": 2059001
    },
    "custPersonName": "李月汝",
    "custPhone": "18378999655",
    "slsPersonName": "章昂",
    "slsPhone": "17376596912",
    "soStatus": "EFFECT",
    "approveStatus": null,
    "soTitle": null,
    "soDesc": null,
    "soNotes": null,
    "isFixedExchRate": false,
    "slsComId": {
      "id": 14373001
    },
    "priceIdempotent": "632927218c9c0fb73373772f390bc821",
    "freezeType": "NU_FREEZE",
    "soAssociationCode": null,
    "soBusinessStatus": null,
    "bizRuleGroup": null,
    "addrDetail": "佛山市禅城区季华五路28号",
    "currExchangeRateType": {
      "id": 2000001
    },
    "slsDcId": {
      "id": 14378001
    },
    "btClass": "SALES",
    "effectiveAt": null,
    "slsPerson": {
      "id": 14094003
    },
    "reCalculate": null,
    "invOrg": null,
    "invLoc": null,
    "priceCalcDate": 1745478868000,
    "deliveryInterceptFail": null,
    "externalBuyerId": null,
    "addrId": {
      "id": 70002638
    },
    "totalAmt": 195536.0,
    "discountAmt": 0.0,
    "discountInfo": "",
    "platformDiscountAmt": null,
    "merchantDiscountAmt": null,
    "actualPaidAmt": null,
    "freightAmt": null,
    "buyerRemark": null,
    "sellerRemark": null,
    "id": 16379147,
    "createdBy": {
      "id": 540175374525637
    },
    "updatedBy": {
      "id": 540175374525637
    },
    "createdAt": 1745478886000,
    "updatedAt": 1745478887000,
    "version": 4,
    "deleted": 0,
    "originOrgId": 0,
    "slsPartnerLinks": [
      {
        "soId": {
          "id": 16379147
        },
        "id": 16223113
      }
    ],
    "soItems": [
      {
        "soId": {
          "id": 16379147
        },
        "id": 16301150
      }
    ]
  },
  {
    "soCode": "SO002568",
    "soDocDate": 1745424000000,
    "soExtCode": null,
    "baseCurrId": {
      "id": 2000001
    },
    "slsCurrId": {
      "id": 2000001
    },
    "exchRate": 1.0,
    "grossBaseAmt": 195536.0,
    "netBaseAmt": 173040.707965,
    "taxAmt": 22495.292035,
    "soCreateSource": "TERP门户",
    "slsOrgId": {
      "id": 14579001
    },
    "slsTmId": null,
    "soTypeId": {
      "soTypeCode": "STND",
      "soTypeName": "标准销售",
      "partnerProcedureHeadRef": {
        "id": 14005002
      },
      "attachmentProcedureHeadRef": null,
      "status": "ENABLED",
      "soTypeDesc": "标准销售",
      "genTextTypeRef": null,
      "isRev": false,
      "isSubmitApproval": true,
      "isModifyApproval": false,
      "currExchangeRateType": {
        "id": 2000001
      },
      "btClass": "SALES",
      "effectiveDays": null,
      "syncPrice": false,
      "isDefault": false,
      "id": 2101001,
      "createdBy": {
        "id": 27
      },
      "updatedBy": {
        "id": 477234922377861
      },
      "createdAt": 1685108645000,
      "updatedAt": 1745892294000,
      "version": 68,
      "deleted": 0,
      "originOrgId": 0
    },
    "custId": {
      "id": 2059001
    },
    "custPersonName": "李月汝",
    "custPhone": "18378999655",
    "slsPersonName": "章昂",
    "slsPhone": "17376596912",
    "soStatus": "EFFECT",
    "approveStatus": null,
    "soTitle": null,
    "soDesc": null,
    "soNotes": null,
    "isFixedExchRate": false,
    "slsComId": {
      "id": 14373001
    },
    "priceIdempotent": "cf630074a36e740cacaa7f4adeedbe77",
    "freezeType": "ALL_FREEZE",
    "soAssociationCode": null,
    "soBusinessStatus": null,
    "bizRuleGroup": null,
    "addrDetail": "佛山市禅城区季华五路28号",
    "currExchangeRateType": {
      "id": 2000001
    },
    "slsDcId": {
      "id": 14378001
    },
    "btClass": "SALES",
    "effectiveAt": null,
    "slsPerson": {
      "id": 14094003
    },
    "reCalculate": null,
    "invOrg": null,
    "invLoc": null,
    "priceCalcDate": 1745478868000,
    "deliveryInterceptFail": null,
    "externalBuyerId": null,
    "addrId": {
      "id": 70002638
    },
    "totalAmt": 195536.0,
    "discountAmt": 0.0,
    "discountInfo": "",
    "platformDiscountAmt": null,
    "merchantDiscountAmt": null,
    "actualPaidAmt": null,
    "freightAmt": null,
    "buyerRemark": null,
    "sellerRemark": null,
    "id": 16379144,
    "createdBy": {
      "id": 540175374525637
    },
    "updatedBy": {
      "id": 540175374525637
    },
    "createdAt": 1745478868000,
    "updatedAt": 1745478884000,
    "version": 3,
    "deleted": 0,
    "originOrgId": 0,
    "slsPartnerLinks": [
      {
        "soId": {
          "id": 16379144
        },
        "id": 16223110
      }
    ],
    "soItems": [
      {
        "soId": {
          "id": 16379144
        },
        "id": 16301147
      }
    ]
  },
  {
    "soCode": "SO002564",
    "soDocDate": 1745424000000,
    "soExtCode": null,
    "baseCurrId": {
      "id": 2000001
    },
    "slsCurrId": {
      "id": 2000001
    },
    "exchRate": 1.0,
    "grossBaseAmt": 151096.0,
    "netBaseAmt": 133713.274336,
    "taxAmt": 17382.725664,
    "soCreateSource": "TERP门户",
    "slsOrgId": {
      "id": 14579001
    },
    "slsTmId": null,
    "soTypeId": {
      "soTypeCode": "STND",
      "soTypeName": "标准销售",
      "partnerProcedureHeadRef": {
        "id": 14005002
      },
      "attachmentProcedureHeadRef": null,
      "status": "ENABLED",
      "soTypeDesc": "标准销售",
      "genTextTypeRef": null,
      "isRev": false,
      "isSubmitApproval": true,
      "isModifyApproval": false,
      "currExchangeRateType": {
        "id": 2000001
      },
      "btClass": "SALES",
      "effectiveDays": null,
      "syncPrice": false,
      "isDefault": false,
      "id": 2101001,
      "createdBy": {
        "id": 27
      },
      "updatedBy": {
        "id": 477234922377861
      },
      "createdAt": 1685108645000,
      "updatedAt": 1745892294000,
      "version": 68,
      "deleted": 0,
      "originOrgId": 0
    },
    "custId": {
      "id": 2059001
    },
    "custPersonName": "李月汝",
    "custPhone": "18378999655",
    "slsPersonName": "章昂",
    "slsPhone": "17376596912",
    "soStatus": "EFFECT",
    "approveStatus": null,
    "soTitle": null,
    "soDesc": null,
    "soNotes": null,
    "isFixedExchRate": false,
    "slsComId": {
      "id": 14373001
    },
    "priceIdempotent": "36d400a453d82cf2b5bb43d31d5405c1",
    "freezeType": "NU_FREEZE",
    "soAssociationCode": null,
    "soBusinessStatus": null,
    "bizRuleGroup": null,
    "addrDetail": "佛山市禅城区季华五路28号",
    "currExchangeRateType": {
      "id": 2000001
    },
    "slsDcId": {
      "id": 14378001
    },
    "btClass": "SALES",
    "effectiveAt": null,
    "slsPerson": {
      "id": 14094003
    },
    "reCalculate": null,
    "invOrg": null,
    "invLoc": null,
    "priceCalcDate": 1745478860000,
    "deliveryInterceptFail": null,
    "externalBuyerId": null,
    "addrId": {
      "id": 70002638
    },
    "totalAmt": 151096.0,
    "discountAmt": 0.0,
    "discountInfo": "",
    "platformDiscountAmt": null,
    "merchantDiscountAmt": null,
    "actualPaidAmt": null,
    "freightAmt": null,
    "buyerRemark": null,
    "sellerRemark": null,
    "id": 16379142,
    "createdBy": {
      "id": 540175374525637
    },
    "updatedBy": {
      "id": 540175374525637
    },
    "createdAt": 1745478861000,
    "updatedAt": 1745478861000,
    "version": 2,
    "deleted": 0,
    "originOrgId": 0,
    "slsPartnerLinks": [
      {
        "soId": {
          "id": 16379142
        },
        "id": 16223108
      }
    ],
    "soItems": [
      {
        "soId": {
          "id": 16379142
        },
        "id": 16301145
      }
    ]
  },
  {
    "soCode": "SO002547",
    "soDocDate": 1745402569000,
    "soExtCode": null,
    "baseCurrId": {
      "id": 2000001
    },
    "slsCurrId": {
      "id": 2000001
    },
    "exchRate": 1.0,
    "grossBaseAmt": 186648.0,
    "netBaseAmt": 165175.221239,
    "taxAmt": 21472.778761,
    "soCreateSource": "TERP门户",
    "slsOrgId": {
      "id": 14579001
    },
    "slsTmId": null,
    "soTypeId": {
      "soTypeCode": "STND",
      "soTypeName": "标准销售",
      "partnerProcedureHeadRef": {
        "id": 14005002
      },
      "attachmentProcedureHeadRef": null,
      "status": "ENABLED",
      "soTypeDesc": "标准销售",
      "genTextTypeRef": null,
      "isRev": false,
      "isSubmitApproval": true,
      "isModifyApproval": false,
      "currExchangeRateType": {
        "id": 2000001
      },
      "btClass": "SALES",
      "effectiveDays": null,
      "syncPrice": false,
      "isDefault": false,
      "id": 2101001,
      "createdBy": {
        "id": 27
      },
      "updatedBy": {
        "id": 477234922377861
      },
      "createdAt": 1685108645000,
      "updatedAt": 1745892294000,
      "version": 68,
      "deleted": 0,
      "originOrgId": 0
    },
    "custId": {
      "id": 2059001
    },
    "custPersonName": "李月汝",
    "custPhone": "18378999655",
    "slsPersonName": "章昂",
    "slsPhone": "17376596912",
    "soStatus": "EFFECT",
    "approveStatus": null,
    "soTitle": null,
    "soDesc": null,
    "soNotes": null,
    "isFixedExchRate": false,
    "slsComId": {
      "id": 14373001
    },
    "priceIdempotent": "69903288006a19f78614bb70cdd586fa",
    "freezeType": "NU_FREEZE",
    "soAssociationCode": null,
    "soBusinessStatus": null,
    "bizRuleGroup": null,
    "addrDetail": "佛山市禅城区季华五路28号",
    "currExchangeRateType": {
      "id": 2000001
    },
    "slsDcId": {
      "id": 14378001
    },
    "btClass": "SALES",
    "effectiveAt": null,
    "slsPerson": {
      "id": 14094003
    },
    "reCalculate": null,
    "invOrg": null,
    "invLoc": null,
    "priceCalcDate": 1745402550000,
    "deliveryInterceptFail": null,
    "externalBuyerId": null,
    "addrId": {
      "id": 70002638
    },
    "totalAmt": 186648.0,
    "discountAmt": 0.0,
    "discountInfo": "",
    "platformDiscountAmt": null,
    "merchantDiscountAmt": null,
    "actualPaidAmt": null,
    "freightAmt": null,
    "buyerRemark": null,
    "sellerRemark": null,
    "id": 16379139,
    "createdBy": {
      "id": 540175374525637
    },
    "updatedBy": {
      "id": 540175374525637
    },
    "createdAt": 1745402569000,
    "updatedAt": 1745402570000,
    "version": 4,
    "deleted": 0,
    "originOrgId": 0,
    "slsPartnerLinks": [
      {
        "soId": {
          "id": 16379139
        },
        "id": 16223105
      }
    ],
    "soItems": [
      {
        "soId": {
          "id": 16379139
        },
        "id": 16301142
      }
    ]
  },
  {
    "soCode": "SO002541",
    "soDocDate": 1745337600000,
    "soExtCode": null,
    "baseCurrId": {
      "id": 2000001
    },
    "slsCurrId": {
      "id": 2000001
    },
    "exchRate": 1.0,
    "grossBaseAmt": 186648.0,
    "netBaseAmt": 165175.221239,
    "taxAmt": 21472.778761,
    "soCreateSource": "TERP门户",
    "slsOrgId": {
      "id": 14579001
    },
    "slsTmId": null,
    "soTypeId": {
      "soTypeCode": "STND",
      "soTypeName": "标准销售",
      "partnerProcedureHeadRef": {
        "id": 14005002
      },
      "attachmentProcedureHeadRef": null,
      "status": "ENABLED",
      "soTypeDesc": "标准销售",
      "genTextTypeRef": null,
      "isRev": false,
      "isSubmitApproval": true,
      "isModifyApproval": false,
      "currExchangeRateType": {
        "id": 2000001
      },
      "btClass": "SALES",
      "effectiveDays": null,
      "syncPrice": false,
      "isDefault": false,
      "id": 2101001,
      "createdBy": {
        "id": 27
      },
      "updatedBy": {
        "id": 477234922377861
      },
      "createdAt": 1685108645000,
      "updatedAt": 1745892294000,
      "version": 68,
      "deleted": 0,
      "originOrgId": 0
    },
    "custId": {
      "id": 2059001
    },
    "custPersonName": "李月汝",
    "custPhone": "18378999655",
    "slsPersonName": "章昂",
    "slsPhone": "17376596912",
    "soStatus": "EFFECT",
    "approveStatus": null,
    "soTitle": null,
    "soDesc": null,
    "soNotes": null,
    "isFixedExchRate": false,
    "slsComId": {
      "id": 14373001
    },
    "priceIdempotent": "c568c6304149b1eef83f96a45914f0d4",
    "freezeType": "ALL_FREEZE",
    "soAssociationCode": null,
    "soBusinessStatus": null,
    "bizRuleGroup": null,
    "addrDetail": "佛山市禅城区季华五路28号",
    "currExchangeRateType": {
      "id": 2000001
    },
    "slsDcId": {
      "id": 14378001
    },
    "btClass": "SALES",
    "effectiveAt": null,
    "slsPerson": {
      "id": 14094003
    },
    "reCalculate": null,
    "invOrg": null,
    "invLoc": null,
    "priceCalcDate": 1745402550000,
    "deliveryInterceptFail": null,
    "externalBuyerId": null,
    "addrId": {
      "id": 70002638
    },
    "totalAmt": 186648.0,
    "discountAmt": 0.0,
    "discountInfo": "",
    "platformDiscountAmt": null,
    "merchantDiscountAmt": null,
    "actualPaidAmt": null,
    "freightAmt": null,
    "buyerRemark": null,
    "sellerRemark": null,
    "id": 16379136,
    "createdBy": {
      "id": 540175374525637
    },
    "updatedBy": {
      "id": 540175374525637
    },
    "createdAt": 1745402550000,
    "updatedAt": 1745402568000,
    "version": 3,
    "deleted": 0,
    "originOrgId": 0,
    "slsPartnerLinks": [
      {
        "soId": {
          "id": 16379136
        },
        "id": 16223102
      }
    ],
    "soItems": [
      {
        "soId": {
          "id": 16379136
        },
        "id": 16301139
      }
    ]
  },
  {
    "soCode": "SO002537",
    "soDocDate": 1745337600000,
    "soExtCode": null,
    "baseCurrId": {
      "id": 2000001
    },
    "slsCurrId": {
      "id": 2000001
    },
    "exchRate": 1.0,
    "grossBaseAmt": 88880.0,
    "netBaseAmt": 78654.867257,
    "taxAmt": 10225.132743,
    "soCreateSource": "TERP门户",
    "slsOrgId": {
      "id": 14579001
    },
    "slsTmId": null,
    "soTypeId": {
      "soTypeCode": "STND",
      "soTypeName": "标准销售",
      "partnerProcedureHeadRef": {
        "id": 14005002
      },
      "attachmentProcedureHeadRef": null,
      "status": "ENABLED",
      "soTypeDesc": "标准销售",
      "genTextTypeRef": null,
      "isRev": false,
      "isSubmitApproval": true,
      "isModifyApproval": false,
      "currExchangeRateType": {
        "id": 2000001
      },
      "btClass": "SALES",
      "effectiveDays": null,
      "syncPrice": false,
      "isDefault": false,
      "id": 2101001,
      "createdBy": {
        "id": 27
      },
      "updatedBy": {
        "id": 477234922377861
      },
      "createdAt": 1685108645000,
      "updatedAt": 1745892294000,
      "version": 68,
      "deleted": 0,
      "originOrgId": 0
    },
    "custId": {
      "id": 2059001
    },
    "custPersonName": "李月汝",
    "custPhone": "18378999655",
    "slsPersonName": "章昂",
    "slsPhone": "17376596912",
    "soStatus": "EFFECT",
    "approveStatus": null,
    "soTitle": null,
    "soDesc": null,
    "soNotes": null,
    "isFixedExchRate": false,
    "slsComId": {
      "id": 14373001
    },
    "priceIdempotent": "f041c94629cfd24fff6fbae870c676fa",
    "freezeType": "NU_FREEZE",
    "soAssociationCode": null,
    "soBusinessStatus": null,
    "bizRuleGroup": null,
    "addrDetail": "佛山市禅城区季华五路28号",
    "currExchangeRateType": {
      "id": 2000001
    },
    "slsDcId": {
      "id": 14378001
    },
    "btClass": "SALES",
    "effectiveAt": null,
    "slsPerson": {
      "id": 14094003
    },
    "reCalculate": null,
    "invOrg": null,
    "invLoc": null,
    "priceCalcDate": 1745402541000,
    "deliveryInterceptFail": null,
    "externalBuyerId": null,
    "addrId": {
      "id": 70002638
    },
    "totalAmt": 88880.0,
    "discountAmt": 0.0,
    "discountInfo": "",
    "platformDiscountAmt": null,
    "merchantDiscountAmt": null,
    "actualPaidAmt": null,
    "freightAmt": null,
    "buyerRemark": null,
    "sellerRemark": null,
    "id": 16379134,
    "createdBy": {
      "id": 540175374525637
    },
    "updatedBy": {
      "id": 540175374525637
    },
    "createdAt": 1745402542000,
    "updatedAt": 1745402542000,
    "version": 2,
    "deleted": 0,
    "originOrgId": 0,
    "slsPartnerLinks": [
      {
        "soId": {
          "id": 16379134
        },
        "id": 16223100
      }
    ],
    "soItems": [
      {
        "soId": {
          "id": 16379134
        },
        "id": 16301137
      }
    ]
  },
  {
    "soCode": "SO002533",
    "soDocDate": 1745402393000,
    "soExtCode": null,
    "baseCurrId": {
      "id": 2000001
    },
    "slsCurrId": {
      "id": 2000001
    },
    "exchRate": 1.0,
    "grossBaseAmt": 728816.0,
    "netBaseAmt": 644969.911504,
    "taxAmt": 83846.088496,
    "soCreateSource": "TERP门户",
    "slsOrgId": {
      "id": 14579001
    },
    "slsTmId": null,
    "soTypeId": {
      "soTypeCode": "STND",
      "soTypeName": "标准销售",
      "partnerProcedureHeadRef": {
        "id": 14005002
      },
      "attachmentProcedureHeadRef": null,
      "status": "ENABLED",
      "soTypeDesc": "标准销售",
      "genTextTypeRef": null,
      "isRev": false,
      "isSubmitApproval": true,
      "isModifyApproval": false,
      "currExchangeRateType": {
        "id": 2000001
      },
      "btClass": "SALES",
      "effectiveDays": null,
      "syncPrice": false,
      "isDefault": false,
      "id": 2101001,
      "createdBy": {
        "id": 27
      },
      "updatedBy": {
        "id": 477234922377861
      },
      "createdAt": 1685108645000,
      "updatedAt": 1745892294000,
      "version": 68,
      "deleted": 0,
      "originOrgId": 0
    },
    "custId": {
      "id": 2059001
    },
    "custPersonName": "李月汝",
    "custPhone": "18378999655",
    "slsPersonName": "章昂",
    "slsPhone": "17376596912",
    "soStatus": "EFFECT",
    "approveStatus": null,
    "soTitle": null,
    "soDesc": null,
    "soNotes": null,
    "isFixedExchRate": false,
    "slsComId": {
      "id": 14373001
    },
    "priceIdempotent": "b873b63cec5d385206156b61d48871fb",
    "freezeType": "NU_FREEZE",
    "soAssociationCode": null,
    "soBusinessStatus": null,
    "bizRuleGroup": null,
    "addrDetail": "佛山市禅城区季华五路28号",
    "currExchangeRateType": {
      "id": 2000001
    },
    "slsDcId": {
      "id": 14378001
    },
    "btClass": "SALES",
    "effectiveAt": null,
    "slsPerson": {
      "id": 14094003
    },
    "reCalculate": null,
    "invOrg": null,
    "invLoc": null,
    "priceCalcDate": 1745402374000,
    "deliveryInterceptFail": null,
    "externalBuyerId": null,
    "addrId": {
      "id": 70002638
    },
    "totalAmt": 728816.0,
    "discountAmt": 0.0,
    "discountInfo": "",
    "platformDiscountAmt": null,
    "merchantDiscountAmt": null,
    "actualPaidAmt": null,
    "freightAmt": null,
    "buyerRemark": null,
    "sellerRemark": null,
    "id": 16379132,
    "createdBy": {
      "id": 540175374525637
    },
    "updatedBy": {
      "id": 540175374525637
    },
    "createdAt": 1745402393000,
    "updatedAt": 1745402393000,
    "version": 4,
    "deleted": 0,
    "originOrgId": 0,
    "slsPartnerLinks": [
      {
        "soId": {
          "id": 16379132
        },
        "id": 16223098
      }
    ],
    "soItems": [
      {
        "soId": {
          "id": 16379132
        },
        "id": 16301135
      }
    ]
  },
  {
    "soCode": "SO002527",
    "soDocDate": 1745337600000,
    "soExtCode": null,
    "baseCurrId": {
      "id": 2000001
    },
    "slsCurrId": {
      "id": 2000001
    },
    "exchRate": 1.0,
    "grossBaseAmt": 728816.0,
    "netBaseAmt": 644969.911504,
    "taxAmt": 83846.088496,
    "soCreateSource": "TERP门户",
    "slsOrgId": {
      "id": 14579001
    },
    "slsTmId": null,
    "soTypeId": {
      "soTypeCode": "STND",
      "soTypeName": "标准销售",
      "partnerProcedureHeadRef": {
        "id": 14005002
      },
      "attachmentProcedureHeadRef": null,
      "status": "ENABLED",
      "soTypeDesc": "标准销售",
      "genTextTypeRef": null,
      "isRev": false,
      "isSubmitApproval": true,
      "isModifyApproval": false,
      "currExchangeRateType": {
        "id": 2000001
      },
      "btClass": "SALES",
      "effectiveDays": null,
      "syncPrice": false,
      "isDefault": false,
      "id": 2101001,
      "createdBy": {
        "id": 27
      },
      "updatedBy": {
        "id": 477234922377861
      },
      "createdAt": 1685108645000,
      "updatedAt": 1745892294000,
      "version": 68,
      "deleted": 0,
      "originOrgId": 0
    },
    "custId": {
      "id": 2059001
    },
    "custPersonName": "李月汝",
    "custPhone": "18378999655",
    "slsPersonName": "章昂",
    "slsPhone": "17376596912",
    "soStatus": "EFFECT",
    "approveStatus": null,
    "soTitle": null,
    "soDesc": null,
    "soNotes": null,
    "isFixedExchRate": false,
    "slsComId": {
      "id": 14373001
    },
    "priceIdempotent": "44720480c595d532d8fb37811e9ab76a",
    "freezeType": "ALL_FREEZE",
    "soAssociationCode": null,
    "soBusinessStatus": null,
    "bizRuleGroup": null,
    "addrDetail": "佛山市禅城区季华五路28号",
    "currExchangeRateType": {
      "id": 2000001
    },
    "slsDcId": {
      "id": 14378001
    },
    "btClass": "SALES",
    "effectiveAt": null,
    "slsPerson": {
      "id": 14094003
    },
    "reCalculate": null,
    "invOrg": null,
    "invLoc": null,
    "priceCalcDate": 1745402374000,
    "deliveryInterceptFail": null,
    "externalBuyerId": null,
    "addrId": {
      "id": 70002638
    },
    "totalAmt": 728816.0,
    "discountAmt": 0.0,
    "discountInfo": "",
    "platformDiscountAmt": null,
    "merchantDiscountAmt": null,
    "actualPaidAmt": null,
    "freightAmt": null,
    "buyerRemark": null,
    "sellerRemark": null,
    "id": 16379129,
    "createdBy": {
      "id": 540175374525637
    },
    "updatedBy": {
      "id": 540175374525637
    },
    "createdAt": 1745402374000,
    "updatedAt": 1745402391000,
    "version": 3,
    "deleted": 0,
    "originOrgId": 0,
    "slsPartnerLinks": [
      {
        "soId": {
          "id": 16379129
        },
        "id": 16223095
      }
    ],
    "soItems": [
      {
        "soId": {
          "id": 16379129
        },
        "id": 16301132
      }
    ]
  },
  {
    "soCode": "SO002523",
    "soDocDate": 1745337600000,
    "soExtCode": null,
    "baseCurrId": {
      "id": 2000001
    },
    "slsCurrId": {
      "id": 2000001
    },
    "exchRate": 1.0,
    "grossBaseAmt": 151096.0,
    "netBaseAmt": 133713.274336,
    "taxAmt": 17382.725664,
    "soCreateSource": "TERP门户",
    "slsOrgId": {
      "id": 14579001
    },
    "slsTmId": null,
    "soTypeId": {
      "soTypeCode": "STND",
      "soTypeName": "标准销售",
      "partnerProcedureHeadRef": {
        "id": 14005002
      },
      "attachmentProcedureHeadRef": null,
      "status": "ENABLED",
      "soTypeDesc": "标准销售",
      "genTextTypeRef": null,
      "isRev": false,
      "isSubmitApproval": true,
      "isModifyApproval": false,
      "currExchangeRateType": {
        "id": 2000001
      },
      "btClass": "SALES",
      "effectiveDays": null,
      "syncPrice": false,
      "isDefault": false,
      "id": 2101001,
      "createdBy": {
        "id": 27
      },
      "updatedBy": {
        "id": 477234922377861
      },
      "createdAt": 1685108645000,
      "updatedAt": 1745892294000,
      "version": 68,
      "deleted": 0,
      "originOrgId": 0
    },
    "custId": {
      "id": 2059001
    },
    "custPersonName": "李月汝",
    "custPhone": "18378999655",
    "slsPersonName": "章昂",
    "slsPhone": "17376596912",
    "soStatus": "EFFECT",
    "approveStatus": null,
    "soTitle": null,
    "soDesc": null,
    "soNotes": null,
    "isFixedExchRate": false,
    "slsComId": {
      "id": 14373001
    },
    "priceIdempotent": "c2bd948b2c2654b6a7bdc1a036e0de78",
    "freezeType": "NU_FREEZE",
    "soAssociationCode": null,
    "soBusinessStatus": null,
    "bizRuleGroup": null,
    "addrDetail": "佛山市禅城区季华五路28号",
    "currExchangeRateType": {
      "id": 2000001
    },
    "slsDcId": {
      "id": 14378001
    },
    "btClass": "SALES",
    "effectiveAt": null,
    "slsPerson": {
      "id": 14094003
    },
    "reCalculate": null,
    "invOrg": null,
    "invLoc": null,
    "priceCalcDate": 1745402367000,
    "deliveryInterceptFail": null,
    "externalBuyerId": null,
    "addrId": {
      "id": 70002638
    },
    "totalAmt": 151096.0,
    "discountAmt": 0.0,
    "discountInfo": "",
    "platformDiscountAmt": null,
    "merchantDiscountAmt": null,
    "actualPaidAmt": null,
    "freightAmt": null,
    "buyerRemark": null,
    "sellerRemark": null,
    "id": 16379127,
    "createdBy": {
      "id": 540175374525637
    },
    "updatedBy": {
      "id": 540175374525637
    },
    "createdAt": 1745402367000,
    "updatedAt": 1745402368000,
    "version": 2,
    "deleted": 0,
    "originOrgId": 0,
    "slsPartnerLinks": [
      {
        "soId": {
          "id": 16379127
        },
        "id": 16223093
      }
    ],
    "soItems": [
      {
        "soId": {
          "id": 16379127
        },
        "id": 16301130
      }
    ]
  },
  {
    "soCode": "SO002519",
    "soDocDate": 1745401508000,
    "soExtCode": null,
    "baseCurrId": {
      "id": 2000001
    },
    "slsCurrId": {
      "id": 2000001
    },
    "exchRate": 1.0,
    "grossBaseAmt": 355520.0,
    "netBaseAmt": 314619.469027,
    "taxAmt": 40900.530973,
    "soCreateSource": "TERP门户",
    "slsOrgId": {
      "id": 14579001
    },
    "slsTmId": null,
    "soTypeId": {
      "soTypeCode": "STND",
      "soTypeName": "标准销售",
      "partnerProcedureHeadRef": {
        "id": 14005002
      },
      "attachmentProcedureHeadRef": null,
      "status": "ENABLED",
      "soTypeDesc": "标准销售",
      "genTextTypeRef": null,
      "isRev": false,
      "isSubmitApproval": true,
      "isModifyApproval": false,
      "currExchangeRateType": {
        "id": 2000001
      },
      "btClass": "SALES",
      "effectiveDays": null,
      "syncPrice": false,
      "isDefault": false,
      "id": 2101001,
      "createdBy": {
        "id": 27
      },
      "updatedBy": {
        "id": 477234922377861
      },
      "createdAt": 1685108645000,
      "updatedAt": 1745892294000,
      "version": 68,
      "deleted": 0,
      "originOrgId": 0
    },
    "custId": {
      "id": 2059001
    },
    "custPersonName": "李月汝",
    "custPhone": "18378999655",
    "slsPersonName": "章昂",
    "slsPhone": "17376596912",
    "soStatus": "EFFECT",
    "approveStatus": null,
    "soTitle": null,
    "soDesc": null,
    "soNotes": null,
    "isFixedExchRate": false,
    "slsComId": {
      "id": 14373001
    },
    "priceIdempotent": "d4a2bae459d11e7e95cdd78d25f8e35c",
    "freezeType": "NU_FREEZE",
    "soAssociationCode": null,
    "soBusinessStatus": null,
    "bizRuleGroup": null,
    "addrDetail": "佛山市禅城区季华五路28号",
    "currExchangeRateType": {
      "id": 2000001
    },
    "slsDcId": {
      "id": 14378001
    },
    "btClass": "SALES",
    "effectiveAt": null,
    "slsPerson": {
      "id": 14094003
    },
    "reCalculate": null,
    "invOrg": null,
    "invLoc": null,
    "priceCalcDate": 1745401476000,
    "deliveryInterceptFail": null,
    "externalBuyerId": null,
    "addrId": {
      "id": 70002638
    },
    "totalAmt": 355520.0,
    "discountAmt": 0.0,
    "discountInfo": "",
    "platformDiscountAmt": null,
    "merchantDiscountAmt": null,
    "actualPaidAmt": null,
    "freightAmt": null,
    "buyerRemark": null,
    "sellerRemark": null,
    "id": 16379125,
    "createdBy": {
      "id": 540175374525637
    },
    "updatedBy": {
      "id": 540175374525637
    },
    "createdAt": 1745401508000,
    "updatedAt": 1745401509000,
    "version": 4,
    "deleted": 0,
    "originOrgId": 0,
    "slsPartnerLinks": [
      {
        "soId": {
          "id": 16379125
        },
        "id": 16223091
      }
    ],
    "soItems": [
      {
        "soId": {
          "id": 16379125
        },
        "id": 16301128
      }
    ]
  },
  {
    "soCode": "SO002513",
    "soDocDate": 1745337600000,
    "soExtCode": null,
    "baseCurrId": {
      "id": 2000001
    },
    "slsCurrId": {
      "id": 2000001
    },
    "exchRate": 1.0,
    "grossBaseAmt": 355520.0,
    "netBaseAmt": 314619.469027,
    "taxAmt": 40900.530973,
    "soCreateSource": "TERP门户",
    "slsOrgId": {
      "id": 14579001
    },
    "slsTmId": null,
    "soTypeId": {
      "soTypeCode": "STND",
      "soTypeName": "标准销售",
      "partnerProcedureHeadRef": {
        "id": 14005002
      },
      "attachmentProcedureHeadRef": null,
      "status": "ENABLED",
      "soTypeDesc": "标准销售",
      "genTextTypeRef": null,
      "isRev": false,
      "isSubmitApproval": true,
      "isModifyApproval": false,
      "currExchangeRateType": {
        "id": 2000001
      },
      "btClass": "SALES",
      "effectiveDays": null,
      "syncPrice": false,
      "isDefault": false,
      "id": 2101001,
      "createdBy": {
        "id": 27
      },
      "updatedBy": {
        "id": 477234922377861
      },
      "createdAt": 1685108645000,
      "updatedAt": 1745892294000,
      "version": 68,
      "deleted": 0,
      "originOrgId": 0
    },
    "custId": {
      "id": 2059001
    },
    "custPersonName": "李月汝",
    "custPhone": "18378999655",
    "slsPersonName": "章昂",
    "slsPhone": "17376596912",
    "soStatus": "EFFECT",
    "approveStatus": null,
    "soTitle": null,
    "soDesc": null,
    "soNotes": null,
    "isFixedExchRate": false,
    "slsComId": {
      "id": 14373001
    },
    "priceIdempotent": "bdd1cb63923ffe1862bc5aac5a4c3a95",
    "freezeType": "ALL_FREEZE",
    "soAssociationCode": null,
    "soBusinessStatus": null,
    "bizRuleGroup": null,
    "addrDetail": "佛山市禅城区季华五路28号",
    "currExchangeRateType": {
      "id": 2000001
    },
    "slsDcId": {
      "id": 14378001
    },
    "btClass": "SALES",
    "effectiveAt": null,
    "slsPerson": {
      "id": 14094003
    },
    "reCalculate": null,
    "invOrg": null,
    "invLoc": null,
    "priceCalcDate": 1745401476000,
    "deliveryInterceptFail": null,
    "externalBuyerId": null,
    "addrId": {
      "id": 70002638
    },
    "totalAmt": 355520.0,
    "discountAmt": 0.0,
    "discountInfo": "",
    "platformDiscountAmt": null,
    "merchantDiscountAmt": null,
    "actualPaidAmt": null,
    "freightAmt": null,
    "buyerRemark": null,
    "sellerRemark": null,
    "id": 16379122,
    "createdBy": {
      "id": 540175374525637
    },
    "updatedBy": {
      "id": 540175374525637
    },
    "createdAt": 1745401477000,
    "updatedAt": 1745401505000,
    "version": 3,
    "deleted": 0,
    "originOrgId": 0,
    "slsPartnerLinks": [
      {
        "soId": {
          "id": 16379122
        },
        "id": 16223088
      }
    ],
    "soItems": [
      {
        "soId": {
          "id": 16379122
        },
        "id": 16301125
      }
    ]
  }
]
2025-05-07 11:35:36|test_02_orderlist_query.test_03_query_orders_by_status line:344| 
成功查询到 20 条状态为 EFFECT 的订单数据
2025-05-07 11:35:36|LogUtil.info line:33| 开始测试: test_01_query_orders
2025-05-07 11:35:36|test_02_orderlist_query.setup_method line:57| 初始化新的测试数据
2025-05-07 11:35:36|test_02_orderlist_query.setup_method line:61| 开始执行测试方法: test_01_query_orders
2025-05-07 11:35:36|test_02_orderlist_query.setup_method line:65| 初始化测试数据完成
2025-05-07 11:35:36|test_02_orderlist_query.test_01_query_orders line:112| 
准备发送请求...
2025-05-07 11:35:36|LogUtil.info line:33| 发送请求: 查询销售订单列表
2025-05-07 11:35:36|test_02_orderlist_query.test_01_query_orders line:142| 
提取的测试数据: {
  "so_code": "SO002869",
  "so_type_id": 2101001,
  "so_status": "EFFECT",
  "sls_org_id": 14139002,
  "cust_id": 2125006,
  "created_by": 643874941128517
}
2025-05-07 11:35:36|test_02_orderlist_query.test_01_query_orders line:146| 
已将测试数据保存到类属性
2025-05-07 11:35:36|LogUtil.info line:33| 开始测试: test_04_query_orders_by_so_type
2025-05-07 11:35:36|test_02_orderlist_query.setup_method line:47| 使用类属性中的测试数据
2025-05-07 11:35:36|test_02_orderlist_query.setup_method line:61| 开始执行测试方法: test_04_query_orders_by_so_type
2025-05-07 11:35:36|test_02_orderlist_query.setup_method line:65| 初始化测试数据完成
2025-05-07 11:35:36|test_02_orderlist_query.test_04_query_orders_by_so_type line:416| 
准备发送请求...
2025-05-07 11:35:36|test_02_orderlist_query.test_04_query_orders_by_so_type line:417| 查询条件: 订单类型ID = 2101001
2025-05-07 11:35:36|LogUtil.info line:33| 发送请求: 按单据类型查询销售订单列表
2025-05-07 11:35:36|test_02_orderlist_query.test_04_query_orders_by_so_type line:446| 
成功查询到 20 条匹配的订单数据
2025-05-07 11:35:36|LogUtil.info line:33| 开始测试: test_03_query_orders_by_status
2025-05-07 11:35:36|test_02_orderlist_query.setup_method line:47| 使用类属性中的测试数据
2025-05-07 11:35:36|test_02_orderlist_query.setup_method line:61| 开始执行测试方法: test_03_query_orders_by_status
2025-05-07 11:35:36|test_02_orderlist_query.setup_method line:65| 初始化测试数据完成
2025-05-07 11:35:36|test_02_orderlist_query.test_03_query_orders_by_status line:324| 
准备发送请求...
2025-05-07 11:35:36|test_02_orderlist_query.test_03_query_orders_by_status line:325| 查询条件: 订单状态 = APPROVING
2025-05-07 11:35:36|LogUtil.info line:33| 发送请求: 按单据状态 APPROVING 查询销售订单列表
2025-05-07 11:35:36|test_02_orderlist_query.test_03_query_orders_by_status line:329| 
收到完整响应: {
  "requestId": "b1bd11d0-1563824",
  "success": true,
  "data": {
    "data": {
      "data": null,
      "total": 0
    }
  }
}
2025-05-07 11:35:36|LogUtil.info line:33| 发送请求: 按单据状态 APPROVING 查询销售订单列表
2025-05-07 11:35:37|test_02_orderlist_query.test_03_query_orders_by_status line:333| 
提取的嵌套数据: null
2025-05-07 11:35:37|test_02_orderlist_query.test_03_query_orders_by_status line:337| 
警告：未查询到状态为 APPROVING 的订单数据
2025-05-07 14:09:20|MysqlUtil.__init__ line:36| 数据库管理器初始化完成，运行时模式: False
2025-05-07 14:09:20|MysqlUtil.__init__ line:36| 数据库管理器初始化完成，运行时模式: False
2025-05-07 14:09:20|LogUtil.info line:33| 文件缓存命中：使用缓存的SCM初始化数据
2025-05-07 14:09:20|login_manager.__init__ line:19| 初始化登录管理器
2025-05-07 14:09:20|login_manager.__init__ line:24| IAM URL: https://t-erp-iam-test.app.terminus.io
2025-05-07 14:09:20|login_manager.__init__ line:25| API URL: https://t-erp-portal-test.app.terminus.io
2025-05-07 14:09:20|login_manager.__init__ line:56| 登录管理器初始化完成
2025-05-07 14:09:20|login_manager.login line:69| 开始登录流程
2025-05-07 14:09:20|login_manager.login line:72| 使用配置文件中的默认账号密码
2025-05-07 14:09:20|login_manager.login line:76| 使用账号: 17376596912
2025-05-07 14:09:20|login_manager.login line:86| 登录URL: https://t-erp-iam-test.app.terminus.io/iam/api/v1/user/login/account
2025-05-07 14:09:21|login_manager.login line:92| 登录响应状态码: 200
2025-05-07 14:09:21|login_manager.login line:101| 重定向URL: https://t-erp-portal-test.app.terminus.io/TERP_PORTAL-TERP-tpf_umwrhzbg/login
2025-05-07 14:09:21|login_manager.get_current_user line:130| 获取用户信息URL: https://t-erp-portal-test.app.terminus.io/api/trantor/portal/user/current
2025-05-07 14:09:21|login_manager.get_current_user line:136| 获取用户信息响应状态码: 200
2025-05-07 14:09:21|login_manager.login line:114| 登录成功，用户信息: {'requestId': 'bae620c6-1567859', 'success': True, 'data': {'id': 540175374525637, 'username': 'zhangang', 'email': 'zhangang.26@163.com', 'mobile': '17376596912', 'nickname': '章昂', 'status': True, 'avatar': 'https://terminus-new-trantor.oss-cn-hangzhou.aliyuncs.com/iam/user/avatar/540175374525637/2025-03-10_14_44_32_7dbc5543-0152-4a67-9901-b7da94c6ba4f_%E5%A4%8D%E6%B4%BB%E5%B2%9B%E5%B7%A8%E4%BA%BA%E5%83%8F.png'}}
2025-05-07 14:09:21|LogUtil.info line:33| 测试类初始化完成
2025-05-07 14:09:21|LogUtil.info line:33| CRM会员测试类初始化完成
2025-05-07 14:09:21|LogUtil.info line:33| 发送请求: 新增会员接口
2025-05-07 14:09:21|test_01_member_create.test_create_member line:93| 新增会员接口响应: {
  "requestId": "90b3787b-1567860",
  "success": true,
  "data": null
}
2025-05-07 14:09:21|LogUtil.info line:33| 发送请求: 新增会员接口-第1个
2025-05-07 14:09:21|test_01_member_create.test_batch_create_members line:115| 第1个会员创建成功
2025-05-07 14:09:21|LogUtil.info line:33| 发送请求: 新增会员接口-第2个
2025-05-07 14:09:22|test_01_member_create.test_batch_create_members line:115| 第2个会员创建成功
2025-05-07 14:09:22|LogUtil.info line:33| 发送请求: 新增会员接口-第3个
2025-05-07 14:09:22|test_01_member_create.test_batch_create_members line:115| 第3个会员创建成功
2025-05-07 14:09:22|LogUtil.info line:33| 发送请求: 新增会员接口-第4个
2025-05-07 14:09:22|test_01_member_create.test_batch_create_members line:115| 第4个会员创建成功
2025-05-07 14:09:22|LogUtil.info line:33| 发送请求: 新增会员接口-第5个
2025-05-07 14:09:22|test_01_member_create.test_batch_create_members line:115| 第5个会员创建成功
2025-05-07 14:09:22|LogUtil.info line:33| 发送请求: 新增会员接口-第6个
2025-05-07 14:09:23|test_01_member_create.test_batch_create_members line:115| 第6个会员创建成功
2025-05-07 14:09:23|LogUtil.info line:33| 发送请求: 新增会员接口-第7个
2025-05-07 14:09:23|test_01_member_create.test_batch_create_members line:115| 第7个会员创建成功
2025-05-07 14:09:23|LogUtil.info line:33| 发送请求: 新增会员接口-第8个
2025-05-07 14:09:23|test_01_member_create.test_batch_create_members line:115| 第8个会员创建成功
2025-05-07 14:09:23|LogUtil.info line:33| 发送请求: 新增会员接口-第9个
2025-05-07 14:09:23|test_01_member_create.test_batch_create_members line:115| 第9个会员创建成功
2025-05-07 14:09:23|LogUtil.info line:33| 发送请求: 新增会员接口-第10个
2025-05-07 14:09:23|test_01_member_create.test_batch_create_members line:115| 第10个会员创建成功
2025-05-07 14:09:24|LogUtil.info line:33| 发送请求: 新增会员接口-第11个
2025-05-07 14:09:24|test_01_member_create.test_batch_create_members line:115| 第11个会员创建成功
2025-05-07 14:09:24|LogUtil.info line:33| 发送请求: 新增会员接口-第12个
2025-05-07 14:09:24|test_01_member_create.test_batch_create_members line:115| 第12个会员创建成功
2025-05-07 14:09:24|LogUtil.info line:33| 发送请求: 新增会员接口-第13个
2025-05-07 14:09:24|test_01_member_create.test_batch_create_members line:115| 第13个会员创建成功
2025-05-07 14:09:24|LogUtil.info line:33| 发送请求: 新增会员接口-第14个
2025-05-07 14:09:24|test_01_member_create.test_batch_create_members line:115| 第14个会员创建成功
2025-05-07 14:09:24|LogUtil.info line:33| 发送请求: 新增会员接口-第15个
2025-05-07 14:09:24|test_01_member_create.test_batch_create_members line:115| 第15个会员创建成功
2025-05-07 14:09:25|LogUtil.info line:33| 发送请求: 新增会员接口-第16个
2025-05-07 14:09:25|test_01_member_create.test_batch_create_members line:115| 第16个会员创建成功
2025-05-07 14:09:25|LogUtil.info line:33| 发送请求: 新增会员接口-第17个
2025-05-07 14:09:25|test_01_member_create.test_batch_create_members line:115| 第17个会员创建成功
2025-05-07 14:09:25|LogUtil.info line:33| 发送请求: 新增会员接口-第18个
2025-05-07 14:09:25|test_01_member_create.test_batch_create_members line:115| 第18个会员创建成功
2025-05-07 14:09:25|LogUtil.info line:33| 发送请求: 新增会员接口-第19个
2025-05-07 14:09:25|test_01_member_create.test_batch_create_members line:115| 第19个会员创建成功
2025-05-07 14:09:26|LogUtil.info line:33| 发送请求: 新增会员接口-第20个
2025-05-07 14:09:26|test_01_member_create.test_batch_create_members line:115| 第20个会员创建成功
2025-05-07 14:09:26|LogUtil.info line:33| 发送请求: 新增会员接口-第21个
2025-05-07 14:09:26|test_01_member_create.test_batch_create_members line:115| 第21个会员创建成功
2025-05-07 14:09:26|LogUtil.info line:33| 发送请求: 新增会员接口-第22个
2025-05-07 14:09:26|test_01_member_create.test_batch_create_members line:115| 第22个会员创建成功
2025-05-07 14:09:26|LogUtil.info line:33| 发送请求: 新增会员接口-第23个
2025-05-07 14:09:26|test_01_member_create.test_batch_create_members line:115| 第23个会员创建成功
2025-05-07 14:09:26|LogUtil.info line:33| 发送请求: 新增会员接口-第24个
2025-05-07 14:09:26|test_01_member_create.test_batch_create_members line:115| 第24个会员创建成功
2025-05-07 14:09:27|LogUtil.info line:33| 发送请求: 新增会员接口-第25个
2025-05-07 14:09:27|test_01_member_create.test_batch_create_members line:115| 第25个会员创建成功
2025-05-07 14:09:27|LogUtil.info line:33| 发送请求: 新增会员接口-第26个
2025-05-07 14:09:27|test_01_member_create.test_batch_create_members line:115| 第26个会员创建成功
2025-05-07 14:09:27|LogUtil.info line:33| 发送请求: 新增会员接口-第27个
2025-05-07 14:09:27|test_01_member_create.test_batch_create_members line:115| 第27个会员创建成功
2025-05-07 14:09:27|LogUtil.info line:33| 发送请求: 新增会员接口-第28个
2025-05-07 14:09:28|test_01_member_create.test_batch_create_members line:115| 第28个会员创建成功
2025-05-07 14:09:28|LogUtil.info line:33| 发送请求: 新增会员接口-第29个
2025-05-07 14:09:28|test_01_member_create.test_batch_create_members line:115| 第29个会员创建成功
2025-05-07 14:09:28|LogUtil.info line:33| 发送请求: 新增会员接口-第30个
2025-05-07 14:09:28|test_01_member_create.test_batch_create_members line:115| 第30个会员创建成功
2025-05-07 14:09:28|LogUtil.info line:33| 发送请求: 新增会员接口-第31个
2025-05-07 14:09:28|test_01_member_create.test_batch_create_members line:115| 第31个会员创建成功
2025-05-07 14:09:28|LogUtil.info line:33| 发送请求: 新增会员接口-第32个
2025-05-07 14:09:28|test_01_member_create.test_batch_create_members line:115| 第32个会员创建成功
2025-05-07 14:09:28|LogUtil.info line:33| 发送请求: 新增会员接口-第33个
2025-05-07 14:09:29|test_01_member_create.test_batch_create_members line:115| 第33个会员创建成功
2025-05-07 14:09:29|LogUtil.info line:33| 发送请求: 新增会员接口-第34个
2025-05-07 14:09:29|test_01_member_create.test_batch_create_members line:115| 第34个会员创建成功
2025-05-07 14:09:29|LogUtil.info line:33| 发送请求: 新增会员接口-第35个
2025-05-07 14:09:29|test_01_member_create.test_batch_create_members line:115| 第35个会员创建成功
2025-05-07 14:09:29|LogUtil.info line:33| 发送请求: 新增会员接口-第36个
2025-05-07 14:09:29|test_01_member_create.test_batch_create_members line:115| 第36个会员创建成功
2025-05-07 14:09:30|LogUtil.info line:33| 发送请求: 新增会员接口-第37个
2025-05-07 14:09:30|test_01_member_create.test_batch_create_members line:115| 第37个会员创建成功
2025-05-07 14:09:30|LogUtil.info line:33| 发送请求: 新增会员接口-第38个
2025-05-07 14:09:30|test_01_member_create.test_batch_create_members line:115| 第38个会员创建成功
2025-05-07 14:09:30|LogUtil.info line:33| 发送请求: 新增会员接口-第39个
2025-05-07 14:09:30|test_01_member_create.test_batch_create_members line:115| 第39个会员创建成功
2025-05-07 14:09:30|LogUtil.info line:33| 发送请求: 新增会员接口-第40个
2025-05-07 14:09:30|test_01_member_create.test_batch_create_members line:115| 第40个会员创建成功
2025-05-07 14:09:30|LogUtil.info line:33| 发送请求: 新增会员接口-第41个
2025-05-07 14:09:30|test_01_member_create.test_batch_create_members line:115| 第41个会员创建成功
2025-05-07 14:09:30|LogUtil.info line:33| 发送请求: 新增会员接口-第42个
2025-05-07 14:09:31|test_01_member_create.test_batch_create_members line:115| 第42个会员创建成功
2025-05-07 14:09:31|LogUtil.info line:33| 发送请求: 新增会员接口-第43个
2025-05-07 14:09:31|test_01_member_create.test_batch_create_members line:115| 第43个会员创建成功
2025-05-07 14:09:31|LogUtil.info line:33| 发送请求: 新增会员接口-第44个
2025-05-07 14:09:31|test_01_member_create.test_batch_create_members line:115| 第44个会员创建成功
2025-05-07 14:09:31|LogUtil.info line:33| 发送请求: 新增会员接口-第45个
2025-05-07 14:09:31|test_01_member_create.test_batch_create_members line:115| 第45个会员创建成功
2025-05-07 14:09:31|LogUtil.info line:33| 发送请求: 新增会员接口-第46个
2025-05-07 14:09:31|test_01_member_create.test_batch_create_members line:115| 第46个会员创建成功
2025-05-07 14:09:31|LogUtil.info line:33| 发送请求: 新增会员接口-第47个
2025-05-07 14:09:32|test_01_member_create.test_batch_create_members line:115| 第47个会员创建成功
2025-05-07 14:09:32|LogUtil.info line:33| 发送请求: 新增会员接口-第48个
2025-05-07 14:09:32|test_01_member_create.test_batch_create_members line:115| 第48个会员创建成功
2025-05-07 14:09:32|LogUtil.info line:33| 发送请求: 新增会员接口-第49个
2025-05-07 14:09:32|test_01_member_create.test_batch_create_members line:115| 第49个会员创建成功
2025-05-07 14:09:32|LogUtil.info line:33| 发送请求: 新增会员接口-第50个
2025-05-07 14:09:32|test_01_member_create.test_batch_create_members line:115| 第50个会员创建成功
2025-05-07 14:09:32|LogUtil.info line:33| 发送请求: 新增会员接口-第51个
2025-05-07 14:09:32|test_01_member_create.test_batch_create_members line:115| 第51个会员创建成功
2025-05-07 14:09:32|LogUtil.info line:33| 发送请求: 新增会员接口-第52个
2025-05-07 14:09:32|test_01_member_create.test_batch_create_members line:115| 第52个会员创建成功
2025-05-07 14:09:33|LogUtil.info line:33| 发送请求: 新增会员接口-第53个
2025-05-07 14:09:33|test_01_member_create.test_batch_create_members line:115| 第53个会员创建成功
2025-05-07 14:09:33|LogUtil.info line:33| 发送请求: 新增会员接口-第54个
2025-05-07 14:09:33|test_01_member_create.test_batch_create_members line:115| 第54个会员创建成功
2025-05-07 14:09:33|LogUtil.info line:33| 发送请求: 新增会员接口-第55个
2025-05-07 14:09:33|test_01_member_create.test_batch_create_members line:115| 第55个会员创建成功
2025-05-07 14:09:33|LogUtil.info line:33| 发送请求: 新增会员接口-第56个
2025-05-07 14:09:33|test_01_member_create.test_batch_create_members line:115| 第56个会员创建成功
2025-05-07 14:09:33|LogUtil.info line:33| 发送请求: 新增会员接口-第57个
2025-05-07 14:09:33|test_01_member_create.test_batch_create_members line:115| 第57个会员创建成功
2025-05-07 14:09:34|LogUtil.info line:33| 发送请求: 新增会员接口-第58个
2025-05-07 14:09:34|test_01_member_create.test_batch_create_members line:115| 第58个会员创建成功
2025-05-07 14:09:34|LogUtil.info line:33| 发送请求: 新增会员接口-第59个
2025-05-07 14:09:34|test_01_member_create.test_batch_create_members line:115| 第59个会员创建成功
2025-05-07 14:09:34|LogUtil.info line:33| 发送请求: 新增会员接口-第60个
2025-05-07 14:09:34|test_01_member_create.test_batch_create_members line:115| 第60个会员创建成功
2025-05-07 14:09:34|LogUtil.info line:33| 发送请求: 新增会员接口-第61个
2025-05-07 14:09:34|test_01_member_create.test_batch_create_members line:115| 第61个会员创建成功
2025-05-07 14:09:35|LogUtil.info line:33| 发送请求: 新增会员接口-第62个
2025-05-07 14:09:35|test_01_member_create.test_batch_create_members line:115| 第62个会员创建成功
2025-05-07 14:09:35|LogUtil.info line:33| 发送请求: 新增会员接口-第63个
2025-05-07 14:09:35|test_01_member_create.test_batch_create_members line:115| 第63个会员创建成功
2025-05-07 14:09:35|LogUtil.info line:33| 发送请求: 新增会员接口-第64个
2025-05-07 14:09:35|test_01_member_create.test_batch_create_members line:115| 第64个会员创建成功
2025-05-07 14:09:35|LogUtil.info line:33| 发送请求: 新增会员接口-第65个
2025-05-07 14:09:35|test_01_member_create.test_batch_create_members line:115| 第65个会员创建成功
2025-05-07 14:09:35|LogUtil.info line:33| 发送请求: 新增会员接口-第66个
2025-05-07 14:09:35|test_01_member_create.test_batch_create_members line:115| 第66个会员创建成功
2025-05-07 14:09:36|LogUtil.info line:33| 发送请求: 新增会员接口-第67个
2025-05-07 14:09:36|test_01_member_create.test_batch_create_members line:115| 第67个会员创建成功
2025-05-07 14:09:36|LogUtil.info line:33| 发送请求: 新增会员接口-第68个
2025-05-07 14:09:36|test_01_member_create.test_batch_create_members line:115| 第68个会员创建成功
2025-05-07 14:09:36|LogUtil.info line:33| 发送请求: 新增会员接口-第69个
2025-05-07 14:09:36|test_01_member_create.test_batch_create_members line:115| 第69个会员创建成功
2025-05-07 14:09:36|LogUtil.info line:33| 发送请求: 新增会员接口-第70个
2025-05-07 14:09:36|test_01_member_create.test_batch_create_members line:115| 第70个会员创建成功
2025-05-07 14:09:36|LogUtil.info line:33| 发送请求: 新增会员接口-第71个
2025-05-07 14:09:37|test_01_member_create.test_batch_create_members line:115| 第71个会员创建成功
2025-05-07 14:09:37|LogUtil.info line:33| 发送请求: 新增会员接口-第72个
2025-05-07 14:09:37|test_01_member_create.test_batch_create_members line:115| 第72个会员创建成功
2025-05-07 14:09:37|LogUtil.info line:33| 发送请求: 新增会员接口-第73个
2025-05-07 14:09:37|test_01_member_create.test_batch_create_members line:115| 第73个会员创建成功
2025-05-07 14:09:37|LogUtil.info line:33| 发送请求: 新增会员接口-第74个
2025-05-07 14:09:37|test_01_member_create.test_batch_create_members line:115| 第74个会员创建成功
2025-05-07 14:09:37|LogUtil.info line:33| 发送请求: 新增会员接口-第75个
2025-05-07 14:09:37|test_01_member_create.test_batch_create_members line:115| 第75个会员创建成功
2025-05-07 14:09:37|LogUtil.info line:33| 发送请求: 新增会员接口-第76个
2025-05-07 14:09:38|test_01_member_create.test_batch_create_members line:115| 第76个会员创建成功
2025-05-07 14:09:38|LogUtil.info line:33| 发送请求: 新增会员接口-第77个
2025-05-07 14:09:38|test_01_member_create.test_batch_create_members line:115| 第77个会员创建成功
2025-05-07 14:09:38|LogUtil.info line:33| 发送请求: 新增会员接口-第78个
2025-05-07 14:09:38|test_01_member_create.test_batch_create_members line:115| 第78个会员创建成功
2025-05-07 14:09:38|LogUtil.info line:33| 发送请求: 新增会员接口-第79个
2025-05-07 14:09:38|test_01_member_create.test_batch_create_members line:115| 第79个会员创建成功
2025-05-07 14:09:38|LogUtil.info line:33| 发送请求: 新增会员接口-第80个
2025-05-07 14:09:38|test_01_member_create.test_batch_create_members line:115| 第80个会员创建成功
2025-05-07 14:09:39|LogUtil.info line:33| 发送请求: 新增会员接口-第81个
2025-05-07 14:09:39|test_01_member_create.test_batch_create_members line:115| 第81个会员创建成功
2025-05-07 14:09:39|LogUtil.info line:33| 发送请求: 新增会员接口-第82个
2025-05-07 14:09:39|test_01_member_create.test_batch_create_members line:115| 第82个会员创建成功
2025-05-07 14:09:39|LogUtil.info line:33| 发送请求: 新增会员接口-第83个
2025-05-07 14:09:39|test_01_member_create.test_batch_create_members line:115| 第83个会员创建成功
2025-05-07 14:09:39|LogUtil.info line:33| 发送请求: 新增会员接口-第84个
2025-05-07 14:09:39|test_01_member_create.test_batch_create_members line:115| 第84个会员创建成功
2025-05-07 14:09:39|LogUtil.info line:33| 发送请求: 新增会员接口-第85个
2025-05-07 14:09:39|test_01_member_create.test_batch_create_members line:115| 第85个会员创建成功
2025-05-07 14:09:40|LogUtil.info line:33| 发送请求: 新增会员接口-第86个
2025-05-07 14:09:40|test_01_member_create.test_batch_create_members line:115| 第86个会员创建成功
2025-05-07 14:09:40|LogUtil.info line:33| 发送请求: 新增会员接口-第87个
2025-05-07 14:09:40|test_01_member_create.test_batch_create_members line:115| 第87个会员创建成功
2025-05-07 14:09:40|LogUtil.info line:33| 发送请求: 新增会员接口-第88个
2025-05-07 14:09:40|test_01_member_create.test_batch_create_members line:115| 第88个会员创建成功
2025-05-07 14:09:40|LogUtil.info line:33| 发送请求: 新增会员接口-第89个
2025-05-07 14:09:40|test_01_member_create.test_batch_create_members line:115| 第89个会员创建成功
2025-05-07 14:09:40|LogUtil.info line:33| 发送请求: 新增会员接口-第90个
2025-05-07 14:09:40|test_01_member_create.test_batch_create_members line:115| 第90个会员创建成功
2025-05-07 14:09:41|LogUtil.info line:33| 发送请求: 新增会员接口-第91个
2025-05-07 14:09:41|test_01_member_create.test_batch_create_members line:115| 第91个会员创建成功
2025-05-07 14:09:41|LogUtil.info line:33| 发送请求: 新增会员接口-第92个
2025-05-07 14:09:41|test_01_member_create.test_batch_create_members line:115| 第92个会员创建成功
2025-05-07 14:09:41|LogUtil.info line:33| 发送请求: 新增会员接口-第93个
2025-05-07 14:09:41|test_01_member_create.test_batch_create_members line:115| 第93个会员创建成功
2025-05-07 14:09:41|LogUtil.info line:33| 发送请求: 新增会员接口-第94个
2025-05-07 14:09:41|test_01_member_create.test_batch_create_members line:115| 第94个会员创建成功
2025-05-07 14:09:41|LogUtil.info line:33| 发送请求: 新增会员接口-第95个
2025-05-07 14:09:41|test_01_member_create.test_batch_create_members line:115| 第95个会员创建成功
2025-05-07 14:09:42|LogUtil.info line:33| 发送请求: 新增会员接口-第96个
2025-05-07 14:09:42|test_01_member_create.test_batch_create_members line:115| 第96个会员创建成功
2025-05-07 14:09:42|LogUtil.info line:33| 发送请求: 新增会员接口-第97个
2025-05-07 14:09:42|test_01_member_create.test_batch_create_members line:115| 第97个会员创建成功
2025-05-07 14:09:42|LogUtil.info line:33| 发送请求: 新增会员接口-第98个
2025-05-07 14:09:42|test_01_member_create.test_batch_create_members line:115| 第98个会员创建成功
2025-05-07 14:09:42|LogUtil.info line:33| 发送请求: 新增会员接口-第99个
2025-05-07 14:09:42|test_01_member_create.test_batch_create_members line:115| 第99个会员创建成功
2025-05-07 14:09:42|LogUtil.info line:33| 发送请求: 新增会员接口-第100个
2025-05-07 14:09:43|test_01_member_create.test_batch_create_members line:115| 第100个会员创建成功
2025-05-07 14:09:43|LogUtil.info line:33| 发送请求: 新增会员接口-第101个
2025-05-07 14:09:43|test_01_member_create.test_batch_create_members line:115| 第101个会员创建成功
2025-05-07 14:09:43|LogUtil.info line:33| 发送请求: 新增会员接口-第102个
2025-05-07 14:09:43|test_01_member_create.test_batch_create_members line:115| 第102个会员创建成功
2025-05-07 14:09:43|LogUtil.info line:33| 发送请求: 新增会员接口-第103个
2025-05-07 14:09:43|test_01_member_create.test_batch_create_members line:115| 第103个会员创建成功
2025-05-07 14:09:43|LogUtil.info line:33| 发送请求: 新增会员接口-第104个
2025-05-07 14:09:43|test_01_member_create.test_batch_create_members line:115| 第104个会员创建成功
2025-05-07 14:09:43|LogUtil.info line:33| 发送请求: 新增会员接口-第105个
2025-05-07 14:09:43|test_01_member_create.test_batch_create_members line:115| 第105个会员创建成功
2025-05-07 14:09:44|LogUtil.info line:33| 发送请求: 新增会员接口-第106个
2025-05-07 14:09:44|test_01_member_create.test_batch_create_members line:115| 第106个会员创建成功
2025-05-07 14:09:44|LogUtil.info line:33| 发送请求: 新增会员接口-第107个
2025-05-07 14:09:44|test_01_member_create.test_batch_create_members line:115| 第107个会员创建成功
2025-05-07 14:09:44|LogUtil.info line:33| 发送请求: 新增会员接口-第108个
2025-05-07 14:09:44|test_01_member_create.test_batch_create_members line:115| 第108个会员创建成功
2025-05-07 14:09:44|LogUtil.info line:33| 发送请求: 新增会员接口-第109个
2025-05-07 14:09:44|test_01_member_create.test_batch_create_members line:115| 第109个会员创建成功
2025-05-07 14:09:44|LogUtil.info line:33| 发送请求: 新增会员接口-第110个
2025-05-07 14:09:44|test_01_member_create.test_batch_create_members line:115| 第110个会员创建成功
2025-05-07 14:09:44|LogUtil.info line:33| 发送请求: 新增会员接口-第111个
2025-05-07 14:09:45|test_01_member_create.test_batch_create_members line:115| 第111个会员创建成功
2025-05-07 14:09:45|LogUtil.info line:33| 发送请求: 新增会员接口-第112个
2025-05-07 14:09:45|test_01_member_create.test_batch_create_members line:115| 第112个会员创建成功
2025-05-07 14:09:45|LogUtil.info line:33| 发送请求: 新增会员接口-第113个
2025-05-07 14:09:45|test_01_member_create.test_batch_create_members line:115| 第113个会员创建成功
2025-05-07 14:09:45|LogUtil.info line:33| 发送请求: 新增会员接口-第114个
2025-05-07 14:09:45|test_01_member_create.test_batch_create_members line:115| 第114个会员创建成功
2025-05-07 14:09:45|LogUtil.info line:33| 发送请求: 新增会员接口-第115个
2025-05-07 14:09:45|test_01_member_create.test_batch_create_members line:115| 第115个会员创建成功
2025-05-07 14:09:45|LogUtil.info line:33| 发送请求: 新增会员接口-第116个
2025-05-07 14:09:46|test_01_member_create.test_batch_create_members line:115| 第116个会员创建成功
2025-05-07 14:09:46|LogUtil.info line:33| 发送请求: 新增会员接口-第117个
2025-05-07 14:09:46|test_01_member_create.test_batch_create_members line:115| 第117个会员创建成功
2025-05-07 14:09:46|LogUtil.info line:33| 发送请求: 新增会员接口-第118个
2025-05-07 14:09:46|test_01_member_create.test_batch_create_members line:115| 第118个会员创建成功
2025-05-07 14:09:46|LogUtil.info line:33| 发送请求: 新增会员接口-第119个
2025-05-07 14:09:46|test_01_member_create.test_batch_create_members line:115| 第119个会员创建成功
2025-05-07 14:09:46|LogUtil.info line:33| 发送请求: 新增会员接口-第120个
2025-05-07 14:09:46|test_01_member_create.test_batch_create_members line:115| 第120个会员创建成功
2025-05-07 14:09:47|LogUtil.info line:33| 发送请求: 新增会员接口-第121个
2025-05-07 14:09:47|test_01_member_create.test_batch_create_members line:115| 第121个会员创建成功
2025-05-07 14:09:47|LogUtil.info line:33| 发送请求: 新增会员接口-第122个
2025-05-07 14:09:47|test_01_member_create.test_batch_create_members line:115| 第122个会员创建成功
2025-05-07 14:09:47|LogUtil.info line:33| 发送请求: 新增会员接口-第123个
2025-05-07 14:09:47|test_01_member_create.test_batch_create_members line:115| 第123个会员创建成功
2025-05-07 14:09:47|LogUtil.info line:33| 发送请求: 新增会员接口-第124个
2025-05-07 14:09:47|test_01_member_create.test_batch_create_members line:115| 第124个会员创建成功
2025-05-07 14:09:47|LogUtil.info line:33| 发送请求: 新增会员接口-第125个
2025-05-07 14:09:47|test_01_member_create.test_batch_create_members line:115| 第125个会员创建成功
2025-05-07 14:09:48|LogUtil.info line:33| 发送请求: 新增会员接口-第126个
2025-05-07 14:09:48|test_01_member_create.test_batch_create_members line:115| 第126个会员创建成功
2025-05-07 14:09:48|LogUtil.info line:33| 发送请求: 新增会员接口-第127个
2025-05-07 14:09:48|test_01_member_create.test_batch_create_members line:115| 第127个会员创建成功
2025-05-07 14:09:48|LogUtil.info line:33| 发送请求: 新增会员接口-第128个
2025-05-07 14:09:48|test_01_member_create.test_batch_create_members line:115| 第128个会员创建成功
2025-05-07 14:09:48|LogUtil.info line:33| 发送请求: 新增会员接口-第129个
2025-05-07 14:09:48|test_01_member_create.test_batch_create_members line:115| 第129个会员创建成功
2025-05-07 14:09:48|LogUtil.info line:33| 发送请求: 新增会员接口-第130个
2025-05-07 14:09:48|test_01_member_create.test_batch_create_members line:115| 第130个会员创建成功
2025-05-07 14:09:49|LogUtil.info line:33| 发送请求: 新增会员接口-第131个
2025-05-07 14:09:49|test_01_member_create.test_batch_create_members line:115| 第131个会员创建成功
2025-05-07 14:09:49|LogUtil.info line:33| 发送请求: 新增会员接口-第132个
2025-05-07 14:09:49|test_01_member_create.test_batch_create_members line:115| 第132个会员创建成功
2025-05-07 14:09:49|LogUtil.info line:33| 发送请求: 新增会员接口-第133个
2025-05-07 14:09:49|test_01_member_create.test_batch_create_members line:115| 第133个会员创建成功
2025-05-07 14:09:49|LogUtil.info line:33| 发送请求: 新增会员接口-第134个
2025-05-07 14:09:49|test_01_member_create.test_batch_create_members line:115| 第134个会员创建成功
2025-05-07 14:09:49|LogUtil.info line:33| 发送请求: 新增会员接口-第135个
2025-05-07 14:09:49|test_01_member_create.test_batch_create_members line:115| 第135个会员创建成功
2025-05-07 14:09:50|LogUtil.info line:33| 发送请求: 新增会员接口-第136个
2025-05-07 14:09:50|test_01_member_create.test_batch_create_members line:115| 第136个会员创建成功
2025-05-07 14:09:50|LogUtil.info line:33| 发送请求: 新增会员接口-第137个
2025-05-07 14:09:50|test_01_member_create.test_batch_create_members line:115| 第137个会员创建成功
2025-05-07 14:09:50|LogUtil.info line:33| 发送请求: 新增会员接口-第138个
2025-05-07 14:09:50|test_01_member_create.test_batch_create_members line:115| 第138个会员创建成功
2025-05-07 14:09:50|LogUtil.info line:33| 发送请求: 新增会员接口-第139个
2025-05-07 14:09:50|test_01_member_create.test_batch_create_members line:115| 第139个会员创建成功
2025-05-07 14:09:50|LogUtil.info line:33| 发送请求: 新增会员接口-第140个
2025-05-07 14:09:50|test_01_member_create.test_batch_create_members line:115| 第140个会员创建成功
2025-05-07 14:09:50|LogUtil.info line:33| 发送请求: 新增会员接口-第141个
2025-05-07 14:09:50|test_01_member_create.test_batch_create_members line:115| 第141个会员创建成功
2025-05-07 14:09:51|LogUtil.info line:33| 发送请求: 新增会员接口-第142个
2025-05-07 14:09:51|test_01_member_create.test_batch_create_members line:115| 第142个会员创建成功
2025-05-07 14:09:51|LogUtil.info line:33| 发送请求: 新增会员接口-第143个
2025-05-07 14:09:51|test_01_member_create.test_batch_create_members line:115| 第143个会员创建成功
2025-05-07 14:09:51|LogUtil.info line:33| 发送请求: 新增会员接口-第144个
2025-05-07 14:09:51|test_01_member_create.test_batch_create_members line:115| 第144个会员创建成功
2025-05-07 14:09:51|LogUtil.info line:33| 发送请求: 新增会员接口-第145个
2025-05-07 14:09:51|test_01_member_create.test_batch_create_members line:115| 第145个会员创建成功
2025-05-07 14:09:51|LogUtil.info line:33| 发送请求: 新增会员接口-第146个
2025-05-07 14:09:52|test_01_member_create.test_batch_create_members line:115| 第146个会员创建成功
2025-05-07 14:09:52|LogUtil.info line:33| 发送请求: 新增会员接口-第147个
2025-05-07 14:09:52|test_01_member_create.test_batch_create_members line:115| 第147个会员创建成功
2025-05-07 14:09:52|LogUtil.info line:33| 发送请求: 新增会员接口-第148个
2025-05-07 14:09:52|test_01_member_create.test_batch_create_members line:115| 第148个会员创建成功
2025-05-07 14:09:52|LogUtil.info line:33| 发送请求: 新增会员接口-第149个
2025-05-07 14:09:52|test_01_member_create.test_batch_create_members line:115| 第149个会员创建成功
2025-05-07 14:09:52|LogUtil.info line:33| 发送请求: 新增会员接口-第150个
2025-05-07 14:09:52|test_01_member_create.test_batch_create_members line:115| 第150个会员创建成功
2025-05-07 14:09:53|LogUtil.info line:33| 发送请求: 新增会员接口-第151个
2025-05-07 14:09:53|test_01_member_create.test_batch_create_members line:115| 第151个会员创建成功
2025-05-07 14:09:53|LogUtil.info line:33| 发送请求: 新增会员接口-第152个
2025-05-07 14:09:53|test_01_member_create.test_batch_create_members line:115| 第152个会员创建成功
2025-05-07 14:09:53|LogUtil.info line:33| 发送请求: 新增会员接口-第153个
2025-05-07 14:09:53|test_01_member_create.test_batch_create_members line:115| 第153个会员创建成功
2025-05-07 14:09:53|LogUtil.info line:33| 发送请求: 新增会员接口-第154个
2025-05-07 14:09:53|test_01_member_create.test_batch_create_members line:115| 第154个会员创建成功
2025-05-07 14:09:53|LogUtil.info line:33| 发送请求: 新增会员接口-第155个
2025-05-07 14:09:53|test_01_member_create.test_batch_create_members line:115| 第155个会员创建成功
2025-05-07 14:09:54|LogUtil.info line:33| 发送请求: 新增会员接口-第156个
2025-05-07 14:09:54|test_01_member_create.test_batch_create_members line:115| 第156个会员创建成功
2025-05-07 14:09:54|LogUtil.info line:33| 发送请求: 新增会员接口-第157个
2025-05-07 14:09:54|test_01_member_create.test_batch_create_members line:115| 第157个会员创建成功
2025-05-07 14:09:54|LogUtil.info line:33| 发送请求: 新增会员接口-第158个
2025-05-07 14:09:54|test_01_member_create.test_batch_create_members line:115| 第158个会员创建成功
2025-05-07 14:09:54|LogUtil.info line:33| 发送请求: 新增会员接口-第159个
2025-05-07 14:09:54|test_01_member_create.test_batch_create_members line:115| 第159个会员创建成功
2025-05-07 14:09:54|LogUtil.info line:33| 发送请求: 新增会员接口-第160个
2025-05-07 14:09:54|test_01_member_create.test_batch_create_members line:115| 第160个会员创建成功
2025-05-07 14:09:54|LogUtil.info line:33| 发送请求: 新增会员接口-第161个
2025-05-07 14:09:54|test_01_member_create.test_batch_create_members line:115| 第161个会员创建成功
2025-05-07 14:09:55|LogUtil.info line:33| 发送请求: 新增会员接口-第162个
2025-05-07 14:09:55|test_01_member_create.test_batch_create_members line:115| 第162个会员创建成功
2025-05-07 14:09:55|LogUtil.info line:33| 发送请求: 新增会员接口-第163个
2025-05-07 14:09:55|test_01_member_create.test_batch_create_members line:115| 第163个会员创建成功
2025-05-07 14:09:55|LogUtil.info line:33| 发送请求: 新增会员接口-第164个
2025-05-07 14:09:55|test_01_member_create.test_batch_create_members line:115| 第164个会员创建成功
2025-05-07 14:09:55|LogUtil.info line:33| 发送请求: 新增会员接口-第165个
2025-05-07 14:09:55|test_01_member_create.test_batch_create_members line:115| 第165个会员创建成功
2025-05-07 14:09:55|LogUtil.info line:33| 发送请求: 新增会员接口-第166个
2025-05-07 14:09:55|test_01_member_create.test_batch_create_members line:115| 第166个会员创建成功
2025-05-07 14:09:56|LogUtil.info line:33| 发送请求: 新增会员接口-第167个
2025-05-07 14:09:56|test_01_member_create.test_batch_create_members line:115| 第167个会员创建成功
2025-05-07 14:09:56|LogUtil.info line:33| 发送请求: 新增会员接口-第168个
2025-05-07 14:09:56|test_01_member_create.test_batch_create_members line:115| 第168个会员创建成功
2025-05-07 14:09:56|LogUtil.info line:33| 发送请求: 新增会员接口-第169个
2025-05-07 14:09:56|test_01_member_create.test_batch_create_members line:115| 第169个会员创建成功
2025-05-07 14:09:56|LogUtil.info line:33| 发送请求: 新增会员接口-第170个
2025-05-07 14:09:56|test_01_member_create.test_batch_create_members line:115| 第170个会员创建成功
2025-05-07 14:09:56|LogUtil.info line:33| 发送请求: 新增会员接口-第171个
2025-05-07 14:09:56|test_01_member_create.test_batch_create_members line:115| 第171个会员创建成功
2025-05-07 14:09:57|LogUtil.info line:33| 发送请求: 新增会员接口-第172个
2025-05-07 14:09:57|test_01_member_create.test_batch_create_members line:115| 第172个会员创建成功
2025-05-07 14:09:57|LogUtil.info line:33| 发送请求: 新增会员接口-第173个
2025-05-07 14:09:57|test_01_member_create.test_batch_create_members line:115| 第173个会员创建成功
2025-05-07 14:09:57|LogUtil.info line:33| 发送请求: 新增会员接口-第174个
2025-05-07 14:09:57|test_01_member_create.test_batch_create_members line:115| 第174个会员创建成功
2025-05-07 14:09:57|LogUtil.info line:33| 发送请求: 新增会员接口-第175个
2025-05-07 14:09:57|test_01_member_create.test_batch_create_members line:115| 第175个会员创建成功
2025-05-07 14:09:57|LogUtil.info line:33| 发送请求: 新增会员接口-第176个
2025-05-07 14:09:57|test_01_member_create.test_batch_create_members line:115| 第176个会员创建成功
2025-05-07 14:09:58|LogUtil.info line:33| 发送请求: 新增会员接口-第177个
2025-05-07 14:09:58|test_01_member_create.test_batch_create_members line:115| 第177个会员创建成功
2025-05-07 14:09:58|LogUtil.info line:33| 发送请求: 新增会员接口-第178个
2025-05-07 14:09:58|test_01_member_create.test_batch_create_members line:115| 第178个会员创建成功
2025-05-07 14:09:58|LogUtil.info line:33| 发送请求: 新增会员接口-第179个
2025-05-07 14:09:58|test_01_member_create.test_batch_create_members line:115| 第179个会员创建成功
2025-05-07 14:09:58|LogUtil.info line:33| 发送请求: 新增会员接口-第180个
2025-05-07 14:09:58|test_01_member_create.test_batch_create_members line:115| 第180个会员创建成功
2025-05-07 14:09:58|LogUtil.info line:33| 发送请求: 新增会员接口-第181个
2025-05-07 14:09:58|test_01_member_create.test_batch_create_members line:115| 第181个会员创建成功
2025-05-07 14:09:59|LogUtil.info line:33| 发送请求: 新增会员接口-第182个
2025-05-07 14:09:59|test_01_member_create.test_batch_create_members line:115| 第182个会员创建成功
2025-05-07 14:09:59|LogUtil.info line:33| 发送请求: 新增会员接口-第183个
2025-05-07 14:09:59|test_01_member_create.test_batch_create_members line:115| 第183个会员创建成功
2025-05-07 14:09:59|LogUtil.info line:33| 发送请求: 新增会员接口-第184个
2025-05-07 14:09:59|test_01_member_create.test_batch_create_members line:115| 第184个会员创建成功
2025-05-07 14:09:59|LogUtil.info line:33| 发送请求: 新增会员接口-第185个
2025-05-07 14:09:59|test_01_member_create.test_batch_create_members line:115| 第185个会员创建成功
2025-05-07 14:09:59|LogUtil.info line:33| 发送请求: 新增会员接口-第186个
2025-05-07 14:09:59|test_01_member_create.test_batch_create_members line:115| 第186个会员创建成功
2025-05-07 14:09:59|LogUtil.info line:33| 发送请求: 新增会员接口-第187个
2025-05-07 14:10:00|test_01_member_create.test_batch_create_members line:115| 第187个会员创建成功
2025-05-07 14:10:00|LogUtil.info line:33| 发送请求: 新增会员接口-第188个
2025-05-07 14:10:00|test_01_member_create.test_batch_create_members line:115| 第188个会员创建成功
2025-05-07 14:10:00|LogUtil.info line:33| 发送请求: 新增会员接口-第189个
2025-05-07 14:10:00|test_01_member_create.test_batch_create_members line:115| 第189个会员创建成功
2025-05-07 14:10:00|LogUtil.info line:33| 发送请求: 新增会员接口-第190个
2025-05-07 14:10:00|test_01_member_create.test_batch_create_members line:115| 第190个会员创建成功
2025-05-07 14:10:00|LogUtil.info line:33| 发送请求: 新增会员接口-第191个
2025-05-07 14:10:00|test_01_member_create.test_batch_create_members line:115| 第191个会员创建成功
2025-05-07 14:10:01|LogUtil.info line:33| 发送请求: 新增会员接口-第192个
2025-05-07 14:10:01|test_01_member_create.test_batch_create_members line:115| 第192个会员创建成功
2025-05-07 14:10:01|LogUtil.info line:33| 发送请求: 新增会员接口-第193个
2025-05-07 14:10:01|test_01_member_create.test_batch_create_members line:115| 第193个会员创建成功
2025-05-07 14:10:01|LogUtil.info line:33| 发送请求: 新增会员接口-第194个
2025-05-07 14:10:01|test_01_member_create.test_batch_create_members line:115| 第194个会员创建成功
2025-05-07 14:10:01|LogUtil.info line:33| 发送请求: 新增会员接口-第195个
2025-05-07 14:10:01|test_01_member_create.test_batch_create_members line:115| 第195个会员创建成功
2025-05-07 14:10:01|LogUtil.info line:33| 发送请求: 新增会员接口-第196个
2025-05-07 14:10:01|test_01_member_create.test_batch_create_members line:115| 第196个会员创建成功
2025-05-07 14:10:02|LogUtil.info line:33| 发送请求: 新增会员接口-第197个
2025-05-07 14:10:02|test_01_member_create.test_batch_create_members line:115| 第197个会员创建成功
2025-05-07 14:10:02|LogUtil.info line:33| 发送请求: 新增会员接口-第198个
2025-05-07 14:10:02|test_01_member_create.test_batch_create_members line:115| 第198个会员创建成功
2025-05-07 14:10:02|LogUtil.info line:33| 发送请求: 新增会员接口-第199个
2025-05-07 14:10:02|test_01_member_create.test_batch_create_members line:115| 第199个会员创建成功
2025-05-07 14:10:02|LogUtil.info line:33| 发送请求: 新增会员接口-第200个
2025-05-07 14:10:02|test_01_member_create.test_batch_create_members line:115| 第200个会员创建成功
2025-05-07 14:10:02|LogUtil.info line:33| 发送请求: 新增会员接口-第201个
2025-05-07 14:10:03|test_01_member_create.test_batch_create_members line:115| 第201个会员创建成功
2025-05-07 14:10:03|LogUtil.info line:33| 发送请求: 新增会员接口-第202个
2025-05-07 14:10:03|test_01_member_create.test_batch_create_members line:115| 第202个会员创建成功
2025-05-07 14:10:03|LogUtil.info line:33| 发送请求: 新增会员接口-第203个
2025-05-07 14:10:03|test_01_member_create.test_batch_create_members line:115| 第203个会员创建成功
2025-05-07 14:10:03|LogUtil.info line:33| 发送请求: 新增会员接口-第204个
2025-05-07 14:10:03|test_01_member_create.test_batch_create_members line:115| 第204个会员创建成功
2025-05-07 14:10:03|LogUtil.info line:33| 发送请求: 新增会员接口-第205个
2025-05-07 14:10:03|test_01_member_create.test_batch_create_members line:115| 第205个会员创建成功
2025-05-07 14:10:03|LogUtil.info line:33| 发送请求: 新增会员接口-第206个
2025-05-07 14:10:03|test_01_member_create.test_batch_create_members line:115| 第206个会员创建成功
2025-05-07 14:10:04|LogUtil.info line:33| 发送请求: 新增会员接口-第207个
2025-05-07 14:10:04|test_01_member_create.test_batch_create_members line:115| 第207个会员创建成功
2025-05-07 14:10:04|LogUtil.info line:33| 发送请求: 新增会员接口-第208个
2025-05-07 14:10:04|test_01_member_create.test_batch_create_members line:115| 第208个会员创建成功
2025-05-07 14:10:04|LogUtil.info line:33| 发送请求: 新增会员接口-第209个
2025-05-07 14:10:04|test_01_member_create.test_batch_create_members line:115| 第209个会员创建成功
2025-05-07 14:10:04|LogUtil.info line:33| 发送请求: 新增会员接口-第210个
2025-05-07 14:10:04|test_01_member_create.test_batch_create_members line:115| 第210个会员创建成功
2025-05-07 14:10:04|LogUtil.info line:33| 发送请求: 新增会员接口-第211个
2025-05-07 14:10:04|test_01_member_create.test_batch_create_members line:115| 第211个会员创建成功
2025-05-07 14:10:04|LogUtil.info line:33| 发送请求: 新增会员接口-第212个
2025-05-07 14:10:05|test_01_member_create.test_batch_create_members line:115| 第212个会员创建成功
2025-05-07 14:10:05|LogUtil.info line:33| 发送请求: 新增会员接口-第213个
2025-05-07 14:10:05|test_01_member_create.test_batch_create_members line:115| 第213个会员创建成功
2025-05-07 14:10:05|LogUtil.info line:33| 发送请求: 新增会员接口-第214个
2025-05-07 14:10:05|test_01_member_create.test_batch_create_members line:115| 第214个会员创建成功
2025-05-07 14:10:05|LogUtil.info line:33| 发送请求: 新增会员接口-第215个
2025-05-07 14:10:05|test_01_member_create.test_batch_create_members line:115| 第215个会员创建成功
2025-05-07 14:10:06|LogUtil.info line:33| 发送请求: 新增会员接口-第216个
2025-05-07 14:10:06|test_01_member_create.test_batch_create_members line:115| 第216个会员创建成功
2025-05-07 14:10:06|LogUtil.info line:33| 发送请求: 新增会员接口-第217个
2025-05-07 14:10:06|test_01_member_create.test_batch_create_members line:115| 第217个会员创建成功
2025-05-07 14:10:06|LogUtil.info line:33| 发送请求: 新增会员接口-第218个
2025-05-07 14:10:06|test_01_member_create.test_batch_create_members line:115| 第218个会员创建成功
2025-05-07 14:10:06|LogUtil.info line:33| 发送请求: 新增会员接口-第219个
2025-05-07 14:10:06|test_01_member_create.test_batch_create_members line:115| 第219个会员创建成功
2025-05-07 14:10:06|LogUtil.info line:33| 发送请求: 新增会员接口-第220个
2025-05-07 14:10:06|test_01_member_create.test_batch_create_members line:115| 第220个会员创建成功
2025-05-07 14:10:06|LogUtil.info line:33| 发送请求: 新增会员接口-第221个
2025-05-07 14:10:07|test_01_member_create.test_batch_create_members line:115| 第221个会员创建成功
2025-05-07 14:10:07|LogUtil.info line:33| 发送请求: 新增会员接口-第222个
2025-05-07 14:10:07|test_01_member_create.test_batch_create_members line:115| 第222个会员创建成功
2025-05-07 14:10:07|LogUtil.info line:33| 发送请求: 新增会员接口-第223个
2025-05-07 14:10:07|test_01_member_create.test_batch_create_members line:115| 第223个会员创建成功
2025-05-07 14:10:07|LogUtil.info line:33| 发送请求: 新增会员接口-第224个
2025-05-07 14:10:07|test_01_member_create.test_batch_create_members line:115| 第224个会员创建成功
2025-05-07 14:10:07|LogUtil.info line:33| 发送请求: 新增会员接口-第225个
2025-05-07 14:10:07|test_01_member_create.test_batch_create_members line:115| 第225个会员创建成功
2025-05-07 14:10:07|LogUtil.info line:33| 发送请求: 新增会员接口-第226个
2025-05-07 14:10:08|test_01_member_create.test_batch_create_members line:115| 第226个会员创建成功
2025-05-07 14:10:08|LogUtil.info line:33| 发送请求: 新增会员接口-第227个
2025-05-07 14:10:08|test_01_member_create.test_batch_create_members line:115| 第227个会员创建成功
2025-05-07 14:10:08|LogUtil.info line:33| 发送请求: 新增会员接口-第228个
2025-05-07 14:10:08|test_01_member_create.test_batch_create_members line:115| 第228个会员创建成功
2025-05-07 14:10:08|LogUtil.info line:33| 发送请求: 新增会员接口-第229个
2025-05-07 14:10:08|test_01_member_create.test_batch_create_members line:115| 第229个会员创建成功
2025-05-07 14:10:09|LogUtil.info line:33| 发送请求: 新增会员接口-第230个
2025-05-07 14:10:09|test_01_member_create.test_batch_create_members line:115| 第230个会员创建成功
2025-05-07 14:10:09|LogUtil.info line:33| 发送请求: 新增会员接口-第231个
2025-05-07 14:10:09|test_01_member_create.test_batch_create_members line:115| 第231个会员创建成功
2025-05-07 14:10:09|LogUtil.info line:33| 发送请求: 新增会员接口-第232个
2025-05-07 14:10:09|test_01_member_create.test_batch_create_members line:115| 第232个会员创建成功
2025-05-07 14:10:09|LogUtil.info line:33| 发送请求: 新增会员接口-第233个
2025-05-07 14:10:10|test_01_member_create.test_batch_create_members line:115| 第233个会员创建成功
2025-05-07 14:10:10|LogUtil.info line:33| 发送请求: 新增会员接口-第234个
2025-05-07 14:10:10|test_01_member_create.test_batch_create_members line:115| 第234个会员创建成功
2025-05-07 14:10:10|LogUtil.info line:33| 发送请求: 新增会员接口-第235个
2025-05-07 14:10:10|test_01_member_create.test_batch_create_members line:115| 第235个会员创建成功
2025-05-07 14:10:10|LogUtil.info line:33| 发送请求: 新增会员接口-第236个
2025-05-07 14:10:10|test_01_member_create.test_batch_create_members line:115| 第236个会员创建成功
2025-05-07 14:10:11|LogUtil.info line:33| 发送请求: 新增会员接口-第237个
2025-05-07 14:10:11|test_01_member_create.test_batch_create_members line:115| 第237个会员创建成功
2025-05-07 14:10:11|LogUtil.info line:33| 发送请求: 新增会员接口-第238个
2025-05-07 14:10:11|test_01_member_create.test_batch_create_members line:115| 第238个会员创建成功
2025-05-07 14:10:11|LogUtil.info line:33| 发送请求: 新增会员接口-第239个
2025-05-07 14:10:11|test_01_member_create.test_batch_create_members line:115| 第239个会员创建成功
2025-05-07 14:10:11|LogUtil.info line:33| 发送请求: 新增会员接口-第240个
2025-05-07 14:10:11|test_01_member_create.test_batch_create_members line:115| 第240个会员创建成功
2025-05-07 14:10:11|LogUtil.info line:33| 发送请求: 新增会员接口-第241个
2025-05-07 14:10:11|test_01_member_create.test_batch_create_members line:115| 第241个会员创建成功
2025-05-07 14:10:12|LogUtil.info line:33| 发送请求: 新增会员接口-第242个
2025-05-07 14:10:12|test_01_member_create.test_batch_create_members line:115| 第242个会员创建成功
2025-05-07 14:10:12|LogUtil.info line:33| 发送请求: 新增会员接口-第243个
2025-05-07 14:10:12|test_01_member_create.test_batch_create_members line:115| 第243个会员创建成功
2025-05-07 14:10:12|LogUtil.info line:33| 发送请求: 新增会员接口-第244个
2025-05-07 14:10:12|test_01_member_create.test_batch_create_members line:115| 第244个会员创建成功
2025-05-07 14:10:12|LogUtil.info line:33| 发送请求: 新增会员接口-第245个
2025-05-07 14:10:12|test_01_member_create.test_batch_create_members line:115| 第245个会员创建成功
2025-05-07 14:10:13|LogUtil.info line:33| 发送请求: 新增会员接口-第246个
2025-05-07 14:10:13|test_01_member_create.test_batch_create_members line:115| 第246个会员创建成功
2025-05-07 14:10:13|LogUtil.info line:33| 发送请求: 新增会员接口-第247个
2025-05-07 14:10:13|test_01_member_create.test_batch_create_members line:115| 第247个会员创建成功
2025-05-07 14:10:13|LogUtil.info line:33| 发送请求: 新增会员接口-第248个
2025-05-07 14:10:13|test_01_member_create.test_batch_create_members line:115| 第248个会员创建成功
2025-05-07 14:10:14|LogUtil.info line:33| 发送请求: 新增会员接口-第249个
2025-05-07 14:10:14|test_01_member_create.test_batch_create_members line:115| 第249个会员创建成功
2025-05-07 14:10:14|LogUtil.info line:33| 发送请求: 新增会员接口-第250个
2025-05-07 14:10:14|test_01_member_create.test_batch_create_members line:115| 第250个会员创建成功
2025-05-07 14:10:14|LogUtil.info line:33| 发送请求: 新增会员接口-第251个
2025-05-07 14:10:15|test_01_member_create.test_batch_create_members line:115| 第251个会员创建成功
2025-05-07 14:10:15|LogUtil.info line:33| 发送请求: 新增会员接口-第252个
2025-05-07 14:10:15|test_01_member_create.test_batch_create_members line:115| 第252个会员创建成功
2025-05-07 14:10:15|LogUtil.info line:33| 发送请求: 新增会员接口-第253个
2025-05-07 14:10:15|test_01_member_create.test_batch_create_members line:115| 第253个会员创建成功
2025-05-07 14:10:16|LogUtil.info line:33| 发送请求: 新增会员接口-第254个
2025-05-07 14:10:16|test_01_member_create.test_batch_create_members line:115| 第254个会员创建成功
2025-05-07 14:10:16|LogUtil.info line:33| 发送请求: 新增会员接口-第255个
2025-05-07 14:10:16|test_01_member_create.test_batch_create_members line:115| 第255个会员创建成功
2025-05-07 14:10:16|LogUtil.info line:33| 发送请求: 新增会员接口-第256个
2025-05-07 14:10:16|test_01_member_create.test_batch_create_members line:115| 第256个会员创建成功
2025-05-07 14:10:16|LogUtil.info line:33| 发送请求: 新增会员接口-第257个
2025-05-07 14:10:16|test_01_member_create.test_batch_create_members line:115| 第257个会员创建成功
2025-05-07 14:10:17|LogUtil.info line:33| 发送请求: 新增会员接口-第258个
2025-05-07 14:10:17|test_01_member_create.test_batch_create_members line:115| 第258个会员创建成功
2025-05-07 14:10:17|LogUtil.info line:33| 发送请求: 新增会员接口-第259个
2025-05-07 14:10:17|test_01_member_create.test_batch_create_members line:115| 第259个会员创建成功
2025-05-07 14:10:17|LogUtil.info line:33| 发送请求: 新增会员接口-第260个
2025-05-07 14:10:17|test_01_member_create.test_batch_create_members line:115| 第260个会员创建成功
2025-05-07 14:10:17|LogUtil.info line:33| 发送请求: 新增会员接口-第261个
2025-05-07 14:10:17|test_01_member_create.test_batch_create_members line:115| 第261个会员创建成功
2025-05-07 14:10:18|LogUtil.info line:33| 发送请求: 新增会员接口-第262个
2025-05-07 14:10:18|test_01_member_create.test_batch_create_members line:115| 第262个会员创建成功
2025-05-07 14:10:18|LogUtil.info line:33| 发送请求: 新增会员接口-第263个
2025-05-07 14:10:18|test_01_member_create.test_batch_create_members line:115| 第263个会员创建成功
2025-05-07 14:10:18|LogUtil.info line:33| 发送请求: 新增会员接口-第264个
2025-05-07 14:10:18|test_01_member_create.test_batch_create_members line:115| 第264个会员创建成功
2025-05-07 14:10:18|LogUtil.info line:33| 发送请求: 新增会员接口-第265个
2025-05-07 14:10:18|test_01_member_create.test_batch_create_members line:115| 第265个会员创建成功
2025-05-07 14:10:19|LogUtil.info line:33| 发送请求: 新增会员接口-第266个
2025-05-07 14:10:19|test_01_member_create.test_batch_create_members line:115| 第266个会员创建成功
2025-05-07 14:10:19|LogUtil.info line:33| 发送请求: 新增会员接口-第267个
2025-05-07 14:10:19|test_01_member_create.test_batch_create_members line:115| 第267个会员创建成功
2025-05-07 14:10:19|LogUtil.info line:33| 发送请求: 新增会员接口-第268个
2025-05-07 14:10:19|test_01_member_create.test_batch_create_members line:115| 第268个会员创建成功
2025-05-07 14:10:20|LogUtil.info line:33| 发送请求: 新增会员接口-第269个
2025-05-07 14:10:20|test_01_member_create.test_batch_create_members line:115| 第269个会员创建成功
2025-05-07 14:10:20|LogUtil.info line:33| 发送请求: 新增会员接口-第270个
2025-05-07 14:10:20|test_01_member_create.test_batch_create_members line:115| 第270个会员创建成功
2025-05-07 14:10:20|LogUtil.info line:33| 发送请求: 新增会员接口-第271个
2025-05-07 14:10:20|test_01_member_create.test_batch_create_members line:115| 第271个会员创建成功
2025-05-07 14:10:20|LogUtil.info line:33| 发送请求: 新增会员接口-第272个
2025-05-07 14:10:21|test_01_member_create.test_batch_create_members line:115| 第272个会员创建成功
2025-05-07 14:10:21|LogUtil.info line:33| 发送请求: 新增会员接口-第273个
2025-05-07 14:10:21|test_01_member_create.test_batch_create_members line:115| 第273个会员创建成功
2025-05-07 14:10:21|LogUtil.info line:33| 发送请求: 新增会员接口-第274个
2025-05-07 14:10:21|test_01_member_create.test_batch_create_members line:115| 第274个会员创建成功
2025-05-07 14:10:21|LogUtil.info line:33| 发送请求: 新增会员接口-第275个
2025-05-07 14:10:21|test_01_member_create.test_batch_create_members line:115| 第275个会员创建成功
2025-05-07 14:10:22|LogUtil.info line:33| 发送请求: 新增会员接口-第276个
2025-05-07 14:10:22|test_01_member_create.test_batch_create_members line:115| 第276个会员创建成功
2025-05-07 14:10:22|LogUtil.info line:33| 发送请求: 新增会员接口-第277个
2025-05-07 14:10:22|test_01_member_create.test_batch_create_members line:115| 第277个会员创建成功
2025-05-07 14:10:22|LogUtil.info line:33| 发送请求: 新增会员接口-第278个
2025-05-07 14:10:22|test_01_member_create.test_batch_create_members line:115| 第278个会员创建成功
2025-05-07 14:10:23|LogUtil.info line:33| 发送请求: 新增会员接口-第279个
2025-05-07 14:10:23|test_01_member_create.test_batch_create_members line:115| 第279个会员创建成功
2025-05-07 14:10:23|LogUtil.info line:33| 发送请求: 新增会员接口-第280个
2025-05-07 14:10:23|test_01_member_create.test_batch_create_members line:115| 第280个会员创建成功
2025-05-07 14:10:23|LogUtil.info line:33| 发送请求: 新增会员接口-第281个
2025-05-07 14:10:23|test_01_member_create.test_batch_create_members line:115| 第281个会员创建成功
2025-05-07 14:10:24|LogUtil.info line:33| 发送请求: 新增会员接口-第282个
2025-05-07 14:10:24|test_01_member_create.test_batch_create_members line:115| 第282个会员创建成功
2025-05-07 14:10:24|LogUtil.info line:33| 发送请求: 新增会员接口-第283个
2025-05-07 14:10:24|test_01_member_create.test_batch_create_members line:115| 第283个会员创建成功
2025-05-07 14:10:24|LogUtil.info line:33| 发送请求: 新增会员接口-第284个
2025-05-07 14:10:24|test_01_member_create.test_batch_create_members line:115| 第284个会员创建成功
2025-05-07 14:10:24|LogUtil.info line:33| 发送请求: 新增会员接口-第285个
2025-05-07 14:10:25|test_01_member_create.test_batch_create_members line:115| 第285个会员创建成功
2025-05-07 14:10:25|LogUtil.info line:33| 发送请求: 新增会员接口-第286个
2025-05-07 14:10:25|test_01_member_create.test_batch_create_members line:115| 第286个会员创建成功
2025-05-07 14:10:25|LogUtil.info line:33| 发送请求: 新增会员接口-第287个
2025-05-07 14:10:25|test_01_member_create.test_batch_create_members line:115| 第287个会员创建成功
2025-05-07 14:10:25|LogUtil.info line:33| 发送请求: 新增会员接口-第288个
2025-05-07 14:10:26|test_01_member_create.test_batch_create_members line:115| 第288个会员创建成功
2025-05-07 14:10:26|LogUtil.info line:33| 发送请求: 新增会员接口-第289个
2025-05-07 14:10:26|test_01_member_create.test_batch_create_members line:115| 第289个会员创建成功
2025-05-07 14:10:26|LogUtil.info line:33| 发送请求: 新增会员接口-第290个
2025-05-07 14:10:26|test_01_member_create.test_batch_create_members line:115| 第290个会员创建成功
2025-05-07 14:10:26|LogUtil.info line:33| 发送请求: 新增会员接口-第291个
2025-05-07 14:10:26|test_01_member_create.test_batch_create_members line:115| 第291个会员创建成功
2025-05-07 14:10:27|LogUtil.info line:33| 发送请求: 新增会员接口-第292个
2025-05-07 14:10:27|test_01_member_create.test_batch_create_members line:115| 第292个会员创建成功
2025-05-07 14:10:27|LogUtil.info line:33| 发送请求: 新增会员接口-第293个
2025-05-07 14:10:27|test_01_member_create.test_batch_create_members line:115| 第293个会员创建成功
2025-05-07 14:10:28|LogUtil.info line:33| 发送请求: 新增会员接口-第294个
2025-05-07 14:10:28|test_01_member_create.test_batch_create_members line:115| 第294个会员创建成功
2025-05-07 14:10:28|LogUtil.info line:33| 发送请求: 新增会员接口-第295个
2025-05-07 14:10:28|test_01_member_create.test_batch_create_members line:115| 第295个会员创建成功
2025-05-07 14:10:29|LogUtil.info line:33| 发送请求: 新增会员接口-第296个
2025-05-07 14:10:29|test_01_member_create.test_batch_create_members line:115| 第296个会员创建成功
2025-05-07 14:10:29|LogUtil.info line:33| 发送请求: 新增会员接口-第297个
2025-05-07 14:10:29|test_01_member_create.test_batch_create_members line:115| 第297个会员创建成功
2025-05-07 14:10:29|LogUtil.info line:33| 发送请求: 新增会员接口-第298个
2025-05-07 14:10:29|test_01_member_create.test_batch_create_members line:115| 第298个会员创建成功
2025-05-07 14:10:30|LogUtil.info line:33| 发送请求: 新增会员接口-第299个
2025-05-07 14:10:30|test_01_member_create.test_batch_create_members line:115| 第299个会员创建成功
2025-05-07 14:10:30|LogUtil.info line:33| 发送请求: 新增会员接口-第300个
2025-05-07 14:10:30|test_01_member_create.test_batch_create_members line:115| 第300个会员创建成功
2025-05-07 14:10:30|LogUtil.info line:33| 发送请求: 新增会员接口-第301个
2025-05-07 14:10:30|test_01_member_create.test_batch_create_members line:115| 第301个会员创建成功
2025-05-07 14:10:30|LogUtil.info line:33| 发送请求: 新增会员接口-第302个
2025-05-07 14:10:30|test_01_member_create.test_batch_create_members line:115| 第302个会员创建成功
2025-05-07 14:10:31|LogUtil.info line:33| 发送请求: 新增会员接口-第303个
2025-05-07 14:10:31|test_01_member_create.test_batch_create_members line:115| 第303个会员创建成功
2025-05-07 14:10:31|LogUtil.info line:33| 发送请求: 新增会员接口-第304个
2025-05-07 14:10:31|test_01_member_create.test_batch_create_members line:115| 第304个会员创建成功
2025-05-07 14:10:31|LogUtil.info line:33| 发送请求: 新增会员接口-第305个
2025-05-07 14:10:31|test_01_member_create.test_batch_create_members line:115| 第305个会员创建成功
2025-05-07 14:10:32|LogUtil.info line:33| 发送请求: 新增会员接口-第306个
2025-05-07 14:10:32|test_01_member_create.test_batch_create_members line:115| 第306个会员创建成功
2025-05-07 14:10:32|LogUtil.info line:33| 发送请求: 新增会员接口-第307个
2025-05-07 14:10:32|test_01_member_create.test_batch_create_members line:115| 第307个会员创建成功
2025-05-07 14:10:32|LogUtil.info line:33| 发送请求: 新增会员接口-第308个
2025-05-07 14:10:32|test_01_member_create.test_batch_create_members line:115| 第308个会员创建成功
2025-05-07 14:10:32|LogUtil.info line:33| 发送请求: 新增会员接口-第309个
2025-05-07 14:10:32|test_01_member_create.test_batch_create_members line:115| 第309个会员创建成功
2025-05-07 14:10:33|LogUtil.info line:33| 发送请求: 新增会员接口-第310个
2025-05-07 14:10:33|test_01_member_create.test_batch_create_members line:115| 第310个会员创建成功
2025-05-07 14:10:33|LogUtil.info line:33| 发送请求: 新增会员接口-第311个
2025-05-07 14:10:33|test_01_member_create.test_batch_create_members line:115| 第311个会员创建成功
2025-05-07 14:10:33|LogUtil.info line:33| 发送请求: 新增会员接口-第312个
2025-05-07 14:10:33|test_01_member_create.test_batch_create_members line:115| 第312个会员创建成功
2025-05-07 14:10:33|LogUtil.info line:33| 发送请求: 新增会员接口-第313个
2025-05-07 14:10:33|test_01_member_create.test_batch_create_members line:115| 第313个会员创建成功
2025-05-07 14:10:34|LogUtil.info line:33| 发送请求: 新增会员接口-第314个
2025-05-07 14:10:34|test_01_member_create.test_batch_create_members line:115| 第314个会员创建成功
2025-05-07 14:10:34|LogUtil.info line:33| 发送请求: 新增会员接口-第315个
2025-05-07 14:10:34|test_01_member_create.test_batch_create_members line:115| 第315个会员创建成功
2025-05-07 14:10:35|LogUtil.info line:33| 发送请求: 新增会员接口-第316个
2025-05-07 14:10:35|test_01_member_create.test_batch_create_members line:115| 第316个会员创建成功
2025-05-07 14:10:35|LogUtil.info line:33| 发送请求: 新增会员接口-第317个
2025-05-07 14:10:35|test_01_member_create.test_batch_create_members line:115| 第317个会员创建成功
2025-05-07 14:10:36|LogUtil.info line:33| 发送请求: 新增会员接口-第318个
2025-05-07 14:10:36|test_01_member_create.test_batch_create_members line:115| 第318个会员创建成功
2025-05-07 14:10:36|LogUtil.info line:33| 发送请求: 新增会员接口-第319个
2025-05-07 14:10:36|test_01_member_create.test_batch_create_members line:115| 第319个会员创建成功
2025-05-07 14:10:36|LogUtil.info line:33| 发送请求: 新增会员接口-第320个
2025-05-07 14:10:36|test_01_member_create.test_batch_create_members line:115| 第320个会员创建成功
2025-05-07 14:10:37|LogUtil.info line:33| 发送请求: 新增会员接口-第321个
2025-05-07 14:10:37|test_01_member_create.test_batch_create_members line:115| 第321个会员创建成功
2025-05-07 14:10:37|LogUtil.info line:33| 发送请求: 新增会员接口-第322个
2025-05-07 14:10:37|test_01_member_create.test_batch_create_members line:115| 第322个会员创建成功
2025-05-07 14:10:37|LogUtil.info line:33| 发送请求: 新增会员接口-第323个
2025-05-07 14:10:37|test_01_member_create.test_batch_create_members line:115| 第323个会员创建成功
2025-05-07 14:10:37|LogUtil.info line:33| 发送请求: 新增会员接口-第324个
2025-05-07 14:10:37|test_01_member_create.test_batch_create_members line:115| 第324个会员创建成功
2025-05-07 14:10:38|LogUtil.info line:33| 发送请求: 新增会员接口-第325个
2025-05-07 14:10:38|test_01_member_create.test_batch_create_members line:115| 第325个会员创建成功
2025-05-07 14:10:38|LogUtil.info line:33| 发送请求: 新增会员接口-第326个
2025-05-07 14:10:38|test_01_member_create.test_batch_create_members line:115| 第326个会员创建成功
2025-05-07 14:10:39|LogUtil.info line:33| 发送请求: 新增会员接口-第327个
2025-05-07 14:10:39|test_01_member_create.test_batch_create_members line:115| 第327个会员创建成功
2025-05-07 14:10:39|LogUtil.info line:33| 发送请求: 新增会员接口-第328个
2025-05-07 14:10:39|test_01_member_create.test_batch_create_members line:115| 第328个会员创建成功
2025-05-07 14:10:40|LogUtil.info line:33| 发送请求: 新增会员接口-第329个
2025-05-07 14:10:40|test_01_member_create.test_batch_create_members line:115| 第329个会员创建成功
2025-05-07 14:10:40|LogUtil.info line:33| 发送请求: 新增会员接口-第330个
2025-05-07 14:10:40|test_01_member_create.test_batch_create_members line:115| 第330个会员创建成功
2025-05-07 14:10:40|LogUtil.info line:33| 发送请求: 新增会员接口-第331个
2025-05-07 14:10:41|test_01_member_create.test_batch_create_members line:115| 第331个会员创建成功
2025-05-07 14:10:41|LogUtil.info line:33| 发送请求: 新增会员接口-第332个
2025-05-07 14:10:41|test_01_member_create.test_batch_create_members line:115| 第332个会员创建成功
2025-05-07 14:10:41|LogUtil.info line:33| 发送请求: 新增会员接口-第333个
2025-05-07 14:10:41|test_01_member_create.test_batch_create_members line:115| 第333个会员创建成功
2025-05-07 14:10:41|LogUtil.info line:33| 发送请求: 新增会员接口-第334个
2025-05-07 14:10:41|test_01_member_create.test_batch_create_members line:115| 第334个会员创建成功
2025-05-07 14:10:42|LogUtil.info line:33| 发送请求: 新增会员接口-第335个
2025-05-07 14:10:42|test_01_member_create.test_batch_create_members line:115| 第335个会员创建成功
2025-05-07 14:10:42|LogUtil.info line:33| 发送请求: 新增会员接口-第336个
2025-05-07 14:10:42|test_01_member_create.test_batch_create_members line:115| 第336个会员创建成功
2025-05-07 14:10:43|LogUtil.info line:33| 发送请求: 新增会员接口-第337个
2025-05-07 14:10:43|test_01_member_create.test_batch_create_members line:115| 第337个会员创建成功
2025-05-07 14:10:43|LogUtil.info line:33| 发送请求: 新增会员接口-第338个
2025-05-07 14:10:43|test_01_member_create.test_batch_create_members line:115| 第338个会员创建成功
2025-05-07 14:10:43|LogUtil.info line:33| 发送请求: 新增会员接口-第339个
2025-05-07 14:10:43|test_01_member_create.test_batch_create_members line:115| 第339个会员创建成功
2025-05-07 14:10:44|LogUtil.info line:33| 发送请求: 新增会员接口-第340个
2025-05-07 14:10:44|test_01_member_create.test_batch_create_members line:115| 第340个会员创建成功
2025-05-07 14:10:45|LogUtil.info line:33| 发送请求: 新增会员接口-第341个
2025-05-07 14:10:45|test_01_member_create.test_batch_create_members line:115| 第341个会员创建成功
2025-05-07 14:10:45|LogUtil.info line:33| 发送请求: 新增会员接口-第342个
2025-05-07 14:10:45|test_01_member_create.test_batch_create_members line:115| 第342个会员创建成功
2025-05-07 14:10:45|LogUtil.info line:33| 发送请求: 新增会员接口-第343个
2025-05-07 14:10:45|test_01_member_create.test_batch_create_members line:115| 第343个会员创建成功
2025-05-07 14:10:45|LogUtil.info line:33| 发送请求: 新增会员接口-第344个
2025-05-07 14:10:46|test_01_member_create.test_batch_create_members line:115| 第344个会员创建成功
2025-05-07 14:10:46|LogUtil.info line:33| 发送请求: 新增会员接口-第345个
2025-05-07 14:10:46|test_01_member_create.test_batch_create_members line:115| 第345个会员创建成功
2025-05-07 14:10:46|LogUtil.info line:33| 发送请求: 新增会员接口-第346个
2025-05-07 14:10:46|test_01_member_create.test_batch_create_members line:115| 第346个会员创建成功
2025-05-07 14:10:46|LogUtil.info line:33| 发送请求: 新增会员接口-第347个
2025-05-07 14:10:47|test_01_member_create.test_batch_create_members line:115| 第347个会员创建成功
2025-05-07 14:10:47|LogUtil.info line:33| 发送请求: 新增会员接口-第348个
2025-05-07 14:10:47|test_01_member_create.test_batch_create_members line:115| 第348个会员创建成功
2025-05-07 14:10:47|LogUtil.info line:33| 发送请求: 新增会员接口-第349个
2025-05-07 14:10:47|test_01_member_create.test_batch_create_members line:115| 第349个会员创建成功
2025-05-07 14:10:47|LogUtil.info line:33| 发送请求: 新增会员接口-第350个
2025-05-07 14:10:47|test_01_member_create.test_batch_create_members line:115| 第350个会员创建成功
2025-05-07 14:10:48|LogUtil.info line:33| 发送请求: 新增会员接口-第351个
2025-05-07 14:10:48|test_01_member_create.test_batch_create_members line:115| 第351个会员创建成功
2025-05-07 14:10:48|LogUtil.info line:33| 发送请求: 新增会员接口-第352个
2025-05-07 14:10:48|test_01_member_create.test_batch_create_members line:115| 第352个会员创建成功
2025-05-07 14:10:48|LogUtil.info line:33| 发送请求: 新增会员接口-第353个
2025-05-07 14:10:48|test_01_member_create.test_batch_create_members line:115| 第353个会员创建成功
2025-05-07 14:10:48|LogUtil.info line:33| 发送请求: 新增会员接口-第354个
2025-05-07 14:10:48|test_01_member_create.test_batch_create_members line:115| 第354个会员创建成功
2025-05-07 14:10:49|LogUtil.info line:33| 发送请求: 新增会员接口-第355个
2025-05-07 14:10:49|test_01_member_create.test_batch_create_members line:115| 第355个会员创建成功
2025-05-07 14:10:49|LogUtil.info line:33| 发送请求: 新增会员接口-第356个
2025-05-07 14:10:49|test_01_member_create.test_batch_create_members line:115| 第356个会员创建成功
2025-05-07 14:10:49|LogUtil.info line:33| 发送请求: 新增会员接口-第357个
2025-05-07 14:10:49|test_01_member_create.test_batch_create_members line:115| 第357个会员创建成功
2025-05-07 14:10:49|LogUtil.info line:33| 发送请求: 新增会员接口-第358个
2025-05-07 14:10:49|test_01_member_create.test_batch_create_members line:115| 第358个会员创建成功
2025-05-07 14:10:50|LogUtil.info line:33| 发送请求: 新增会员接口-第359个
2025-05-07 14:10:50|test_01_member_create.test_batch_create_members line:115| 第359个会员创建成功
2025-05-07 14:10:50|LogUtil.info line:33| 发送请求: 新增会员接口-第360个
2025-05-07 14:10:50|test_01_member_create.test_batch_create_members line:115| 第360个会员创建成功
2025-05-07 14:10:50|LogUtil.info line:33| 发送请求: 新增会员接口-第361个
2025-05-07 14:10:50|test_01_member_create.test_batch_create_members line:115| 第361个会员创建成功
2025-05-07 14:10:50|LogUtil.info line:33| 发送请求: 新增会员接口-第362个
2025-05-07 14:10:50|test_01_member_create.test_batch_create_members line:115| 第362个会员创建成功
2025-05-07 14:10:51|LogUtil.info line:33| 发送请求: 新增会员接口-第363个
2025-05-07 14:10:51|test_01_member_create.test_batch_create_members line:115| 第363个会员创建成功
2025-05-07 14:10:51|LogUtil.info line:33| 发送请求: 新增会员接口-第364个
2025-05-07 14:10:51|test_01_member_create.test_batch_create_members line:115| 第364个会员创建成功
2025-05-07 14:10:51|LogUtil.info line:33| 发送请求: 新增会员接口-第365个
2025-05-07 14:10:51|test_01_member_create.test_batch_create_members line:115| 第365个会员创建成功
2025-05-07 14:10:52|LogUtil.info line:33| 发送请求: 新增会员接口-第366个
2025-05-07 14:10:52|test_01_member_create.test_batch_create_members line:115| 第366个会员创建成功
2025-05-07 14:10:52|LogUtil.info line:33| 发送请求: 新增会员接口-第367个
2025-05-07 14:10:52|test_01_member_create.test_batch_create_members line:115| 第367个会员创建成功
2025-05-07 14:10:53|LogUtil.info line:33| 发送请求: 新增会员接口-第368个
2025-05-07 14:10:53|test_01_member_create.test_batch_create_members line:115| 第368个会员创建成功
2025-05-07 14:10:53|LogUtil.info line:33| 发送请求: 新增会员接口-第369个
2025-05-07 14:10:53|test_01_member_create.test_batch_create_members line:115| 第369个会员创建成功
2025-05-07 14:10:53|LogUtil.info line:33| 发送请求: 新增会员接口-第370个
2025-05-07 14:10:53|test_01_member_create.test_batch_create_members line:115| 第370个会员创建成功
2025-05-07 14:10:53|LogUtil.info line:33| 发送请求: 新增会员接口-第371个
2025-05-07 14:10:53|test_01_member_create.test_batch_create_members line:115| 第371个会员创建成功
2025-05-07 14:10:54|LogUtil.info line:33| 发送请求: 新增会员接口-第372个
2025-05-07 14:10:54|test_01_member_create.test_batch_create_members line:115| 第372个会员创建成功
2025-05-07 14:10:54|LogUtil.info line:33| 发送请求: 新增会员接口-第373个
2025-05-07 14:10:54|test_01_member_create.test_batch_create_members line:115| 第373个会员创建成功
2025-05-07 14:10:55|LogUtil.info line:33| 发送请求: 新增会员接口-第374个
2025-05-07 14:10:55|test_01_member_create.test_batch_create_members line:115| 第374个会员创建成功
2025-05-07 14:10:55|LogUtil.info line:33| 发送请求: 新增会员接口-第375个
2025-05-07 14:10:55|test_01_member_create.test_batch_create_members line:115| 第375个会员创建成功
2025-05-07 14:10:55|LogUtil.info line:33| 发送请求: 新增会员接口-第376个
2025-05-07 14:10:55|test_01_member_create.test_batch_create_members line:115| 第376个会员创建成功
2025-05-07 14:10:55|LogUtil.info line:33| 发送请求: 新增会员接口-第377个
2025-05-07 14:10:55|test_01_member_create.test_batch_create_members line:115| 第377个会员创建成功
2025-05-07 14:10:56|LogUtil.info line:33| 发送请求: 新增会员接口-第378个
2025-05-07 14:10:56|test_01_member_create.test_batch_create_members line:115| 第378个会员创建成功
2025-05-07 14:10:56|LogUtil.info line:33| 发送请求: 新增会员接口-第379个
2025-05-07 14:10:57|test_01_member_create.test_batch_create_members line:115| 第379个会员创建成功
2025-05-07 14:10:57|LogUtil.info line:33| 发送请求: 新增会员接口-第380个
2025-05-07 14:10:57|test_01_member_create.test_batch_create_members line:115| 第380个会员创建成功
2025-05-07 14:10:57|LogUtil.info line:33| 发送请求: 新增会员接口-第381个
2025-05-07 14:10:57|test_01_member_create.test_batch_create_members line:115| 第381个会员创建成功
2025-05-07 14:10:58|LogUtil.info line:33| 发送请求: 新增会员接口-第382个
2025-05-07 14:10:58|test_01_member_create.test_batch_create_members line:115| 第382个会员创建成功
2025-05-07 14:10:58|LogUtil.info line:33| 发送请求: 新增会员接口-第383个
2025-05-07 14:10:58|test_01_member_create.test_batch_create_members line:115| 第383个会员创建成功
2025-05-07 14:10:58|LogUtil.info line:33| 发送请求: 新增会员接口-第384个
2025-05-07 14:10:58|test_01_member_create.test_batch_create_members line:115| 第384个会员创建成功
2025-05-07 14:10:59|LogUtil.info line:33| 发送请求: 新增会员接口-第385个
2025-05-07 14:10:59|test_01_member_create.test_batch_create_members line:115| 第385个会员创建成功
2025-05-07 14:10:59|LogUtil.info line:33| 发送请求: 新增会员接口-第386个
2025-05-07 14:10:59|test_01_member_create.test_batch_create_members line:115| 第386个会员创建成功
2025-05-07 14:10:59|LogUtil.info line:33| 发送请求: 新增会员接口-第387个
2025-05-07 14:10:59|test_01_member_create.test_batch_create_members line:115| 第387个会员创建成功
2025-05-07 14:10:59|LogUtil.info line:33| 发送请求: 新增会员接口-第388个
2025-05-07 14:10:59|test_01_member_create.test_batch_create_members line:115| 第388个会员创建成功
2025-05-07 14:11:00|LogUtil.info line:33| 发送请求: 新增会员接口-第389个
2025-05-07 14:11:00|test_01_member_create.test_batch_create_members line:115| 第389个会员创建成功
2025-05-07 14:11:00|LogUtil.info line:33| 发送请求: 新增会员接口-第390个
2025-05-07 14:11:00|test_01_member_create.test_batch_create_members line:115| 第390个会员创建成功
2025-05-07 14:11:00|LogUtil.info line:33| 发送请求: 新增会员接口-第391个
2025-05-07 14:11:00|test_01_member_create.test_batch_create_members line:115| 第391个会员创建成功
2025-05-07 14:11:01|LogUtil.info line:33| 发送请求: 新增会员接口-第392个
2025-05-07 14:11:01|test_01_member_create.test_batch_create_members line:115| 第392个会员创建成功
2025-05-07 14:11:01|LogUtil.info line:33| 发送请求: 新增会员接口-第393个
2025-05-07 14:11:01|test_01_member_create.test_batch_create_members line:115| 第393个会员创建成功
2025-05-07 14:11:02|LogUtil.info line:33| 发送请求: 新增会员接口-第394个
2025-05-07 14:11:02|test_01_member_create.test_batch_create_members line:115| 第394个会员创建成功
2025-05-07 14:11:02|LogUtil.info line:33| 发送请求: 新增会员接口-第395个
2025-05-07 14:11:02|test_01_member_create.test_batch_create_members line:115| 第395个会员创建成功
2025-05-07 14:11:03|LogUtil.info line:33| 发送请求: 新增会员接口-第396个
2025-05-07 14:11:03|test_01_member_create.test_batch_create_members line:115| 第396个会员创建成功
2025-05-07 14:11:03|LogUtil.info line:33| 发送请求: 新增会员接口-第397个
2025-05-07 14:11:03|test_01_member_create.test_batch_create_members line:115| 第397个会员创建成功
2025-05-07 14:11:04|LogUtil.info line:33| 发送请求: 新增会员接口-第398个
2025-05-07 14:11:04|test_01_member_create.test_batch_create_members line:115| 第398个会员创建成功
2025-05-07 14:11:04|LogUtil.info line:33| 发送请求: 新增会员接口-第399个
2025-05-07 14:11:04|test_01_member_create.test_batch_create_members line:115| 第399个会员创建成功
2025-05-07 14:11:04|LogUtil.info line:33| 发送请求: 新增会员接口-第400个
2025-05-07 14:11:04|test_01_member_create.test_batch_create_members line:115| 第400个会员创建成功
2025-05-07 14:11:05|LogUtil.info line:33| 发送请求: 新增会员接口-第401个
2025-05-07 14:11:05|test_01_member_create.test_batch_create_members line:115| 第401个会员创建成功
2025-05-07 14:11:05|LogUtil.info line:33| 发送请求: 新增会员接口-第402个
2025-05-07 14:11:05|test_01_member_create.test_batch_create_members line:115| 第402个会员创建成功
2025-05-07 14:11:05|LogUtil.info line:33| 发送请求: 新增会员接口-第403个
2025-05-07 14:11:05|test_01_member_create.test_batch_create_members line:115| 第403个会员创建成功
2025-05-07 14:11:06|LogUtil.info line:33| 发送请求: 新增会员接口-第404个
2025-05-07 14:11:06|test_01_member_create.test_batch_create_members line:115| 第404个会员创建成功
2025-05-07 14:11:06|LogUtil.info line:33| 发送请求: 新增会员接口-第405个
2025-05-07 14:11:06|test_01_member_create.test_batch_create_members line:115| 第405个会员创建成功
2025-05-07 14:11:06|LogUtil.info line:33| 发送请求: 新增会员接口-第406个
2025-05-07 14:11:06|test_01_member_create.test_batch_create_members line:115| 第406个会员创建成功
2025-05-07 14:11:06|LogUtil.info line:33| 发送请求: 新增会员接口-第407个
2025-05-07 14:11:06|test_01_member_create.test_batch_create_members line:115| 第407个会员创建成功
2025-05-07 14:11:07|LogUtil.info line:33| 发送请求: 新增会员接口-第408个
2025-05-07 14:11:07|test_01_member_create.test_batch_create_members line:115| 第408个会员创建成功
2025-05-07 14:11:07|LogUtil.info line:33| 发送请求: 新增会员接口-第409个
2025-05-07 14:11:08|test_01_member_create.test_batch_create_members line:115| 第409个会员创建成功
2025-05-07 14:11:08|LogUtil.info line:33| 发送请求: 新增会员接口-第410个
2025-05-07 14:11:08|test_01_member_create.test_batch_create_members line:115| 第410个会员创建成功
2025-05-07 14:11:08|LogUtil.info line:33| 发送请求: 新增会员接口-第411个
2025-05-07 14:11:09|test_01_member_create.test_batch_create_members line:115| 第411个会员创建成功
2025-05-07 14:11:09|LogUtil.info line:33| 发送请求: 新增会员接口-第412个
2025-05-07 14:11:09|test_01_member_create.test_batch_create_members line:115| 第412个会员创建成功
2025-05-07 14:11:09|LogUtil.info line:33| 发送请求: 新增会员接口-第413个
2025-05-07 14:11:09|test_01_member_create.test_batch_create_members line:115| 第413个会员创建成功
2025-05-07 14:11:09|LogUtil.info line:33| 发送请求: 新增会员接口-第414个
2025-05-07 14:11:09|test_01_member_create.test_batch_create_members line:115| 第414个会员创建成功
2025-05-07 14:11:10|LogUtil.info line:33| 发送请求: 新增会员接口-第415个
2025-05-07 14:11:10|test_01_member_create.test_batch_create_members line:115| 第415个会员创建成功
2025-05-07 14:11:10|LogUtil.info line:33| 发送请求: 新增会员接口-第416个
2025-05-07 14:11:10|test_01_member_create.test_batch_create_members line:115| 第416个会员创建成功
2025-05-07 14:11:10|LogUtil.info line:33| 发送请求: 新增会员接口-第417个
2025-05-07 14:11:10|test_01_member_create.test_batch_create_members line:115| 第417个会员创建成功
2025-05-07 14:11:10|LogUtil.info line:33| 发送请求: 新增会员接口-第418个
2025-05-07 14:11:10|test_01_member_create.test_batch_create_members line:115| 第418个会员创建成功
2025-05-07 14:11:11|LogUtil.info line:33| 发送请求: 新增会员接口-第419个
2025-05-07 14:11:11|test_01_member_create.test_batch_create_members line:115| 第419个会员创建成功
2025-05-07 14:11:11|LogUtil.info line:33| 发送请求: 新增会员接口-第420个
2025-05-07 14:11:11|test_01_member_create.test_batch_create_members line:115| 第420个会员创建成功
2025-05-07 14:11:11|LogUtil.info line:33| 发送请求: 新增会员接口-第421个
2025-05-07 14:11:11|test_01_member_create.test_batch_create_members line:115| 第421个会员创建成功
2025-05-07 14:11:12|LogUtil.info line:33| 发送请求: 新增会员接口-第422个
2025-05-07 14:11:12|test_01_member_create.test_batch_create_members line:115| 第422个会员创建成功
2025-05-07 14:11:12|LogUtil.info line:33| 发送请求: 新增会员接口-第423个
2025-05-07 14:11:12|test_01_member_create.test_batch_create_members line:115| 第423个会员创建成功
2025-05-07 14:11:12|LogUtil.info line:33| 发送请求: 新增会员接口-第424个
2025-05-07 14:11:12|test_01_member_create.test_batch_create_members line:115| 第424个会员创建成功
2025-05-07 14:11:12|LogUtil.info line:33| 发送请求: 新增会员接口-第425个
2025-05-07 14:11:13|test_01_member_create.test_batch_create_members line:115| 第425个会员创建成功
2025-05-07 14:11:13|LogUtil.info line:33| 发送请求: 新增会员接口-第426个
2025-05-07 14:11:13|test_01_member_create.test_batch_create_members line:115| 第426个会员创建成功
2025-05-07 14:11:13|LogUtil.info line:33| 发送请求: 新增会员接口-第427个
2025-05-07 14:11:13|test_01_member_create.test_batch_create_members line:115| 第427个会员创建成功
2025-05-07 14:11:13|LogUtil.info line:33| 发送请求: 新增会员接口-第428个
2025-05-07 14:11:13|test_01_member_create.test_batch_create_members line:115| 第428个会员创建成功
2025-05-07 14:11:14|LogUtil.info line:33| 发送请求: 新增会员接口-第429个
2025-05-07 14:11:14|test_01_member_create.test_batch_create_members line:115| 第429个会员创建成功
2025-05-07 14:11:14|LogUtil.info line:33| 发送请求: 新增会员接口-第430个
2025-05-07 14:11:14|test_01_member_create.test_batch_create_members line:115| 第430个会员创建成功
2025-05-07 14:11:14|LogUtil.info line:33| 发送请求: 新增会员接口-第431个
2025-05-07 14:11:14|test_01_member_create.test_batch_create_members line:115| 第431个会员创建成功
2025-05-07 14:11:15|LogUtil.info line:33| 发送请求: 新增会员接口-第432个
2025-05-07 14:11:15|test_01_member_create.test_batch_create_members line:115| 第432个会员创建成功
2025-05-07 14:11:15|LogUtil.info line:33| 发送请求: 新增会员接口-第433个
2025-05-07 14:11:15|test_01_member_create.test_batch_create_members line:115| 第433个会员创建成功
2025-05-07 14:11:15|LogUtil.info line:33| 发送请求: 新增会员接口-第434个
2025-05-07 14:11:15|test_01_member_create.test_batch_create_members line:115| 第434个会员创建成功
2025-05-07 14:11:16|LogUtil.info line:33| 发送请求: 新增会员接口-第435个
2025-05-07 14:11:16|test_01_member_create.test_batch_create_members line:115| 第435个会员创建成功
2025-05-07 14:11:16|LogUtil.info line:33| 发送请求: 新增会员接口-第436个
2025-05-07 14:11:16|test_01_member_create.test_batch_create_members line:115| 第436个会员创建成功
2025-05-07 14:11:16|LogUtil.info line:33| 发送请求: 新增会员接口-第437个
2025-05-07 14:11:16|test_01_member_create.test_batch_create_members line:115| 第437个会员创建成功
2025-05-07 14:11:16|LogUtil.info line:33| 发送请求: 新增会员接口-第438个
2025-05-07 14:11:16|test_01_member_create.test_batch_create_members line:115| 第438个会员创建成功
2025-05-07 14:11:17|LogUtil.info line:33| 发送请求: 新增会员接口-第439个
2025-05-07 14:11:17|test_01_member_create.test_batch_create_members line:115| 第439个会员创建成功
2025-05-07 14:11:17|LogUtil.info line:33| 发送请求: 新增会员接口-第440个
2025-05-07 14:11:17|test_01_member_create.test_batch_create_members line:115| 第440个会员创建成功
2025-05-07 14:11:17|LogUtil.info line:33| 发送请求: 新增会员接口-第441个
2025-05-07 14:11:17|test_01_member_create.test_batch_create_members line:115| 第441个会员创建成功
2025-05-07 14:11:18|LogUtil.info line:33| 发送请求: 新增会员接口-第442个
2025-05-07 14:11:18|test_01_member_create.test_batch_create_members line:115| 第442个会员创建成功
2025-05-07 14:11:18|LogUtil.info line:33| 发送请求: 新增会员接口-第443个
2025-05-07 14:11:18|test_01_member_create.test_batch_create_members line:115| 第443个会员创建成功
2025-05-07 14:11:18|LogUtil.info line:33| 发送请求: 新增会员接口-第444个
2025-05-07 14:11:18|test_01_member_create.test_batch_create_members line:115| 第444个会员创建成功
2025-05-07 14:11:18|LogUtil.info line:33| 发送请求: 新增会员接口-第445个
2025-05-07 14:11:19|test_01_member_create.test_batch_create_members line:115| 第445个会员创建成功
2025-05-07 14:11:19|LogUtil.info line:33| 发送请求: 新增会员接口-第446个
2025-05-07 14:11:19|test_01_member_create.test_batch_create_members line:115| 第446个会员创建成功
2025-05-07 14:11:19|LogUtil.info line:33| 发送请求: 新增会员接口-第447个
2025-05-07 14:11:19|test_01_member_create.test_batch_create_members line:115| 第447个会员创建成功
2025-05-07 14:11:19|LogUtil.info line:33| 发送请求: 新增会员接口-第448个
2025-05-07 14:11:19|test_01_member_create.test_batch_create_members line:115| 第448个会员创建成功
2025-05-07 14:11:20|LogUtil.info line:33| 发送请求: 新增会员接口-第449个
2025-05-07 14:11:20|test_01_member_create.test_batch_create_members line:115| 第449个会员创建成功
2025-05-07 14:11:20|LogUtil.info line:33| 发送请求: 新增会员接口-第450个
2025-05-07 14:11:20|test_01_member_create.test_batch_create_members line:115| 第450个会员创建成功
2025-05-07 14:11:20|LogUtil.info line:33| 发送请求: 新增会员接口-第451个
2025-05-07 14:11:20|test_01_member_create.test_batch_create_members line:115| 第451个会员创建成功
2025-05-07 14:11:21|LogUtil.info line:33| 发送请求: 新增会员接口-第452个
2025-05-07 14:11:21|test_01_member_create.test_batch_create_members line:115| 第452个会员创建成功
2025-05-07 14:11:21|LogUtil.info line:33| 发送请求: 新增会员接口-第453个
2025-05-07 14:11:21|test_01_member_create.test_batch_create_members line:115| 第453个会员创建成功
2025-05-07 14:11:21|LogUtil.info line:33| 发送请求: 新增会员接口-第454个
2025-05-07 14:11:21|test_01_member_create.test_batch_create_members line:115| 第454个会员创建成功
2025-05-07 14:11:21|LogUtil.info line:33| 发送请求: 新增会员接口-第455个
2025-05-07 14:11:21|test_01_member_create.test_batch_create_members line:115| 第455个会员创建成功
2025-05-07 14:11:22|LogUtil.info line:33| 发送请求: 新增会员接口-第456个
2025-05-07 14:11:22|test_01_member_create.test_batch_create_members line:115| 第456个会员创建成功
2025-05-07 14:11:22|LogUtil.info line:33| 发送请求: 新增会员接口-第457个
2025-05-07 14:11:22|test_01_member_create.test_batch_create_members line:115| 第457个会员创建成功
2025-05-07 14:11:22|LogUtil.info line:33| 发送请求: 新增会员接口-第458个
2025-05-07 14:11:22|test_01_member_create.test_batch_create_members line:115| 第458个会员创建成功
2025-05-07 14:11:22|LogUtil.info line:33| 发送请求: 新增会员接口-第459个
2025-05-07 14:11:23|test_01_member_create.test_batch_create_members line:115| 第459个会员创建成功
2025-05-07 14:11:23|LogUtil.info line:33| 发送请求: 新增会员接口-第460个
2025-05-07 14:11:23|test_01_member_create.test_batch_create_members line:115| 第460个会员创建成功
2025-05-07 14:11:23|LogUtil.info line:33| 发送请求: 新增会员接口-第461个
2025-05-07 14:11:23|test_01_member_create.test_batch_create_members line:115| 第461个会员创建成功
2025-05-07 14:11:23|LogUtil.info line:33| 发送请求: 新增会员接口-第462个
2025-05-07 14:11:24|test_01_member_create.test_batch_create_members line:115| 第462个会员创建成功
2025-05-07 14:11:24|LogUtil.info line:33| 发送请求: 新增会员接口-第463个
2025-05-07 14:11:24|test_01_member_create.test_batch_create_members line:115| 第463个会员创建成功
2025-05-07 14:11:24|LogUtil.info line:33| 发送请求: 新增会员接口-第464个
2025-05-07 14:11:24|test_01_member_create.test_batch_create_members line:115| 第464个会员创建成功
2025-05-07 14:11:24|LogUtil.info line:33| 发送请求: 新增会员接口-第465个
2025-05-07 14:11:24|test_01_member_create.test_batch_create_members line:115| 第465个会员创建成功
2025-05-07 14:11:25|LogUtil.info line:33| 发送请求: 新增会员接口-第466个
2025-05-07 14:11:25|test_01_member_create.test_batch_create_members line:115| 第466个会员创建成功
2025-05-07 14:11:25|LogUtil.info line:33| 发送请求: 新增会员接口-第467个
2025-05-07 14:11:25|test_01_member_create.test_batch_create_members line:115| 第467个会员创建成功
2025-05-07 14:11:25|LogUtil.info line:33| 发送请求: 新增会员接口-第468个
2025-05-07 14:11:25|test_01_member_create.test_batch_create_members line:115| 第468个会员创建成功
2025-05-07 14:11:26|LogUtil.info line:33| 发送请求: 新增会员接口-第469个
2025-05-07 14:11:26|test_01_member_create.test_batch_create_members line:115| 第469个会员创建成功
2025-05-07 14:11:26|LogUtil.info line:33| 发送请求: 新增会员接口-第470个
2025-05-07 14:11:26|test_01_member_create.test_batch_create_members line:115| 第470个会员创建成功
2025-05-07 14:11:26|LogUtil.info line:33| 发送请求: 新增会员接口-第471个
2025-05-07 14:11:26|test_01_member_create.test_batch_create_members line:115| 第471个会员创建成功
2025-05-07 14:11:26|LogUtil.info line:33| 发送请求: 新增会员接口-第472个
2025-05-07 14:11:26|test_01_member_create.test_batch_create_members line:115| 第472个会员创建成功
2025-05-07 14:11:27|LogUtil.info line:33| 发送请求: 新增会员接口-第473个
2025-05-07 14:11:27|test_01_member_create.test_batch_create_members line:115| 第473个会员创建成功
2025-05-07 14:11:27|LogUtil.info line:33| 发送请求: 新增会员接口-第474个
2025-05-07 14:11:27|test_01_member_create.test_batch_create_members line:115| 第474个会员创建成功
2025-05-07 14:11:27|LogUtil.info line:33| 发送请求: 新增会员接口-第475个
2025-05-07 14:11:27|test_01_member_create.test_batch_create_members line:115| 第475个会员创建成功
2025-05-07 14:11:28|LogUtil.info line:33| 发送请求: 新增会员接口-第476个
2025-05-07 14:11:28|test_01_member_create.test_batch_create_members line:115| 第476个会员创建成功
2025-05-07 14:11:28|LogUtil.info line:33| 发送请求: 新增会员接口-第477个
2025-05-07 14:11:28|test_01_member_create.test_batch_create_members line:115| 第477个会员创建成功
2025-05-07 14:11:28|LogUtil.info line:33| 发送请求: 新增会员接口-第478个
2025-05-07 14:11:28|test_01_member_create.test_batch_create_members line:115| 第478个会员创建成功
2025-05-07 14:11:29|LogUtil.info line:33| 发送请求: 新增会员接口-第479个
2025-05-07 14:11:29|test_01_member_create.test_batch_create_members line:115| 第479个会员创建成功
2025-05-07 14:11:29|LogUtil.info line:33| 发送请求: 新增会员接口-第480个
2025-05-07 14:11:29|test_01_member_create.test_batch_create_members line:115| 第480个会员创建成功
2025-05-07 14:11:29|LogUtil.info line:33| 发送请求: 新增会员接口-第481个
2025-05-07 14:11:29|test_01_member_create.test_batch_create_members line:115| 第481个会员创建成功
2025-05-07 14:11:29|LogUtil.info line:33| 发送请求: 新增会员接口-第482个
2025-05-07 14:11:30|test_01_member_create.test_batch_create_members line:115| 第482个会员创建成功
2025-05-07 14:11:30|LogUtil.info line:33| 发送请求: 新增会员接口-第483个
2025-05-07 14:11:30|test_01_member_create.test_batch_create_members line:115| 第483个会员创建成功
2025-05-07 14:11:30|LogUtil.info line:33| 发送请求: 新增会员接口-第484个
2025-05-07 14:11:30|test_01_member_create.test_batch_create_members line:115| 第484个会员创建成功
2025-05-07 14:11:30|LogUtil.info line:33| 发送请求: 新增会员接口-第485个
2025-05-07 14:11:30|test_01_member_create.test_batch_create_members line:115| 第485个会员创建成功
2025-05-07 14:11:31|LogUtil.info line:33| 发送请求: 新增会员接口-第486个
2025-05-07 14:11:31|test_01_member_create.test_batch_create_members line:115| 第486个会员创建成功
2025-05-07 14:11:31|LogUtil.info line:33| 发送请求: 新增会员接口-第487个
2025-05-07 14:11:31|test_01_member_create.test_batch_create_members line:115| 第487个会员创建成功
2025-05-07 14:11:31|LogUtil.info line:33| 发送请求: 新增会员接口-第488个
2025-05-07 14:11:31|test_01_member_create.test_batch_create_members line:115| 第488个会员创建成功
2025-05-07 14:11:32|LogUtil.info line:33| 发送请求: 新增会员接口-第489个
2025-05-07 14:11:32|test_01_member_create.test_batch_create_members line:115| 第489个会员创建成功
2025-05-07 14:11:32|LogUtil.info line:33| 发送请求: 新增会员接口-第490个
2025-05-07 14:11:32|test_01_member_create.test_batch_create_members line:115| 第490个会员创建成功
2025-05-07 14:11:32|LogUtil.info line:33| 发送请求: 新增会员接口-第491个
2025-05-07 14:11:32|test_01_member_create.test_batch_create_members line:115| 第491个会员创建成功
2025-05-07 14:11:32|LogUtil.info line:33| 发送请求: 新增会员接口-第492个
2025-05-07 14:11:32|test_01_member_create.test_batch_create_members line:115| 第492个会员创建成功
2025-05-07 14:11:33|LogUtil.info line:33| 发送请求: 新增会员接口-第493个
2025-05-07 14:11:33|test_01_member_create.test_batch_create_members line:115| 第493个会员创建成功
2025-05-07 14:11:33|LogUtil.info line:33| 发送请求: 新增会员接口-第494个
2025-05-07 14:11:33|test_01_member_create.test_batch_create_members line:115| 第494个会员创建成功
2025-05-07 14:11:33|LogUtil.info line:33| 发送请求: 新增会员接口-第495个
2025-05-07 14:11:33|test_01_member_create.test_batch_create_members line:115| 第495个会员创建成功
2025-05-07 14:11:33|LogUtil.info line:33| 发送请求: 新增会员接口-第496个
2025-05-07 14:11:34|test_01_member_create.test_batch_create_members line:115| 第496个会员创建成功
2025-05-07 14:11:34|LogUtil.info line:33| 发送请求: 新增会员接口-第497个
2025-05-07 14:11:34|test_01_member_create.test_batch_create_members line:115| 第497个会员创建成功
2025-05-07 14:11:34|LogUtil.info line:33| 发送请求: 新增会员接口-第498个
2025-05-07 14:11:34|test_01_member_create.test_batch_create_members line:115| 第498个会员创建成功
2025-05-07 14:11:34|LogUtil.info line:33| 发送请求: 新增会员接口-第499个
2025-05-07 14:11:35|test_01_member_create.test_batch_create_members line:115| 第499个会员创建成功
2025-05-07 14:11:35|LogUtil.info line:33| 发送请求: 新增会员接口-第500个
2025-05-07 14:11:35|test_01_member_create.test_batch_create_members line:115| 第500个会员创建成功
2025-05-07 14:11:35|LogUtil.info line:33| 发送请求: 新增会员接口-第501个
2025-05-07 14:11:35|test_01_member_create.test_batch_create_members line:115| 第501个会员创建成功
2025-05-07 14:11:35|LogUtil.info line:33| 发送请求: 新增会员接口-第502个
2025-05-07 14:11:35|test_01_member_create.test_batch_create_members line:115| 第502个会员创建成功
2025-05-07 14:11:36|LogUtil.info line:33| 发送请求: 新增会员接口-第503个
2025-05-07 14:11:36|test_01_member_create.test_batch_create_members line:115| 第503个会员创建成功
2025-05-07 14:11:36|LogUtil.info line:33| 发送请求: 新增会员接口-第504个
2025-05-07 14:11:36|test_01_member_create.test_batch_create_members line:115| 第504个会员创建成功
2025-05-07 14:11:36|LogUtil.info line:33| 发送请求: 新增会员接口-第505个
2025-05-07 14:11:36|test_01_member_create.test_batch_create_members line:115| 第505个会员创建成功
2025-05-07 14:11:37|LogUtil.info line:33| 发送请求: 新增会员接口-第506个
2025-05-07 14:11:37|test_01_member_create.test_batch_create_members line:115| 第506个会员创建成功
2025-05-07 14:11:37|LogUtil.info line:33| 发送请求: 新增会员接口-第507个
2025-05-07 14:11:37|test_01_member_create.test_batch_create_members line:115| 第507个会员创建成功
2025-05-07 14:11:37|LogUtil.info line:33| 发送请求: 新增会员接口-第508个
2025-05-07 14:11:37|test_01_member_create.test_batch_create_members line:115| 第508个会员创建成功
2025-05-07 14:11:37|LogUtil.info line:33| 发送请求: 新增会员接口-第509个
2025-05-07 14:11:37|test_01_member_create.test_batch_create_members line:115| 第509个会员创建成功
2025-05-07 14:11:38|LogUtil.info line:33| 发送请求: 新增会员接口-第510个
2025-05-07 14:11:38|test_01_member_create.test_batch_create_members line:115| 第510个会员创建成功
2025-05-07 14:11:38|LogUtil.info line:33| 发送请求: 新增会员接口-第511个
2025-05-07 14:11:38|test_01_member_create.test_batch_create_members line:115| 第511个会员创建成功
2025-05-07 14:11:38|LogUtil.info line:33| 发送请求: 新增会员接口-第512个
2025-05-07 14:11:38|test_01_member_create.test_batch_create_members line:115| 第512个会员创建成功
2025-05-07 14:11:38|LogUtil.info line:33| 发送请求: 新增会员接口-第513个
2025-05-07 14:11:39|test_01_member_create.test_batch_create_members line:115| 第513个会员创建成功
2025-05-07 14:11:39|LogUtil.info line:33| 发送请求: 新增会员接口-第514个
2025-05-07 14:11:39|test_01_member_create.test_batch_create_members line:115| 第514个会员创建成功
2025-05-07 14:11:39|LogUtil.info line:33| 发送请求: 新增会员接口-第515个
2025-05-07 14:11:39|test_01_member_create.test_batch_create_members line:115| 第515个会员创建成功
2025-05-07 14:11:39|LogUtil.info line:33| 发送请求: 新增会员接口-第516个
2025-05-07 14:11:39|test_01_member_create.test_batch_create_members line:115| 第516个会员创建成功
2025-05-07 14:11:39|LogUtil.info line:33| 发送请求: 新增会员接口-第517个
2025-05-07 14:11:40|test_01_member_create.test_batch_create_members line:115| 第517个会员创建成功
2025-05-07 14:11:40|LogUtil.info line:33| 发送请求: 新增会员接口-第518个
2025-05-07 14:11:40|test_01_member_create.test_batch_create_members line:115| 第518个会员创建成功
2025-05-07 14:11:40|LogUtil.info line:33| 发送请求: 新增会员接口-第519个
2025-05-07 14:11:40|test_01_member_create.test_batch_create_members line:115| 第519个会员创建成功
2025-05-07 14:11:40|LogUtil.info line:33| 发送请求: 新增会员接口-第520个
2025-05-07 14:11:40|test_01_member_create.test_batch_create_members line:115| 第520个会员创建成功
2025-05-07 14:11:41|LogUtil.info line:33| 发送请求: 新增会员接口-第521个
2025-05-07 14:11:41|test_01_member_create.test_batch_create_members line:115| 第521个会员创建成功
2025-05-07 14:11:41|LogUtil.info line:33| 发送请求: 新增会员接口-第522个
2025-05-07 14:11:41|test_01_member_create.test_batch_create_members line:115| 第522个会员创建成功
2025-05-07 14:11:41|LogUtil.info line:33| 发送请求: 新增会员接口-第523个
2025-05-07 14:11:41|test_01_member_create.test_batch_create_members line:115| 第523个会员创建成功
2025-05-07 14:11:41|LogUtil.info line:33| 发送请求: 新增会员接口-第524个
2025-05-07 14:11:41|test_01_member_create.test_batch_create_members line:115| 第524个会员创建成功
2025-05-07 14:11:42|LogUtil.info line:33| 发送请求: 新增会员接口-第525个
2025-05-07 14:11:42|test_01_member_create.test_batch_create_members line:115| 第525个会员创建成功
2025-05-07 14:11:42|LogUtil.info line:33| 发送请求: 新增会员接口-第526个
2025-05-07 14:11:42|test_01_member_create.test_batch_create_members line:115| 第526个会员创建成功
2025-05-07 14:11:42|LogUtil.info line:33| 发送请求: 新增会员接口-第527个
2025-05-07 14:11:42|test_01_member_create.test_batch_create_members line:115| 第527个会员创建成功
2025-05-07 14:11:42|LogUtil.info line:33| 发送请求: 新增会员接口-第528个
2025-05-07 14:11:42|test_01_member_create.test_batch_create_members line:115| 第528个会员创建成功
2025-05-07 14:11:43|LogUtil.info line:33| 发送请求: 新增会员接口-第529个
2025-05-07 14:11:43|test_01_member_create.test_batch_create_members line:115| 第529个会员创建成功
2025-05-07 14:11:43|LogUtil.info line:33| 发送请求: 新增会员接口-第530个
2025-05-07 14:11:43|test_01_member_create.test_batch_create_members line:115| 第530个会员创建成功
2025-05-07 14:11:43|LogUtil.info line:33| 发送请求: 新增会员接口-第531个
2025-05-07 14:11:43|test_01_member_create.test_batch_create_members line:115| 第531个会员创建成功
2025-05-07 14:11:43|LogUtil.info line:33| 发送请求: 新增会员接口-第532个
2025-05-07 14:11:43|test_01_member_create.test_batch_create_members line:115| 第532个会员创建成功
2025-05-07 14:11:44|LogUtil.info line:33| 发送请求: 新增会员接口-第533个
2025-05-07 14:11:44|test_01_member_create.test_batch_create_members line:115| 第533个会员创建成功
2025-05-07 14:11:44|LogUtil.info line:33| 发送请求: 新增会员接口-第534个
2025-05-07 14:11:44|test_01_member_create.test_batch_create_members line:115| 第534个会员创建成功
2025-05-07 14:11:44|LogUtil.info line:33| 发送请求: 新增会员接口-第535个
2025-05-07 14:11:44|test_01_member_create.test_batch_create_members line:115| 第535个会员创建成功
2025-05-07 14:11:45|LogUtil.info line:33| 发送请求: 新增会员接口-第536个
2025-05-07 14:11:45|test_01_member_create.test_batch_create_members line:115| 第536个会员创建成功
2025-05-07 14:11:45|LogUtil.info line:33| 发送请求: 新增会员接口-第537个
2025-05-07 14:11:45|test_01_member_create.test_batch_create_members line:115| 第537个会员创建成功
2025-05-07 14:11:45|LogUtil.info line:33| 发送请求: 新增会员接口-第538个
2025-05-07 14:11:45|test_01_member_create.test_batch_create_members line:115| 第538个会员创建成功
2025-05-07 14:11:45|LogUtil.info line:33| 发送请求: 新增会员接口-第539个
2025-05-07 14:11:46|test_01_member_create.test_batch_create_members line:115| 第539个会员创建成功
2025-05-07 14:11:46|LogUtil.info line:33| 发送请求: 新增会员接口-第540个
2025-05-07 14:11:46|test_01_member_create.test_batch_create_members line:115| 第540个会员创建成功
2025-05-07 14:11:46|LogUtil.info line:33| 发送请求: 新增会员接口-第541个
2025-05-07 14:11:46|test_01_member_create.test_batch_create_members line:115| 第541个会员创建成功
2025-05-07 14:11:46|LogUtil.info line:33| 发送请求: 新增会员接口-第542个
2025-05-07 14:11:46|test_01_member_create.test_batch_create_members line:115| 第542个会员创建成功
2025-05-07 14:11:47|LogUtil.info line:33| 发送请求: 新增会员接口-第543个
2025-05-07 14:11:47|test_01_member_create.test_batch_create_members line:115| 第543个会员创建成功
2025-05-07 14:11:47|LogUtil.info line:33| 发送请求: 新增会员接口-第544个
2025-05-07 14:11:47|test_01_member_create.test_batch_create_members line:115| 第544个会员创建成功
2025-05-07 14:11:47|LogUtil.info line:33| 发送请求: 新增会员接口-第545个
2025-05-07 14:11:47|test_01_member_create.test_batch_create_members line:115| 第545个会员创建成功
2025-05-07 14:11:47|LogUtil.info line:33| 发送请求: 新增会员接口-第546个
2025-05-07 14:11:47|test_01_member_create.test_batch_create_members line:115| 第546个会员创建成功
2025-05-07 14:11:48|LogUtil.info line:33| 发送请求: 新增会员接口-第547个
2025-05-07 14:11:48|test_01_member_create.test_batch_create_members line:115| 第547个会员创建成功
2025-05-07 14:11:48|LogUtil.info line:33| 发送请求: 新增会员接口-第548个
2025-05-07 14:11:48|test_01_member_create.test_batch_create_members line:115| 第548个会员创建成功
2025-05-07 14:11:48|LogUtil.info line:33| 发送请求: 新增会员接口-第549个
2025-05-07 14:11:48|test_01_member_create.test_batch_create_members line:115| 第549个会员创建成功
2025-05-07 14:11:48|LogUtil.info line:33| 发送请求: 新增会员接口-第550个
2025-05-07 14:11:48|test_01_member_create.test_batch_create_members line:115| 第550个会员创建成功
2025-05-07 14:11:49|LogUtil.info line:33| 发送请求: 新增会员接口-第551个
2025-05-07 14:11:49|test_01_member_create.test_batch_create_members line:115| 第551个会员创建成功
2025-05-07 14:11:49|LogUtil.info line:33| 发送请求: 新增会员接口-第552个
2025-05-07 14:11:49|test_01_member_create.test_batch_create_members line:115| 第552个会员创建成功
2025-05-07 14:11:49|LogUtil.info line:33| 发送请求: 新增会员接口-第553个
2025-05-07 14:11:49|test_01_member_create.test_batch_create_members line:115| 第553个会员创建成功
2025-05-07 14:11:49|LogUtil.info line:33| 发送请求: 新增会员接口-第554个
2025-05-07 14:11:50|test_01_member_create.test_batch_create_members line:115| 第554个会员创建成功
2025-05-07 14:11:50|LogUtil.info line:33| 发送请求: 新增会员接口-第555个
2025-05-07 14:11:50|test_01_member_create.test_batch_create_members line:115| 第555个会员创建成功
2025-05-07 14:11:50|LogUtil.info line:33| 发送请求: 新增会员接口-第556个
2025-05-07 14:11:50|test_01_member_create.test_batch_create_members line:115| 第556个会员创建成功
2025-05-07 14:11:50|LogUtil.info line:33| 发送请求: 新增会员接口-第557个
2025-05-07 14:11:50|test_01_member_create.test_batch_create_members line:115| 第557个会员创建成功
2025-05-07 14:11:50|LogUtil.info line:33| 发送请求: 新增会员接口-第558个
2025-05-07 14:11:51|test_01_member_create.test_batch_create_members line:115| 第558个会员创建成功
2025-05-07 14:11:51|LogUtil.info line:33| 发送请求: 新增会员接口-第559个
2025-05-07 14:11:51|test_01_member_create.test_batch_create_members line:115| 第559个会员创建成功
2025-05-07 14:11:51|LogUtil.info line:33| 发送请求: 新增会员接口-第560个
2025-05-07 14:11:51|test_01_member_create.test_batch_create_members line:115| 第560个会员创建成功
2025-05-07 14:11:51|LogUtil.info line:33| 发送请求: 新增会员接口-第561个
2025-05-07 14:11:51|test_01_member_create.test_batch_create_members line:115| 第561个会员创建成功
2025-05-07 14:11:52|LogUtil.info line:33| 发送请求: 新增会员接口-第562个
2025-05-07 14:11:52|test_01_member_create.test_batch_create_members line:115| 第562个会员创建成功
2025-05-07 14:11:52|LogUtil.info line:33| 发送请求: 新增会员接口-第563个
2025-05-07 14:11:52|test_01_member_create.test_batch_create_members line:115| 第563个会员创建成功
2025-05-07 14:11:52|LogUtil.info line:33| 发送请求: 新增会员接口-第564个
2025-05-07 14:11:52|test_01_member_create.test_batch_create_members line:115| 第564个会员创建成功
2025-05-07 14:11:52|LogUtil.info line:33| 发送请求: 新增会员接口-第565个
2025-05-07 14:11:52|test_01_member_create.test_batch_create_members line:115| 第565个会员创建成功
2025-05-07 14:11:53|LogUtil.info line:33| 发送请求: 新增会员接口-第566个
2025-05-07 14:11:53|test_01_member_create.test_batch_create_members line:115| 第566个会员创建成功
2025-05-07 14:11:53|LogUtil.info line:33| 发送请求: 新增会员接口-第567个
2025-05-07 14:11:53|test_01_member_create.test_batch_create_members line:115| 第567个会员创建成功
2025-05-07 14:11:53|LogUtil.info line:33| 发送请求: 新增会员接口-第568个
2025-05-07 14:11:53|test_01_member_create.test_batch_create_members line:115| 第568个会员创建成功
2025-05-07 14:11:53|LogUtil.info line:33| 发送请求: 新增会员接口-第569个
2025-05-07 14:11:53|test_01_member_create.test_batch_create_members line:115| 第569个会员创建成功
2025-05-07 14:11:54|LogUtil.info line:33| 发送请求: 新增会员接口-第570个
2025-05-07 14:11:54|test_01_member_create.test_batch_create_members line:115| 第570个会员创建成功
2025-05-07 14:11:54|LogUtil.info line:33| 发送请求: 新增会员接口-第571个
2025-05-07 14:11:54|test_01_member_create.test_batch_create_members line:115| 第571个会员创建成功
2025-05-07 14:11:54|LogUtil.info line:33| 发送请求: 新增会员接口-第572个
2025-05-07 14:11:54|test_01_member_create.test_batch_create_members line:115| 第572个会员创建成功
2025-05-07 14:11:54|LogUtil.info line:33| 发送请求: 新增会员接口-第573个
2025-05-07 14:11:54|test_01_member_create.test_batch_create_members line:115| 第573个会员创建成功
2025-05-07 14:11:55|LogUtil.info line:33| 发送请求: 新增会员接口-第574个
2025-05-07 14:11:55|test_01_member_create.test_batch_create_members line:115| 第574个会员创建成功
2025-05-07 14:11:55|LogUtil.info line:33| 发送请求: 新增会员接口-第575个
2025-05-07 14:11:55|test_01_member_create.test_batch_create_members line:115| 第575个会员创建成功
2025-05-07 14:11:55|LogUtil.info line:33| 发送请求: 新增会员接口-第576个
2025-05-07 14:11:55|test_01_member_create.test_batch_create_members line:115| 第576个会员创建成功
2025-05-07 14:11:55|LogUtil.info line:33| 发送请求: 新增会员接口-第577个
2025-05-07 14:11:55|test_01_member_create.test_batch_create_members line:115| 第577个会员创建成功
2025-05-07 14:11:56|LogUtil.info line:33| 发送请求: 新增会员接口-第578个
2025-05-07 14:11:56|test_01_member_create.test_batch_create_members line:115| 第578个会员创建成功
2025-05-07 14:11:56|LogUtil.info line:33| 发送请求: 新增会员接口-第579个
2025-05-07 14:11:56|test_01_member_create.test_batch_create_members line:115| 第579个会员创建成功
2025-05-07 14:11:56|LogUtil.info line:33| 发送请求: 新增会员接口-第580个
2025-05-07 14:11:56|test_01_member_create.test_batch_create_members line:115| 第580个会员创建成功
2025-05-07 14:11:56|LogUtil.info line:33| 发送请求: 新增会员接口-第581个
2025-05-07 14:11:57|test_01_member_create.test_batch_create_members line:115| 第581个会员创建成功
2025-05-07 14:11:57|LogUtil.info line:33| 发送请求: 新增会员接口-第582个
2025-05-07 14:11:57|test_01_member_create.test_batch_create_members line:115| 第582个会员创建成功
2025-05-07 14:11:57|LogUtil.info line:33| 发送请求: 新增会员接口-第583个
2025-05-07 14:11:57|test_01_member_create.test_batch_create_members line:115| 第583个会员创建成功
2025-05-07 14:11:57|LogUtil.info line:33| 发送请求: 新增会员接口-第584个
2025-05-07 14:11:57|test_01_member_create.test_batch_create_members line:115| 第584个会员创建成功
2025-05-07 14:11:58|LogUtil.info line:33| 发送请求: 新增会员接口-第585个
2025-05-07 14:11:58|test_01_member_create.test_batch_create_members line:115| 第585个会员创建成功
2025-05-07 14:11:58|LogUtil.info line:33| 发送请求: 新增会员接口-第586个
2025-05-07 14:11:58|test_01_member_create.test_batch_create_members line:115| 第586个会员创建成功
2025-05-07 14:11:58|LogUtil.info line:33| 发送请求: 新增会员接口-第587个
2025-05-07 14:11:58|test_01_member_create.test_batch_create_members line:115| 第587个会员创建成功
2025-05-07 14:11:58|LogUtil.info line:33| 发送请求: 新增会员接口-第588个
2025-05-07 14:11:58|test_01_member_create.test_batch_create_members line:115| 第588个会员创建成功
2025-05-07 14:11:59|LogUtil.info line:33| 发送请求: 新增会员接口-第589个
2025-05-07 14:11:59|test_01_member_create.test_batch_create_members line:115| 第589个会员创建成功
2025-05-07 14:11:59|LogUtil.info line:33| 发送请求: 新增会员接口-第590个
2025-05-07 14:11:59|test_01_member_create.test_batch_create_members line:115| 第590个会员创建成功
2025-05-07 14:11:59|LogUtil.info line:33| 发送请求: 新增会员接口-第591个
2025-05-07 14:11:59|test_01_member_create.test_batch_create_members line:115| 第591个会员创建成功
2025-05-07 14:11:59|LogUtil.info line:33| 发送请求: 新增会员接口-第592个
2025-05-07 14:11:59|test_01_member_create.test_batch_create_members line:115| 第592个会员创建成功
2025-05-07 14:12:00|LogUtil.info line:33| 发送请求: 新增会员接口-第593个
2025-05-07 14:12:00|test_01_member_create.test_batch_create_members line:115| 第593个会员创建成功
2025-05-07 14:12:00|LogUtil.info line:33| 发送请求: 新增会员接口-第594个
2025-05-07 14:12:00|test_01_member_create.test_batch_create_members line:115| 第594个会员创建成功
2025-05-07 14:12:00|LogUtil.info line:33| 发送请求: 新增会员接口-第595个
2025-05-07 14:12:00|test_01_member_create.test_batch_create_members line:115| 第595个会员创建成功
2025-05-07 14:12:00|LogUtil.info line:33| 发送请求: 新增会员接口-第596个
2025-05-07 14:12:00|test_01_member_create.test_batch_create_members line:115| 第596个会员创建成功
2025-05-07 14:12:00|LogUtil.info line:33| 发送请求: 新增会员接口-第597个
2025-05-07 14:12:01|test_01_member_create.test_batch_create_members line:115| 第597个会员创建成功
2025-05-07 14:12:01|LogUtil.info line:33| 发送请求: 新增会员接口-第598个
2025-05-07 14:12:01|test_01_member_create.test_batch_create_members line:115| 第598个会员创建成功
2025-05-07 14:12:01|LogUtil.info line:33| 发送请求: 新增会员接口-第599个
2025-05-07 14:12:01|test_01_member_create.test_batch_create_members line:115| 第599个会员创建成功
2025-05-07 14:12:01|LogUtil.info line:33| 发送请求: 新增会员接口-第600个
2025-05-07 14:12:01|test_01_member_create.test_batch_create_members line:115| 第600个会员创建成功
2025-05-07 14:12:01|LogUtil.info line:33| 发送请求: 新增会员接口-第601个
2025-05-07 14:12:01|test_01_member_create.test_batch_create_members line:115| 第601个会员创建成功
2025-05-07 14:12:02|LogUtil.info line:33| 发送请求: 新增会员接口-第602个
2025-05-07 14:12:02|test_01_member_create.test_batch_create_members line:115| 第602个会员创建成功
2025-05-07 14:12:02|LogUtil.info line:33| 发送请求: 新增会员接口-第603个
2025-05-07 14:12:02|test_01_member_create.test_batch_create_members line:115| 第603个会员创建成功
2025-05-07 14:12:02|LogUtil.info line:33| 发送请求: 新增会员接口-第604个
2025-05-07 14:12:02|test_01_member_create.test_batch_create_members line:115| 第604个会员创建成功
2025-05-07 14:12:02|LogUtil.info line:33| 发送请求: 新增会员接口-第605个
2025-05-07 14:12:02|test_01_member_create.test_batch_create_members line:115| 第605个会员创建成功
2025-05-07 14:12:03|LogUtil.info line:33| 发送请求: 新增会员接口-第606个
2025-05-07 14:12:03|test_01_member_create.test_batch_create_members line:115| 第606个会员创建成功
2025-05-07 14:12:03|LogUtil.info line:33| 发送请求: 新增会员接口-第607个
2025-05-07 14:12:03|test_01_member_create.test_batch_create_members line:115| 第607个会员创建成功
2025-05-07 14:12:03|LogUtil.info line:33| 发送请求: 新增会员接口-第608个
2025-05-07 14:12:03|test_01_member_create.test_batch_create_members line:115| 第608个会员创建成功
2025-05-07 14:12:03|LogUtil.info line:33| 发送请求: 新增会员接口-第609个
2025-05-07 14:12:03|test_01_member_create.test_batch_create_members line:115| 第609个会员创建成功
2025-05-07 14:12:04|LogUtil.info line:33| 发送请求: 新增会员接口-第610个
2025-05-07 14:12:04|test_01_member_create.test_batch_create_members line:115| 第610个会员创建成功
2025-05-07 14:12:04|LogUtil.info line:33| 发送请求: 新增会员接口-第611个
2025-05-07 14:12:04|test_01_member_create.test_batch_create_members line:115| 第611个会员创建成功
2025-05-07 14:12:04|LogUtil.info line:33| 发送请求: 新增会员接口-第612个
2025-05-07 14:12:05|test_01_member_create.test_batch_create_members line:115| 第612个会员创建成功
2025-05-07 14:12:05|LogUtil.info line:33| 发送请求: 新增会员接口-第613个
2025-05-07 14:12:05|test_01_member_create.test_batch_create_members line:115| 第613个会员创建成功
2025-05-07 14:12:05|LogUtil.info line:33| 发送请求: 新增会员接口-第614个
2025-05-07 14:12:05|test_01_member_create.test_batch_create_members line:115| 第614个会员创建成功
2025-05-07 14:12:05|LogUtil.info line:33| 发送请求: 新增会员接口-第615个
2025-05-07 14:12:05|test_01_member_create.test_batch_create_members line:115| 第615个会员创建成功
2025-05-07 14:12:05|LogUtil.info line:33| 发送请求: 新增会员接口-第616个
2025-05-07 14:12:05|test_01_member_create.test_batch_create_members line:115| 第616个会员创建成功
2025-05-07 14:12:06|LogUtil.info line:33| 发送请求: 新增会员接口-第617个
2025-05-07 14:12:06|test_01_member_create.test_batch_create_members line:115| 第617个会员创建成功
2025-05-07 14:12:06|LogUtil.info line:33| 发送请求: 新增会员接口-第618个
2025-05-07 14:12:06|test_01_member_create.test_batch_create_members line:115| 第618个会员创建成功
2025-05-07 14:12:06|LogUtil.info line:33| 发送请求: 新增会员接口-第619个
2025-05-07 14:12:06|test_01_member_create.test_batch_create_members line:115| 第619个会员创建成功
2025-05-07 14:12:06|LogUtil.info line:33| 发送请求: 新增会员接口-第620个
2025-05-07 14:12:06|test_01_member_create.test_batch_create_members line:115| 第620个会员创建成功
2025-05-07 14:12:07|LogUtil.info line:33| 发送请求: 新增会员接口-第621个
2025-05-07 14:12:07|test_01_member_create.test_batch_create_members line:115| 第621个会员创建成功
2025-05-07 14:12:07|LogUtil.info line:33| 发送请求: 新增会员接口-第622个
2025-05-07 14:12:07|test_01_member_create.test_batch_create_members line:115| 第622个会员创建成功
2025-05-07 14:12:07|LogUtil.info line:33| 发送请求: 新增会员接口-第623个
2025-05-07 14:12:07|test_01_member_create.test_batch_create_members line:115| 第623个会员创建成功
2025-05-07 14:12:08|LogUtil.info line:33| 发送请求: 新增会员接口-第624个
2025-05-07 14:12:08|test_01_member_create.test_batch_create_members line:115| 第624个会员创建成功
2025-05-07 14:12:08|LogUtil.info line:33| 发送请求: 新增会员接口-第625个
2025-05-07 14:12:08|test_01_member_create.test_batch_create_members line:115| 第625个会员创建成功
2025-05-07 14:12:08|LogUtil.info line:33| 发送请求: 新增会员接口-第626个
2025-05-07 14:12:08|test_01_member_create.test_batch_create_members line:115| 第626个会员创建成功
2025-05-07 14:12:09|LogUtil.info line:33| 发送请求: 新增会员接口-第627个
2025-05-07 14:12:09|test_01_member_create.test_batch_create_members line:115| 第627个会员创建成功
2025-05-07 14:12:09|LogUtil.info line:33| 发送请求: 新增会员接口-第628个
2025-05-07 14:12:09|test_01_member_create.test_batch_create_members line:115| 第628个会员创建成功
2025-05-07 14:12:09|LogUtil.info line:33| 发送请求: 新增会员接口-第629个
2025-05-07 14:12:09|test_01_member_create.test_batch_create_members line:115| 第629个会员创建成功
2025-05-07 14:12:09|LogUtil.info line:33| 发送请求: 新增会员接口-第630个
2025-05-07 14:12:09|test_01_member_create.test_batch_create_members line:115| 第630个会员创建成功
2025-05-07 14:12:10|LogUtil.info line:33| 发送请求: 新增会员接口-第631个
2025-05-07 14:12:10|test_01_member_create.test_batch_create_members line:115| 第631个会员创建成功
2025-05-07 14:12:10|LogUtil.info line:33| 发送请求: 新增会员接口-第632个
2025-05-07 14:12:10|test_01_member_create.test_batch_create_members line:115| 第632个会员创建成功
2025-05-07 14:12:10|LogUtil.info line:33| 发送请求: 新增会员接口-第633个
2025-05-07 14:12:10|test_01_member_create.test_batch_create_members line:115| 第633个会员创建成功
2025-05-07 14:12:10|LogUtil.info line:33| 发送请求: 新增会员接口-第634个
2025-05-07 14:12:10|test_01_member_create.test_batch_create_members line:115| 第634个会员创建成功
2025-05-07 14:12:10|LogUtil.info line:33| 发送请求: 新增会员接口-第635个
2025-05-07 14:12:10|test_01_member_create.test_batch_create_members line:115| 第635个会员创建成功
2025-05-07 14:12:11|LogUtil.info line:33| 发送请求: 新增会员接口-第636个
2025-05-07 14:12:11|test_01_member_create.test_batch_create_members line:115| 第636个会员创建成功
2025-05-07 14:12:11|LogUtil.info line:33| 发送请求: 新增会员接口-第637个
2025-05-07 14:12:11|test_01_member_create.test_batch_create_members line:115| 第637个会员创建成功
2025-05-07 14:12:11|LogUtil.info line:33| 发送请求: 新增会员接口-第638个
2025-05-07 14:12:11|test_01_member_create.test_batch_create_members line:115| 第638个会员创建成功
2025-05-07 14:12:11|LogUtil.info line:33| 发送请求: 新增会员接口-第639个
2025-05-07 14:12:11|test_01_member_create.test_batch_create_members line:115| 第639个会员创建成功
2025-05-07 14:12:12|LogUtil.info line:33| 发送请求: 新增会员接口-第640个
2025-05-07 14:12:12|test_01_member_create.test_batch_create_members line:115| 第640个会员创建成功
2025-05-07 14:12:12|LogUtil.info line:33| 发送请求: 新增会员接口-第641个
2025-05-07 14:12:12|test_01_member_create.test_batch_create_members line:115| 第641个会员创建成功
2025-05-07 14:12:12|LogUtil.info line:33| 发送请求: 新增会员接口-第642个
2025-05-07 14:12:12|test_01_member_create.test_batch_create_members line:115| 第642个会员创建成功
2025-05-07 14:12:12|LogUtil.info line:33| 发送请求: 新增会员接口-第643个
2025-05-07 14:12:12|test_01_member_create.test_batch_create_members line:115| 第643个会员创建成功
2025-05-07 14:12:12|LogUtil.info line:33| 发送请求: 新增会员接口-第644个
2025-05-07 14:12:13|test_01_member_create.test_batch_create_members line:115| 第644个会员创建成功
2025-05-07 14:12:13|LogUtil.info line:33| 发送请求: 新增会员接口-第645个
2025-05-07 14:12:13|test_01_member_create.test_batch_create_members line:115| 第645个会员创建成功
2025-05-07 14:12:13|LogUtil.info line:33| 发送请求: 新增会员接口-第646个
2025-05-07 14:12:13|test_01_member_create.test_batch_create_members line:115| 第646个会员创建成功
2025-05-07 14:12:13|LogUtil.info line:33| 发送请求: 新增会员接口-第647个
2025-05-07 14:12:13|test_01_member_create.test_batch_create_members line:115| 第647个会员创建成功
2025-05-07 14:12:13|LogUtil.info line:33| 发送请求: 新增会员接口-第648个
2025-05-07 14:12:13|test_01_member_create.test_batch_create_members line:115| 第648个会员创建成功
2025-05-07 14:12:14|LogUtil.info line:33| 发送请求: 新增会员接口-第649个
2025-05-07 14:12:14|test_01_member_create.test_batch_create_members line:115| 第649个会员创建成功
2025-05-07 14:12:14|LogUtil.info line:33| 发送请求: 新增会员接口-第650个
2025-05-07 14:12:14|test_01_member_create.test_batch_create_members line:115| 第650个会员创建成功
2025-05-07 14:12:14|LogUtil.info line:33| 发送请求: 新增会员接口-第651个
2025-05-07 14:12:14|test_01_member_create.test_batch_create_members line:115| 第651个会员创建成功
2025-05-07 14:12:14|LogUtil.info line:33| 发送请求: 新增会员接口-第652个
2025-05-07 14:12:14|test_01_member_create.test_batch_create_members line:115| 第652个会员创建成功
2025-05-07 14:12:14|LogUtil.info line:33| 发送请求: 新增会员接口-第653个
2025-05-07 14:12:15|test_01_member_create.test_batch_create_members line:115| 第653个会员创建成功
2025-05-07 14:12:15|LogUtil.info line:33| 发送请求: 新增会员接口-第654个
2025-05-07 14:12:15|test_01_member_create.test_batch_create_members line:115| 第654个会员创建成功
2025-05-07 14:12:15|LogUtil.info line:33| 发送请求: 新增会员接口-第655个
2025-05-07 14:12:15|test_01_member_create.test_batch_create_members line:115| 第655个会员创建成功
2025-05-07 14:12:15|LogUtil.info line:33| 发送请求: 新增会员接口-第656个
2025-05-07 14:12:15|test_01_member_create.test_batch_create_members line:115| 第656个会员创建成功
2025-05-07 14:12:15|LogUtil.info line:33| 发送请求: 新增会员接口-第657个
2025-05-07 14:12:15|test_01_member_create.test_batch_create_members line:115| 第657个会员创建成功
2025-05-07 14:12:16|LogUtil.info line:33| 发送请求: 新增会员接口-第658个
2025-05-07 14:12:16|test_01_member_create.test_batch_create_members line:115| 第658个会员创建成功
2025-05-07 14:12:16|LogUtil.info line:33| 发送请求: 新增会员接口-第659个
2025-05-07 14:12:16|test_01_member_create.test_batch_create_members line:115| 第659个会员创建成功
2025-05-07 14:12:16|LogUtil.info line:33| 发送请求: 新增会员接口-第660个
2025-05-07 14:12:16|test_01_member_create.test_batch_create_members line:115| 第660个会员创建成功
2025-05-07 14:12:16|LogUtil.info line:33| 发送请求: 新增会员接口-第661个
2025-05-07 14:12:16|test_01_member_create.test_batch_create_members line:115| 第661个会员创建成功
2025-05-07 14:12:16|LogUtil.info line:33| 发送请求: 新增会员接口-第662个
2025-05-07 14:12:17|test_01_member_create.test_batch_create_members line:115| 第662个会员创建成功
2025-05-07 14:12:17|LogUtil.info line:33| 发送请求: 新增会员接口-第663个
2025-05-07 14:12:17|test_01_member_create.test_batch_create_members line:115| 第663个会员创建成功
2025-05-07 14:12:17|LogUtil.info line:33| 发送请求: 新增会员接口-第664个
2025-05-07 14:12:17|test_01_member_create.test_batch_create_members line:115| 第664个会员创建成功
2025-05-07 14:12:17|LogUtil.info line:33| 发送请求: 新增会员接口-第665个
2025-05-07 14:12:17|test_01_member_create.test_batch_create_members line:115| 第665个会员创建成功
2025-05-07 14:12:17|LogUtil.info line:33| 发送请求: 新增会员接口-第666个
2025-05-07 14:12:17|test_01_member_create.test_batch_create_members line:115| 第666个会员创建成功
2025-05-07 14:12:18|LogUtil.info line:33| 发送请求: 新增会员接口-第667个
2025-05-07 14:12:18|test_01_member_create.test_batch_create_members line:115| 第667个会员创建成功
2025-05-07 14:12:18|LogUtil.info line:33| 发送请求: 新增会员接口-第668个
2025-05-07 14:12:18|test_01_member_create.test_batch_create_members line:115| 第668个会员创建成功
2025-05-07 14:12:18|LogUtil.info line:33| 发送请求: 新增会员接口-第669个
2025-05-07 14:12:18|test_01_member_create.test_batch_create_members line:115| 第669个会员创建成功
2025-05-07 14:12:18|LogUtil.info line:33| 发送请求: 新增会员接口-第670个
2025-05-07 14:12:18|test_01_member_create.test_batch_create_members line:115| 第670个会员创建成功
2025-05-07 14:12:18|LogUtil.info line:33| 发送请求: 新增会员接口-第671个
2025-05-07 14:12:19|test_01_member_create.test_batch_create_members line:115| 第671个会员创建成功
2025-05-07 14:12:19|LogUtil.info line:33| 发送请求: 新增会员接口-第672个
2025-05-07 14:12:19|test_01_member_create.test_batch_create_members line:115| 第672个会员创建成功
2025-05-07 14:12:19|LogUtil.info line:33| 发送请求: 新增会员接口-第673个
2025-05-07 14:12:19|test_01_member_create.test_batch_create_members line:115| 第673个会员创建成功
2025-05-07 14:12:19|LogUtil.info line:33| 发送请求: 新增会员接口-第674个
2025-05-07 14:12:19|test_01_member_create.test_batch_create_members line:115| 第674个会员创建成功
2025-05-07 14:12:19|LogUtil.info line:33| 发送请求: 新增会员接口-第675个
2025-05-07 14:12:20|test_01_member_create.test_batch_create_members line:115| 第675个会员创建成功
2025-05-07 14:12:20|LogUtil.info line:33| 发送请求: 新增会员接口-第676个
2025-05-07 14:12:20|test_01_member_create.test_batch_create_members line:115| 第676个会员创建成功
2025-05-07 14:12:20|LogUtil.info line:33| 发送请求: 新增会员接口-第677个
2025-05-07 14:12:20|test_01_member_create.test_batch_create_members line:115| 第677个会员创建成功
2025-05-07 14:12:20|LogUtil.info line:33| 发送请求: 新增会员接口-第678个
2025-05-07 14:12:20|test_01_member_create.test_batch_create_members line:115| 第678个会员创建成功
2025-05-07 14:12:20|LogUtil.info line:33| 发送请求: 新增会员接口-第679个
2025-05-07 14:12:20|test_01_member_create.test_batch_create_members line:115| 第679个会员创建成功
2025-05-07 14:12:21|LogUtil.info line:33| 发送请求: 新增会员接口-第680个
2025-05-07 14:12:21|test_01_member_create.test_batch_create_members line:115| 第680个会员创建成功
2025-05-07 14:12:21|LogUtil.info line:33| 发送请求: 新增会员接口-第681个
2025-05-07 14:12:21|test_01_member_create.test_batch_create_members line:115| 第681个会员创建成功
2025-05-07 14:12:21|LogUtil.info line:33| 发送请求: 新增会员接口-第682个
2025-05-07 14:12:21|test_01_member_create.test_batch_create_members line:115| 第682个会员创建成功
2025-05-07 14:12:21|LogUtil.info line:33| 发送请求: 新增会员接口-第683个
2025-05-07 14:12:21|test_01_member_create.test_batch_create_members line:115| 第683个会员创建成功
2025-05-07 14:12:21|LogUtil.info line:33| 发送请求: 新增会员接口-第684个
2025-05-07 14:12:21|test_01_member_create.test_batch_create_members line:115| 第684个会员创建成功
2025-05-07 14:12:22|LogUtil.info line:33| 发送请求: 新增会员接口-第685个
2025-05-07 14:12:22|test_01_member_create.test_batch_create_members line:115| 第685个会员创建成功
2025-05-07 14:12:22|LogUtil.info line:33| 发送请求: 新增会员接口-第686个
2025-05-07 14:12:22|test_01_member_create.test_batch_create_members line:115| 第686个会员创建成功
2025-05-07 14:12:22|LogUtil.info line:33| 发送请求: 新增会员接口-第687个
2025-05-07 14:12:22|test_01_member_create.test_batch_create_members line:115| 第687个会员创建成功
2025-05-07 14:12:22|LogUtil.info line:33| 发送请求: 新增会员接口-第688个
2025-05-07 14:12:23|test_01_member_create.test_batch_create_members line:115| 第688个会员创建成功
2025-05-07 14:12:23|LogUtil.info line:33| 发送请求: 新增会员接口-第689个
2025-05-07 14:12:23|test_01_member_create.test_batch_create_members line:115| 第689个会员创建成功
2025-05-07 14:12:23|LogUtil.info line:33| 发送请求: 新增会员接口-第690个
2025-05-07 14:12:23|test_01_member_create.test_batch_create_members line:115| 第690个会员创建成功
2025-05-07 14:12:23|LogUtil.info line:33| 发送请求: 新增会员接口-第691个
2025-05-07 14:12:23|test_01_member_create.test_batch_create_members line:115| 第691个会员创建成功
2025-05-07 14:12:23|LogUtil.info line:33| 发送请求: 新增会员接口-第692个
2025-05-07 14:12:23|test_01_member_create.test_batch_create_members line:115| 第692个会员创建成功
2025-05-07 14:12:24|LogUtil.info line:33| 发送请求: 新增会员接口-第693个
2025-05-07 14:12:24|test_01_member_create.test_batch_create_members line:115| 第693个会员创建成功
2025-05-07 14:12:24|LogUtil.info line:33| 发送请求: 新增会员接口-第694个
2025-05-07 14:12:24|test_01_member_create.test_batch_create_members line:115| 第694个会员创建成功
2025-05-07 14:12:24|LogUtil.info line:33| 发送请求: 新增会员接口-第695个
2025-05-07 14:12:24|test_01_member_create.test_batch_create_members line:115| 第695个会员创建成功
2025-05-07 14:12:24|LogUtil.info line:33| 发送请求: 新增会员接口-第696个
2025-05-07 14:12:24|test_01_member_create.test_batch_create_members line:115| 第696个会员创建成功
2025-05-07 14:12:24|LogUtil.info line:33| 发送请求: 新增会员接口-第697个
2025-05-07 14:12:25|test_01_member_create.test_batch_create_members line:115| 第697个会员创建成功
2025-05-07 14:12:25|LogUtil.info line:33| 发送请求: 新增会员接口-第698个
2025-05-07 14:12:25|test_01_member_create.test_batch_create_members line:115| 第698个会员创建成功
2025-05-07 14:12:25|LogUtil.info line:33| 发送请求: 新增会员接口-第699个
2025-05-07 14:12:25|test_01_member_create.test_batch_create_members line:115| 第699个会员创建成功
2025-05-07 14:12:25|LogUtil.info line:33| 发送请求: 新增会员接口-第700个
2025-05-07 14:12:25|test_01_member_create.test_batch_create_members line:115| 第700个会员创建成功
2025-05-07 14:12:25|LogUtil.info line:33| 发送请求: 新增会员接口-第701个
2025-05-07 14:12:25|test_01_member_create.test_batch_create_members line:115| 第701个会员创建成功
2025-05-07 14:12:26|LogUtil.info line:33| 发送请求: 新增会员接口-第702个
2025-05-07 14:12:26|test_01_member_create.test_batch_create_members line:115| 第702个会员创建成功
2025-05-07 14:12:26|LogUtil.info line:33| 发送请求: 新增会员接口-第703个
2025-05-07 14:12:26|test_01_member_create.test_batch_create_members line:115| 第703个会员创建成功
2025-05-07 14:12:26|LogUtil.info line:33| 发送请求: 新增会员接口-第704个
2025-05-07 14:12:26|test_01_member_create.test_batch_create_members line:115| 第704个会员创建成功
2025-05-07 14:12:26|LogUtil.info line:33| 发送请求: 新增会员接口-第705个
2025-05-07 14:12:26|test_01_member_create.test_batch_create_members line:115| 第705个会员创建成功
2025-05-07 14:12:26|LogUtil.info line:33| 发送请求: 新增会员接口-第706个
2025-05-07 14:12:27|test_01_member_create.test_batch_create_members line:115| 第706个会员创建成功
2025-05-07 14:12:27|LogUtil.info line:33| 发送请求: 新增会员接口-第707个
2025-05-07 14:12:27|test_01_member_create.test_batch_create_members line:115| 第707个会员创建成功
2025-05-07 14:12:27|LogUtil.info line:33| 发送请求: 新增会员接口-第708个
2025-05-07 14:12:27|test_01_member_create.test_batch_create_members line:115| 第708个会员创建成功
2025-05-07 14:12:27|LogUtil.info line:33| 发送请求: 新增会员接口-第709个
2025-05-07 14:12:27|test_01_member_create.test_batch_create_members line:115| 第709个会员创建成功
2025-05-07 14:12:27|LogUtil.info line:33| 发送请求: 新增会员接口-第710个
2025-05-07 14:12:27|test_01_member_create.test_batch_create_members line:115| 第710个会员创建成功
2025-05-07 14:12:28|LogUtil.info line:33| 发送请求: 新增会员接口-第711个
2025-05-07 14:12:28|test_01_member_create.test_batch_create_members line:115| 第711个会员创建成功
2025-05-07 14:12:28|LogUtil.info line:33| 发送请求: 新增会员接口-第712个
2025-05-07 14:12:28|test_01_member_create.test_batch_create_members line:115| 第712个会员创建成功
2025-05-07 14:12:28|LogUtil.info line:33| 发送请求: 新增会员接口-第713个
2025-05-07 14:12:28|test_01_member_create.test_batch_create_members line:115| 第713个会员创建成功
2025-05-07 14:12:28|LogUtil.info line:33| 发送请求: 新增会员接口-第714个
2025-05-07 14:12:28|test_01_member_create.test_batch_create_members line:115| 第714个会员创建成功
2025-05-07 14:12:29|LogUtil.info line:33| 发送请求: 新增会员接口-第715个
2025-05-07 14:12:29|test_01_member_create.test_batch_create_members line:115| 第715个会员创建成功
2025-05-07 14:12:29|LogUtil.info line:33| 发送请求: 新增会员接口-第716个
2025-05-07 14:12:29|test_01_member_create.test_batch_create_members line:115| 第716个会员创建成功
2025-05-07 14:12:29|LogUtil.info line:33| 发送请求: 新增会员接口-第717个
2025-05-07 14:12:29|test_01_member_create.test_batch_create_members line:115| 第717个会员创建成功
2025-05-07 14:12:29|LogUtil.info line:33| 发送请求: 新增会员接口-第718个
2025-05-07 14:12:29|test_01_member_create.test_batch_create_members line:115| 第718个会员创建成功
2025-05-07 14:12:30|LogUtil.info line:33| 发送请求: 新增会员接口-第719个
2025-05-07 14:12:30|test_01_member_create.test_batch_create_members line:115| 第719个会员创建成功
2025-05-07 14:12:30|LogUtil.info line:33| 发送请求: 新增会员接口-第720个
2025-05-07 14:12:30|test_01_member_create.test_batch_create_members line:115| 第720个会员创建成功
2025-05-07 14:12:30|LogUtil.info line:33| 发送请求: 新增会员接口-第721个
2025-05-07 14:12:30|test_01_member_create.test_batch_create_members line:115| 第721个会员创建成功
2025-05-07 14:12:30|LogUtil.info line:33| 发送请求: 新增会员接口-第722个
2025-05-07 14:12:30|test_01_member_create.test_batch_create_members line:115| 第722个会员创建成功
2025-05-07 14:12:30|LogUtil.info line:33| 发送请求: 新增会员接口-第723个
2025-05-07 14:12:31|test_01_member_create.test_batch_create_members line:115| 第723个会员创建成功
2025-05-07 14:12:31|LogUtil.info line:33| 发送请求: 新增会员接口-第724个
2025-05-07 14:12:31|test_01_member_create.test_batch_create_members line:115| 第724个会员创建成功
2025-05-07 14:12:31|LogUtil.info line:33| 发送请求: 新增会员接口-第725个
2025-05-07 14:12:31|test_01_member_create.test_batch_create_members line:115| 第725个会员创建成功
2025-05-07 14:12:31|LogUtil.info line:33| 发送请求: 新增会员接口-第726个
2025-05-07 14:12:31|test_01_member_create.test_batch_create_members line:115| 第726个会员创建成功
2025-05-07 14:12:31|LogUtil.info line:33| 发送请求: 新增会员接口-第727个
2025-05-07 14:12:31|test_01_member_create.test_batch_create_members line:115| 第727个会员创建成功
2025-05-07 14:12:31|LogUtil.info line:33| 发送请求: 新增会员接口-第728个
2025-05-07 14:12:32|test_01_member_create.test_batch_create_members line:115| 第728个会员创建成功
2025-05-07 14:12:32|LogUtil.info line:33| 发送请求: 新增会员接口-第729个
2025-05-07 14:12:32|test_01_member_create.test_batch_create_members line:115| 第729个会员创建成功
2025-05-07 14:12:32|LogUtil.info line:33| 发送请求: 新增会员接口-第730个
2025-05-07 14:12:32|test_01_member_create.test_batch_create_members line:115| 第730个会员创建成功
2025-05-07 14:12:32|LogUtil.info line:33| 发送请求: 新增会员接口-第731个
2025-05-07 14:12:32|test_01_member_create.test_batch_create_members line:115| 第731个会员创建成功
2025-05-07 14:12:32|LogUtil.info line:33| 发送请求: 新增会员接口-第732个
2025-05-07 14:12:32|test_01_member_create.test_batch_create_members line:115| 第732个会员创建成功
2025-05-07 14:12:32|LogUtil.info line:33| 发送请求: 新增会员接口-第733个
2025-05-07 14:12:33|test_01_member_create.test_batch_create_members line:115| 第733个会员创建成功
2025-05-07 14:12:33|LogUtil.info line:33| 发送请求: 新增会员接口-第734个
2025-05-07 14:12:33|test_01_member_create.test_batch_create_members line:115| 第734个会员创建成功
2025-05-07 14:12:33|LogUtil.info line:33| 发送请求: 新增会员接口-第735个
2025-05-07 14:12:33|test_01_member_create.test_batch_create_members line:115| 第735个会员创建成功
2025-05-07 14:12:33|LogUtil.info line:33| 发送请求: 新增会员接口-第736个
2025-05-07 14:12:33|test_01_member_create.test_batch_create_members line:115| 第736个会员创建成功
2025-05-07 14:12:33|LogUtil.info line:33| 发送请求: 新增会员接口-第737个
2025-05-07 14:12:33|test_01_member_create.test_batch_create_members line:115| 第737个会员创建成功
2025-05-07 14:12:33|LogUtil.info line:33| 发送请求: 新增会员接口-第738个
2025-05-07 14:12:34|test_01_member_create.test_batch_create_members line:115| 第738个会员创建成功
2025-05-07 14:12:34|LogUtil.info line:33| 发送请求: 新增会员接口-第739个
2025-05-07 14:12:34|test_01_member_create.test_batch_create_members line:115| 第739个会员创建成功
2025-05-07 14:12:34|LogUtil.info line:33| 发送请求: 新增会员接口-第740个
2025-05-07 14:12:34|test_01_member_create.test_batch_create_members line:115| 第740个会员创建成功
2025-05-07 14:12:34|LogUtil.info line:33| 发送请求: 新增会员接口-第741个
2025-05-07 14:12:34|test_01_member_create.test_batch_create_members line:115| 第741个会员创建成功
2025-05-07 14:12:34|LogUtil.info line:33| 发送请求: 新增会员接口-第742个
2025-05-07 14:12:34|test_01_member_create.test_batch_create_members line:115| 第742个会员创建成功
2025-05-07 14:12:35|LogUtil.info line:33| 发送请求: 新增会员接口-第743个
2025-05-07 14:12:35|test_01_member_create.test_batch_create_members line:115| 第743个会员创建成功
2025-05-07 14:12:35|LogUtil.info line:33| 发送请求: 新增会员接口-第744个
2025-05-07 14:12:35|test_01_member_create.test_batch_create_members line:115| 第744个会员创建成功
2025-05-07 14:12:35|LogUtil.info line:33| 发送请求: 新增会员接口-第745个
2025-05-07 14:12:35|test_01_member_create.test_batch_create_members line:115| 第745个会员创建成功
2025-05-07 14:12:35|LogUtil.info line:33| 发送请求: 新增会员接口-第746个
2025-05-07 14:12:35|test_01_member_create.test_batch_create_members line:115| 第746个会员创建成功
2025-05-07 14:12:35|LogUtil.info line:33| 发送请求: 新增会员接口-第747个
2025-05-07 14:12:35|test_01_member_create.test_batch_create_members line:115| 第747个会员创建成功
2025-05-07 14:12:36|LogUtil.info line:33| 发送请求: 新增会员接口-第748个
2025-05-07 14:12:36|test_01_member_create.test_batch_create_members line:115| 第748个会员创建成功
2025-05-07 14:12:36|LogUtil.info line:33| 发送请求: 新增会员接口-第749个
2025-05-07 14:12:36|test_01_member_create.test_batch_create_members line:115| 第749个会员创建成功
2025-05-07 14:12:36|LogUtil.info line:33| 发送请求: 新增会员接口-第750个
2025-05-07 14:12:36|test_01_member_create.test_batch_create_members line:115| 第750个会员创建成功
2025-05-07 14:12:36|LogUtil.info line:33| 发送请求: 新增会员接口-第751个
2025-05-07 14:12:36|test_01_member_create.test_batch_create_members line:115| 第751个会员创建成功
2025-05-07 14:12:36|LogUtil.info line:33| 发送请求: 新增会员接口-第752个
2025-05-07 14:12:36|test_01_member_create.test_batch_create_members line:115| 第752个会员创建成功
2025-05-07 14:12:36|LogUtil.info line:33| 发送请求: 新增会员接口-第753个
2025-05-07 14:12:37|test_01_member_create.test_batch_create_members line:115| 第753个会员创建成功
2025-05-07 14:12:37|LogUtil.info line:33| 发送请求: 新增会员接口-第754个
2025-05-07 14:12:37|test_01_member_create.test_batch_create_members line:115| 第754个会员创建成功
2025-05-07 14:12:37|LogUtil.info line:33| 发送请求: 新增会员接口-第755个
2025-05-07 14:12:37|test_01_member_create.test_batch_create_members line:115| 第755个会员创建成功
2025-05-07 14:12:37|LogUtil.info line:33| 发送请求: 新增会员接口-第756个
2025-05-07 14:12:37|test_01_member_create.test_batch_create_members line:115| 第756个会员创建成功
2025-05-07 14:12:37|LogUtil.info line:33| 发送请求: 新增会员接口-第757个
2025-05-07 14:12:37|test_01_member_create.test_batch_create_members line:115| 第757个会员创建成功
2025-05-07 14:12:38|LogUtil.info line:33| 发送请求: 新增会员接口-第758个
2025-05-07 14:12:38|test_01_member_create.test_batch_create_members line:115| 第758个会员创建成功
2025-05-07 14:12:38|LogUtil.info line:33| 发送请求: 新增会员接口-第759个
2025-05-07 14:12:38|test_01_member_create.test_batch_create_members line:115| 第759个会员创建成功
2025-05-07 14:12:38|LogUtil.info line:33| 发送请求: 新增会员接口-第760个
2025-05-07 14:12:38|test_01_member_create.test_batch_create_members line:115| 第760个会员创建成功
2025-05-07 14:12:38|LogUtil.info line:33| 发送请求: 新增会员接口-第761个
2025-05-07 14:12:38|test_01_member_create.test_batch_create_members line:115| 第761个会员创建成功
2025-05-07 14:12:38|LogUtil.info line:33| 发送请求: 新增会员接口-第762个
2025-05-07 14:12:38|test_01_member_create.test_batch_create_members line:115| 第762个会员创建成功
2025-05-07 14:12:39|LogUtil.info line:33| 发送请求: 新增会员接口-第763个
2025-05-07 14:12:39|test_01_member_create.test_batch_create_members line:115| 第763个会员创建成功
2025-05-07 14:12:39|LogUtil.info line:33| 发送请求: 新增会员接口-第764个
2025-05-07 14:12:39|test_01_member_create.test_batch_create_members line:115| 第764个会员创建成功
2025-05-07 14:12:39|LogUtil.info line:33| 发送请求: 新增会员接口-第765个
2025-05-07 14:12:39|test_01_member_create.test_batch_create_members line:115| 第765个会员创建成功
2025-05-07 14:12:39|LogUtil.info line:33| 发送请求: 新增会员接口-第766个
2025-05-07 14:12:39|test_01_member_create.test_batch_create_members line:115| 第766个会员创建成功
2025-05-07 14:12:39|LogUtil.info line:33| 发送请求: 新增会员接口-第767个
2025-05-07 14:12:39|test_01_member_create.test_batch_create_members line:115| 第767个会员创建成功
2025-05-07 14:12:40|LogUtil.info line:33| 发送请求: 新增会员接口-第768个
2025-05-07 14:12:40|test_01_member_create.test_batch_create_members line:115| 第768个会员创建成功
2025-05-07 14:12:40|LogUtil.info line:33| 发送请求: 新增会员接口-第769个
2025-05-07 14:12:40|test_01_member_create.test_batch_create_members line:115| 第769个会员创建成功
2025-05-07 14:12:40|LogUtil.info line:33| 发送请求: 新增会员接口-第770个
2025-05-07 14:12:40|test_01_member_create.test_batch_create_members line:115| 第770个会员创建成功
2025-05-07 14:12:40|LogUtil.info line:33| 发送请求: 新增会员接口-第771个
2025-05-07 14:12:40|test_01_member_create.test_batch_create_members line:115| 第771个会员创建成功
2025-05-07 14:12:40|LogUtil.info line:33| 发送请求: 新增会员接口-第772个
2025-05-07 14:12:40|test_01_member_create.test_batch_create_members line:115| 第772个会员创建成功
2025-05-07 14:12:41|LogUtil.info line:33| 发送请求: 新增会员接口-第773个
2025-05-07 14:12:41|test_01_member_create.test_batch_create_members line:115| 第773个会员创建成功
2025-05-07 14:12:41|LogUtil.info line:33| 发送请求: 新增会员接口-第774个
2025-05-07 14:12:41|test_01_member_create.test_batch_create_members line:115| 第774个会员创建成功
2025-05-07 14:12:41|LogUtil.info line:33| 发送请求: 新增会员接口-第775个
2025-05-07 14:12:41|test_01_member_create.test_batch_create_members line:115| 第775个会员创建成功
2025-05-07 14:12:41|LogUtil.info line:33| 发送请求: 新增会员接口-第776个
2025-05-07 14:12:41|test_01_member_create.test_batch_create_members line:115| 第776个会员创建成功
2025-05-07 14:12:41|LogUtil.info line:33| 发送请求: 新增会员接口-第777个
2025-05-07 14:12:42|test_01_member_create.test_batch_create_members line:115| 第777个会员创建成功
2025-05-07 14:12:42|LogUtil.info line:33| 发送请求: 新增会员接口-第778个
2025-05-07 14:12:42|test_01_member_create.test_batch_create_members line:115| 第778个会员创建成功
2025-05-07 14:12:42|LogUtil.info line:33| 发送请求: 新增会员接口-第779个
2025-05-07 14:12:42|test_01_member_create.test_batch_create_members line:115| 第779个会员创建成功
2025-05-07 14:12:42|LogUtil.info line:33| 发送请求: 新增会员接口-第780个
2025-05-07 14:12:42|test_01_member_create.test_batch_create_members line:115| 第780个会员创建成功
2025-05-07 14:12:42|LogUtil.info line:33| 发送请求: 新增会员接口-第781个
2025-05-07 14:12:42|test_01_member_create.test_batch_create_members line:115| 第781个会员创建成功
2025-05-07 14:12:42|LogUtil.info line:33| 发送请求: 新增会员接口-第782个
2025-05-07 14:12:42|test_01_member_create.test_batch_create_members line:115| 第782个会员创建成功
2025-05-07 14:12:43|LogUtil.info line:33| 发送请求: 新增会员接口-第783个
2025-05-07 14:12:43|test_01_member_create.test_batch_create_members line:115| 第783个会员创建成功
2025-05-07 14:12:43|LogUtil.info line:33| 发送请求: 新增会员接口-第784个
2025-05-07 14:12:43|test_01_member_create.test_batch_create_members line:115| 第784个会员创建成功
2025-05-07 14:12:43|LogUtil.info line:33| 发送请求: 新增会员接口-第785个
2025-05-07 14:12:43|test_01_member_create.test_batch_create_members line:115| 第785个会员创建成功
2025-05-07 14:12:43|LogUtil.info line:33| 发送请求: 新增会员接口-第786个
2025-05-07 14:12:43|test_01_member_create.test_batch_create_members line:115| 第786个会员创建成功
2025-05-07 14:12:43|LogUtil.info line:33| 发送请求: 新增会员接口-第787个
2025-05-07 14:12:43|test_01_member_create.test_batch_create_members line:115| 第787个会员创建成功
2025-05-07 14:12:44|LogUtil.info line:33| 发送请求: 新增会员接口-第788个
2025-05-07 14:12:44|test_01_member_create.test_batch_create_members line:115| 第788个会员创建成功
2025-05-07 14:12:44|LogUtil.info line:33| 发送请求: 新增会员接口-第789个
2025-05-07 14:12:44|test_01_member_create.test_batch_create_members line:115| 第789个会员创建成功
2025-05-07 14:12:44|LogUtil.info line:33| 发送请求: 新增会员接口-第790个
2025-05-07 14:12:44|test_01_member_create.test_batch_create_members line:115| 第790个会员创建成功
2025-05-07 14:12:44|LogUtil.info line:33| 发送请求: 新增会员接口-第791个
2025-05-07 14:12:44|test_01_member_create.test_batch_create_members line:115| 第791个会员创建成功
2025-05-07 14:12:44|LogUtil.info line:33| 发送请求: 新增会员接口-第792个
2025-05-07 14:12:44|test_01_member_create.test_batch_create_members line:115| 第792个会员创建成功
2025-05-07 14:12:44|LogUtil.info line:33| 发送请求: 新增会员接口-第793个
2025-05-07 14:12:45|test_01_member_create.test_batch_create_members line:115| 第793个会员创建成功
2025-05-07 14:12:45|LogUtil.info line:33| 发送请求: 新增会员接口-第794个
2025-05-07 14:12:45|test_01_member_create.test_batch_create_members line:115| 第794个会员创建成功
2025-05-07 14:12:45|LogUtil.info line:33| 发送请求: 新增会员接口-第795个
2025-05-07 14:12:45|test_01_member_create.test_batch_create_members line:115| 第795个会员创建成功
2025-05-07 14:12:45|LogUtil.info line:33| 发送请求: 新增会员接口-第796个
2025-05-07 14:12:45|test_01_member_create.test_batch_create_members line:115| 第796个会员创建成功
2025-05-07 14:12:45|LogUtil.info line:33| 发送请求: 新增会员接口-第797个
2025-05-07 14:12:45|test_01_member_create.test_batch_create_members line:115| 第797个会员创建成功
2025-05-07 14:12:45|LogUtil.info line:33| 发送请求: 新增会员接口-第798个
2025-05-07 14:12:46|test_01_member_create.test_batch_create_members line:115| 第798个会员创建成功
2025-05-07 14:12:46|LogUtil.info line:33| 发送请求: 新增会员接口-第799个
2025-05-07 14:12:46|test_01_member_create.test_batch_create_members line:115| 第799个会员创建成功
2025-05-07 14:12:46|LogUtil.info line:33| 发送请求: 新增会员接口-第800个
2025-05-07 14:12:46|test_01_member_create.test_batch_create_members line:115| 第800个会员创建成功
2025-05-07 14:12:46|LogUtil.info line:33| 发送请求: 新增会员接口-第801个
2025-05-07 14:12:46|test_01_member_create.test_batch_create_members line:115| 第801个会员创建成功
2025-05-07 14:12:46|LogUtil.info line:33| 发送请求: 新增会员接口-第802个
2025-05-07 14:12:46|test_01_member_create.test_batch_create_members line:115| 第802个会员创建成功
2025-05-07 14:12:46|LogUtil.info line:33| 发送请求: 新增会员接口-第803个
2025-05-07 14:12:47|test_01_member_create.test_batch_create_members line:115| 第803个会员创建成功
2025-05-07 14:12:47|LogUtil.info line:33| 发送请求: 新增会员接口-第804个
2025-05-07 14:12:47|test_01_member_create.test_batch_create_members line:115| 第804个会员创建成功
2025-05-07 14:12:47|LogUtil.info line:33| 发送请求: 新增会员接口-第805个
2025-05-07 14:12:47|test_01_member_create.test_batch_create_members line:115| 第805个会员创建成功
2025-05-07 14:12:47|LogUtil.info line:33| 发送请求: 新增会员接口-第806个
2025-05-07 14:12:47|test_01_member_create.test_batch_create_members line:115| 第806个会员创建成功
2025-05-07 14:12:47|LogUtil.info line:33| 发送请求: 新增会员接口-第807个
2025-05-07 14:12:47|test_01_member_create.test_batch_create_members line:115| 第807个会员创建成功
2025-05-07 14:12:47|LogUtil.info line:33| 发送请求: 新增会员接口-第808个
2025-05-07 14:12:48|test_01_member_create.test_batch_create_members line:115| 第808个会员创建成功
2025-05-07 14:12:48|LogUtil.info line:33| 发送请求: 新增会员接口-第809个
2025-05-07 14:12:48|test_01_member_create.test_batch_create_members line:115| 第809个会员创建成功
2025-05-07 14:12:48|LogUtil.info line:33| 发送请求: 新增会员接口-第810个
2025-05-07 14:12:48|test_01_member_create.test_batch_create_members line:115| 第810个会员创建成功
2025-05-07 14:12:48|LogUtil.info line:33| 发送请求: 新增会员接口-第811个
2025-05-07 14:12:48|test_01_member_create.test_batch_create_members line:115| 第811个会员创建成功
2025-05-07 14:12:48|LogUtil.info line:33| 发送请求: 新增会员接口-第812个
2025-05-07 14:12:48|test_01_member_create.test_batch_create_members line:115| 第812个会员创建成功
2025-05-07 14:12:48|LogUtil.info line:33| 发送请求: 新增会员接口-第813个
2025-05-07 14:12:48|test_01_member_create.test_batch_create_members line:115| 第813个会员创建成功
2025-05-07 14:12:49|LogUtil.info line:33| 发送请求: 新增会员接口-第814个
2025-05-07 14:12:49|test_01_member_create.test_batch_create_members line:115| 第814个会员创建成功
2025-05-07 14:12:49|LogUtil.info line:33| 发送请求: 新增会员接口-第815个
2025-05-07 14:12:49|test_01_member_create.test_batch_create_members line:115| 第815个会员创建成功
2025-05-07 14:12:49|LogUtil.info line:33| 发送请求: 新增会员接口-第816个
2025-05-07 14:12:49|test_01_member_create.test_batch_create_members line:115| 第816个会员创建成功
2025-05-07 14:12:49|LogUtil.info line:33| 发送请求: 新增会员接口-第817个
2025-05-07 14:12:49|test_01_member_create.test_batch_create_members line:115| 第817个会员创建成功
2025-05-07 14:12:49|LogUtil.info line:33| 发送请求: 新增会员接口-第818个
2025-05-07 14:12:49|test_01_member_create.test_batch_create_members line:115| 第818个会员创建成功
2025-05-07 14:12:50|LogUtil.info line:33| 发送请求: 新增会员接口-第819个
2025-05-07 14:12:50|test_01_member_create.test_batch_create_members line:115| 第819个会员创建成功
2025-05-07 14:12:50|LogUtil.info line:33| 发送请求: 新增会员接口-第820个
2025-05-07 14:12:50|test_01_member_create.test_batch_create_members line:115| 第820个会员创建成功
2025-05-07 14:12:50|LogUtil.info line:33| 发送请求: 新增会员接口-第821个
2025-05-07 14:12:50|test_01_member_create.test_batch_create_members line:115| 第821个会员创建成功
2025-05-07 14:12:50|LogUtil.info line:33| 发送请求: 新增会员接口-第822个
2025-05-07 14:12:50|test_01_member_create.test_batch_create_members line:115| 第822个会员创建成功
2025-05-07 14:12:50|LogUtil.info line:33| 发送请求: 新增会员接口-第823个
2025-05-07 14:12:50|test_01_member_create.test_batch_create_members line:115| 第823个会员创建成功
2025-05-07 14:12:51|LogUtil.info line:33| 发送请求: 新增会员接口-第824个
2025-05-07 14:12:51|test_01_member_create.test_batch_create_members line:115| 第824个会员创建成功
2025-05-07 14:12:51|LogUtil.info line:33| 发送请求: 新增会员接口-第825个
2025-05-07 14:12:51|test_01_member_create.test_batch_create_members line:115| 第825个会员创建成功
2025-05-07 14:12:51|LogUtil.info line:33| 发送请求: 新增会员接口-第826个
2025-05-07 14:12:51|test_01_member_create.test_batch_create_members line:115| 第826个会员创建成功
2025-05-07 14:12:51|LogUtil.info line:33| 发送请求: 新增会员接口-第827个
2025-05-07 14:12:51|test_01_member_create.test_batch_create_members line:115| 第827个会员创建成功
2025-05-07 14:12:51|LogUtil.info line:33| 发送请求: 新增会员接口-第828个
2025-05-07 14:12:51|test_01_member_create.test_batch_create_members line:115| 第828个会员创建成功
2025-05-07 14:12:52|LogUtil.info line:33| 发送请求: 新增会员接口-第829个
2025-05-07 14:12:52|test_01_member_create.test_batch_create_members line:115| 第829个会员创建成功
2025-05-07 14:12:52|LogUtil.info line:33| 发送请求: 新增会员接口-第830个
2025-05-07 14:12:52|test_01_member_create.test_batch_create_members line:115| 第830个会员创建成功
2025-05-07 14:12:52|LogUtil.info line:33| 发送请求: 新增会员接口-第831个
2025-05-07 14:12:52|test_01_member_create.test_batch_create_members line:115| 第831个会员创建成功
2025-05-07 14:12:52|LogUtil.info line:33| 发送请求: 新增会员接口-第832个
2025-05-07 14:12:52|test_01_member_create.test_batch_create_members line:115| 第832个会员创建成功
2025-05-07 14:12:52|LogUtil.info line:33| 发送请求: 新增会员接口-第833个
2025-05-07 14:12:52|test_01_member_create.test_batch_create_members line:115| 第833个会员创建成功
2025-05-07 14:12:53|LogUtil.info line:33| 发送请求: 新增会员接口-第834个
2025-05-07 14:12:53|test_01_member_create.test_batch_create_members line:115| 第834个会员创建成功
2025-05-07 14:12:53|LogUtil.info line:33| 发送请求: 新增会员接口-第835个
2025-05-07 14:12:53|test_01_member_create.test_batch_create_members line:115| 第835个会员创建成功
2025-05-07 14:12:53|LogUtil.info line:33| 发送请求: 新增会员接口-第836个
2025-05-07 14:12:53|test_01_member_create.test_batch_create_members line:115| 第836个会员创建成功
2025-05-07 14:12:53|LogUtil.info line:33| 发送请求: 新增会员接口-第837个
2025-05-07 14:12:53|test_01_member_create.test_batch_create_members line:115| 第837个会员创建成功
2025-05-07 14:12:53|LogUtil.info line:33| 发送请求: 新增会员接口-第838个
2025-05-07 14:12:53|test_01_member_create.test_batch_create_members line:115| 第838个会员创建成功
2025-05-07 14:12:53|LogUtil.info line:33| 发送请求: 新增会员接口-第839个
2025-05-07 14:12:54|test_01_member_create.test_batch_create_members line:115| 第839个会员创建成功
2025-05-07 14:12:54|LogUtil.info line:33| 发送请求: 新增会员接口-第840个
2025-05-07 14:12:54|test_01_member_create.test_batch_create_members line:115| 第840个会员创建成功
2025-05-07 14:12:54|LogUtil.info line:33| 发送请求: 新增会员接口-第841个
2025-05-07 14:12:54|test_01_member_create.test_batch_create_members line:115| 第841个会员创建成功
2025-05-07 14:12:54|LogUtil.info line:33| 发送请求: 新增会员接口-第842个
2025-05-07 14:12:54|test_01_member_create.test_batch_create_members line:115| 第842个会员创建成功
2025-05-07 14:12:54|LogUtil.info line:33| 发送请求: 新增会员接口-第843个
2025-05-07 14:12:54|test_01_member_create.test_batch_create_members line:115| 第843个会员创建成功
2025-05-07 14:12:55|LogUtil.info line:33| 发送请求: 新增会员接口-第844个
2025-05-07 14:12:55|test_01_member_create.test_batch_create_members line:115| 第844个会员创建成功
2025-05-07 14:12:55|LogUtil.info line:33| 发送请求: 新增会员接口-第845个
2025-05-07 14:12:55|test_01_member_create.test_batch_create_members line:115| 第845个会员创建成功
2025-05-07 14:12:55|LogUtil.info line:33| 发送请求: 新增会员接口-第846个
2025-05-07 14:12:55|test_01_member_create.test_batch_create_members line:115| 第846个会员创建成功
2025-05-07 14:12:55|LogUtil.info line:33| 发送请求: 新增会员接口-第847个
2025-05-07 14:12:55|test_01_member_create.test_batch_create_members line:115| 第847个会员创建成功
2025-05-07 14:12:55|LogUtil.info line:33| 发送请求: 新增会员接口-第848个
2025-05-07 14:12:55|test_01_member_create.test_batch_create_members line:115| 第848个会员创建成功
2025-05-07 14:12:55|LogUtil.info line:33| 发送请求: 新增会员接口-第849个
2025-05-07 14:12:56|test_01_member_create.test_batch_create_members line:115| 第849个会员创建成功
2025-05-07 14:12:56|LogUtil.info line:33| 发送请求: 新增会员接口-第850个
2025-05-07 14:12:56|test_01_member_create.test_batch_create_members line:115| 第850个会员创建成功
2025-05-07 14:12:56|LogUtil.info line:33| 发送请求: 新增会员接口-第851个
2025-05-07 14:12:56|test_01_member_create.test_batch_create_members line:115| 第851个会员创建成功
2025-05-07 14:12:56|LogUtil.info line:33| 发送请求: 新增会员接口-第852个
2025-05-07 14:12:56|test_01_member_create.test_batch_create_members line:115| 第852个会员创建成功
2025-05-07 14:12:56|LogUtil.info line:33| 发送请求: 新增会员接口-第853个
2025-05-07 14:12:56|test_01_member_create.test_batch_create_members line:115| 第853个会员创建成功
2025-05-07 14:12:56|LogUtil.info line:33| 发送请求: 新增会员接口-第854个
2025-05-07 14:12:57|test_01_member_create.test_batch_create_members line:115| 第854个会员创建成功
2025-05-07 14:12:57|LogUtil.info line:33| 发送请求: 新增会员接口-第855个
2025-05-07 14:12:57|test_01_member_create.test_batch_create_members line:115| 第855个会员创建成功
2025-05-07 14:12:57|LogUtil.info line:33| 发送请求: 新增会员接口-第856个
2025-05-07 14:12:57|test_01_member_create.test_batch_create_members line:115| 第856个会员创建成功
2025-05-07 14:12:57|LogUtil.info line:33| 发送请求: 新增会员接口-第857个
2025-05-07 14:12:57|test_01_member_create.test_batch_create_members line:115| 第857个会员创建成功
2025-05-07 14:12:57|LogUtil.info line:33| 发送请求: 新增会员接口-第858个
2025-05-07 14:12:57|test_01_member_create.test_batch_create_members line:115| 第858个会员创建成功
2025-05-07 14:12:58|LogUtil.info line:33| 发送请求: 新增会员接口-第859个
2025-05-07 14:12:58|test_01_member_create.test_batch_create_members line:115| 第859个会员创建成功
2025-05-07 14:12:58|LogUtil.info line:33| 发送请求: 新增会员接口-第860个
2025-05-07 14:12:58|test_01_member_create.test_batch_create_members line:115| 第860个会员创建成功
2025-05-07 14:12:58|LogUtil.info line:33| 发送请求: 新增会员接口-第861个
2025-05-07 14:12:58|test_01_member_create.test_batch_create_members line:115| 第861个会员创建成功
2025-05-07 14:12:58|LogUtil.info line:33| 发送请求: 新增会员接口-第862个
2025-05-07 14:12:58|test_01_member_create.test_batch_create_members line:115| 第862个会员创建成功
2025-05-07 14:12:58|LogUtil.info line:33| 发送请求: 新增会员接口-第863个
2025-05-07 14:12:58|test_01_member_create.test_batch_create_members line:115| 第863个会员创建成功
2025-05-07 14:12:58|LogUtil.info line:33| 发送请求: 新增会员接口-第864个
2025-05-07 14:12:59|test_01_member_create.test_batch_create_members line:115| 第864个会员创建成功
2025-05-07 14:12:59|LogUtil.info line:33| 发送请求: 新增会员接口-第865个
2025-05-07 14:12:59|test_01_member_create.test_batch_create_members line:115| 第865个会员创建成功
2025-05-07 14:12:59|LogUtil.info line:33| 发送请求: 新增会员接口-第866个
2025-05-07 14:12:59|test_01_member_create.test_batch_create_members line:115| 第866个会员创建成功
2025-05-07 14:12:59|LogUtil.info line:33| 发送请求: 新增会员接口-第867个
2025-05-07 14:12:59|test_01_member_create.test_batch_create_members line:115| 第867个会员创建成功
2025-05-07 14:12:59|LogUtil.info line:33| 发送请求: 新增会员接口-第868个
2025-05-07 14:12:59|test_01_member_create.test_batch_create_members line:115| 第868个会员创建成功
2025-05-07 14:13:00|LogUtil.info line:33| 发送请求: 新增会员接口-第869个
2025-05-07 14:13:00|test_01_member_create.test_batch_create_members line:115| 第869个会员创建成功
2025-05-07 14:13:00|LogUtil.info line:33| 发送请求: 新增会员接口-第870个
2025-05-07 14:13:00|test_01_member_create.test_batch_create_members line:115| 第870个会员创建成功
2025-05-07 14:13:00|LogUtil.info line:33| 发送请求: 新增会员接口-第871个
2025-05-07 14:13:00|test_01_member_create.test_batch_create_members line:115| 第871个会员创建成功
2025-05-07 14:13:00|LogUtil.info line:33| 发送请求: 新增会员接口-第872个
2025-05-07 14:13:00|test_01_member_create.test_batch_create_members line:115| 第872个会员创建成功
2025-05-07 14:13:00|LogUtil.info line:33| 发送请求: 新增会员接口-第873个
2025-05-07 14:13:00|test_01_member_create.test_batch_create_members line:115| 第873个会员创建成功
2025-05-07 14:13:00|LogUtil.info line:33| 发送请求: 新增会员接口-第874个
2025-05-07 14:13:01|test_01_member_create.test_batch_create_members line:115| 第874个会员创建成功
2025-05-07 14:13:01|LogUtil.info line:33| 发送请求: 新增会员接口-第875个
2025-05-07 14:13:01|test_01_member_create.test_batch_create_members line:115| 第875个会员创建成功
2025-05-07 14:13:01|LogUtil.info line:33| 发送请求: 新增会员接口-第876个
2025-05-07 14:13:01|test_01_member_create.test_batch_create_members line:115| 第876个会员创建成功
2025-05-07 14:13:01|LogUtil.info line:33| 发送请求: 新增会员接口-第877个
2025-05-07 14:13:01|test_01_member_create.test_batch_create_members line:115| 第877个会员创建成功
2025-05-07 14:13:01|LogUtil.info line:33| 发送请求: 新增会员接口-第878个
2025-05-07 14:13:01|test_01_member_create.test_batch_create_members line:115| 第878个会员创建成功
2025-05-07 14:13:01|LogUtil.info line:33| 发送请求: 新增会员接口-第879个
2025-05-07 14:13:02|test_01_member_create.test_batch_create_members line:115| 第879个会员创建成功
2025-05-07 14:13:02|LogUtil.info line:33| 发送请求: 新增会员接口-第880个
2025-05-07 14:13:02|test_01_member_create.test_batch_create_members line:115| 第880个会员创建成功
2025-05-07 14:13:02|LogUtil.info line:33| 发送请求: 新增会员接口-第881个
2025-05-07 14:13:02|test_01_member_create.test_batch_create_members line:115| 第881个会员创建成功
2025-05-07 14:13:02|LogUtil.info line:33| 发送请求: 新增会员接口-第882个
2025-05-07 14:13:02|test_01_member_create.test_batch_create_members line:115| 第882个会员创建成功
2025-05-07 14:13:02|LogUtil.info line:33| 发送请求: 新增会员接口-第883个
2025-05-07 14:13:02|test_01_member_create.test_batch_create_members line:115| 第883个会员创建成功
2025-05-07 14:13:02|LogUtil.info line:33| 发送请求: 新增会员接口-第884个
2025-05-07 14:13:02|test_01_member_create.test_batch_create_members line:115| 第884个会员创建成功
2025-05-07 14:13:03|LogUtil.info line:33| 发送请求: 新增会员接口-第885个
2025-05-07 14:13:03|test_01_member_create.test_batch_create_members line:115| 第885个会员创建成功
2025-05-07 14:13:03|LogUtil.info line:33| 发送请求: 新增会员接口-第886个
2025-05-07 14:13:03|test_01_member_create.test_batch_create_members line:115| 第886个会员创建成功
2025-05-07 14:13:03|LogUtil.info line:33| 发送请求: 新增会员接口-第887个
2025-05-07 14:13:03|test_01_member_create.test_batch_create_members line:115| 第887个会员创建成功
2025-05-07 14:13:03|LogUtil.info line:33| 发送请求: 新增会员接口-第888个
2025-05-07 14:13:03|test_01_member_create.test_batch_create_members line:115| 第888个会员创建成功
2025-05-07 14:13:03|LogUtil.info line:33| 发送请求: 新增会员接口-第889个
2025-05-07 14:13:04|test_01_member_create.test_batch_create_members line:115| 第889个会员创建成功
2025-05-07 14:13:04|LogUtil.info line:33| 发送请求: 新增会员接口-第890个
2025-05-07 14:13:04|test_01_member_create.test_batch_create_members line:115| 第890个会员创建成功
2025-05-07 14:13:04|LogUtil.info line:33| 发送请求: 新增会员接口-第891个
2025-05-07 14:13:04|test_01_member_create.test_batch_create_members line:115| 第891个会员创建成功
2025-05-07 14:13:04|LogUtil.info line:33| 发送请求: 新增会员接口-第892个
2025-05-07 14:13:04|test_01_member_create.test_batch_create_members line:115| 第892个会员创建成功
2025-05-07 14:13:04|LogUtil.info line:33| 发送请求: 新增会员接口-第893个
2025-05-07 14:13:04|test_01_member_create.test_batch_create_members line:115| 第893个会员创建成功
2025-05-07 14:13:04|LogUtil.info line:33| 发送请求: 新增会员接口-第894个
2025-05-07 14:13:05|test_01_member_create.test_batch_create_members line:115| 第894个会员创建成功
2025-05-07 14:13:05|LogUtil.info line:33| 发送请求: 新增会员接口-第895个
2025-05-07 14:13:05|test_01_member_create.test_batch_create_members line:115| 第895个会员创建成功
2025-05-07 14:13:05|LogUtil.info line:33| 发送请求: 新增会员接口-第896个
2025-05-07 14:13:05|test_01_member_create.test_batch_create_members line:115| 第896个会员创建成功
2025-05-07 14:13:05|LogUtil.info line:33| 发送请求: 新增会员接口-第897个
2025-05-07 14:13:05|test_01_member_create.test_batch_create_members line:115| 第897个会员创建成功
2025-05-07 14:13:05|LogUtil.info line:33| 发送请求: 新增会员接口-第898个
2025-05-07 14:13:05|test_01_member_create.test_batch_create_members line:115| 第898个会员创建成功
2025-05-07 14:13:05|LogUtil.info line:33| 发送请求: 新增会员接口-第899个
2025-05-07 14:13:06|test_01_member_create.test_batch_create_members line:115| 第899个会员创建成功
2025-05-07 14:13:06|LogUtil.info line:33| 发送请求: 新增会员接口-第900个
2025-05-07 14:13:06|test_01_member_create.test_batch_create_members line:115| 第900个会员创建成功
2025-05-07 14:13:06|LogUtil.info line:33| 发送请求: 新增会员接口-第901个
2025-05-07 14:13:06|test_01_member_create.test_batch_create_members line:115| 第901个会员创建成功
2025-05-07 14:13:06|LogUtil.info line:33| 发送请求: 新增会员接口-第902个
2025-05-07 14:13:06|test_01_member_create.test_batch_create_members line:115| 第902个会员创建成功
2025-05-07 14:13:06|LogUtil.info line:33| 发送请求: 新增会员接口-第903个
2025-05-07 14:13:06|test_01_member_create.test_batch_create_members line:115| 第903个会员创建成功
2025-05-07 14:13:06|LogUtil.info line:33| 发送请求: 新增会员接口-第904个
2025-05-07 14:13:06|test_01_member_create.test_batch_create_members line:115| 第904个会员创建成功
2025-05-07 14:13:07|LogUtil.info line:33| 发送请求: 新增会员接口-第905个
2025-05-07 14:13:07|test_01_member_create.test_batch_create_members line:115| 第905个会员创建成功
2025-05-07 14:13:07|LogUtil.info line:33| 发送请求: 新增会员接口-第906个
2025-05-07 14:13:07|test_01_member_create.test_batch_create_members line:115| 第906个会员创建成功
2025-05-07 14:13:07|LogUtil.info line:33| 发送请求: 新增会员接口-第907个
2025-05-07 14:13:07|test_01_member_create.test_batch_create_members line:115| 第907个会员创建成功
2025-05-07 14:13:07|LogUtil.info line:33| 发送请求: 新增会员接口-第908个
2025-05-07 14:13:07|test_01_member_create.test_batch_create_members line:115| 第908个会员创建成功
2025-05-07 14:13:07|LogUtil.info line:33| 发送请求: 新增会员接口-第909个
2025-05-07 14:13:07|test_01_member_create.test_batch_create_members line:115| 第909个会员创建成功
2025-05-07 14:13:08|LogUtil.info line:33| 发送请求: 新增会员接口-第910个
2025-05-07 14:13:08|test_01_member_create.test_batch_create_members line:115| 第910个会员创建成功
2025-05-07 14:13:08|LogUtil.info line:33| 发送请求: 新增会员接口-第911个
2025-05-07 14:13:08|test_01_member_create.test_batch_create_members line:115| 第911个会员创建成功
2025-05-07 14:13:08|LogUtil.info line:33| 发送请求: 新增会员接口-第912个
2025-05-07 14:13:08|test_01_member_create.test_batch_create_members line:115| 第912个会员创建成功
2025-05-07 14:13:08|LogUtil.info line:33| 发送请求: 新增会员接口-第913个
2025-05-07 14:13:08|test_01_member_create.test_batch_create_members line:115| 第913个会员创建成功
2025-05-07 14:13:08|LogUtil.info line:33| 发送请求: 新增会员接口-第914个
2025-05-07 14:13:09|test_01_member_create.test_batch_create_members line:115| 第914个会员创建成功
2025-05-07 14:13:09|LogUtil.info line:33| 发送请求: 新增会员接口-第915个
2025-05-07 14:13:09|test_01_member_create.test_batch_create_members line:115| 第915个会员创建成功
2025-05-07 14:13:09|LogUtil.info line:33| 发送请求: 新增会员接口-第916个
2025-05-07 14:13:09|test_01_member_create.test_batch_create_members line:115| 第916个会员创建成功
2025-05-07 14:13:09|LogUtil.info line:33| 发送请求: 新增会员接口-第917个
2025-05-07 14:13:09|test_01_member_create.test_batch_create_members line:115| 第917个会员创建成功
2025-05-07 14:13:09|LogUtil.info line:33| 发送请求: 新增会员接口-第918个
2025-05-07 14:13:09|test_01_member_create.test_batch_create_members line:115| 第918个会员创建成功
2025-05-07 14:13:09|LogUtil.info line:33| 发送请求: 新增会员接口-第919个
2025-05-07 14:13:09|test_01_member_create.test_batch_create_members line:115| 第919个会员创建成功
2025-05-07 14:13:10|LogUtil.info line:33| 发送请求: 新增会员接口-第920个
2025-05-07 14:13:10|test_01_member_create.test_batch_create_members line:115| 第920个会员创建成功
2025-05-07 14:13:10|LogUtil.info line:33| 发送请求: 新增会员接口-第921个
2025-05-07 14:13:10|test_01_member_create.test_batch_create_members line:115| 第921个会员创建成功
2025-05-07 14:13:10|LogUtil.info line:33| 发送请求: 新增会员接口-第922个
2025-05-07 14:13:10|test_01_member_create.test_batch_create_members line:115| 第922个会员创建成功
2025-05-07 14:13:10|LogUtil.info line:33| 发送请求: 新增会员接口-第923个
2025-05-07 14:13:10|test_01_member_create.test_batch_create_members line:115| 第923个会员创建成功
2025-05-07 14:13:10|LogUtil.info line:33| 发送请求: 新增会员接口-第924个
2025-05-07 14:13:10|test_01_member_create.test_batch_create_members line:115| 第924个会员创建成功
2025-05-07 14:13:11|LogUtil.info line:33| 发送请求: 新增会员接口-第925个
2025-05-07 14:13:11|test_01_member_create.test_batch_create_members line:115| 第925个会员创建成功
2025-05-07 14:13:11|LogUtil.info line:33| 发送请求: 新增会员接口-第926个
2025-05-07 14:13:11|test_01_member_create.test_batch_create_members line:115| 第926个会员创建成功
2025-05-07 14:13:11|LogUtil.info line:33| 发送请求: 新增会员接口-第927个
2025-05-07 14:13:11|test_01_member_create.test_batch_create_members line:115| 第927个会员创建成功
2025-05-07 14:13:11|LogUtil.info line:33| 发送请求: 新增会员接口-第928个
2025-05-07 14:13:11|test_01_member_create.test_batch_create_members line:115| 第928个会员创建成功
2025-05-07 14:13:11|LogUtil.info line:33| 发送请求: 新增会员接口-第929个
2025-05-07 14:13:12|test_01_member_create.test_batch_create_members line:115| 第929个会员创建成功
2025-05-07 14:13:12|LogUtil.info line:33| 发送请求: 新增会员接口-第930个
2025-05-07 14:13:12|test_01_member_create.test_batch_create_members line:115| 第930个会员创建成功
2025-05-07 14:13:12|LogUtil.info line:33| 发送请求: 新增会员接口-第931个
2025-05-07 14:13:12|test_01_member_create.test_batch_create_members line:115| 第931个会员创建成功
2025-05-07 14:13:12|LogUtil.info line:33| 发送请求: 新增会员接口-第932个
2025-05-07 14:13:12|test_01_member_create.test_batch_create_members line:115| 第932个会员创建成功
2025-05-07 14:13:12|LogUtil.info line:33| 发送请求: 新增会员接口-第933个
2025-05-07 14:13:12|test_01_member_create.test_batch_create_members line:115| 第933个会员创建成功
2025-05-07 14:13:12|LogUtil.info line:33| 发送请求: 新增会员接口-第934个
2025-05-07 14:13:12|test_01_member_create.test_batch_create_members line:115| 第934个会员创建成功
2025-05-07 14:13:13|LogUtil.info line:33| 发送请求: 新增会员接口-第935个
2025-05-07 14:13:13|test_01_member_create.test_batch_create_members line:115| 第935个会员创建成功
2025-05-07 14:13:13|LogUtil.info line:33| 发送请求: 新增会员接口-第936个
2025-05-07 14:13:13|test_01_member_create.test_batch_create_members line:115| 第936个会员创建成功
2025-05-07 14:13:13|LogUtil.info line:33| 发送请求: 新增会员接口-第937个
2025-05-07 14:13:13|test_01_member_create.test_batch_create_members line:115| 第937个会员创建成功
2025-05-07 14:13:13|LogUtil.info line:33| 发送请求: 新增会员接口-第938个
2025-05-07 14:13:13|test_01_member_create.test_batch_create_members line:115| 第938个会员创建成功
2025-05-07 14:13:13|LogUtil.info line:33| 发送请求: 新增会员接口-第939个
2025-05-07 14:13:13|test_01_member_create.test_batch_create_members line:115| 第939个会员创建成功
2025-05-07 14:13:13|LogUtil.info line:33| 发送请求: 新增会员接口-第940个
2025-05-07 14:13:13|test_01_member_create.test_batch_create_members line:115| 第940个会员创建成功
2025-05-07 14:13:14|LogUtil.info line:33| 发送请求: 新增会员接口-第941个
2025-05-07 14:13:14|test_01_member_create.test_batch_create_members line:115| 第941个会员创建成功
2025-05-07 14:13:14|LogUtil.info line:33| 发送请求: 新增会员接口-第942个
2025-05-07 14:13:14|test_01_member_create.test_batch_create_members line:115| 第942个会员创建成功
2025-05-07 14:13:14|LogUtil.info line:33| 发送请求: 新增会员接口-第943个
2025-05-07 14:13:14|test_01_member_create.test_batch_create_members line:115| 第943个会员创建成功
2025-05-07 14:13:14|LogUtil.info line:33| 发送请求: 新增会员接口-第944个
2025-05-07 14:13:14|test_01_member_create.test_batch_create_members line:115| 第944个会员创建成功
2025-05-07 14:13:14|LogUtil.info line:33| 发送请求: 新增会员接口-第945个
2025-05-07 14:13:14|test_01_member_create.test_batch_create_members line:115| 第945个会员创建成功
2025-05-07 14:13:14|LogUtil.info line:33| 发送请求: 新增会员接口-第946个
2025-05-07 14:13:15|test_01_member_create.test_batch_create_members line:115| 第946个会员创建成功
2025-05-07 14:13:15|LogUtil.info line:33| 发送请求: 新增会员接口-第947个
2025-05-07 14:13:15|test_01_member_create.test_batch_create_members line:115| 第947个会员创建成功
2025-05-07 14:13:15|LogUtil.info line:33| 发送请求: 新增会员接口-第948个
2025-05-07 14:13:15|test_01_member_create.test_batch_create_members line:115| 第948个会员创建成功
2025-05-07 14:13:15|LogUtil.info line:33| 发送请求: 新增会员接口-第949个
2025-05-07 14:13:15|test_01_member_create.test_batch_create_members line:115| 第949个会员创建成功
2025-05-07 14:13:15|LogUtil.info line:33| 发送请求: 新增会员接口-第950个
2025-05-07 14:13:15|test_01_member_create.test_batch_create_members line:115| 第950个会员创建成功
2025-05-07 14:13:15|LogUtil.info line:33| 发送请求: 新增会员接口-第951个
2025-05-07 14:13:15|test_01_member_create.test_batch_create_members line:115| 第951个会员创建成功
2025-05-07 14:13:16|LogUtil.info line:33| 发送请求: 新增会员接口-第952个
2025-05-07 14:13:16|test_01_member_create.test_batch_create_members line:115| 第952个会员创建成功
2025-05-07 14:13:16|LogUtil.info line:33| 发送请求: 新增会员接口-第953个
2025-05-07 14:13:16|test_01_member_create.test_batch_create_members line:115| 第953个会员创建成功
2025-05-07 14:13:16|LogUtil.info line:33| 发送请求: 新增会员接口-第954个
2025-05-07 14:13:16|test_01_member_create.test_batch_create_members line:115| 第954个会员创建成功
2025-05-07 14:13:16|LogUtil.info line:33| 发送请求: 新增会员接口-第955个
2025-05-07 14:13:16|test_01_member_create.test_batch_create_members line:115| 第955个会员创建成功
2025-05-07 14:13:16|LogUtil.info line:33| 发送请求: 新增会员接口-第956个
2025-05-07 14:13:16|test_01_member_create.test_batch_create_members line:115| 第956个会员创建成功
2025-05-07 14:13:17|LogUtil.info line:33| 发送请求: 新增会员接口-第957个
2025-05-07 14:13:17|test_01_member_create.test_batch_create_members line:115| 第957个会员创建成功
2025-05-07 14:13:17|LogUtil.info line:33| 发送请求: 新增会员接口-第958个
2025-05-07 14:13:17|test_01_member_create.test_batch_create_members line:115| 第958个会员创建成功
2025-05-07 14:13:17|LogUtil.info line:33| 发送请求: 新增会员接口-第959个
2025-05-07 14:13:17|test_01_member_create.test_batch_create_members line:115| 第959个会员创建成功
2025-05-07 14:13:17|LogUtil.info line:33| 发送请求: 新增会员接口-第960个
2025-05-07 14:13:17|test_01_member_create.test_batch_create_members line:115| 第960个会员创建成功
2025-05-07 14:13:17|LogUtil.info line:33| 发送请求: 新增会员接口-第961个
2025-05-07 14:13:17|test_01_member_create.test_batch_create_members line:115| 第961个会员创建成功
2025-05-07 14:13:17|LogUtil.info line:33| 发送请求: 新增会员接口-第962个
2025-05-07 14:13:17|test_01_member_create.test_batch_create_members line:115| 第962个会员创建成功
2025-05-07 14:13:18|LogUtil.info line:33| 发送请求: 新增会员接口-第963个
2025-05-07 14:13:18|test_01_member_create.test_batch_create_members line:115| 第963个会员创建成功
2025-05-07 14:13:18|LogUtil.info line:33| 发送请求: 新增会员接口-第964个
2025-05-07 14:13:18|test_01_member_create.test_batch_create_members line:115| 第964个会员创建成功
2025-05-07 14:13:18|LogUtil.info line:33| 发送请求: 新增会员接口-第965个
2025-05-07 14:13:18|test_01_member_create.test_batch_create_members line:115| 第965个会员创建成功
2025-05-07 14:13:18|LogUtil.info line:33| 发送请求: 新增会员接口-第966个
2025-05-07 14:13:18|test_01_member_create.test_batch_create_members line:115| 第966个会员创建成功
2025-05-07 14:13:18|LogUtil.info line:33| 发送请求: 新增会员接口-第967个
2025-05-07 14:13:18|test_01_member_create.test_batch_create_members line:115| 第967个会员创建成功
2025-05-07 14:13:18|LogUtil.info line:33| 发送请求: 新增会员接口-第968个
2025-05-07 14:13:19|test_01_member_create.test_batch_create_members line:115| 第968个会员创建成功
2025-05-07 14:13:19|LogUtil.info line:33| 发送请求: 新增会员接口-第969个
2025-05-07 14:13:19|test_01_member_create.test_batch_create_members line:115| 第969个会员创建成功
2025-05-07 14:13:19|LogUtil.info line:33| 发送请求: 新增会员接口-第970个
2025-05-07 14:13:19|test_01_member_create.test_batch_create_members line:115| 第970个会员创建成功
2025-05-07 14:13:19|LogUtil.info line:33| 发送请求: 新增会员接口-第971个
2025-05-07 14:13:19|test_01_member_create.test_batch_create_members line:115| 第971个会员创建成功
2025-05-07 14:13:19|LogUtil.info line:33| 发送请求: 新增会员接口-第972个
2025-05-07 14:13:19|test_01_member_create.test_batch_create_members line:115| 第972个会员创建成功
2025-05-07 14:13:20|LogUtil.info line:33| 发送请求: 新增会员接口-第973个
2025-05-07 14:13:20|test_01_member_create.test_batch_create_members line:115| 第973个会员创建成功
2025-05-07 14:13:20|LogUtil.info line:33| 发送请求: 新增会员接口-第974个
2025-05-07 14:13:20|test_01_member_create.test_batch_create_members line:115| 第974个会员创建成功
2025-05-07 14:13:20|LogUtil.info line:33| 发送请求: 新增会员接口-第975个
2025-05-07 14:13:20|test_01_member_create.test_batch_create_members line:115| 第975个会员创建成功
2025-05-07 14:13:20|LogUtil.info line:33| 发送请求: 新增会员接口-第976个
2025-05-07 14:13:20|test_01_member_create.test_batch_create_members line:115| 第976个会员创建成功
2025-05-07 14:13:20|LogUtil.info line:33| 发送请求: 新增会员接口-第977个
2025-05-07 14:13:20|test_01_member_create.test_batch_create_members line:115| 第977个会员创建成功
2025-05-07 14:13:21|LogUtil.info line:33| 发送请求: 新增会员接口-第978个
2025-05-07 14:13:21|test_01_member_create.test_batch_create_members line:115| 第978个会员创建成功
2025-05-07 14:13:21|LogUtil.info line:33| 发送请求: 新增会员接口-第979个
2025-05-07 14:13:21|test_01_member_create.test_batch_create_members line:115| 第979个会员创建成功
2025-05-07 14:13:21|LogUtil.info line:33| 发送请求: 新增会员接口-第980个
2025-05-07 14:13:21|test_01_member_create.test_batch_create_members line:115| 第980个会员创建成功
2025-05-07 14:13:21|LogUtil.info line:33| 发送请求: 新增会员接口-第981个
2025-05-07 14:13:21|test_01_member_create.test_batch_create_members line:115| 第981个会员创建成功
2025-05-07 14:13:21|LogUtil.info line:33| 发送请求: 新增会员接口-第982个
2025-05-07 14:13:21|test_01_member_create.test_batch_create_members line:115| 第982个会员创建成功
2025-05-07 14:13:21|LogUtil.info line:33| 发送请求: 新增会员接口-第983个
2025-05-07 14:13:21|test_01_member_create.test_batch_create_members line:115| 第983个会员创建成功
2025-05-07 14:13:22|LogUtil.info line:33| 发送请求: 新增会员接口-第984个
2025-05-07 14:13:22|test_01_member_create.test_batch_create_members line:115| 第984个会员创建成功
2025-05-07 14:13:22|LogUtil.info line:33| 发送请求: 新增会员接口-第985个
2025-05-07 14:13:22|test_01_member_create.test_batch_create_members line:115| 第985个会员创建成功
2025-05-07 14:13:22|LogUtil.info line:33| 发送请求: 新增会员接口-第986个
2025-05-07 14:13:22|test_01_member_create.test_batch_create_members line:115| 第986个会员创建成功
2025-05-07 14:13:22|LogUtil.info line:33| 发送请求: 新增会员接口-第987个
2025-05-07 14:13:22|test_01_member_create.test_batch_create_members line:115| 第987个会员创建成功
2025-05-07 14:13:22|LogUtil.info line:33| 发送请求: 新增会员接口-第988个
2025-05-07 14:13:22|test_01_member_create.test_batch_create_members line:115| 第988个会员创建成功
2025-05-07 14:13:23|LogUtil.info line:33| 发送请求: 新增会员接口-第989个
2025-05-07 14:13:23|test_01_member_create.test_batch_create_members line:115| 第989个会员创建成功
2025-05-07 14:13:23|LogUtil.info line:33| 发送请求: 新增会员接口-第990个
2025-05-07 14:13:23|test_01_member_create.test_batch_create_members line:115| 第990个会员创建成功
2025-05-07 14:13:23|LogUtil.info line:33| 发送请求: 新增会员接口-第991个
2025-05-07 14:13:23|test_01_member_create.test_batch_create_members line:115| 第991个会员创建成功
2025-05-07 14:13:23|LogUtil.info line:33| 发送请求: 新增会员接口-第992个
2025-05-07 14:13:23|test_01_member_create.test_batch_create_members line:115| 第992个会员创建成功
2025-05-07 14:13:23|LogUtil.info line:33| 发送请求: 新增会员接口-第993个
2025-05-07 14:13:23|test_01_member_create.test_batch_create_members line:115| 第993个会员创建成功
2025-05-07 14:13:24|LogUtil.info line:33| 发送请求: 新增会员接口-第994个
2025-05-07 14:13:24|test_01_member_create.test_batch_create_members line:115| 第994个会员创建成功
2025-05-07 14:13:24|LogUtil.info line:33| 发送请求: 新增会员接口-第995个
2025-05-07 14:13:24|test_01_member_create.test_batch_create_members line:115| 第995个会员创建成功
2025-05-07 14:13:24|LogUtil.info line:33| 发送请求: 新增会员接口-第996个
2025-05-07 14:13:24|test_01_member_create.test_batch_create_members line:115| 第996个会员创建成功
2025-05-07 14:13:24|LogUtil.info line:33| 发送请求: 新增会员接口-第997个
2025-05-07 14:13:24|test_01_member_create.test_batch_create_members line:115| 第997个会员创建成功
2025-05-07 14:13:24|LogUtil.info line:33| 发送请求: 新增会员接口-第998个
2025-05-07 14:13:24|test_01_member_create.test_batch_create_members line:115| 第998个会员创建成功
2025-05-07 14:13:25|LogUtil.info line:33| 发送请求: 新增会员接口-第999个
2025-05-07 14:13:25|test_01_member_create.test_batch_create_members line:115| 第999个会员创建成功
2025-05-07 14:13:25|LogUtil.info line:33| 发送请求: 新增会员接口-第1000个
2025-05-07 14:13:25|test_01_member_create.test_batch_create_members line:115| 第1000个会员创建成功
2025-05-07 14:13:25|test_01_member_create.test_batch_create_members line:134| 批量创建完成，总数: 1000, 成功: 1000, 失败: 0
2025-05-07 14:13:25|test_01_member_create.<module> line:157| 批量创建结果: {
  "total": 1000,
  "success": 1000,
  "failed": 0,
  "failed_members": []
}
