2025-05-06 14:33:55|LogUtil.info line:33| 当前测试环境: test
2025-05-06 14:34:50|LogUtil.info line:33| 当前测试环境: test
2025-05-06 14:35:51|LogUtil.info line:33| 当前测试环境: test
2025-05-06 14:38:03|LogUtil.info line:33| 当前测试环境: test
2025-05-06 14:38:04|MysqlUtil.__init__ line:36| 数据库管理器初始化完成，运行时模式: False
2025-05-06 14:38:04|MysqlUtil.__init__ line:36| 数据库管理器初始化完成，运行时模式: False
2025-05-06 14:38:04|LogUtil.info line:33| 文件缓存命中：使用缓存的SCM初始化数据
2025-05-06 14:38:04|login_manager.__init__ line:19| 初始化登录管理器
2025-05-06 14:38:04|login_manager.__init__ line:24| IAM URL: https://t-erp-iam-test.app.terminus.io
2025-05-06 14:38:04|login_manager.__init__ line:25| API URL: https://t-erp-portal-test.app.terminus.io
2025-05-06 14:38:04|login_manager.__init__ line:56| 登录管理器初始化完成
2025-05-06 14:38:04|login_manager.login line:69| 开始登录流程
2025-05-06 14:38:04|login_manager.login line:72| 使用配置文件中的默认账号密码
2025-05-06 14:38:04|login_manager.login line:76| 使用账号: 17376596912
2025-05-06 14:38:04|login_manager.login line:86| 登录URL: https://t-erp-iam-test.app.terminus.io/iam/api/v1/user/login/account
2025-05-06 14:38:05|login_manager.login line:92| 登录响应状态码: 200
2025-05-06 14:38:05|login_manager.login line:101| 重定向URL: https://t-erp-portal-test.app.terminus.io/TERP_PORTAL-TERP-tpf_umwrhzbg/login
2025-05-06 14:38:05|login_manager.get_current_user line:130| 获取用户信息URL: https://t-erp-portal-test.app.terminus.io/api/trantor/portal/user/current
2025-05-06 14:38:05|login_manager.get_current_user line:136| 获取用户信息响应状态码: 200
2025-05-06 14:38:05|login_manager.login line:114| 登录成功，用户信息: {'requestId': '2decda39-1534470', 'success': True, 'data': {'id': 540175374525637, 'username': 'zhangang', 'email': 'zhangang.26@163.com', 'mobile': '17376596912', 'nickname': '章昂', 'status': True, 'avatar': 'https://terminus-new-trantor.oss-cn-hangzhou.aliyuncs.com/iam/user/avatar/540175374525637/2025-03-10_14_44_32_7dbc5543-0152-4a67-9901-b7da94c6ba4f_%E5%A4%8D%E6%B4%BB%E5%B2%9B%E5%B7%A8%E4%BA%BA%E5%83%8F.png'}}
2025-05-06 14:38:05|LogUtil.info line:33| 测试类初始化完成
2025-05-06 14:38:05|LogUtil.info line:33| 开始测试: test_01_query_order_type
2025-05-06 14:38:05|LogUtil.info line:33| 发送请求: 查询订单类型
2025-05-06 14:38:05|test_00_so_config_check.test_01_query_order_type line:87| 找到STND记录, ID: 2101001
2025-05-06 14:38:05|LogUtil.info line:33| 开始测试: test_02_query_order_type_detail
2025-05-06 14:38:05|LogUtil.info line:33| 发送请求: 查询订单类型
2025-05-06 14:38:05|test_00_so_config_check.test_01_query_order_type line:87| 找到STND记录, ID: 2101001
2025-05-06 14:38:05|test_00_so_config_check.test_02_query_order_type_detail line:109| self.so_stnd_id: 2101001
2025-05-06 14:38:05|LogUtil.info line:33| 发送请求: 查询订单类型详情
2025-05-06 14:38:05|test_00_so_config_check.test_02_query_order_type_detail line:131| response: {'soTypeCode': 'STND', 'soTypeName': '标准销售', 'partnerProcedureHeadRef': {'id': 14005002}, 'attachmentProcedureHeadRef': None, 'status': 'ENABLED', 'soTypeDesc': '标准销售', 'genTextTypeRef': None, 'isRev': False, 'isSubmitApproval': True, 'isModifyApproval': False, 'currExchangeRateType': {'id': 2000001}, 'btClass': 'SALES', 'effectiveDays': None, 'syncPrice': False, 'isDefault': False, 'id': 2101001, 'createdBy': {'id': 27}, 'updatedBy': {'id': 477234922377861}, 'createdAt': 1685108645000, 'updatedAt': 1745892294000, 'version': 68, 'deleted': 0, 'originOrgId': 0}
2025-05-06 14:38:05|MysqlUtil.__init__ line:36| 数据库管理器初始化完成，运行时模式: False
2025-05-06 14:38:05|MysqlUtil.__init__ line:36| 数据库管理器初始化完成，运行时模式: False
2025-05-06 14:38:05|LogUtil.info line:33| 内存缓存命中：使用缓存的SCM初始化数据
2025-05-06 14:38:05|login_manager.__init__ line:19| 初始化登录管理器
2025-05-06 14:38:05|login_manager.__init__ line:24| IAM URL: https://t-erp-iam-test.app.terminus.io
2025-05-06 14:38:05|login_manager.__init__ line:25| API URL: https://t-erp-portal-test.app.terminus.io
2025-05-06 14:38:06|login_manager.__init__ line:56| 登录管理器初始化完成
2025-05-06 14:38:06|login_manager.login line:69| 开始登录流程
2025-05-06 14:38:06|login_manager.login line:72| 使用配置文件中的默认账号密码
2025-05-06 14:38:06|login_manager.login line:76| 使用账号: 17376596912
2025-05-06 14:38:06|login_manager.login line:86| 登录URL: https://t-erp-iam-test.app.terminus.io/iam/api/v1/user/login/account
2025-05-06 14:38:06|login_manager.login line:92| 登录响应状态码: 200
2025-05-06 14:38:06|login_manager.login line:101| 重定向URL: https://t-erp-portal-test.app.terminus.io/TERP_PORTAL-TERP-tpf_umwrhzbg/login
2025-05-06 14:38:06|login_manager.get_current_user line:130| 获取用户信息URL: https://t-erp-portal-test.app.terminus.io/api/trantor/portal/user/current
2025-05-06 14:38:06|login_manager.get_current_user line:136| 获取用户信息响应状态码: 200
2025-05-06 14:38:06|login_manager.login line:114| 登录成功，用户信息: {'requestId': '5924cc36-1534474', 'success': True, 'data': {'id': 540175374525637, 'username': 'zhangang', 'email': 'zhangang.26@163.com', 'mobile': '17376596912', 'nickname': '章昂', 'status': True, 'avatar': 'https://terminus-new-trantor.oss-cn-hangzhou.aliyuncs.com/iam/user/avatar/540175374525637/2025-03-10_14_44_32_7dbc5543-0152-4a67-9901-b7da94c6ba4f_%E5%A4%8D%E6%B4%BB%E5%B2%9B%E5%B7%A8%E4%BA%BA%E5%83%8F.png'}}
2025-05-06 14:38:06|LogUtil.info line:33| 测试类初始化完成
2025-05-06 14:38:06|LogUtil.info line:33| 初始化渲染数量: 7
2025-05-06 14:38:06|LogUtil.info line:33| 测试类初始化完成
2025-05-06 14:38:06|LogUtil.info line:33| 开始测试: test_save_sales_order
2025-05-06 14:38:06|LogUtil.info line:33| 发送请求: 销售订单创建初始化
2025-05-06 14:38:07|LogUtil.info line:33| 销售订单创建初始化完成
2025-05-06 14:38:07|LogUtil.info line:33| 发送请求: 查询客户信息
2025-05-06 14:38:07|LogUtil.info line:33| 客户信息查询完成
2025-05-06 14:38:07|LogUtil.info line:33| 发送请求: 查询相关方
2025-05-06 14:38:07|LogUtil.info line:33| 相关方查询完成
2025-05-06 14:38:07|LogUtil.info line:33| 发送请求: 查询销售组织列表
2025-05-06 14:38:07|test_01_create._query_sales_organization line:139| 销售组织列表查询完成: {'orgCode': 'AUTOTEST_SLS_ORG', 'orgName': '销售组织(自动化)', 'orgStatus': 'ENABLED', 'orgBusinessTypeCode': None, 'comOrgId': {'id': 14507001}, 'id': 14579001}
2025-05-06 14:38:07|LogUtil.info line:33| 销售组织列表查询完成
2025-05-06 14:38:07|LogUtil.info line:33| 发送请求: 查询物料列表
2025-05-06 14:38:07|LogUtil.info line:33| 物料列表查询完成
2025-05-06 14:38:07|LogUtil.info line:33| 发送请求: 订单行渲染
2025-05-06 14:38:08|LogUtil.error line:45| 销售订单保存失败: argument of type 'NoneType' is not iterable
2025-05-06 14:38:08|LogUtil.info line:33| 开始测试: test_submit_sales_order
2025-05-06 14:38:08|LogUtil.info line:33| 发送请求: 销售订单创建初始化
2025-05-06 14:38:08|LogUtil.info line:33| 销售订单创建初始化完成
2025-05-06 14:38:08|LogUtil.info line:33| 发送请求: 查询客户信息
2025-05-06 14:38:08|LogUtil.info line:33| 客户信息查询完成
2025-05-06 14:38:08|LogUtil.info line:33| 发送请求: 查询相关方
2025-05-06 14:38:09|LogUtil.info line:33| 相关方查询完成
2025-05-06 14:38:09|LogUtil.info line:33| 发送请求: 查询销售组织列表
2025-05-06 14:38:09|test_01_create._query_sales_organization line:139| 销售组织列表查询完成: {'orgCode': 'AUTOTEST_SLS_ORG', 'orgName': '销售组织(自动化)', 'orgStatus': 'ENABLED', 'orgBusinessTypeCode': None, 'comOrgId': {'id': 14507001}, 'id': 14579001}
2025-05-06 14:38:09|LogUtil.info line:33| 销售组织列表查询完成
2025-05-06 14:38:09|LogUtil.info line:33| 发送请求: 查询物料列表
2025-05-06 14:38:09|LogUtil.info line:33| 物料列表查询完成
2025-05-06 14:38:09|LogUtil.info line:33| 发送请求: 订单行渲染
2025-05-06 14:38:09|LogUtil.error line:45| 销售订单提交失败: argument of type 'NoneType' is not iterable
2025-05-06 14:38:09|MysqlUtil.__init__ line:36| 数据库管理器初始化完成，运行时模式: False
2025-05-06 14:38:09|MysqlUtil.__init__ line:36| 数据库管理器初始化完成，运行时模式: False
2025-05-06 14:38:09|LogUtil.info line:33| 内存缓存命中：使用缓存的SCM初始化数据
2025-05-06 14:38:09|login_manager.__init__ line:19| 初始化登录管理器
2025-05-06 14:38:09|login_manager.__init__ line:24| IAM URL: https://t-erp-iam-test.app.terminus.io
2025-05-06 14:38:09|login_manager.__init__ line:25| API URL: https://t-erp-portal-test.app.terminus.io
2025-05-06 14:38:09|login_manager.__init__ line:56| 登录管理器初始化完成
2025-05-06 14:38:09|login_manager.login line:69| 开始登录流程
2025-05-06 14:38:09|login_manager.login line:72| 使用配置文件中的默认账号密码
2025-05-06 14:38:09|login_manager.login line:76| 使用账号: 17376596912
2025-05-06 14:38:09|login_manager.login line:86| 登录URL: https://t-erp-iam-test.app.terminus.io/iam/api/v1/user/login/account
2025-05-06 14:38:09|login_manager.login line:92| 登录响应状态码: 200
2025-05-06 14:38:09|login_manager.login line:101| 重定向URL: https://t-erp-portal-test.app.terminus.io/TERP_PORTAL-TERP-tpf_umwrhzbg/login
2025-05-06 14:38:10|login_manager.get_current_user line:130| 获取用户信息URL: https://t-erp-portal-test.app.terminus.io/api/trantor/portal/user/current
2025-05-06 14:38:10|login_manager.get_current_user line:136| 获取用户信息响应状态码: 200
2025-05-06 14:38:10|login_manager.login line:114| 登录成功，用户信息: {'requestId': '12063cde-1534492', 'success': True, 'data': {'id': 540175374525637, 'username': 'zhangang', 'email': 'zhangang.26@163.com', 'mobile': '17376596912', 'nickname': '章昂', 'status': True, 'avatar': 'https://terminus-new-trantor.oss-cn-hangzhou.aliyuncs.com/iam/user/avatar/540175374525637/2025-03-10_14_44_32_7dbc5543-0152-4a67-9901-b7da94c6ba4f_%E5%A4%8D%E6%B4%BB%E5%B2%9B%E5%B7%A8%E4%BA%BA%E5%83%8F.png'}}
2025-05-06 14:38:10|LogUtil.info line:33| 测试类初始化完成
2025-05-06 14:38:10|LogUtil.info line:33| 开始测试: test_01_query_orders
2025-05-06 14:38:10|test_02_orderlist_query.setup_method line:40| 已加载通用查询参数
2025-05-06 14:38:10|test_02_orderlist_query.setup_method line:57| 初始化新的测试数据
2025-05-06 14:38:10|test_02_orderlist_query.setup_method line:61| 开始执行测试方法: test_01_query_orders
2025-05-06 14:38:10|test_02_orderlist_query.setup_method line:65| 初始化测试数据完成
2025-05-06 14:38:10|test_02_orderlist_query.test_01_query_orders line:112| 
准备发送请求...
2025-05-06 14:38:10|LogUtil.info line:33| 发送请求: 查询销售订单列表
2025-05-06 14:38:10|test_02_orderlist_query.test_01_query_orders line:142| 
提取的测试数据: {
  "so_code": "SO002829",
  "so_type_id": 2101001,
  "so_status": "EFFECT",
  "sls_org_id": 14139002,
  "cust_id": 2059001,
  "created_by": 540175374525637
}
2025-05-06 14:38:10|test_02_orderlist_query.test_01_query_orders line:146| 
已将测试数据保存到类属性
2025-05-06 14:38:10|LogUtil.info line:33| 开始测试: test_02_query_orders_by_so_code
2025-05-06 14:38:10|test_02_orderlist_query.setup_method line:47| 使用类属性中的测试数据
2025-05-06 14:38:10|test_02_orderlist_query.setup_method line:61| 开始执行测试方法: test_02_query_orders_by_so_code
2025-05-06 14:38:10|test_02_orderlist_query.setup_method line:65| 初始化测试数据完成
2025-05-06 14:38:10|test_02_orderlist_query.test_02_query_orders_by_so_code line:216| 
准备发送请求...
2025-05-06 14:38:10|test_02_orderlist_query.test_02_query_orders_by_so_code line:217| 查询条件: 订单编号 = SO002829
2025-05-06 14:38:10|LogUtil.info line:33| 发送请求: 按订单编号查询销售订单列表
2025-05-06 14:38:11|test_02_orderlist_query.test_02_query_orders_by_so_code line:221| 
提取的嵌套数据: [
  {
    "soCode": "SO002829",
    "soDocDate": 1746007548000,
    "soExtCode": null,
    "baseCurrId": {
      "id": 2000001
    },
    "slsCurrId": {
      "id": 2000001
    },
    "exchRate": 1.0,
    "grossBaseAmt": 115.0,
    "netBaseAmt": 101.769912,
    "taxAmt": 13.230088,
    "soCreateSource": "TERP门户",
    "slsOrgId": {
      "id": 14139002
    },
    "slsTmId": null,
    "soTypeId": {
      "soTypeCode": "STND",
      "soTypeName": "标准销售",
      "partnerProcedureHeadRef": {
        "id": 14005002
      },
      "attachmentProcedureHeadRef": null,
      "status": "ENABLED",
      "soTypeDesc": "标准销售",
      "genTextTypeRef": null,
      "isRev": false,
      "isSubmitApproval": true,
      "isModifyApproval": false,
      "currExchangeRateType": {
        "id": 2000001
      },
      "btClass": "SALES",
      "effectiveDays": null,
      "syncPrice": false,
      "isDefault": false,
      "id": 2101001,
      "createdBy": {
        "id": 27
      },
      "updatedBy": {
        "id": 477234922377861
      },
      "createdAt": 1685108645000,
      "updatedAt": 1745892294000,
      "version": 68,
      "deleted": 0,
      "originOrgId": 0
    },
    "custId": {
      "id": 2059001
    },
    "custPersonName": "李月汝",
    "custPhone": "18378999655",
    "slsPersonName": "侯新雨",
    "slsPhone": "15825540081",
    "soStatus": "EFFECT",
    "approveStatus": null,
    "soTitle": null,
    "soDesc": null,
    "soNotes": null,
    "isFixedExchRate": false,
    "slsComId": {
      "id": 14139001
    },
    "priceIdempotent": "9d5b9997e5cb6d8046028baa69b27c6a",
    "freezeType": "NU_FREEZE",
    "soAssociationCode": null,
    "soBusinessStatus": null,
    "bizRuleGroup": null,
    "addrDetail": "佛山市禅城区季华五路28号",
    "currExchangeRateType": {
      "id": 2000001
    },
    "slsDcId": {
      "id": 2001001
    },
    "btClass": "SALES",
    "effectiveAt": null,
    "slsPerson": {
      "id": 14123089
    },
    "reCalculate": null,
    "invOrg": null,
    "invLoc": null,
    "priceCalcDate": 1745994478000,
    "deliveryInterceptFail": true,
    "externalBuyerId": null,
    "addrId": {
      "id": 70002638
    },
    "totalAmt": 115.0,
    "discountAmt": 0.0,
    "discountInfo": null,
    "platformDiscountAmt": null,
    "merchantDiscountAmt": null,
    "actualPaidAmt": null,
    "freightAmt": null,
    "buyerRemark": null,
    "sellerRemark": null,
    "id": 16391001,
    "createdBy": {
      "id": 540175374525637
    },
    "updatedBy": {
      "id": 540175374525637
    },
    "createdAt": 1746007549000,
    "updatedAt": 1746007549000,
    "version": 9,
    "deleted": 0,
    "originOrgId": 0,
    "slsPartnerLinks": [
      {
        "soId": {
          "id": 16391001
        },
        "id": 16235001
      }
    ],
    "soItems": [
      {
        "soId": {
          "id": 16391001
        },
        "id": 16313001
      }
    ]
  }
]
2025-05-06 14:38:11|test_02_orderlist_query.test_02_query_orders_by_so_code line:230| 
成功查询到 1 条匹配的订单数据
2025-05-06 14:38:11|LogUtil.info line:33| 开始测试: test_03_query_orders_by_status
2025-05-06 14:38:11|test_02_orderlist_query.setup_method line:47| 使用类属性中的测试数据
2025-05-06 14:38:11|test_02_orderlist_query.setup_method line:61| 开始执行测试方法: test_03_query_orders_by_status
2025-05-06 14:38:11|test_02_orderlist_query.setup_method line:65| 初始化测试数据完成
2025-05-06 14:38:11|test_02_orderlist_query.test_03_query_orders_by_status line:324| 
准备发送请求...
2025-05-06 14:38:11|test_02_orderlist_query.test_03_query_orders_by_status line:325| 查询条件: 订单状态 = DRAFT
2025-05-06 14:38:11|LogUtil.info line:33| 发送请求: 按单据状态 DRAFT 查询销售订单列表
2025-05-06 14:38:11|test_02_orderlist_query.test_03_query_orders_by_status line:329| 
收到完整响应: {
  "requestId": "5924cc36-1534495",
  "success": true,
  "data": {
    "data": {
      "data": [
        {
          "soCode": "SO002628",
          "soDocDate": 1745769600000,
          "soExtCode": null,
          "baseCurrId": {
            "id": 2000001
          },
          "slsCurrId": {
            "id": 2000001
          },
          "exchRate": 1.0,
          "grossBaseAmt": 808808.0,
          "netBaseAmt": 715759.292035,
          "taxAmt": 93048.707965,
          "soCreateSource": "TERP门户",
          "slsOrgId": {
            "id": 14579001
          },
          "slsTmId": null,
          "soTypeId": {
            "soTypeCode": "STND",
            "soTypeName": "标准销售",
            "partnerProcedureHeadRef": {
              "id": 14005002
            },
            "attachmentProcedureHeadRef": null,
            "status": "ENABLED",
            "soTypeDesc": "标准销售",
            "genTextTypeRef": null,
            "isRev": false,
            "isSubmitApproval": true,
            "isModifyApproval": false,
            "currExchangeRateType": {
              "id": 2000001
            },
            "btClass": "SALES",
            "effectiveDays": null,
            "syncPrice": false,
            "isDefault": false,
            "id": 2101001,
            "createdBy": {
              "id": 27
            },
            "updatedBy": {
              "id": 477234922377861
            },
            "createdAt": 1685108645000,
            "updatedAt": 1745892294000,
            "version": 68,
            "deleted": 0,
            "originOrgId": 0
          },
          "custId": {
            "id": 2059001
          },
          "custPersonName": "李月汝",
          "custPhone": "18378999655",
          "slsPersonName": "章昂",
          "slsPhone": "17376596912",
          "soStatus": "DRAFT",
          "approveStatus": null,
          "soTitle": null,
          "soDesc": null,
          "soNotes": null,
          "isFixedExchRate": false,
          "slsComId": {
            "id": 14373001
          },
          "priceIdempotent": "41920343f1a38caafa18238e371a79ad",
          "freezeType": "NU_FREEZE",
          "soAssociationCode": null,
          "soBusinessStatus": "INIT",
          "bizRuleGroup": null,
          "addrDetail": "佛山市禅城区季华五路28号",
          "currExchangeRateType": {
            "id": 2000001
          },
          "slsDcId": {
            "id": 14378001
          },
          "btClass": "SALES",
          "effectiveAt": null,
          "slsPerson": {
            "id": 14094003
          },
          "reCalculate": null,
          "invOrg": null,
          "invLoc": null,
          "priceCalcDate": 1745824651000,
          "deliveryInterceptFail": null,
          "externalBuyerId": null,
          "addrId": {
            "id": 70002638
          },
          "totalAmt": 808808.0,
          "discountAmt": 0.0,
          "discountInfo": "",
          "platformDiscountAmt": null,
          "merchantDiscountAmt": null,
          "actualPaidAmt": null,
          "freightAmt": null,
          "buyerRemark": null,
          "sellerRemark": null,
          "id": 16383002,
          "createdBy": {
            "id": 540175374525637
          },
          "updatedBy": {
            "id": 540175374525637
          },
          "createdAt": 1745824651000,
          "updatedAt": 1745824693000,
          "version": 4,
          "deleted": 0,
          "originOrgId": 0,
          "slsPartnerLinks": [
            {
              "soId": {
                "id": 16383002
              },
              "id": 16227002
            }
          ],
          "soItems": [
            {
              "soId": {
                "id": 16383002
              },
              "id": 16305002
            }
          ]
        },
        {
          "soCode": "SO002395",
          "soDocDate": 1745337600000,
          "soExtCode": null,
          "baseCurrId": {
            "id": 2000001
          },
          "slsCurrId": {
            "id": 2000001
          },
          "exchRate": 1.0,
          "grossBaseAmt": 231088.0,
          "netBaseAmt": 204502.654867,
          "taxAmt": 26585.345133,
          "soCreateSource": "TERP门户",
          "slsOrgId": {
            "id": 14579001
          },
          "slsTmId": null,
          "soTypeId": {
            "soTypeCode": "STND",
            "soTypeName": "标准销售",
            "partnerProcedureHeadRef": {
              "id": 14005002
            },
            "attachmentProcedureHeadRef": null,
            "status": "ENABLED",
            "soTypeDesc": "标准销售",
            "genTextTypeRef": null,
            "isRev": false,
            "isSubmitApproval": true,
            "isModifyApproval": false,
            "currExchangeRateType": {
              "id": 2000001
            },
            "btClass": "SALES",
            "effectiveDays": null,
            "syncPrice": false,
            "isDefault": false,
            "id": 2101001,
            "createdBy": {
              "id": 27
            },
            "updatedBy": {
              "id": 477234922377861
            },
            "createdAt": 1685108645000,
            "updatedAt": 1745892294000,
            "version": 68,
            "deleted": 0,
            "originOrgId": 0
          },
          "custId": {
            "id": 2059001
          },
          "custPersonName": "李月汝",
          "custPhone": "18378999655",
          "slsPersonName": "章昂",
          "slsPhone": "17376596912",
          "soStatus": "DRAFT",
          "approveStatus": null,
          "soTitle": null,
          "soDesc": null,
          "soNotes": null,
          "isFixedExchRate": false,
          "slsComId": {
            "id": 14373001
          },
          "priceIdempotent": "7ff5e538011f2f8d44397839a96f2c8a",
          "freezeType": "NU_FREEZE",
          "soAssociationCode": null,
          "soBusinessStatus": "INIT",
          "bizRuleGroup": null,
          "addrDetail": "佛山市禅城区季华五路28号",
          "currExchangeRateType": {
            "id": 2000001
          },
          "slsDcId": {
            "id": 14378001
          },
          "btClass": "SALES",
          "effectiveAt": null,
          "slsPerson": {
            "id": 14094003
          },
          "reCalculate": null,
          "invOrg": null,
          "invLoc": null,
          "priceCalcDate": 1745375442000,
          "deliveryInterceptFail": null,
          "externalBuyerId": null,
          "addrId": {
            "id": 70002638
          },
          "totalAmt": 231088.0,
          "discountAmt": 0.0,
          "discountInfo": "",
          "platformDiscountAmt": null,
          "merchantDiscountAmt": null,
          "actualPaidAmt": null,
          "freightAmt": null,
          "buyerRemark": null,
          "sellerRemark": null,
          "id": 16379066,
          "createdBy": {
            "id": 540175374525637
          },
          "updatedBy": {
            "id": 540175374525637
          },
          "createdAt": 1745375442000,
          "updatedAt": 1745375450000,
          "version": 4,
          "deleted": 0,
          "originOrgId": 0,
          "slsPartnerLinks": [
            {
              "soId": {
                "id": 16379066
              },
              "id": 16223032
            }
          ],
          "soItems": [
            {
              "soId": {
                "id": 16379066
              },
              "id": 16301068
            }
          ]
        },
        {
          "soCode": "SO002377",
          "soDocDate": 1745337600000,
          "soExtCode": null,
          "baseCurrId": {
            "id": 2000001
          },
          "slsCurrId": {
            "id": 2000001
          },
          "exchRate": 1.0,
          "grossBaseAmt": 417736.0,
          "netBaseAmt": 369677.876106,
          "taxAmt": 48058.123894,
          "soCreateSource": "TERP门户",
          "slsOrgId": {
            "id": 14579001
          },
          "slsTmId": null,
          "soTypeId": {
            "soTypeCode": "STND",
            "soTypeName": "标准销售",
            "partnerProcedureHeadRef": {
              "id": 14005002
            },
            "attachmentProcedureHeadRef": null,
            "status": "ENABLED",
            "soTypeDesc": "标准销售",
            "genTextTypeRef": null,
            "isRev": false,
            "isSubmitApproval": true,
            "isModifyApproval": false,
            "currExchangeRateType": {
              "id": 2000001
            },
            "btClass": "SALES",
            "effectiveDays": null,
            "syncPrice": false,
            "isDefault": false,
            "id": 2101001,
            "createdBy": {
              "id": 27
            },
            "updatedBy": {
              "id": 477234922377861
            },
            "createdAt": 1685108645000,
            "updatedAt": 1745892294000,
            "version": 68,
            "deleted": 0,
            "originOrgId": 0
          },
          "custId": {
            "id": 2059001
          },
          "custPersonName": "李月汝",
          "custPhone": "18378999655",
          "slsPersonName": "章昂",
          "slsPhone": "17376596912",
          "soStatus": "DRAFT",
          "approveStatus": null,
          "soTitle": null,
          "soDesc": null,
          "soNotes": null,
          "isFixedExchRate": false,
          "slsComId": {
            "id": 14373001
          },
          "priceIdempotent": "3bb74b3773745de18b7e6d898cffe412",
          "freezeType": "NU_FREEZE",
          "soAssociationCode": null,
          "soBusinessStatus": null,
          "bizRuleGroup": null,
          "addrDetail": "佛山市禅城区季华五路28号",
          "currExchangeRateType": {
            "id": 2000001
          },
          "slsDcId": {
            "id": 14378001
          },
          "btClass": "SALES",
          "effectiveAt": null,
          "slsPerson": {
            "id": 14094003
          },
          "reCalculate": null,
          "invOrg": null,
          "invLoc": null,
          "priceCalcDate": 1745375198000,
          "deliveryInterceptFail": null,
          "externalBuyerId": null,
          "addrId": {
            "id": 70002638
          },
          "totalAmt": 417736.0,
          "discountAmt": 0.0,
          "discountInfo": "",
          "platformDiscountAmt": null,
          "merchantDiscountAmt": null,
          "actualPaidAmt": null,
          "freightAmt": null,
          "buyerRemark": null,
          "sellerRemark": null,
          "id": 16379057,
          "createdBy": {
            "id": 540175374525637
          },
          "updatedBy": {
            "id": 540175374525637
          },
          "createdAt": 1745375199000,
          "updatedAt": 1745375199000,
          "version": 1,
          "deleted": 0,
          "originOrgId": 0,
          "slsPartnerLinks": [
            {
              "soId": {
                "id": 16379057
              },
              "id": 16223023
            }
          ],
          "soItems": [
            {
              "soId": {
                "id": 16379057
              },
              "id": 16301059
            }
          ]
        },
        {
          "soCode": "SO002373",
          "soDocDate": 1745337600000,
          "soExtCode": null,
          "baseCurrId": {
            "id": 2000001
          },
          "slsCurrId": {
            "id": 2000001
          },
          "exchRate": 1.0,
          "grossBaseAmt": 791032.0,
          "netBaseAmt": 700028.318584,
          "taxAmt": 91003.681416,
          "soCreateSource": "TERP门户",
          "slsOrgId": {
            "id": 14579001
          },
          "slsTmId": null,
          "soTypeId": {
            "soTypeCode": "STND",
            "soTypeName": "标准销售",
            "partnerProcedureHeadRef": {
              "id": 14005002
            },
            "attachmentProcedureHeadRef": null,
            "status": "ENABLED",
            "soTypeDesc": "标准销售",
            "genTextTypeRef": null,
            "isRev": false,
            "isSubmitApproval": true,
            "isModifyApproval": false,
            "currExchangeRateType": {
              "id": 2000001
            },
            "btClass": "SALES",
            "effectiveDays": null,
            "syncPrice": false,
            "isDefault": false,
            "id": 2101001,
            "createdBy": {
              "id": 27
            },
            "updatedBy": {
              "id": 477234922377861
            },
            "createdAt": 1685108645000,
            "updatedAt": 1745892294000,
            "version": 68,
            "deleted": 0,
            "originOrgId": 0
          },
          "custId": {
            "id": 2059001
          },
          "custPersonName": "李月汝",
          "custPhone": "18378999655",
          "slsPersonName": "章昂",
          "slsPhone": "17376596912",
          "soStatus": "DRAFT",
          "approveStatus": null,
          "soTitle": null,
          "soDesc": null,
          "soNotes": null,
          "isFixedExchRate": false,
          "slsComId": {
            "id": 14373001
          },
          "priceIdempotent": "6bc7bb37dff04ef9fefabfd5cb590aea",
          "freezeType": "NU_FREEZE",
          "soAssociationCode": null,
          "soBusinessStatus": null,
          "bizRuleGroup": null,
          "addrDetail": "佛山市禅城区季华五路28号",
          "currExchangeRateType": {
            "id": 2000001
          },
          "slsDcId": {
            "id": 14378001
          },
          "btClass": "SALES",
          "effectiveAt": null,
          "slsPerson": {
            "id": 14094003
          },
          "reCalculate": null,
          "invOrg": null,
          "invLoc": null,
          "priceCalcDate": 1745375188000,
          "deliveryInterceptFail": null,
          "externalBuyerId": null,
          "addrId": {
            "id": 70002638
          },
          "totalAmt": 791032.0,
          "discountAmt": 0.0,
          "discountInfo": "",
          "platformDiscountAmt": null,
          "merchantDiscountAmt": null,
          "actualPaidAmt": null,
          "freightAmt": null,
          "buyerRemark": null,
          "sellerRemark": null,
          "id": 16379055,
          "createdBy": {
            "id": 540175374525637
          },
          "updatedBy": {
            "id": 540175374525637
          },
          "createdAt": 1745375189000,
          "updatedAt": 1745375189000,
          "version": 1,
          "deleted": 0,
          "originOrgId": 0,
          "slsPartnerLinks": [
            {
              "soId": {
                "id": 16379055
              },
              "id": 16223021
            }
          ],
          "soItems": [
            {
              "soId": {
                "id": 16379055
              },
              "id": 16301057
            }
          ]
        },
        {
          "soCode": "SO002369",
          "soDocDate": 1745337600000,
          "soExtCode": null,
          "baseCurrId": {
            "id": 2000001
          },
          "slsCurrId": {
            "id": 2000001
          },
          "exchRate": 1.0,
          "grossBaseAmt": 204424.0,
          "netBaseAmt": 180906.19469,
          "taxAmt": 23517.80531,
          "soCreateSource": "TERP门户",
          "slsOrgId": {
            "id": 14579001
          },
          "slsTmId": null,
          "soTypeId": {
            "soTypeCode": "STND",
            "soTypeName": "标准销售",
            "partnerProcedureHeadRef": {
              "id": 14005002
            },
            "attachmentProcedureHeadRef": null,
            "status": "ENABLED",
            "soTypeDesc": "标准销售",
            "genTextTypeRef": null,
            "isRev": false,
            "isSubmitApproval": true,
            "isModifyApproval": false,
            "currExchangeRateType": {
              "id": 2000001
            },
            "btClass": "SALES",
            "effectiveDays": null,
            "syncPrice": false,
            "isDefault": false,
            "id": 2101001,
            "createdBy": {
              "id": 27
            },
            "updatedBy": {
              "id": 477234922377861
            },
            "createdAt": 1685108645000,
            "updatedAt": 1745892294000,
            "version": 68,
            "deleted": 0,
            "originOrgId": 0
          },
          "custId": {
            "id": 2059001
          },
          "custPersonName": "李月汝",
          "custPhone": "18378999655",
          "slsPersonName": "章昂",
          "slsPhone": "17376596912",
          "soStatus": "DRAFT",
          "approveStatus": null,
          "soTitle": null,
          "soDesc": null,
          "soNotes": null,
          "isFixedExchRate": false,
          "slsComId": {
            "id": 14373001
          },
          "priceIdempotent": "6d97c06133363605b4a485fc0b778ef1",
          "freezeType": "NU_FREEZE",
          "soAssociationCode": null,
          "soBusinessStatus": null,
          "bizRuleGroup": null,
          "addrDetail": "佛山市禅城区季华五路28号",
          "currExchangeRateType": {
            "id": 2000001
          },
          "slsDcId": {
            "id": 14378001
          },
          "btClass": "SALES",
          "effectiveAt": null,
          "slsPerson": {
            "id": 14094003
          },
          "reCalculate": null,
          "invOrg": null,
          "invLoc": null,
          "priceCalcDate": 1745374937000,
          "deliveryInterceptFail": null,
          "externalBuyerId": null,
          "addrId": {
            "id": 70002638
          },
          "totalAmt": 204424.0,
          "discountAmt": 0.0,
          "discountInfo": "",
          "platformDiscountAmt": null,
          "merchantDiscountAmt": null,
          "actualPaidAmt": null,
          "freightAmt": null,
          "buyerRemark": null,
          "sellerRemark": null,
          "id": 16379053,
          "createdBy": {
            "id": 540175374525637
          },
          "updatedBy": {
            "id": 540175374525637
          },
          "createdAt": 1745374937000,
          "updatedAt": 1745374937000,
          "version": 1,
          "deleted": 0,
          "originOrgId": 0,
          "slsPartnerLinks": [
            {
              "soId": {
                "id": 16379053
              },
              "id": 16223019
            }
          ],
          "soItems": [
            {
              "soId": {
                "id": 16379053
              },
              "id": 16301055
            }
          ]
        },
        {
          "soCode": "SO002367",
          "soDocDate": 1745337600000,
          "soExtCode": null,
          "baseCurrId": {
            "id": 2000001
          },
          "slsCurrId": {
            "id": 2000001
          },
          "exchRate": 1.0,
          "grossBaseAmt": 462176.0,
          "netBaseAmt": 409005.309735,
          "taxAmt": 53170.690265,
          "soCreateSource": "TERP门户",
          "slsOrgId": {
            "id": 14579001
          },
          "slsTmId": null,
          "soTypeId": {
            "soTypeCode": "STND",
            "soTypeName": "标准销售",
            "partnerProcedureHeadRef": {
              "id": 14005002
            },
            "attachmentProcedureHeadRef": null,
            "status": "ENABLED",
            "soTypeDesc": "标准销售",
            "genTextTypeRef": null,
            "isRev": false,
            "isSubmitApproval": true,
            "isModifyApproval": false,
            "currExchangeRateType": {
              "id": 2000001
            },
            "btClass": "SALES",
            "effectiveDays": null,
            "syncPrice": false,
            "isDefault": false,
            "id": 2101001,
            "createdBy": {
              "id": 27
            },
            "updatedBy": {
              "id": 477234922377861
            },
            "createdAt": 1685108645000,
            "updatedAt": 1745892294000,
            "version": 68,
            "deleted": 0,
            "originOrgId": 0
          },
          "custId": {
            "id": 2059001
          },
          "custPersonName": "李月汝",
          "custPhone": "18378999655",
          "slsPersonName": "章昂",
          "slsPhone": "17376596912",
          "soStatus": "DRAFT",
          "approveStatus": null,
          "soTitle": null,
          "soDesc": null,
          "soNotes": null,
          "isFixedExchRate": false,
          "slsComId": {
            "id": 14373001
          },
          "priceIdempotent": "bb897ee043167c91ec8b785c73f52290",
          "freezeType": "NU_FREEZE",
          "soAssociationCode": null,
          "soBusinessStatus": null,
          "bizRuleGroup": null,
          "addrDetail": "佛山市禅城区季华五路28号",
          "currExchangeRateType": {
            "id": 2000001
          },
          "slsDcId": {
            "id": 14378001
          },
          "btClass": "SALES",
          "effectiveAt": null,
          "slsPerson": {
            "id": 14094003
          },
          "reCalculate": null,
          "invOrg": null,
          "invLoc": null,
          "priceCalcDate": 1745374924000,
          "deliveryInterceptFail": null,
          "externalBuyerId": null,
          "addrId": {
            "id": 70002638
          },
          "totalAmt": 462176.0,
          "discountAmt": 0.0,
          "discountInfo": "",
          "platformDiscountAmt": null,
          "merchantDiscountAmt": null,
          "actualPaidAmt": null,
          "freightAmt": null,
          "buyerRemark": null,
          "sellerRemark": null,
          "id": 16379052,
          "createdBy": {
            "id": 540175374525637
          },
          "updatedBy": {
            "id": 540175374525637
          },
          "createdAt": 1745374925000,
          "updatedAt": 1745374925000,
          "version": 1,
          "deleted": 0,
          "originOrgId": 0,
          "slsPartnerLinks": [
            {
              "soId": {
                "id": 16379052
              },
              "id": 16223018
            }
          ],
          "soItems": [
            {
              "soId": {
                "id": 16379052
              },
              "id": 16301054
            }
          ]
        },
        {
          "soCode": "SO002364",
          "soDocDate": 1745337600000,
          "soExtCode": null,
          "baseCurrId": {
            "id": 2000001
          },
          "slsCurrId": {
            "id": 2000001
          },
          "exchRate": 1.0,
          "grossBaseAmt": 533280.0,
          "netBaseAmt": 471929.20354,
          "taxAmt": 61350.79646,
          "soCreateSource": "TERP门户",
          "slsOrgId": {
            "id": 14579001
          },
          "slsTmId": null,
          "soTypeId": {
            "soTypeCode": "STND",
            "soTypeName": "标准销售",
            "partnerProcedureHeadRef": {
              "id": 14005002
            },
            "attachmentProcedureHeadRef": null,
            "status": "ENABLED",
            "soTypeDesc": "标准销售",
            "genTextTypeRef": null,
            "isRev": false,
            "isSubmitApproval": true,
            "isModifyApproval": false,
            "currExchangeRateType": {
              "id": 2000001
            },
            "btClass": "SALES",
            "effectiveDays": null,
            "syncPrice": false,
            "isDefault": false,
            "id": 2101001,
            "createdBy": {
              "id": 27
            },
            "updatedBy": {
              "id": 477234922377861
            },
            "createdAt": 1685108645000,
            "updatedAt": 1745892294000,
            "version": 68,
            "deleted": 0,
            "originOrgId": 0
          },
          "custId": {
            "id": 2059001
          },
          "custPersonName": "李月汝",
          "custPhone": "18378999655",
          "slsPersonName": "章昂",
          "slsPhone": "17376596912",
          "soStatus": "DRAFT",
          "approveStatus": null,
          "soTitle": null,
          "soDesc": null,
          "soNotes": null,
          "isFixedExchRate": false,
          "slsComId": {
            "id": 14373001
          },
          "priceIdempotent": "49e98c94d4bd961f900feb1f47e991cf",
          "freezeType": "NU_FREEZE",
          "soAssociationCode": null,
          "soBusinessStatus": null,
          "bizRuleGroup": null,
          "addrDetail": "佛山市禅城区季华五路28号",
          "currExchangeRateType": {
            "id": 2000001
          },
          "slsDcId": {
            "id": 14378001
          },
          "btClass": "SALES",
          "effectiveAt": null,
          "slsPerson": {
            "id": 14094003
          },
          "reCalculate": null,
          "invOrg": null,
          "invLoc": null,
          "priceCalcDate": 1745374864000,
          "deliveryInterceptFail": null,
          "externalBuyerId": null,
          "addrId": {
            "id": 70002638
          },
          "totalAmt": 533280.0,
          "discountAmt": 0.0,
          "discountInfo": "",
          "platformDiscountAmt": null,
          "merchantDiscountAmt": null,
          "actualPaidAmt": null,
          "freightAmt": null,
          "buyerRemark": null,
          "sellerRemark": null,
          "id": 16379050,
          "createdBy": {
            "id": 540175374525637
          },
          "updatedBy": {
            "id": 540175374525637
          },
          "createdAt": 1745374865000,
          "updatedAt": 1745374865000,
          "version": 1,
          "deleted": 0,
          "originOrgId": 0,
          "slsPartnerLinks": [
            {
              "soId": {
                "id": 16379050
              },
              "id": 16223016
            }
          ],
          "soItems": [
            {
              "soId": {
                "id": 16379050
              },
              "id": 16301051
            }
          ]
        },
        {
          "soCode": "SO002360",
          "soDocDate": 1745337600000,
          "soExtCode": null,
          "baseCurrId": {
            "id": 2000001
          },
          "slsCurrId": {
            "id": 2000001
          },
          "exchRate": 1.0,
          "grossBaseAmt": 284416.0,
          "netBaseAmt": 251695.575221,
          "taxAmt": 32720.424779,
          "soCreateSource": "TERP门户",
          "slsOrgId": {
            "id": 14579001
          },
          "slsTmId": null,
          "soTypeId": {
            "soTypeCode": "STND",
            "soTypeName": "标准销售",
            "partnerProcedureHeadRef": {
              "id": 14005002
            },
            "attachmentProcedureHeadRef": null,
            "status": "ENABLED",
            "soTypeDesc": "标准销售",
            "genTextTypeRef": null,
            "isRev": false,
            "isSubmitApproval": true,
            "isModifyApproval": false,
            "currExchangeRateType": {
              "id": 2000001
            },
            "btClass": "SALES",
            "effectiveDays": null,
            "syncPrice": false,
            "isDefault": false,
            "id": 2101001,
            "createdBy": {
              "id": 27
            },
            "updatedBy": {
              "id": 477234922377861
            },
            "createdAt": 1685108645000,
            "updatedAt": 1745892294000,
            "version": 68,
            "deleted": 0,
            "originOrgId": 0
          },
          "custId": {
            "id": 2059001
          },
          "custPersonName": "李月汝",
          "custPhone": "18378999655",
          "slsPersonName": "章昂",
          "slsPhone": "17376596912",
          "soStatus": "DRAFT",
          "approveStatus": null,
          "soTitle": null,
          "soDesc": null,
          "soNotes": null,
          "isFixedExchRate": false,
          "slsComId": {
            "id": 14373001
          },
          "priceIdempotent": "3ccbf5503f5adb91ca00776b0ec5644d",
          "freezeType": "NU_FREEZE",
          "soAssociationCode": null,
          "soBusinessStatus": null,
          "bizRuleGroup": null,
          "addrDetail": "佛山市禅城区季华五路28号",
          "currExchangeRateType": {
            "id": 2000001
          },
          "slsDcId": {
            "id": 14378001
          },
          "btClass": "SALES",
          "effectiveAt": null,
          "slsPerson": {
            "id": 14094003
          },
          "reCalculate": null,
          "invOrg": null,
          "invLoc": null,
          "priceCalcDate": 1745374619000,
          "deliveryInterceptFail": null,
          "externalBuyerId": null,
          "addrId": {
            "id": 70002638
          },
          "totalAmt": 284416.0,
          "discountAmt": 0.0,
          "discountInfo": "",
          "platformDiscountAmt": null,
          "merchantDiscountAmt": null,
          "actualPaidAmt": null,
          "freightAmt": null,
          "buyerRemark": null,
          "sellerRemark": null,
          "id": 16379048,
          "createdBy": {
            "id": 540175374525637
          },
          "updatedBy": {
            "id": 540175374525637
          },
          "createdAt": 1745374619000,
          "updatedAt": 1745374619000,
          "version": 1,
          "deleted": 0,
          "originOrgId": 0,
          "slsPartnerLinks": [
            {
              "soId": {
                "id": 16379048
              },
              "id": 16223014
            }
          ],
          "soItems": [
            {
              "soId": {
                "id": 16379048
              },
              "id": 16301048
            }
          ]
        },
        {
          "soCode": "SO002347",
          "soDocDate": 1745251200000,
          "soExtCode": null,
          "baseCurrId": {
            "id": 2000001
          },
          "slsCurrId": {
            "id": 2000001
          },
          "exchRate": 1.0,
          "grossBaseAmt": 808808.0,
          "netBaseAmt": 715759.292035,
          "taxAmt": 93048.707965,
          "soCreateSource": "TERP门户",
          "slsOrgId": {
            "id": 14579001
          },
          "slsTmId": null,
          "soTypeId": {
            "soTypeCode": "STND",
            "soTypeName": "标准销售",
            "partnerProcedureHeadRef": {
              "id": 14005002
            },
            "attachmentProcedureHeadRef": null,
            "status": "ENABLED",
            "soTypeDesc": "标准销售",
            "genTextTypeRef": null,
            "isRev": false,
            "isSubmitApproval": true,
            "isModifyApproval": false,
            "currExchangeRateType": {
              "id": 2000001
            },
            "btClass": "SALES",
            "effectiveDays": null,
            "syncPrice": false,
            "isDefault": false,
            "id": 2101001,
            "createdBy": {
              "id": 27
            },
            "updatedBy": {
              "id": 477234922377861
            },
            "createdAt": 1685108645000,
            "updatedAt": 1745892294000,
            "version": 68,
            "deleted": 0,
            "originOrgId": 0
          },
          "custId": {
            "id": 2059001
          },
          "custPersonName": "李月汝",
          "custPhone": "18378999655",
          "slsPersonName": "章昂",
          "slsPhone": "17376596912",
          "soStatus": "DRAFT",
          "approveStatus": null,
          "soTitle": null,
          "soDesc": null,
          "soNotes": null,
          "isFixedExchRate": false,
          "slsComId": {
            "id": 14373001
          },
          "priceIdempotent": "e229ff84215e46865316b861098e4d6e",
          "freezeType": "NU_FREEZE",
          "soAssociationCode": null,
          "soBusinessStatus": null,
          "bizRuleGroup": null,
          "addrDetail": "佛山市禅城区季华五路28号",
          "currExchangeRateType": {
            "id": 2000001
          },
          "slsDcId": {
            "id": 14378001
          },
          "btClass": "SALES",
          "effectiveAt": null,
          "slsPerson": {
            "id": 14094003
          },
          "reCalculate": null,
          "invOrg": null,
          "invLoc": null,
          "priceCalcDate": 1745325328000,
          "deliveryInterceptFail": null,
          "externalBuyerId": null,
          "addrId": {
            "id": 70002638
          },
          "totalAmt": 808808.0,
          "discountAmt": 0.0,
          "discountInfo": "",
          "platformDiscountAmt": null,
          "merchantDiscountAmt": null,
          "actualPaidAmt": null,
          "freightAmt": null,
          "buyerRemark": null,
          "sellerRemark": null,
          "id": 16379046,
          "createdBy": {
            "id": 540175374525637
          },
          "updatedBy": {
            "id": 540175374525637
          },
          "createdAt": 1745325328000,
          "updatedAt": 1745325328000,
          "version": 1,
          "deleted": 0,
          "originOrgId": 0,
          "slsPartnerLinks": [
            {
              "soId": {
                "id": 16379046
              },
              "id": 16223012
            }
          ],
          "soItems": [
            {
              "soId": {
                "id": 16379046
              },
              "id": 16301046
            }
          ]
        },
        {
          "soCode": "SO002342",
          "soDocDate": 1745251200000,
          "soExtCode": null,
          "baseCurrId": {
            "id": 2000001
          },
          "slsCurrId": {
            "id": 2000001
          },
          "exchRate": 1.0,
          "grossBaseAmt": 533280.0,
          "netBaseAmt": 471929.20354,
          "taxAmt": 61350.79646,
          "soCreateSource": "TERP门户",
          "slsOrgId": {
            "id": 14579001
          },
          "slsTmId": null,
          "soTypeId": {
            "soTypeCode": "STND",
            "soTypeName": "标准销售",
            "partnerProcedureHeadRef": {
              "id": 14005002
            },
            "attachmentProcedureHeadRef": null,
            "status": "ENABLED",
            "soTypeDesc": "标准销售",
            "genTextTypeRef": null,
            "isRev": false,
            "isSubmitApproval": true,
            "isModifyApproval": false,
            "currExchangeRateType": {
              "id": 2000001
            },
            "btClass": "SALES",
            "effectiveDays": null,
            "syncPrice": false,
            "isDefault": false,
            "id": 2101001,
            "createdBy": {
              "id": 27
            },
            "updatedBy": {
              "id": 477234922377861
            },
            "createdAt": 1685108645000,
            "updatedAt": 1745892294000,
            "version": 68,
            "deleted": 0,
            "originOrgId": 0
          },
          "custId": {
            "id": 2059001
          },
          "custPersonName": "李月汝",
          "custPhone": "18378999655",
          "slsPersonName": "章昂",
          "slsPhone": "17376596912",
          "soStatus": "DRAFT",
          "approveStatus": null,
          "soTitle": null,
          "soDesc": null,
          "soNotes": null,
          "isFixedExchRate": false,
          "slsComId": {
            "id": 14373001
          },
          "priceIdempotent": "d7106e324ec3d28cce8c251adbeccb55",
          "freezeType": "NU_FREEZE",
          "soAssociationCode": null,
          "soBusinessStatus": null,
          "bizRuleGroup": null,
          "addrDetail": "佛山市禅城区季华五路28号",
          "currExchangeRateType": {
            "id": 2000001
          },
          "slsDcId": {
            "id": 14378001
          },
          "btClass": "SALES",
          "effectiveAt": null,
          "slsPerson": {
            "id": 14094003
          },
          "reCalculate": null,
          "invOrg": null,
          "invLoc": null,
          "priceCalcDate": 1745325323000,
          "deliveryInterceptFail": null,
          "externalBuyerId": null,
          "addrId": {
            "id": 70002638
          },
          "totalAmt": 533280.0,
          "discountAmt": 0.0,
          "discountInfo": "",
          "platformDiscountAmt": null,
          "merchantDiscountAmt": null,
          "actualPaidAmt": null,
          "freightAmt": null,
          "buyerRemark": null,
          "sellerRemark": null,
          "id": 16379044,
          "createdBy": {
            "id": 540175374525637
          },
          "updatedBy": {
            "id": 540175374525637
          },
          "createdAt": 1745325323000,
          "updatedAt": 1745325323000,
          "version": 1,
          "deleted": 0,
          "originOrgId": 0,
          "slsPartnerLinks": [
            {
              "soId": {
                "id": 16379044
              },
              "id": 16223010
            }
          ],
          "soItems": [
            {
              "soId": {
                "id": 16379044
              },
              "id": 16301044
            }
          ]
        },
        {
          "soCode": "SO002338",
          "soDocDate": 1745251200000,
          "soExtCode": null,
          "baseCurrId": {
            "id": 2000001
          },
          "slsCurrId": {
            "id": 2000001
          },
          "exchRate": 1.0,
          "grossBaseAmt": 533280.0,
          "netBaseAmt": 471929.20354,
          "taxAmt": 61350.79646,
          "soCreateSource": "TERP门户",
          "slsOrgId": {
            "id": 14579001
          },
          "slsTmId": null,
          "soTypeId": {
            "soTypeCode": "STND",
            "soTypeName": "标准销售",
            "partnerProcedureHeadRef": {
              "id": 14005002
            },
            "attachmentProcedureHeadRef": null,
            "status": "ENABLED",
            "soTypeDesc": "标准销售",
            "genTextTypeRef": null,
            "isRev": false,
            "isSubmitApproval": true,
            "isModifyApproval": false,
            "currExchangeRateType": {
              "id": 2000001
            },
            "btClass": "SALES",
            "effectiveDays": null,
            "syncPrice": false,
            "isDefault": false,
            "id": 2101001,
            "createdBy": {
              "id": 27
            },
            "updatedBy": {
              "id": 477234922377861
            },
            "createdAt": 1685108645000,
            "updatedAt": 1745892294000,
            "version": 68,
            "deleted": 0,
            "originOrgId": 0
          },
          "custId": {
            "id": 2059001
          },
          "custPersonName": "李月汝",
          "custPhone": "18378999655",
          "slsPersonName": "章昂",
          "slsPhone": "17376596912",
          "soStatus": "DRAFT",
          "approveStatus": null,
          "soTitle": null,
          "soDesc": null,
          "soNotes": null,
          "isFixedExchRate": false,
          "slsComId": {
            "id": 14373001
          },
          "priceIdempotent": "e8b57fa49a7c8f5e8ca79c307825c055",
          "freezeType": "NU_FREEZE",
          "soAssociationCode": null,
          "soBusinessStatus": null,
          "bizRuleGroup": null,
          "addrDetail": "佛山市禅城区季华五路28号",
          "currExchangeRateType": {
            "id": 2000001
          },
          "slsDcId": {
            "id": 14378001
          },
          "btClass": "SALES",
          "effectiveAt": null,
          "slsPerson": {
            "id": 14094003
          },
          "reCalculate": null,
          "invOrg": null,
          "invLoc": null,
          "priceCalcDate": 1745325319000,
          "deliveryInterceptFail": null,
          "externalBuyerId": null,
          "addrId": {
            "id": 70002638
          },
          "totalAmt": 533280.0,
          "discountAmt": 0.0,
          "discountInfo": "",
          "platformDiscountAmt": null,
          "merchantDiscountAmt": null,
          "actualPaidAmt": null,
          "freightAmt": null,
          "buyerRemark": null,
          "sellerRemark": null,
          "id": 16379042,
          "createdBy": {
            "id": 540175374525637
          },
          "updatedBy": {
            "id": 540175374525637
          },
          "createdAt": 1745325319000,
          "updatedAt": 1745325319000,
          "version": 1,
          "deleted": 0,
          "originOrgId": 0,
          "slsPartnerLinks": [
            {
              "soId": {
                "id": 16379042
              },
              "id": 16223008
            }
          ],
          "soItems": [
            {
              "soId": {
                "id": 16379042
              },
              "id": 16301042
            }
          ]
        },
        {
          "soCode": "SO002331",
          "soDocDate": 1745251200000,
          "soExtCode": null,
          "baseCurrId": {
            "id": 2000001
          },
          "slsCurrId": {
            "id": 2000001
          },
          "exchRate": 1.0,
          "grossBaseAmt": 391072.0,
          "netBaseAmt": 346081.415929,
          "taxAmt": 44990.584071,
          "soCreateSource": "TERP门户",
          "slsOrgId": {
            "id": 14579001
          },
          "slsTmId": null,
          "soTypeId": {
            "soTypeCode": "STND",
            "soTypeName": "标准销售",
            "partnerProcedureHeadRef": {
              "id": 14005002
            },
            "attachmentProcedureHeadRef": null,
            "status": "ENABLED",
            "soTypeDesc": "标准销售",
            "genTextTypeRef": null,
            "isRev": false,
            "isSubmitApproval": true,
            "isModifyApproval": false,
            "currExchangeRateType": {
              "id": 2000001
            },
            "btClass": "SALES",
            "effectiveDays": null,
            "syncPrice": false,
            "isDefault": false,
            "id": 2101001,
            "createdBy": {
              "id": 27
            },
            "updatedBy": {
              "id": 477234922377861
            },
            "createdAt": 1685108645000,
            "updatedAt": 1745892294000,
            "version": 68,
            "deleted": 0,
            "originOrgId": 0
          },
          "custId": {
            "id": 2059001
          },
          "custPersonName": "李月汝",
          "custPhone": "18378999655",
          "slsPersonName": "章昂",
          "slsPhone": "17376596912",
          "soStatus": "DRAFT",
          "approveStatus": null,
          "soTitle": null,
          "soDesc": null,
          "soNotes": null,
          "isFixedExchRate": false,
          "slsComId": {
            "id": 14373001
          },
          "priceIdempotent": "04dee9d5ce8e5a72a2a22804a375861a",
          "freezeType": "NU_FREEZE",
          "soAssociationCode": null,
          "soBusinessStatus": null,
          "bizRuleGroup": null,
          "addrDetail": "佛山市禅城区季华五路28号",
          "currExchangeRateType": {
            "id": 2000001
          },
          "slsDcId": {
            "id": 14378001
          },
          "btClass": "SALES",
          "effectiveAt": null,
          "slsPerson": {
            "id": 14094003
          },
          "reCalculate": null,
          "invOrg": null,
          "invLoc": null,
          "priceCalcDate": 1745324900000,
          "deliveryInterceptFail": null,
          "externalBuyerId": null,
          "addrId": {
            "id": 70002638
          },
          "totalAmt": 391072.0,
          "discountAmt": 0.0,
          "discountInfo": "",
          "platformDiscountAmt": null,
          "merchantDiscountAmt": null,
          "actualPaidAmt": null,
          "freightAmt": null,
          "buyerRemark": null,
          "sellerRemark": null,
          "id": 16379040,
          "createdBy": {
            "id": 540175374525637
          },
          "updatedBy": {
            "id": 540175374525637
          },
          "createdAt": 1745324900000,
          "updatedAt": 1745324900000,
          "version": 1,
          "deleted": 0,
          "originOrgId": 0,
          "slsPartnerLinks": [
            {
              "soId": {
                "id": 16379040
              },
              "id": 16223006
            }
          ],
          "soItems": [
            {
              "soId": {
                "id": 16379040
              },
              "id": 16301040
            }
          ]
        },
        {
          "soCode": "SO002310",
          "soDocDate": 1745251200000,
          "soExtCode": null,
          "baseCurrId": {
            "id": 2000001
          },
          "slsCurrId": {
            "id": 2000001
          },
          "exchRate": 1.0,
          "grossBaseAmt": 106656.0,
          "netBaseAmt": 94385.840708,
          "taxAmt": 12270.159292,
          "soCreateSource": "TERP门户",
          "slsOrgId": {
            "id": 14579001
          },
          "slsTmId": null,
          "soTypeId": {
            "soTypeCode": "STND",
            "soTypeName": "标准销售",
            "partnerProcedureHeadRef": {
              "id": 14005002
            },
            "attachmentProcedureHeadRef": null,
            "status": "ENABLED",
            "soTypeDesc": "标准销售",
            "genTextTypeRef": null,
            "isRev": false,
            "isSubmitApproval": true,
            "isModifyApproval": false,
            "currExchangeRateType": {
              "id": 2000001
            },
            "btClass": "SALES",
            "effectiveDays": null,
            "syncPrice": false,
            "isDefault": false,
            "id": 2101001,
            "createdBy": {
              "id": 27
            },
            "updatedBy": {
              "id": 477234922377861
            },
            "createdAt": 1685108645000,
            "updatedAt": 1745892294000,
            "version": 68,
            "deleted": 0,
            "originOrgId": 0
          },
          "custId": {
            "id": 2059001
          },
          "custPersonName": "李月汝",
          "custPhone": "18378999655",
          "slsPersonName": "章昂",
          "slsPhone": "17376596912",
          "soStatus": "DRAFT",
          "approveStatus": null,
          "soTitle": null,
          "soDesc": null,
          "soNotes": null,
          "isFixedExchRate": false,
          "slsComId": {
            "id": 14373001
          },
          "priceIdempotent": "6687906a1836f581301dd09fa321d370",
          "freezeType": "NU_FREEZE",
          "soAssociationCode": null,
          "soBusinessStatus": null,
          "bizRuleGroup": null,
          "addrDetail": "佛山市禅城区季华五路28号",
          "currExchangeRateType": {
            "id": 2000001
          },
          "slsDcId": {
            "id": 14378001
          },
          "btClass": "SALES",
          "effectiveAt": null,
          "slsPerson": {
            "id": 14094003
          },
          "reCalculate": null,
          "invOrg": null,
          "invLoc": null,
          "priceCalcDate": 1745324034000,
          "deliveryInterceptFail": null,
          "externalBuyerId": null,
          "addrId": {
            "id": 70002638
          },
          "totalAmt": 106656.0,
          "discountAmt": 0.0,
          "discountInfo": "",
          "platformDiscountAmt": null,
          "merchantDiscountAmt": null,
          "actualPaidAmt": null,
          "freightAmt": null,
          "buyerRemark": null,
          "sellerRemark": null,
          "id": 16379039,
          "createdBy": {
            "id": 540175374525637
          },
          "updatedBy": {
            "id": 540175374525637
          },
          "createdAt": 1745324035000,
          "updatedAt": 1745324035000,
          "version": 1,
          "deleted": 0,
          "originOrgId": 0,
          "slsPartnerLinks": [
            {
              "soId": {
                "id": 16379039
              },
              "id": 16223005
            }
          ],
          "soItems": [
            {
              "soId": {
                "id": 16379039
              },
              "id": 16301039
            }
          ]
        },
        {
          "soCode": "SO002292",
          "soDocDate": 1745251200000,
          "soExtCode": null,
          "baseCurrId": {
            "id": 2000001
          },
          "slsCurrId": {
            "id": 2000001
          },
          "exchRate": 1.0,
          "grossBaseAmt": 97768.0,
          "netBaseAmt": 86520.353982,
          "taxAmt": 11247.646018,
          "soCreateSource": "TERP门户",
          "slsOrgId": {
            "id": 14579001
          },
          "slsTmId": null,
          "soTypeId": {
            "soTypeCode": "STND",
            "soTypeName": "标准销售",
            "partnerProcedureHeadRef": {
              "id": 14005002
            },
            "attachmentProcedureHeadRef": null,
            "status": "ENABLED",
            "soTypeDesc": "标准销售",
            "genTextTypeRef": null,
            "isRev": false,
            "isSubmitApproval": true,
            "isModifyApproval": false,
            "currExchangeRateType": {
              "id": 2000001
            },
            "btClass": "SALES",
            "effectiveDays": null,
            "syncPrice": false,
            "isDefault": false,
            "id": 2101001,
            "createdBy": {
              "id": 27
            },
            "updatedBy": {
              "id": 477234922377861
            },
            "createdAt": 1685108645000,
            "updatedAt": 1745892294000,
            "version": 68,
            "deleted": 0,
            "originOrgId": 0
          },
          "custId": {
            "id": 2059001
          },
          "custPersonName": "李月汝",
          "custPhone": "18378999655",
          "slsPersonName": "章昂",
          "slsPhone": "17376596912",
          "soStatus": "DRAFT",
          "approveStatus": null,
          "soTitle": null,
          "soDesc": null,
          "soNotes": null,
          "isFixedExchRate": false,
          "slsComId": {
            "id": 14373001
          },
          "priceIdempotent": "e8285f20b09df5ab65459801e29e25d2",
          "freezeType": "NU_FREEZE",
          "soAssociationCode": null,
          "soBusinessStatus": null,
          "bizRuleGroup": null,
          "addrDetail": "佛山市禅城区季华五路28号",
          "currExchangeRateType": {
            "id": 2000001
          },
          "slsDcId": {
            "id": 14378001
          },
          "btClass": "SALES",
          "effectiveAt": null,
          "slsPerson": {
            "id": 14094003
          },
          "reCalculate": null,
          "invOrg": null,
          "invLoc": null,
          "priceCalcDate": 1745315745000,
          "deliveryInterceptFail": null,
          "externalBuyerId": null,
          "addrId": {
            "id": 70002638
          },
          "totalAmt": 97768.0,
          "discountAmt": 0.0,
          "discountInfo": "",
          "platformDiscountAmt": null,
          "merchantDiscountAmt": null,
          "actualPaidAmt": null,
          "freightAmt": null,
          "buyerRemark": null,
          "sellerRemark": null,
          "id": 16379037,
          "createdBy": {
            "id": 540175374525637
          },
          "updatedBy": {
            "id": 540175374525637
          },
          "createdAt": 1745315745000,
          "updatedAt": 1745315745000,
          "version": 1,
          "deleted": 0,
          "originOrgId": 0,
          "soItems": [
            {
              "soId": {
                "id": 16379037
              },
              "id": 16301037
            }
          ]
        },
        {
          "soCode": "SO002288",
          "soDocDate": 1745251200000,
          "soExtCode": null,
          "baseCurrId": {
            "id": 2000001
          },
          "slsCurrId": {
            "id": 2000001
          },
          "exchRate": 1.0,
          "grossBaseAmt": 257752.0,
          "netBaseAmt": 228099.115044,
          "taxAmt": 29652.884956,
          "soCreateSource": "TERP门户",
          "slsOrgId": {
            "id": 14579001
          },
          "slsTmId": null,
          "soTypeId": {
            "soTypeCode": "STND",
            "soTypeName": "标准销售",
            "partnerProcedureHeadRef": {
              "id": 14005002
            },
            "attachmentProcedureHeadRef": null,
            "status": "ENABLED",
            "soTypeDesc": "标准销售",
            "genTextTypeRef": null,
            "isRev": false,
            "isSubmitApproval": true,
            "isModifyApproval": false,
            "currExchangeRateType": {
              "id": 2000001
            },
            "btClass": "SALES",
            "effectiveDays": null,
            "syncPrice": false,
            "isDefault": false,
            "id": 2101001,
            "createdBy": {
              "id": 27
            },
            "updatedBy": {
              "id": 477234922377861
            },
            "createdAt": 1685108645000,
            "updatedAt": 1745892294000,
            "version": 68,
            "deleted": 0,
            "originOrgId": 0
          },
          "custId": {
            "id": 2059001
          },
          "custPersonName": "李月汝",
          "custPhone": "18378999655",
          "slsPersonName": "章昂",
          "slsPhone": "17376596912",
          "soStatus": "DRAFT",
          "approveStatus": null,
          "soTitle": null,
          "soDesc": null,
          "soNotes": null,
          "isFixedExchRate": false,
          "slsComId": {
            "id": 14373001
          },
          "priceIdempotent": "074a42532f957df7a850d57a27f504a8",
          "freezeType": "NU_FREEZE",
          "soAssociationCode": null,
          "soBusinessStatus": null,
          "bizRuleGroup": null,
          "addrDetail": "佛山市禅城区季华五路28号",
          "currExchangeRateType": {
            "id": 2000001
          },
          "slsDcId": {
            "id": 14378001
          },
          "btClass": "SALES",
          "effectiveAt": null,
          "slsPerson": {
            "id": 14094003
          },
          "reCalculate": null,
          "invOrg": null,
          "invLoc": null,
          "priceCalcDate": 1745315720000,
          "deliveryInterceptFail": null,
          "externalBuyerId": null,
          "addrId": {
            "id": 70002638
          },
          "totalAmt": 257752.0,
          "discountAmt": 0.0,
          "discountInfo": "",
          "platformDiscountAmt": null,
          "merchantDiscountAmt": null,
          "actualPaidAmt": null,
          "freightAmt": null,
          "buyerRemark": null,
          "sellerRemark": null,
          "id": 16379036,
          "createdBy": {
            "id": 540175374525637
          },
          "updatedBy": {
            "id": 540175374525637
          },
          "createdAt": 1745315721000,
          "updatedAt": 1745315721000,
          "version": 1,
          "deleted": 0,
          "originOrgId": 0,
          "slsPartnerLinks": [
            {
              "soId": {
                "id": 16379036
              },
              "id": 16223004
            }
          ],
          "soItems": [
            {
              "soId": {
                "id": 16379036
              },
              "id": 16301036
            }
          ]
        },
        {
          "soCode": "SO002284",
          "soDocDate": 1745251200000,
          "soExtCode": null,
          "baseCurrId": {
            "id": 2000001
          },
          "slsCurrId": {
            "id": 2000001
          },
          "exchRate": 1.0,
          "grossBaseAmt": 639936.0,
          "netBaseAmt": 566315.044248,
          "taxAmt": 73620.955752,
          "soCreateSource": "TERP门户",
          "slsOrgId": {
            "id": 14579001
          },
          "slsTmId": null,
          "soTypeId": {
            "soTypeCode": "STND",
            "soTypeName": "标准销售",
            "partnerProcedureHeadRef": {
              "id": 14005002
            },
            "attachmentProcedureHeadRef": null,
            "status": "ENABLED",
            "soTypeDesc": "标准销售",
            "genTextTypeRef": null,
            "isRev": false,
            "isSubmitApproval": true,
            "isModifyApproval": false,
            "currExchangeRateType": {
              "id": 2000001
            },
            "btClass": "SALES",
            "effectiveDays": null,
            "syncPrice": false,
            "isDefault": false,
            "id": 2101001,
            "createdBy": {
              "id": 27
            },
            "updatedBy": {
              "id": 477234922377861
            },
            "createdAt": 1685108645000,
            "updatedAt": 1745892294000,
            "version": 68,
            "deleted": 0,
            "originOrgId": 0
          },
          "custId": {
            "id": 2059001
          },
          "custPersonName": "李月汝",
          "custPhone": "18378999655",
          "slsPersonName": "章昂",
          "slsPhone": "17376596912",
          "soStatus": "DRAFT",
          "approveStatus": null,
          "soTitle": null,
          "soDesc": null,
          "soNotes": null,
          "isFixedExchRate": false,
          "slsComId": {
            "id": 14373001
          },
          "priceIdempotent": "7321c690e3243987b7e32fa7271fb758",
          "freezeType": "NU_FREEZE",
          "soAssociationCode": null,
          "soBusinessStatus": null,
          "bizRuleGroup": null,
          "addrDetail": "佛山市禅城区季华五路28号",
          "currExchangeRateType": {
            "id": 2000001
          },
          "slsDcId": {
            "id": 14378001
          },
          "btClass": "SALES",
          "effectiveAt": null,
          "slsPerson": {
            "id": 14094003
          },
          "reCalculate": null,
          "invOrg": null,
          "invLoc": null,
          "priceCalcDate": 1745315659000,
          "deliveryInterceptFail": null,
          "externalBuyerId": null,
          "addrId": {
            "id": 70002638
          },
          "totalAmt": 639936.0,
          "discountAmt": 0.0,
          "discountInfo": "",
          "platformDiscountAmt": null,
          "merchantDiscountAmt": null,
          "actualPaidAmt": null,
          "freightAmt": null,
          "buyerRemark": null,
          "sellerRemark": null,
          "id": 16379034,
          "createdBy": {
            "id": 540175374525637
          },
          "updatedBy": {
            "id": 540175374525637
          },
          "createdAt": 1745315659000,
          "updatedAt": 1745315659000,
          "version": 1,
          "deleted": 0,
          "originOrgId": 0,
          "soItems": [
            {
              "soId": {
                "id": 16379034
              },
              "id": 16301034
            }
          ]
        },
        {
          "soCode": "SO002278",
          "soDocDate": 1745251200000,
          "soExtCode": null,
          "baseCurrId": {
            "id": 2000001
          },
          "slsCurrId": {
            "id": 2000001
          },
          "exchRate": 1.0,
          "grossBaseAmt": 728816.0,
          "netBaseAmt": 644969.911504,
          "taxAmt": 83846.088496,
          "soCreateSource": "TERP门户",
          "slsOrgId": {
            "id": 14579001
          },
          "slsTmId": null,
          "soTypeId": {
            "soTypeCode": "STND",
            "soTypeName": "标准销售",
            "partnerProcedureHeadRef": {
              "id": 14005002
            },
            "attachmentProcedureHeadRef": null,
            "status": "ENABLED",
            "soTypeDesc": "标准销售",
            "genTextTypeRef": null,
            "isRev": false,
            "isSubmitApproval": true,
            "isModifyApproval": false,
            "currExchangeRateType": {
              "id": 2000001
            },
            "btClass": "SALES",
            "effectiveDays": null,
            "syncPrice": false,
            "isDefault": false,
            "id": 2101001,
            "createdBy": {
              "id": 27
            },
            "updatedBy": {
              "id": 477234922377861
            },
            "createdAt": 1685108645000,
            "updatedAt": 1745892294000,
            "version": 68,
            "deleted": 0,
            "originOrgId": 0
          },
          "custId": {
            "id": 2059001
          },
          "custPersonName": "李月汝",
          "custPhone": "18378999655",
          "slsPersonName": "章昂",
          "slsPhone": "17376596912",
          "soStatus": "DRAFT",
          "approveStatus": null,
          "soTitle": null,
          "soDesc": null,
          "soNotes": null,
          "isFixedExchRate": false,
          "slsComId": {
            "id": 14373001
          },
          "priceIdempotent": "7a6a0da1422ce818a80eb6cf3b7072d6",
          "freezeType": "NU_FREEZE",
          "soAssociationCode": null,
          "soBusinessStatus": null,
          "bizRuleGroup": null,
          "addrDetail": "佛山市禅城区季华五路28号",
          "currExchangeRateType": {
            "id": 2000001
          },
          "slsDcId": {
            "id": 14378001
          },
          "btClass": "SALES",
          "effectiveAt": null,
          "slsPerson": {
            "id": 14094003
          },
          "reCalculate": null,
          "invOrg": null,
          "invLoc": null,
          "priceCalcDate": 1745315585000,
          "deliveryInterceptFail": null,
          "externalBuyerId": null,
          "addrId": {
            "id": 70002638
          },
          "totalAmt": 728816.0,
          "discountAmt": 0.0,
          "discountInfo": "",
          "platformDiscountAmt": null,
          "merchantDiscountAmt": null,
          "actualPaidAmt": null,
          "freightAmt": null,
          "buyerRemark": null,
          "sellerRemark": null,
          "id": 16379032,
          "createdBy": {
            "id": 540175374525637
          },
          "updatedBy": {
            "id": 540175374525637
          },
          "createdAt": 1745315586000,
          "updatedAt": 1745315586000,
          "version": 1,
          "deleted": 0,
          "originOrgId": 0,
          "soItems": [
            {
              "soId": {
                "id": 16379032
              },
              "id": 16301032
            }
          ]
        },
        {
          "soCode": "SO002272",
          "soDocDate": 1745251200000,
          "soExtCode": null,
          "baseCurrId": {
            "id": 2000001
          },
          "slsCurrId": {
            "id": 2000001
          },
          "exchRate": 1.0,
          "grossBaseAmt": 648824.0,
          "netBaseAmt": 574180.530973,
          "taxAmt": 74643.469027,
          "soCreateSource": "TERP门户",
          "slsOrgId": {
            "id": 14579001
          },
          "slsTmId": null,
          "soTypeId": {
            "soTypeCode": "STND",
            "soTypeName": "标准销售",
            "partnerProcedureHeadRef": {
              "id": 14005002
            },
            "attachmentProcedureHeadRef": null,
            "status": "ENABLED",
            "soTypeDesc": "标准销售",
            "genTextTypeRef": null,
            "isRev": false,
            "isSubmitApproval": true,
            "isModifyApproval": false,
            "currExchangeRateType": {
              "id": 2000001
            },
            "btClass": "SALES",
            "effectiveDays": null,
            "syncPrice": false,
            "isDefault": false,
            "id": 2101001,
            "createdBy": {
              "id": 27
            },
            "updatedBy": {
              "id": 477234922377861
            },
            "createdAt": 1685108645000,
            "updatedAt": 1745892294000,
            "version": 68,
            "deleted": 0,
            "originOrgId": 0
          },
          "custId": {
            "id": 2059001
          },
          "custPersonName": "李月汝",
          "custPhone": "18378999655",
          "slsPersonName": "章昂",
          "slsPhone": "17376596912",
          "soStatus": "DRAFT",
          "approveStatus": null,
          "soTitle": null,
          "soDesc": null,
          "soNotes": null,
          "isFixedExchRate": false,
          "slsComId": {
            "id": 14373001
          },
          "priceIdempotent": "322657ecc8417eb97d5d8b97269226e1",
          "freezeType": "NU_FREEZE",
          "soAssociationCode": null,
          "soBusinessStatus": "INIT",
          "bizRuleGroup": null,
          "addrDetail": "佛山市禅城区季华五路28号",
          "currExchangeRateType": {
            "id": 2000001
          },
          "slsDcId": {
            "id": 14378001
          },
          "btClass": "SALES",
          "effectiveAt": null,
          "slsPerson": {
            "id": 14094003
          },
          "reCalculate": null,
          "invOrg": null,
          "invLoc": null,
          "priceCalcDate": 1745315012000,
          "deliveryInterceptFail": null,
          "externalBuyerId": null,
          "addrId": {
            "id": 70002638
          },
          "totalAmt": 648824.0,
          "discountAmt": 0.0,
          "discountInfo": "",
          "platformDiscountAmt": null,
          "merchantDiscountAmt": null,
          "actualPaidAmt": null,
          "freightAmt": null,
          "buyerRemark": null,
          "sellerRemark": null,
          "id": 16379030,
          "createdBy": {
            "id": 540175374525637
          },
          "updatedBy": {
            "id": 540175374525637
          },
          "createdAt": 1745315013000,
          "updatedAt": 1745315017000,
          "version": 4,
          "deleted": 0,
          "originOrgId": 0,
          "soItems": [
            {
              "soId": {
                "id": 16379030
              },
              "id": 16301030
            }
          ]
        },
        {
          "soCode": "SO002270",
          "soDocDate": 1745251200000,
          "soExtCode": null,
          "baseCurrId": {
            "id": 2000001
          },
          "slsCurrId": {
            "id": 2000001
          },
          "exchRate": 1.0,
          "grossBaseAmt": 648824.0,
          "netBaseAmt": 574180.530973,
          "taxAmt": 74643.469027,
          "soCreateSource": "TERP门户",
          "slsOrgId": {
            "id": 14579001
          },
          "slsTmId": null,
          "soTypeId": {
            "soTypeCode": "STND",
            "soTypeName": "标准销售",
            "partnerProcedureHeadRef": {
              "id": 14005002
            },
            "attachmentProcedureHeadRef": null,
            "status": "ENABLED",
            "soTypeDesc": "标准销售",
            "genTextTypeRef": null,
            "isRev": false,
            "isSubmitApproval": true,
            "isModifyApproval": false,
            "currExchangeRateType": {
              "id": 2000001
            },
            "btClass": "SALES",
            "effectiveDays": null,
            "syncPrice": false,
            "isDefault": false,
            "id": 2101001,
            "createdBy": {
              "id": 27
            },
            "updatedBy": {
              "id": 477234922377861
            },
            "createdAt": 1685108645000,
            "updatedAt": 1745892294000,
            "version": 68,
            "deleted": 0,
            "originOrgId": 0
          },
          "custId": {
            "id": 2059001
          },
          "custPersonName": "李月汝",
          "custPhone": "18378999655",
          "slsPersonName": "章昂",
          "slsPhone": "17376596912",
          "soStatus": "DRAFT",
          "approveStatus": null,
          "soTitle": null,
          "soDesc": null,
          "soNotes": null,
          "isFixedExchRate": false,
          "slsComId": {
            "id": 14373001
          },
          "priceIdempotent": "bbd3054439d62a326c8bde49da575b35",
          "freezeType": "NU_FREEZE",
          "soAssociationCode": null,
          "soBusinessStatus": null,
          "bizRuleGroup": null,
          "addrDetail": "佛山市禅城区季华五路28号",
          "currExchangeRateType": {
            "id": 2000001
          },
          "slsDcId": {
            "id": 14378001
          },
          "btClass": "SALES",
          "effectiveAt": null,
          "slsPerson": {
            "id": 14094003
          },
          "reCalculate": null,
          "invOrg": null,
          "invLoc": null,
          "priceCalcDate": 1745315011000,
          "deliveryInterceptFail": null,
          "externalBuyerId": null,
          "addrId": {
            "id": 70002638
          },
          "totalAmt": 648824.0,
          "discountAmt": 0.0,
          "discountInfo": "",
          "platformDiscountAmt": null,
          "merchantDiscountAmt": null,
          "actualPaidAmt": null,
          "freightAmt": null,
          "buyerRemark": null,
          "sellerRemark": null,
          "id": 16379029,
          "createdBy": {
            "id": 540175374525637
          },
          "updatedBy": {
            "id": 540175374525637
          },
          "createdAt": 1745315012000,
          "updatedAt": 1745315012000,
          "version": 1,
          "deleted": 0,
          "originOrgId": 0,
          "soItems": [
            {
              "soId": {
                "id": 16379029
              },
              "id": 16301029
            }
          ]
        },
        {
          "soCode": "SO002265",
          "soDocDate": 1745251200000,
          "soExtCode": null,
          "baseCurrId": {
            "id": 2000001
          },
          "slsCurrId": {
            "id": 2000001
          },
          "exchRate": 1.0,
          "grossBaseAmt": 622160.0,
          "netBaseAmt": 550584.070796,
          "taxAmt": 71575.929204,
          "soCreateSource": "TERP门户",
          "slsOrgId": {
            "id": 14579001
          },
          "slsTmId": null,
          "soTypeId": {
            "soTypeCode": "STND",
            "soTypeName": "标准销售",
            "partnerProcedureHeadRef": {
              "id": 14005002
            },
            "attachmentProcedureHeadRef": null,
            "status": "ENABLED",
            "soTypeDesc": "标准销售",
            "genTextTypeRef": null,
            "isRev": false,
            "isSubmitApproval": true,
            "isModifyApproval": false,
            "currExchangeRateType": {
              "id": 2000001
            },
            "btClass": "SALES",
            "effectiveDays": null,
            "syncPrice": false,
            "isDefault": false,
            "id": 2101001,
            "createdBy": {
              "id": 27
            },
            "updatedBy": {
              "id": 477234922377861
            },
            "createdAt": 1685108645000,
            "updatedAt": 1745892294000,
            "version": 68,
            "deleted": 0,
            "originOrgId": 0
          },
          "custId": {
            "id": 2059001
          },
          "custPersonName": "李月汝",
          "custPhone": "18378999655",
          "slsPersonName": "章昂",
          "slsPhone": "17376596912",
          "soStatus": "DRAFT",
          "approveStatus": null,
          "soTitle": null,
          "soDesc": null,
          "soNotes": null,
          "isFixedExchRate": false,
          "slsComId": {
            "id": 14373001
          },
          "priceIdempotent": "f49ee4447c1370d1a08bbc30227fb814",
          "freezeType": "NU_FREEZE",
          "soAssociationCode": null,
          "soBusinessStatus": null,
          "bizRuleGroup": null,
          "addrDetail": "佛山市禅城区季华五路28号",
          "currExchangeRateType": {
            "id": 2000001
          },
          "slsDcId": {
            "id": 14378001
          },
          "btClass": "SALES",
          "effectiveAt": null,
          "slsPerson": {
            "id": 14094003
          },
          "reCalculate": null,
          "invOrg": null,
          "invLoc": null,
          "priceCalcDate": 1745315005000,
          "deliveryInterceptFail": null,
          "externalBuyerId": null,
          "addrId": {
            "id": 70002638
          },
          "totalAmt": 622160.0,
          "discountAmt": 0.0,
          "discountInfo": "",
          "platformDiscountAmt": null,
          "merchantDiscountAmt": null,
          "actualPaidAmt": null,
          "freightAmt": null,
          "buyerRemark": null,
          "sellerRemark": null,
          "id": 16379027,
          "createdBy": {
            "id": 540175374525637
          },
          "updatedBy": {
            "id": 540175374525637
          },
          "createdAt": 1745315005000,
          "updatedAt": 1745315005000,
          "version": 1,
          "deleted": 0,
          "originOrgId": 0,
          "soItems": [
            {
              "soId": {
                "id": 16379027
              },
              "id": 16301027
            }
          ]
        }
      ],
      "total": 22
    }
  }
}
2025-05-06 14:38:11|LogUtil.info line:33| 发送请求: 按单据状态 DRAFT 查询销售订单列表
2025-05-06 14:38:11|test_02_orderlist_query.test_03_query_orders_by_status line:333| 
提取的嵌套数据: [
  {
    "soCode": "SO002628",
    "soDocDate": 1745769600000,
    "soExtCode": null,
    "baseCurrId": {
      "id": 2000001
    },
    "slsCurrId": {
      "id": 2000001
    },
    "exchRate": 1.0,
    "grossBaseAmt": 808808.0,
    "netBaseAmt": 715759.292035,
    "taxAmt": 93048.707965,
    "soCreateSource": "TERP门户",
    "slsOrgId": {
      "id": 14579001
    },
    "slsTmId": null,
    "soTypeId": {
      "soTypeCode": "STND",
      "soTypeName": "标准销售",
      "partnerProcedureHeadRef": {
        "id": 14005002
      },
      "attachmentProcedureHeadRef": null,
      "status": "ENABLED",
      "soTypeDesc": "标准销售",
      "genTextTypeRef": null,
      "isRev": false,
      "isSubmitApproval": true,
      "isModifyApproval": false,
      "currExchangeRateType": {
        "id": 2000001
      },
      "btClass": "SALES",
      "effectiveDays": null,
      "syncPrice": false,
      "isDefault": false,
      "id": 2101001,
      "createdBy": {
        "id": 27
      },
      "updatedBy": {
        "id": 477234922377861
      },
      "createdAt": 1685108645000,
      "updatedAt": 1745892294000,
      "version": 68,
      "deleted": 0,
      "originOrgId": 0
    },
    "custId": {
      "id": 2059001
    },
    "custPersonName": "李月汝",
    "custPhone": "18378999655",
    "slsPersonName": "章昂",
    "slsPhone": "17376596912",
    "soStatus": "DRAFT",
    "approveStatus": null,
    "soTitle": null,
    "soDesc": null,
    "soNotes": null,
    "isFixedExchRate": false,
    "slsComId": {
      "id": 14373001
    },
    "priceIdempotent": "41920343f1a38caafa18238e371a79ad",
    "freezeType": "NU_FREEZE",
    "soAssociationCode": null,
    "soBusinessStatus": "INIT",
    "bizRuleGroup": null,
    "addrDetail": "佛山市禅城区季华五路28号",
    "currExchangeRateType": {
      "id": 2000001
    },
    "slsDcId": {
      "id": 14378001
    },
    "btClass": "SALES",
    "effectiveAt": null,
    "slsPerson": {
      "id": 14094003
    },
    "reCalculate": null,
    "invOrg": null,
    "invLoc": null,
    "priceCalcDate": 1745824651000,
    "deliveryInterceptFail": null,
    "externalBuyerId": null,
    "addrId": {
      "id": 70002638
    },
    "totalAmt": 808808.0,
    "discountAmt": 0.0,
    "discountInfo": "",
    "platformDiscountAmt": null,
    "merchantDiscountAmt": null,
    "actualPaidAmt": null,
    "freightAmt": null,
    "buyerRemark": null,
    "sellerRemark": null,
    "id": 16383002,
    "createdBy": {
      "id": 540175374525637
    },
    "updatedBy": {
      "id": 540175374525637
    },
    "createdAt": 1745824651000,
    "updatedAt": 1745824693000,
    "version": 4,
    "deleted": 0,
    "originOrgId": 0,
    "slsPartnerLinks": [
      {
        "soId": {
          "id": 16383002
        },
        "id": 16227002
      }
    ],
    "soItems": [
      {
        "soId": {
          "id": 16383002
        },
        "id": 16305002
      }
    ]
  },
  {
    "soCode": "SO002395",
    "soDocDate": 1745337600000,
    "soExtCode": null,
    "baseCurrId": {
      "id": 2000001
    },
    "slsCurrId": {
      "id": 2000001
    },
    "exchRate": 1.0,
    "grossBaseAmt": 231088.0,
    "netBaseAmt": 204502.654867,
    "taxAmt": 26585.345133,
    "soCreateSource": "TERP门户",
    "slsOrgId": {
      "id": 14579001
    },
    "slsTmId": null,
    "soTypeId": {
      "soTypeCode": "STND",
      "soTypeName": "标准销售",
      "partnerProcedureHeadRef": {
        "id": 14005002
      },
      "attachmentProcedureHeadRef": null,
      "status": "ENABLED",
      "soTypeDesc": "标准销售",
      "genTextTypeRef": null,
      "isRev": false,
      "isSubmitApproval": true,
      "isModifyApproval": false,
      "currExchangeRateType": {
        "id": 2000001
      },
      "btClass": "SALES",
      "effectiveDays": null,
      "syncPrice": false,
      "isDefault": false,
      "id": 2101001,
      "createdBy": {
        "id": 27
      },
      "updatedBy": {
        "id": 477234922377861
      },
      "createdAt": 1685108645000,
      "updatedAt": 1745892294000,
      "version": 68,
      "deleted": 0,
      "originOrgId": 0
    },
    "custId": {
      "id": 2059001
    },
    "custPersonName": "李月汝",
    "custPhone": "18378999655",
    "slsPersonName": "章昂",
    "slsPhone": "17376596912",
    "soStatus": "DRAFT",
    "approveStatus": null,
    "soTitle": null,
    "soDesc": null,
    "soNotes": null,
    "isFixedExchRate": false,
    "slsComId": {
      "id": 14373001
    },
    "priceIdempotent": "7ff5e538011f2f8d44397839a96f2c8a",
    "freezeType": "NU_FREEZE",
    "soAssociationCode": null,
    "soBusinessStatus": "INIT",
    "bizRuleGroup": null,
    "addrDetail": "佛山市禅城区季华五路28号",
    "currExchangeRateType": {
      "id": 2000001
    },
    "slsDcId": {
      "id": 14378001
    },
    "btClass": "SALES",
    "effectiveAt": null,
    "slsPerson": {
      "id": 14094003
    },
    "reCalculate": null,
    "invOrg": null,
    "invLoc": null,
    "priceCalcDate": 1745375442000,
    "deliveryInterceptFail": null,
    "externalBuyerId": null,
    "addrId": {
      "id": 70002638
    },
    "totalAmt": 231088.0,
    "discountAmt": 0.0,
    "discountInfo": "",
    "platformDiscountAmt": null,
    "merchantDiscountAmt": null,
    "actualPaidAmt": null,
    "freightAmt": null,
    "buyerRemark": null,
    "sellerRemark": null,
    "id": 16379066,
    "createdBy": {
      "id": 540175374525637
    },
    "updatedBy": {
      "id": 540175374525637
    },
    "createdAt": 1745375442000,
    "updatedAt": 1745375450000,
    "version": 4,
    "deleted": 0,
    "originOrgId": 0,
    "slsPartnerLinks": [
      {
        "soId": {
          "id": 16379066
        },
        "id": 16223032
      }
    ],
    "soItems": [
      {
        "soId": {
          "id": 16379066
        },
        "id": 16301068
      }
    ]
  },
  {
    "soCode": "SO002377",
    "soDocDate": 1745337600000,
    "soExtCode": null,
    "baseCurrId": {
      "id": 2000001
    },
    "slsCurrId": {
      "id": 2000001
    },
    "exchRate": 1.0,
    "grossBaseAmt": 417736.0,
    "netBaseAmt": 369677.876106,
    "taxAmt": 48058.123894,
    "soCreateSource": "TERP门户",
    "slsOrgId": {
      "id": 14579001
    },
    "slsTmId": null,
    "soTypeId": {
      "soTypeCode": "STND",
      "soTypeName": "标准销售",
      "partnerProcedureHeadRef": {
        "id": 14005002
      },
      "attachmentProcedureHeadRef": null,
      "status": "ENABLED",
      "soTypeDesc": "标准销售",
      "genTextTypeRef": null,
      "isRev": false,
      "isSubmitApproval": true,
      "isModifyApproval": false,
      "currExchangeRateType": {
        "id": 2000001
      },
      "btClass": "SALES",
      "effectiveDays": null,
      "syncPrice": false,
      "isDefault": false,
      "id": 2101001,
      "createdBy": {
        "id": 27
      },
      "updatedBy": {
        "id": 477234922377861
      },
      "createdAt": 1685108645000,
      "updatedAt": 1745892294000,
      "version": 68,
      "deleted": 0,
      "originOrgId": 0
    },
    "custId": {
      "id": 2059001
    },
    "custPersonName": "李月汝",
    "custPhone": "18378999655",
    "slsPersonName": "章昂",
    "slsPhone": "17376596912",
    "soStatus": "DRAFT",
    "approveStatus": null,
    "soTitle": null,
    "soDesc": null,
    "soNotes": null,
    "isFixedExchRate": false,
    "slsComId": {
      "id": 14373001
    },
    "priceIdempotent": "3bb74b3773745de18b7e6d898cffe412",
    "freezeType": "NU_FREEZE",
    "soAssociationCode": null,
    "soBusinessStatus": null,
    "bizRuleGroup": null,
    "addrDetail": "佛山市禅城区季华五路28号",
    "currExchangeRateType": {
      "id": 2000001
    },
    "slsDcId": {
      "id": 14378001
    },
    "btClass": "SALES",
    "effectiveAt": null,
    "slsPerson": {
      "id": 14094003
    },
    "reCalculate": null,
    "invOrg": null,
    "invLoc": null,
    "priceCalcDate": 1745375198000,
    "deliveryInterceptFail": null,
    "externalBuyerId": null,
    "addrId": {
      "id": 70002638
    },
    "totalAmt": 417736.0,
    "discountAmt": 0.0,
    "discountInfo": "",
    "platformDiscountAmt": null,
    "merchantDiscountAmt": null,
    "actualPaidAmt": null,
    "freightAmt": null,
    "buyerRemark": null,
    "sellerRemark": null,
    "id": 16379057,
    "createdBy": {
      "id": 540175374525637
    },
    "updatedBy": {
      "id": 540175374525637
    },
    "createdAt": 1745375199000,
    "updatedAt": 1745375199000,
    "version": 1,
    "deleted": 0,
    "originOrgId": 0,
    "slsPartnerLinks": [
      {
        "soId": {
          "id": 16379057
        },
        "id": 16223023
      }
    ],
    "soItems": [
      {
        "soId": {
          "id": 16379057
        },
        "id": 16301059
      }
    ]
  },
  {
    "soCode": "SO002373",
    "soDocDate": 1745337600000,
    "soExtCode": null,
    "baseCurrId": {
      "id": 2000001
    },
    "slsCurrId": {
      "id": 2000001
    },
    "exchRate": 1.0,
    "grossBaseAmt": 791032.0,
    "netBaseAmt": 700028.318584,
    "taxAmt": 91003.681416,
    "soCreateSource": "TERP门户",
    "slsOrgId": {
      "id": 14579001
    },
    "slsTmId": null,
    "soTypeId": {
      "soTypeCode": "STND",
      "soTypeName": "标准销售",
      "partnerProcedureHeadRef": {
        "id": 14005002
      },
      "attachmentProcedureHeadRef": null,
      "status": "ENABLED",
      "soTypeDesc": "标准销售",
      "genTextTypeRef": null,
      "isRev": false,
      "isSubmitApproval": true,
      "isModifyApproval": false,
      "currExchangeRateType": {
        "id": 2000001
      },
      "btClass": "SALES",
      "effectiveDays": null,
      "syncPrice": false,
      "isDefault": false,
      "id": 2101001,
      "createdBy": {
        "id": 27
      },
      "updatedBy": {
        "id": 477234922377861
      },
      "createdAt": 1685108645000,
      "updatedAt": 1745892294000,
      "version": 68,
      "deleted": 0,
      "originOrgId": 0
    },
    "custId": {
      "id": 2059001
    },
    "custPersonName": "李月汝",
    "custPhone": "18378999655",
    "slsPersonName": "章昂",
    "slsPhone": "17376596912",
    "soStatus": "DRAFT",
    "approveStatus": null,
    "soTitle": null,
    "soDesc": null,
    "soNotes": null,
    "isFixedExchRate": false,
    "slsComId": {
      "id": 14373001
    },
    "priceIdempotent": "6bc7bb37dff04ef9fefabfd5cb590aea",
    "freezeType": "NU_FREEZE",
    "soAssociationCode": null,
    "soBusinessStatus": null,
    "bizRuleGroup": null,
    "addrDetail": "佛山市禅城区季华五路28号",
    "currExchangeRateType": {
      "id": 2000001
    },
    "slsDcId": {
      "id": 14378001
    },
    "btClass": "SALES",
    "effectiveAt": null,
    "slsPerson": {
      "id": 14094003
    },
    "reCalculate": null,
    "invOrg": null,
    "invLoc": null,
    "priceCalcDate": 1745375188000,
    "deliveryInterceptFail": null,
    "externalBuyerId": null,
    "addrId": {
      "id": 70002638
    },
    "totalAmt": 791032.0,
    "discountAmt": 0.0,
    "discountInfo": "",
    "platformDiscountAmt": null,
    "merchantDiscountAmt": null,
    "actualPaidAmt": null,
    "freightAmt": null,
    "buyerRemark": null,
    "sellerRemark": null,
    "id": 16379055,
    "createdBy": {
      "id": 540175374525637
    },
    "updatedBy": {
      "id": 540175374525637
    },
    "createdAt": 1745375189000,
    "updatedAt": 1745375189000,
    "version": 1,
    "deleted": 0,
    "originOrgId": 0,
    "slsPartnerLinks": [
      {
        "soId": {
          "id": 16379055
        },
        "id": 16223021
      }
    ],
    "soItems": [
      {
        "soId": {
          "id": 16379055
        },
        "id": 16301057
      }
    ]
  },
  {
    "soCode": "SO002369",
    "soDocDate": 1745337600000,
    "soExtCode": null,
    "baseCurrId": {
      "id": 2000001
    },
    "slsCurrId": {
      "id": 2000001
    },
    "exchRate": 1.0,
    "grossBaseAmt": 204424.0,
    "netBaseAmt": 180906.19469,
    "taxAmt": 23517.80531,
    "soCreateSource": "TERP门户",
    "slsOrgId": {
      "id": 14579001
    },
    "slsTmId": null,
    "soTypeId": {
      "soTypeCode": "STND",
      "soTypeName": "标准销售",
      "partnerProcedureHeadRef": {
        "id": 14005002
      },
      "attachmentProcedureHeadRef": null,
      "status": "ENABLED",
      "soTypeDesc": "标准销售",
      "genTextTypeRef": null,
      "isRev": false,
      "isSubmitApproval": true,
      "isModifyApproval": false,
      "currExchangeRateType": {
        "id": 2000001
      },
      "btClass": "SALES",
      "effectiveDays": null,
      "syncPrice": false,
      "isDefault": false,
      "id": 2101001,
      "createdBy": {
        "id": 27
      },
      "updatedBy": {
        "id": 477234922377861
      },
      "createdAt": 1685108645000,
      "updatedAt": 1745892294000,
      "version": 68,
      "deleted": 0,
      "originOrgId": 0
    },
    "custId": {
      "id": 2059001
    },
    "custPersonName": "李月汝",
    "custPhone": "18378999655",
    "slsPersonName": "章昂",
    "slsPhone": "17376596912",
    "soStatus": "DRAFT",
    "approveStatus": null,
    "soTitle": null,
    "soDesc": null,
    "soNotes": null,
    "isFixedExchRate": false,
    "slsComId": {
      "id": 14373001
    },
    "priceIdempotent": "6d97c06133363605b4a485fc0b778ef1",
    "freezeType": "NU_FREEZE",
    "soAssociationCode": null,
    "soBusinessStatus": null,
    "bizRuleGroup": null,
    "addrDetail": "佛山市禅城区季华五路28号",
    "currExchangeRateType": {
      "id": 2000001
    },
    "slsDcId": {
      "id": 14378001
    },
    "btClass": "SALES",
    "effectiveAt": null,
    "slsPerson": {
      "id": 14094003
    },
    "reCalculate": null,
    "invOrg": null,
    "invLoc": null,
    "priceCalcDate": 1745374937000,
    "deliveryInterceptFail": null,
    "externalBuyerId": null,
    "addrId": {
      "id": 70002638
    },
    "totalAmt": 204424.0,
    "discountAmt": 0.0,
    "discountInfo": "",
    "platformDiscountAmt": null,
    "merchantDiscountAmt": null,
    "actualPaidAmt": null,
    "freightAmt": null,
    "buyerRemark": null,
    "sellerRemark": null,
    "id": 16379053,
    "createdBy": {
      "id": 540175374525637
    },
    "updatedBy": {
      "id": 540175374525637
    },
    "createdAt": 1745374937000,
    "updatedAt": 1745374937000,
    "version": 1,
    "deleted": 0,
    "originOrgId": 0,
    "slsPartnerLinks": [
      {
        "soId": {
          "id": 16379053
        },
        "id": 16223019
      }
    ],
    "soItems": [
      {
        "soId": {
          "id": 16379053
        },
        "id": 16301055
      }
    ]
  },
  {
    "soCode": "SO002367",
    "soDocDate": 1745337600000,
    "soExtCode": null,
    "baseCurrId": {
      "id": 2000001
    },
    "slsCurrId": {
      "id": 2000001
    },
    "exchRate": 1.0,
    "grossBaseAmt": 462176.0,
    "netBaseAmt": 409005.309735,
    "taxAmt": 53170.690265,
    "soCreateSource": "TERP门户",
    "slsOrgId": {
      "id": 14579001
    },
    "slsTmId": null,
    "soTypeId": {
      "soTypeCode": "STND",
      "soTypeName": "标准销售",
      "partnerProcedureHeadRef": {
        "id": 14005002
      },
      "attachmentProcedureHeadRef": null,
      "status": "ENABLED",
      "soTypeDesc": "标准销售",
      "genTextTypeRef": null,
      "isRev": false,
      "isSubmitApproval": true,
      "isModifyApproval": false,
      "currExchangeRateType": {
        "id": 2000001
      },
      "btClass": "SALES",
      "effectiveDays": null,
      "syncPrice": false,
      "isDefault": false,
      "id": 2101001,
      "createdBy": {
        "id": 27
      },
      "updatedBy": {
        "id": 477234922377861
      },
      "createdAt": 1685108645000,
      "updatedAt": 1745892294000,
      "version": 68,
      "deleted": 0,
      "originOrgId": 0
    },
    "custId": {
      "id": 2059001
    },
    "custPersonName": "李月汝",
    "custPhone": "18378999655",
    "slsPersonName": "章昂",
    "slsPhone": "17376596912",
    "soStatus": "DRAFT",
    "approveStatus": null,
    "soTitle": null,
    "soDesc": null,
    "soNotes": null,
    "isFixedExchRate": false,
    "slsComId": {
      "id": 14373001
    },
    "priceIdempotent": "bb897ee043167c91ec8b785c73f52290",
    "freezeType": "NU_FREEZE",
    "soAssociationCode": null,
    "soBusinessStatus": null,
    "bizRuleGroup": null,
    "addrDetail": "佛山市禅城区季华五路28号",
    "currExchangeRateType": {
      "id": 2000001
    },
    "slsDcId": {
      "id": 14378001
    },
    "btClass": "SALES",
    "effectiveAt": null,
    "slsPerson": {
      "id": 14094003
    },
    "reCalculate": null,
    "invOrg": null,
    "invLoc": null,
    "priceCalcDate": 1745374924000,
    "deliveryInterceptFail": null,
    "externalBuyerId": null,
    "addrId": {
      "id": 70002638
    },
    "totalAmt": 462176.0,
    "discountAmt": 0.0,
    "discountInfo": "",
    "platformDiscountAmt": null,
    "merchantDiscountAmt": null,
    "actualPaidAmt": null,
    "freightAmt": null,
    "buyerRemark": null,
    "sellerRemark": null,
    "id": 16379052,
    "createdBy": {
      "id": 540175374525637
    },
    "updatedBy": {
      "id": 540175374525637
    },
    "createdAt": 1745374925000,
    "updatedAt": 1745374925000,
    "version": 1,
    "deleted": 0,
    "originOrgId": 0,
    "slsPartnerLinks": [
      {
        "soId": {
          "id": 16379052
        },
        "id": 16223018
      }
    ],
    "soItems": [
      {
        "soId": {
          "id": 16379052
        },
        "id": 16301054
      }
    ]
  },
  {
    "soCode": "SO002364",
    "soDocDate": 1745337600000,
    "soExtCode": null,
    "baseCurrId": {
      "id": 2000001
    },
    "slsCurrId": {
      "id": 2000001
    },
    "exchRate": 1.0,
    "grossBaseAmt": 533280.0,
    "netBaseAmt": 471929.20354,
    "taxAmt": 61350.79646,
    "soCreateSource": "TERP门户",
    "slsOrgId": {
      "id": 14579001
    },
    "slsTmId": null,
    "soTypeId": {
      "soTypeCode": "STND",
      "soTypeName": "标准销售",
      "partnerProcedureHeadRef": {
        "id": 14005002
      },
      "attachmentProcedureHeadRef": null,
      "status": "ENABLED",
      "soTypeDesc": "标准销售",
      "genTextTypeRef": null,
      "isRev": false,
      "isSubmitApproval": true,
      "isModifyApproval": false,
      "currExchangeRateType": {
        "id": 2000001
      },
      "btClass": "SALES",
      "effectiveDays": null,
      "syncPrice": false,
      "isDefault": false,
      "id": 2101001,
      "createdBy": {
        "id": 27
      },
      "updatedBy": {
        "id": 477234922377861
      },
      "createdAt": 1685108645000,
      "updatedAt": 1745892294000,
      "version": 68,
      "deleted": 0,
      "originOrgId": 0
    },
    "custId": {
      "id": 2059001
    },
    "custPersonName": "李月汝",
    "custPhone": "18378999655",
    "slsPersonName": "章昂",
    "slsPhone": "17376596912",
    "soStatus": "DRAFT",
    "approveStatus": null,
    "soTitle": null,
    "soDesc": null,
    "soNotes": null,
    "isFixedExchRate": false,
    "slsComId": {
      "id": 14373001
    },
    "priceIdempotent": "49e98c94d4bd961f900feb1f47e991cf",
    "freezeType": "NU_FREEZE",
    "soAssociationCode": null,
    "soBusinessStatus": null,
    "bizRuleGroup": null,
    "addrDetail": "佛山市禅城区季华五路28号",
    "currExchangeRateType": {
      "id": 2000001
    },
    "slsDcId": {
      "id": 14378001
    },
    "btClass": "SALES",
    "effectiveAt": null,
    "slsPerson": {
      "id": 14094003
    },
    "reCalculate": null,
    "invOrg": null,
    "invLoc": null,
    "priceCalcDate": 1745374864000,
    "deliveryInterceptFail": null,
    "externalBuyerId": null,
    "addrId": {
      "id": 70002638
    },
    "totalAmt": 533280.0,
    "discountAmt": 0.0,
    "discountInfo": "",
    "platformDiscountAmt": null,
    "merchantDiscountAmt": null,
    "actualPaidAmt": null,
    "freightAmt": null,
    "buyerRemark": null,
    "sellerRemark": null,
    "id": 16379050,
    "createdBy": {
      "id": 540175374525637
    },
    "updatedBy": {
      "id": 540175374525637
    },
    "createdAt": 1745374865000,
    "updatedAt": 1745374865000,
    "version": 1,
    "deleted": 0,
    "originOrgId": 0,
    "slsPartnerLinks": [
      {
        "soId": {
          "id": 16379050
        },
        "id": 16223016
      }
    ],
    "soItems": [
      {
        "soId": {
          "id": 16379050
        },
        "id": 16301051
      }
    ]
  },
  {
    "soCode": "SO002360",
    "soDocDate": 1745337600000,
    "soExtCode": null,
    "baseCurrId": {
      "id": 2000001
    },
    "slsCurrId": {
      "id": 2000001
    },
    "exchRate": 1.0,
    "grossBaseAmt": 284416.0,
    "netBaseAmt": 251695.575221,
    "taxAmt": 32720.424779,
    "soCreateSource": "TERP门户",
    "slsOrgId": {
      "id": 14579001
    },
    "slsTmId": null,
    "soTypeId": {
      "soTypeCode": "STND",
      "soTypeName": "标准销售",
      "partnerProcedureHeadRef": {
        "id": 14005002
      },
      "attachmentProcedureHeadRef": null,
      "status": "ENABLED",
      "soTypeDesc": "标准销售",
      "genTextTypeRef": null,
      "isRev": false,
      "isSubmitApproval": true,
      "isModifyApproval": false,
      "currExchangeRateType": {
        "id": 2000001
      },
      "btClass": "SALES",
      "effectiveDays": null,
      "syncPrice": false,
      "isDefault": false,
      "id": 2101001,
      "createdBy": {
        "id": 27
      },
      "updatedBy": {
        "id": 477234922377861
      },
      "createdAt": 1685108645000,
      "updatedAt": 1745892294000,
      "version": 68,
      "deleted": 0,
      "originOrgId": 0
    },
    "custId": {
      "id": 2059001
    },
    "custPersonName": "李月汝",
    "custPhone": "18378999655",
    "slsPersonName": "章昂",
    "slsPhone": "17376596912",
    "soStatus": "DRAFT",
    "approveStatus": null,
    "soTitle": null,
    "soDesc": null,
    "soNotes": null,
    "isFixedExchRate": false,
    "slsComId": {
      "id": 14373001
    },
    "priceIdempotent": "3ccbf5503f5adb91ca00776b0ec5644d",
    "freezeType": "NU_FREEZE",
    "soAssociationCode": null,
    "soBusinessStatus": null,
    "bizRuleGroup": null,
    "addrDetail": "佛山市禅城区季华五路28号",
    "currExchangeRateType": {
      "id": 2000001
    },
    "slsDcId": {
      "id": 14378001
    },
    "btClass": "SALES",
    "effectiveAt": null,
    "slsPerson": {
      "id": 14094003
    },
    "reCalculate": null,
    "invOrg": null,
    "invLoc": null,
    "priceCalcDate": 1745374619000,
    "deliveryInterceptFail": null,
    "externalBuyerId": null,
    "addrId": {
      "id": 70002638
    },
    "totalAmt": 284416.0,
    "discountAmt": 0.0,
    "discountInfo": "",
    "platformDiscountAmt": null,
    "merchantDiscountAmt": null,
    "actualPaidAmt": null,
    "freightAmt": null,
    "buyerRemark": null,
    "sellerRemark": null,
    "id": 16379048,
    "createdBy": {
      "id": 540175374525637
    },
    "updatedBy": {
      "id": 540175374525637
    },
    "createdAt": 1745374619000,
    "updatedAt": 1745374619000,
    "version": 1,
    "deleted": 0,
    "originOrgId": 0,
    "slsPartnerLinks": [
      {
        "soId": {
          "id": 16379048
        },
        "id": 16223014
      }
    ],
    "soItems": [
      {
        "soId": {
          "id": 16379048
        },
        "id": 16301048
      }
    ]
  },
  {
    "soCode": "SO002347",
    "soDocDate": 1745251200000,
    "soExtCode": null,
    "baseCurrId": {
      "id": 2000001
    },
    "slsCurrId": {
      "id": 2000001
    },
    "exchRate": 1.0,
    "grossBaseAmt": 808808.0,
    "netBaseAmt": 715759.292035,
    "taxAmt": 93048.707965,
    "soCreateSource": "TERP门户",
    "slsOrgId": {
      "id": 14579001
    },
    "slsTmId": null,
    "soTypeId": {
      "soTypeCode": "STND",
      "soTypeName": "标准销售",
      "partnerProcedureHeadRef": {
        "id": 14005002
      },
      "attachmentProcedureHeadRef": null,
      "status": "ENABLED",
      "soTypeDesc": "标准销售",
      "genTextTypeRef": null,
      "isRev": false,
      "isSubmitApproval": true,
      "isModifyApproval": false,
      "currExchangeRateType": {
        "id": 2000001
      },
      "btClass": "SALES",
      "effectiveDays": null,
      "syncPrice": false,
      "isDefault": false,
      "id": 2101001,
      "createdBy": {
        "id": 27
      },
      "updatedBy": {
        "id": 477234922377861
      },
      "createdAt": 1685108645000,
      "updatedAt": 1745892294000,
      "version": 68,
      "deleted": 0,
      "originOrgId": 0
    },
    "custId": {
      "id": 2059001
    },
    "custPersonName": "李月汝",
    "custPhone": "18378999655",
    "slsPersonName": "章昂",
    "slsPhone": "17376596912",
    "soStatus": "DRAFT",
    "approveStatus": null,
    "soTitle": null,
    "soDesc": null,
    "soNotes": null,
    "isFixedExchRate": false,
    "slsComId": {
      "id": 14373001
    },
    "priceIdempotent": "e229ff84215e46865316b861098e4d6e",
    "freezeType": "NU_FREEZE",
    "soAssociationCode": null,
    "soBusinessStatus": null,
    "bizRuleGroup": null,
    "addrDetail": "佛山市禅城区季华五路28号",
    "currExchangeRateType": {
      "id": 2000001
    },
    "slsDcId": {
      "id": 14378001
    },
    "btClass": "SALES",
    "effectiveAt": null,
    "slsPerson": {
      "id": 14094003
    },
    "reCalculate": null,
    "invOrg": null,
    "invLoc": null,
    "priceCalcDate": 1745325328000,
    "deliveryInterceptFail": null,
    "externalBuyerId": null,
    "addrId": {
      "id": 70002638
    },
    "totalAmt": 808808.0,
    "discountAmt": 0.0,
    "discountInfo": "",
    "platformDiscountAmt": null,
    "merchantDiscountAmt": null,
    "actualPaidAmt": null,
    "freightAmt": null,
    "buyerRemark": null,
    "sellerRemark": null,
    "id": 16379046,
    "createdBy": {
      "id": 540175374525637
    },
    "updatedBy": {
      "id": 540175374525637
    },
    "createdAt": 1745325328000,
    "updatedAt": 1745325328000,
    "version": 1,
    "deleted": 0,
    "originOrgId": 0,
    "slsPartnerLinks": [
      {
        "soId": {
          "id": 16379046
        },
        "id": 16223012
      }
    ],
    "soItems": [
      {
        "soId": {
          "id": 16379046
        },
        "id": 16301046
      }
    ]
  },
  {
    "soCode": "SO002342",
    "soDocDate": 1745251200000,
    "soExtCode": null,
    "baseCurrId": {
      "id": 2000001
    },
    "slsCurrId": {
      "id": 2000001
    },
    "exchRate": 1.0,
    "grossBaseAmt": 533280.0,
    "netBaseAmt": 471929.20354,
    "taxAmt": 61350.79646,
    "soCreateSource": "TERP门户",
    "slsOrgId": {
      "id": 14579001
    },
    "slsTmId": null,
    "soTypeId": {
      "soTypeCode": "STND",
      "soTypeName": "标准销售",
      "partnerProcedureHeadRef": {
        "id": 14005002
      },
      "attachmentProcedureHeadRef": null,
      "status": "ENABLED",
      "soTypeDesc": "标准销售",
      "genTextTypeRef": null,
      "isRev": false,
      "isSubmitApproval": true,
      "isModifyApproval": false,
      "currExchangeRateType": {
        "id": 2000001
      },
      "btClass": "SALES",
      "effectiveDays": null,
      "syncPrice": false,
      "isDefault": false,
      "id": 2101001,
      "createdBy": {
        "id": 27
      },
      "updatedBy": {
        "id": 477234922377861
      },
      "createdAt": 1685108645000,
      "updatedAt": 1745892294000,
      "version": 68,
      "deleted": 0,
      "originOrgId": 0
    },
    "custId": {
      "id": 2059001
    },
    "custPersonName": "李月汝",
    "custPhone": "18378999655",
    "slsPersonName": "章昂",
    "slsPhone": "17376596912",
    "soStatus": "DRAFT",
    "approveStatus": null,
    "soTitle": null,
    "soDesc": null,
    "soNotes": null,
    "isFixedExchRate": false,
    "slsComId": {
      "id": 14373001
    },
    "priceIdempotent": "d7106e324ec3d28cce8c251adbeccb55",
    "freezeType": "NU_FREEZE",
    "soAssociationCode": null,
    "soBusinessStatus": null,
    "bizRuleGroup": null,
    "addrDetail": "佛山市禅城区季华五路28号",
    "currExchangeRateType": {
      "id": 2000001
    },
    "slsDcId": {
      "id": 14378001
    },
    "btClass": "SALES",
    "effectiveAt": null,
    "slsPerson": {
      "id": 14094003
    },
    "reCalculate": null,
    "invOrg": null,
    "invLoc": null,
    "priceCalcDate": 1745325323000,
    "deliveryInterceptFail": null,
    "externalBuyerId": null,
    "addrId": {
      "id": 70002638
    },
    "totalAmt": 533280.0,
    "discountAmt": 0.0,
    "discountInfo": "",
    "platformDiscountAmt": null,
    "merchantDiscountAmt": null,
    "actualPaidAmt": null,
    "freightAmt": null,
    "buyerRemark": null,
    "sellerRemark": null,
    "id": 16379044,
    "createdBy": {
      "id": 540175374525637
    },
    "updatedBy": {
      "id": 540175374525637
    },
    "createdAt": 1745325323000,
    "updatedAt": 1745325323000,
    "version": 1,
    "deleted": 0,
    "originOrgId": 0,
    "slsPartnerLinks": [
      {
        "soId": {
          "id": 16379044
        },
        "id": 16223010
      }
    ],
    "soItems": [
      {
        "soId": {
          "id": 16379044
        },
        "id": 16301044
      }
    ]
  },
  {
    "soCode": "SO002338",
    "soDocDate": 1745251200000,
    "soExtCode": null,
    "baseCurrId": {
      "id": 2000001
    },
    "slsCurrId": {
      "id": 2000001
    },
    "exchRate": 1.0,
    "grossBaseAmt": 533280.0,
    "netBaseAmt": 471929.20354,
    "taxAmt": 61350.79646,
    "soCreateSource": "TERP门户",
    "slsOrgId": {
      "id": 14579001
    },
    "slsTmId": null,
    "soTypeId": {
      "soTypeCode": "STND",
      "soTypeName": "标准销售",
      "partnerProcedureHeadRef": {
        "id": 14005002
      },
      "attachmentProcedureHeadRef": null,
      "status": "ENABLED",
      "soTypeDesc": "标准销售",
      "genTextTypeRef": null,
      "isRev": false,
      "isSubmitApproval": true,
      "isModifyApproval": false,
      "currExchangeRateType": {
        "id": 2000001
      },
      "btClass": "SALES",
      "effectiveDays": null,
      "syncPrice": false,
      "isDefault": false,
      "id": 2101001,
      "createdBy": {
        "id": 27
      },
      "updatedBy": {
        "id": 477234922377861
      },
      "createdAt": 1685108645000,
      "updatedAt": 1745892294000,
      "version": 68,
      "deleted": 0,
      "originOrgId": 0
    },
    "custId": {
      "id": 2059001
    },
    "custPersonName": "李月汝",
    "custPhone": "18378999655",
    "slsPersonName": "章昂",
    "slsPhone": "17376596912",
    "soStatus": "DRAFT",
    "approveStatus": null,
    "soTitle": null,
    "soDesc": null,
    "soNotes": null,
    "isFixedExchRate": false,
    "slsComId": {
      "id": 14373001
    },
    "priceIdempotent": "e8b57fa49a7c8f5e8ca79c307825c055",
    "freezeType": "NU_FREEZE",
    "soAssociationCode": null,
    "soBusinessStatus": null,
    "bizRuleGroup": null,
    "addrDetail": "佛山市禅城区季华五路28号",
    "currExchangeRateType": {
      "id": 2000001
    },
    "slsDcId": {
      "id": 14378001
    },
    "btClass": "SALES",
    "effectiveAt": null,
    "slsPerson": {
      "id": 14094003
    },
    "reCalculate": null,
    "invOrg": null,
    "invLoc": null,
    "priceCalcDate": 1745325319000,
    "deliveryInterceptFail": null,
    "externalBuyerId": null,
    "addrId": {
      "id": 70002638
    },
    "totalAmt": 533280.0,
    "discountAmt": 0.0,
    "discountInfo": "",
    "platformDiscountAmt": null,
    "merchantDiscountAmt": null,
    "actualPaidAmt": null,
    "freightAmt": null,
    "buyerRemark": null,
    "sellerRemark": null,
    "id": 16379042,
    "createdBy": {
      "id": 540175374525637
    },
    "updatedBy": {
      "id": 540175374525637
    },
    "createdAt": 1745325319000,
    "updatedAt": 1745325319000,
    "version": 1,
    "deleted": 0,
    "originOrgId": 0,
    "slsPartnerLinks": [
      {
        "soId": {
          "id": 16379042
        },
        "id": 16223008
      }
    ],
    "soItems": [
      {
        "soId": {
          "id": 16379042
        },
        "id": 16301042
      }
    ]
  },
  {
    "soCode": "SO002331",
    "soDocDate": 1745251200000,
    "soExtCode": null,
    "baseCurrId": {
      "id": 2000001
    },
    "slsCurrId": {
      "id": 2000001
    },
    "exchRate": 1.0,
    "grossBaseAmt": 391072.0,
    "netBaseAmt": 346081.415929,
    "taxAmt": 44990.584071,
    "soCreateSource": "TERP门户",
    "slsOrgId": {
      "id": 14579001
    },
    "slsTmId": null,
    "soTypeId": {
      "soTypeCode": "STND",
      "soTypeName": "标准销售",
      "partnerProcedureHeadRef": {
        "id": 14005002
      },
      "attachmentProcedureHeadRef": null,
      "status": "ENABLED",
      "soTypeDesc": "标准销售",
      "genTextTypeRef": null,
      "isRev": false,
      "isSubmitApproval": true,
      "isModifyApproval": false,
      "currExchangeRateType": {
        "id": 2000001
      },
      "btClass": "SALES",
      "effectiveDays": null,
      "syncPrice": false,
      "isDefault": false,
      "id": 2101001,
      "createdBy": {
        "id": 27
      },
      "updatedBy": {
        "id": 477234922377861
      },
      "createdAt": 1685108645000,
      "updatedAt": 1745892294000,
      "version": 68,
      "deleted": 0,
      "originOrgId": 0
    },
    "custId": {
      "id": 2059001
    },
    "custPersonName": "李月汝",
    "custPhone": "18378999655",
    "slsPersonName": "章昂",
    "slsPhone": "17376596912",
    "soStatus": "DRAFT",
    "approveStatus": null,
    "soTitle": null,
    "soDesc": null,
    "soNotes": null,
    "isFixedExchRate": false,
    "slsComId": {
      "id": 14373001
    },
    "priceIdempotent": "04dee9d5ce8e5a72a2a22804a375861a",
    "freezeType": "NU_FREEZE",
    "soAssociationCode": null,
    "soBusinessStatus": null,
    "bizRuleGroup": null,
    "addrDetail": "佛山市禅城区季华五路28号",
    "currExchangeRateType": {
      "id": 2000001
    },
    "slsDcId": {
      "id": 14378001
    },
    "btClass": "SALES",
    "effectiveAt": null,
    "slsPerson": {
      "id": 14094003
    },
    "reCalculate": null,
    "invOrg": null,
    "invLoc": null,
    "priceCalcDate": 1745324900000,
    "deliveryInterceptFail": null,
    "externalBuyerId": null,
    "addrId": {
      "id": 70002638
    },
    "totalAmt": 391072.0,
    "discountAmt": 0.0,
    "discountInfo": "",
    "platformDiscountAmt": null,
    "merchantDiscountAmt": null,
    "actualPaidAmt": null,
    "freightAmt": null,
    "buyerRemark": null,
    "sellerRemark": null,
    "id": 16379040,
    "createdBy": {
      "id": 540175374525637
    },
    "updatedBy": {
      "id": 540175374525637
    },
    "createdAt": 1745324900000,
    "updatedAt": 1745324900000,
    "version": 1,
    "deleted": 0,
    "originOrgId": 0,
    "slsPartnerLinks": [
      {
        "soId": {
          "id": 16379040
        },
        "id": 16223006
      }
    ],
    "soItems": [
      {
        "soId": {
          "id": 16379040
        },
        "id": 16301040
      }
    ]
  },
  {
    "soCode": "SO002310",
    "soDocDate": 1745251200000,
    "soExtCode": null,
    "baseCurrId": {
      "id": 2000001
    },
    "slsCurrId": {
      "id": 2000001
    },
    "exchRate": 1.0,
    "grossBaseAmt": 106656.0,
    "netBaseAmt": 94385.840708,
    "taxAmt": 12270.159292,
    "soCreateSource": "TERP门户",
    "slsOrgId": {
      "id": 14579001
    },
    "slsTmId": null,
    "soTypeId": {
      "soTypeCode": "STND",
      "soTypeName": "标准销售",
      "partnerProcedureHeadRef": {
        "id": 14005002
      },
      "attachmentProcedureHeadRef": null,
      "status": "ENABLED",
      "soTypeDesc": "标准销售",
      "genTextTypeRef": null,
      "isRev": false,
      "isSubmitApproval": true,
      "isModifyApproval": false,
      "currExchangeRateType": {
        "id": 2000001
      },
      "btClass": "SALES",
      "effectiveDays": null,
      "syncPrice": false,
      "isDefault": false,
      "id": 2101001,
      "createdBy": {
        "id": 27
      },
      "updatedBy": {
        "id": 477234922377861
      },
      "createdAt": 1685108645000,
      "updatedAt": 1745892294000,
      "version": 68,
      "deleted": 0,
      "originOrgId": 0
    },
    "custId": {
      "id": 2059001
    },
    "custPersonName": "李月汝",
    "custPhone": "18378999655",
    "slsPersonName": "章昂",
    "slsPhone": "17376596912",
    "soStatus": "DRAFT",
    "approveStatus": null,
    "soTitle": null,
    "soDesc": null,
    "soNotes": null,
    "isFixedExchRate": false,
    "slsComId": {
      "id": 14373001
    },
    "priceIdempotent": "6687906a1836f581301dd09fa321d370",
    "freezeType": "NU_FREEZE",
    "soAssociationCode": null,
    "soBusinessStatus": null,
    "bizRuleGroup": null,
    "addrDetail": "佛山市禅城区季华五路28号",
    "currExchangeRateType": {
      "id": 2000001
    },
    "slsDcId": {
      "id": 14378001
    },
    "btClass": "SALES",
    "effectiveAt": null,
    "slsPerson": {
      "id": 14094003
    },
    "reCalculate": null,
    "invOrg": null,
    "invLoc": null,
    "priceCalcDate": 1745324034000,
    "deliveryInterceptFail": null,
    "externalBuyerId": null,
    "addrId": {
      "id": 70002638
    },
    "totalAmt": 106656.0,
    "discountAmt": 0.0,
    "discountInfo": "",
    "platformDiscountAmt": null,
    "merchantDiscountAmt": null,
    "actualPaidAmt": null,
    "freightAmt": null,
    "buyerRemark": null,
    "sellerRemark": null,
    "id": 16379039,
    "createdBy": {
      "id": 540175374525637
    },
    "updatedBy": {
      "id": 540175374525637
    },
    "createdAt": 1745324035000,
    "updatedAt": 1745324035000,
    "version": 1,
    "deleted": 0,
    "originOrgId": 0,
    "slsPartnerLinks": [
      {
        "soId": {
          "id": 16379039
        },
        "id": 16223005
      }
    ],
    "soItems": [
      {
        "soId": {
          "id": 16379039
        },
        "id": 16301039
      }
    ]
  },
  {
    "soCode": "SO002292",
    "soDocDate": 1745251200000,
    "soExtCode": null,
    "baseCurrId": {
      "id": 2000001
    },
    "slsCurrId": {
      "id": 2000001
    },
    "exchRate": 1.0,
    "grossBaseAmt": 97768.0,
    "netBaseAmt": 86520.353982,
    "taxAmt": 11247.646018,
    "soCreateSource": "TERP门户",
    "slsOrgId": {
      "id": 14579001
    },
    "slsTmId": null,
    "soTypeId": {
      "soTypeCode": "STND",
      "soTypeName": "标准销售",
      "partnerProcedureHeadRef": {
        "id": 14005002
      },
      "attachmentProcedureHeadRef": null,
      "status": "ENABLED",
      "soTypeDesc": "标准销售",
      "genTextTypeRef": null,
      "isRev": false,
      "isSubmitApproval": true,
      "isModifyApproval": false,
      "currExchangeRateType": {
        "id": 2000001
      },
      "btClass": "SALES",
      "effectiveDays": null,
      "syncPrice": false,
      "isDefault": false,
      "id": 2101001,
      "createdBy": {
        "id": 27
      },
      "updatedBy": {
        "id": 477234922377861
      },
      "createdAt": 1685108645000,
      "updatedAt": 1745892294000,
      "version": 68,
      "deleted": 0,
      "originOrgId": 0
    },
    "custId": {
      "id": 2059001
    },
    "custPersonName": "李月汝",
    "custPhone": "18378999655",
    "slsPersonName": "章昂",
    "slsPhone": "17376596912",
    "soStatus": "DRAFT",
    "approveStatus": null,
    "soTitle": null,
    "soDesc": null,
    "soNotes": null,
    "isFixedExchRate": false,
    "slsComId": {
      "id": 14373001
    },
    "priceIdempotent": "e8285f20b09df5ab65459801e29e25d2",
    "freezeType": "NU_FREEZE",
    "soAssociationCode": null,
    "soBusinessStatus": null,
    "bizRuleGroup": null,
    "addrDetail": "佛山市禅城区季华五路28号",
    "currExchangeRateType": {
      "id": 2000001
    },
    "slsDcId": {
      "id": 14378001
    },
    "btClass": "SALES",
    "effectiveAt": null,
    "slsPerson": {
      "id": 14094003
    },
    "reCalculate": null,
    "invOrg": null,
    "invLoc": null,
    "priceCalcDate": 1745315745000,
    "deliveryInterceptFail": null,
    "externalBuyerId": null,
    "addrId": {
      "id": 70002638
    },
    "totalAmt": 97768.0,
    "discountAmt": 0.0,
    "discountInfo": "",
    "platformDiscountAmt": null,
    "merchantDiscountAmt": null,
    "actualPaidAmt": null,
    "freightAmt": null,
    "buyerRemark": null,
    "sellerRemark": null,
    "id": 16379037,
    "createdBy": {
      "id": 540175374525637
    },
    "updatedBy": {
      "id": 540175374525637
    },
    "createdAt": 1745315745000,
    "updatedAt": 1745315745000,
    "version": 1,
    "deleted": 0,
    "originOrgId": 0,
    "soItems": [
      {
        "soId": {
          "id": 16379037
        },
        "id": 16301037
      }
    ]
  },
  {
    "soCode": "SO002288",
    "soDocDate": 1745251200000,
    "soExtCode": null,
    "baseCurrId": {
      "id": 2000001
    },
    "slsCurrId": {
      "id": 2000001
    },
    "exchRate": 1.0,
    "grossBaseAmt": 257752.0,
    "netBaseAmt": 228099.115044,
    "taxAmt": 29652.884956,
    "soCreateSource": "TERP门户",
    "slsOrgId": {
      "id": 14579001
    },
    "slsTmId": null,
    "soTypeId": {
      "soTypeCode": "STND",
      "soTypeName": "标准销售",
      "partnerProcedureHeadRef": {
        "id": 14005002
      },
      "attachmentProcedureHeadRef": null,
      "status": "ENABLED",
      "soTypeDesc": "标准销售",
      "genTextTypeRef": null,
      "isRev": false,
      "isSubmitApproval": true,
      "isModifyApproval": false,
      "currExchangeRateType": {
        "id": 2000001
      },
      "btClass": "SALES",
      "effectiveDays": null,
      "syncPrice": false,
      "isDefault": false,
      "id": 2101001,
      "createdBy": {
        "id": 27
      },
      "updatedBy": {
        "id": 477234922377861
      },
      "createdAt": 1685108645000,
      "updatedAt": 1745892294000,
      "version": 68,
      "deleted": 0,
      "originOrgId": 0
    },
    "custId": {
      "id": 2059001
    },
    "custPersonName": "李月汝",
    "custPhone": "18378999655",
    "slsPersonName": "章昂",
    "slsPhone": "17376596912",
    "soStatus": "DRAFT",
    "approveStatus": null,
    "soTitle": null,
    "soDesc": null,
    "soNotes": null,
    "isFixedExchRate": false,
    "slsComId": {
      "id": 14373001
    },
    "priceIdempotent": "074a42532f957df7a850d57a27f504a8",
    "freezeType": "NU_FREEZE",
    "soAssociationCode": null,
    "soBusinessStatus": null,
    "bizRuleGroup": null,
    "addrDetail": "佛山市禅城区季华五路28号",
    "currExchangeRateType": {
      "id": 2000001
    },
    "slsDcId": {
      "id": 14378001
    },
    "btClass": "SALES",
    "effectiveAt": null,
    "slsPerson": {
      "id": 14094003
    },
    "reCalculate": null,
    "invOrg": null,
    "invLoc": null,
    "priceCalcDate": 1745315720000,
    "deliveryInterceptFail": null,
    "externalBuyerId": null,
    "addrId": {
      "id": 70002638
    },
    "totalAmt": 257752.0,
    "discountAmt": 0.0,
    "discountInfo": "",
    "platformDiscountAmt": null,
    "merchantDiscountAmt": null,
    "actualPaidAmt": null,
    "freightAmt": null,
    "buyerRemark": null,
    "sellerRemark": null,
    "id": 16379036,
    "createdBy": {
      "id": 540175374525637
    },
    "updatedBy": {
      "id": 540175374525637
    },
    "createdAt": 1745315721000,
    "updatedAt": 1745315721000,
    "version": 1,
    "deleted": 0,
    "originOrgId": 0,
    "slsPartnerLinks": [
      {
        "soId": {
          "id": 16379036
        },
        "id": 16223004
      }
    ],
    "soItems": [
      {
        "soId": {
          "id": 16379036
        },
        "id": 16301036
      }
    ]
  },
  {
    "soCode": "SO002284",
    "soDocDate": 1745251200000,
    "soExtCode": null,
    "baseCurrId": {
      "id": 2000001
    },
    "slsCurrId": {
      "id": 2000001
    },
    "exchRate": 1.0,
    "grossBaseAmt": 639936.0,
    "netBaseAmt": 566315.044248,
    "taxAmt": 73620.955752,
    "soCreateSource": "TERP门户",
    "slsOrgId": {
      "id": 14579001
    },
    "slsTmId": null,
    "soTypeId": {
      "soTypeCode": "STND",
      "soTypeName": "标准销售",
      "partnerProcedureHeadRef": {
        "id": 14005002
      },
      "attachmentProcedureHeadRef": null,
      "status": "ENABLED",
      "soTypeDesc": "标准销售",
      "genTextTypeRef": null,
      "isRev": false,
      "isSubmitApproval": true,
      "isModifyApproval": false,
      "currExchangeRateType": {
        "id": 2000001
      },
      "btClass": "SALES",
      "effectiveDays": null,
      "syncPrice": false,
      "isDefault": false,
      "id": 2101001,
      "createdBy": {
        "id": 27
      },
      "updatedBy": {
        "id": 477234922377861
      },
      "createdAt": 1685108645000,
      "updatedAt": 1745892294000,
      "version": 68,
      "deleted": 0,
      "originOrgId": 0
    },
    "custId": {
      "id": 2059001
    },
    "custPersonName": "李月汝",
    "custPhone": "18378999655",
    "slsPersonName": "章昂",
    "slsPhone": "17376596912",
    "soStatus": "DRAFT",
    "approveStatus": null,
    "soTitle": null,
    "soDesc": null,
    "soNotes": null,
    "isFixedExchRate": false,
    "slsComId": {
      "id": 14373001
    },
    "priceIdempotent": "7321c690e3243987b7e32fa7271fb758",
    "freezeType": "NU_FREEZE",
    "soAssociationCode": null,
    "soBusinessStatus": null,
    "bizRuleGroup": null,
    "addrDetail": "佛山市禅城区季华五路28号",
    "currExchangeRateType": {
      "id": 2000001
    },
    "slsDcId": {
      "id": 14378001
    },
    "btClass": "SALES",
    "effectiveAt": null,
    "slsPerson": {
      "id": 14094003
    },
    "reCalculate": null,
    "invOrg": null,
    "invLoc": null,
    "priceCalcDate": 1745315659000,
    "deliveryInterceptFail": null,
    "externalBuyerId": null,
    "addrId": {
      "id": 70002638
    },
    "totalAmt": 639936.0,
    "discountAmt": 0.0,
    "discountInfo": "",
    "platformDiscountAmt": null,
    "merchantDiscountAmt": null,
    "actualPaidAmt": null,
    "freightAmt": null,
    "buyerRemark": null,
    "sellerRemark": null,
    "id": 16379034,
    "createdBy": {
      "id": 540175374525637
    },
    "updatedBy": {
      "id": 540175374525637
    },
    "createdAt": 1745315659000,
    "updatedAt": 1745315659000,
    "version": 1,
    "deleted": 0,
    "originOrgId": 0,
    "soItems": [
      {
        "soId": {
          "id": 16379034
        },
        "id": 16301034
      }
    ]
  },
  {
    "soCode": "SO002278",
    "soDocDate": 1745251200000,
    "soExtCode": null,
    "baseCurrId": {
      "id": 2000001
    },
    "slsCurrId": {
      "id": 2000001
    },
    "exchRate": 1.0,
    "grossBaseAmt": 728816.0,
    "netBaseAmt": 644969.911504,
    "taxAmt": 83846.088496,
    "soCreateSource": "TERP门户",
    "slsOrgId": {
      "id": 14579001
    },
    "slsTmId": null,
    "soTypeId": {
      "soTypeCode": "STND",
      "soTypeName": "标准销售",
      "partnerProcedureHeadRef": {
        "id": 14005002
      },
      "attachmentProcedureHeadRef": null,
      "status": "ENABLED",
      "soTypeDesc": "标准销售",
      "genTextTypeRef": null,
      "isRev": false,
      "isSubmitApproval": true,
      "isModifyApproval": false,
      "currExchangeRateType": {
        "id": 2000001
      },
      "btClass": "SALES",
      "effectiveDays": null,
      "syncPrice": false,
      "isDefault": false,
      "id": 2101001,
      "createdBy": {
        "id": 27
      },
      "updatedBy": {
        "id": 477234922377861
      },
      "createdAt": 1685108645000,
      "updatedAt": 1745892294000,
      "version": 68,
      "deleted": 0,
      "originOrgId": 0
    },
    "custId": {
      "id": 2059001
    },
    "custPersonName": "李月汝",
    "custPhone": "18378999655",
    "slsPersonName": "章昂",
    "slsPhone": "17376596912",
    "soStatus": "DRAFT",
    "approveStatus": null,
    "soTitle": null,
    "soDesc": null,
    "soNotes": null,
    "isFixedExchRate": false,
    "slsComId": {
      "id": 14373001
    },
    "priceIdempotent": "7a6a0da1422ce818a80eb6cf3b7072d6",
    "freezeType": "NU_FREEZE",
    "soAssociationCode": null,
    "soBusinessStatus": null,
    "bizRuleGroup": null,
    "addrDetail": "佛山市禅城区季华五路28号",
    "currExchangeRateType": {
      "id": 2000001
    },
    "slsDcId": {
      "id": 14378001
    },
    "btClass": "SALES",
    "effectiveAt": null,
    "slsPerson": {
      "id": 14094003
    },
    "reCalculate": null,
    "invOrg": null,
    "invLoc": null,
    "priceCalcDate": 1745315585000,
    "deliveryInterceptFail": null,
    "externalBuyerId": null,
    "addrId": {
      "id": 70002638
    },
    "totalAmt": 728816.0,
    "discountAmt": 0.0,
    "discountInfo": "",
    "platformDiscountAmt": null,
    "merchantDiscountAmt": null,
    "actualPaidAmt": null,
    "freightAmt": null,
    "buyerRemark": null,
    "sellerRemark": null,
    "id": 16379032,
    "createdBy": {
      "id": 540175374525637
    },
    "updatedBy": {
      "id": 540175374525637
    },
    "createdAt": 1745315586000,
    "updatedAt": 1745315586000,
    "version": 1,
    "deleted": 0,
    "originOrgId": 0,
    "soItems": [
      {
        "soId": {
          "id": 16379032
        },
        "id": 16301032
      }
    ]
  },
  {
    "soCode": "SO002272",
    "soDocDate": 1745251200000,
    "soExtCode": null,
    "baseCurrId": {
      "id": 2000001
    },
    "slsCurrId": {
      "id": 2000001
    },
    "exchRate": 1.0,
    "grossBaseAmt": 648824.0,
    "netBaseAmt": 574180.530973,
    "taxAmt": 74643.469027,
    "soCreateSource": "TERP门户",
    "slsOrgId": {
      "id": 14579001
    },
    "slsTmId": null,
    "soTypeId": {
      "soTypeCode": "STND",
      "soTypeName": "标准销售",
      "partnerProcedureHeadRef": {
        "id": 14005002
      },
      "attachmentProcedureHeadRef": null,
      "status": "ENABLED",
      "soTypeDesc": "标准销售",
      "genTextTypeRef": null,
      "isRev": false,
      "isSubmitApproval": true,
      "isModifyApproval": false,
      "currExchangeRateType": {
        "id": 2000001
      },
      "btClass": "SALES",
      "effectiveDays": null,
      "syncPrice": false,
      "isDefault": false,
      "id": 2101001,
      "createdBy": {
        "id": 27
      },
      "updatedBy": {
        "id": 477234922377861
      },
      "createdAt": 1685108645000,
      "updatedAt": 1745892294000,
      "version": 68,
      "deleted": 0,
      "originOrgId": 0
    },
    "custId": {
      "id": 2059001
    },
    "custPersonName": "李月汝",
    "custPhone": "18378999655",
    "slsPersonName": "章昂",
    "slsPhone": "17376596912",
    "soStatus": "DRAFT",
    "approveStatus": null,
    "soTitle": null,
    "soDesc": null,
    "soNotes": null,
    "isFixedExchRate": false,
    "slsComId": {
      "id": 14373001
    },
    "priceIdempotent": "322657ecc8417eb97d5d8b97269226e1",
    "freezeType": "NU_FREEZE",
    "soAssociationCode": null,
    "soBusinessStatus": "INIT",
    "bizRuleGroup": null,
    "addrDetail": "佛山市禅城区季华五路28号",
    "currExchangeRateType": {
      "id": 2000001
    },
    "slsDcId": {
      "id": 14378001
    },
    "btClass": "SALES",
    "effectiveAt": null,
    "slsPerson": {
      "id": 14094003
    },
    "reCalculate": null,
    "invOrg": null,
    "invLoc": null,
    "priceCalcDate": 1745315012000,
    "deliveryInterceptFail": null,
    "externalBuyerId": null,
    "addrId": {
      "id": 70002638
    },
    "totalAmt": 648824.0,
    "discountAmt": 0.0,
    "discountInfo": "",
    "platformDiscountAmt": null,
    "merchantDiscountAmt": null,
    "actualPaidAmt": null,
    "freightAmt": null,
    "buyerRemark": null,
    "sellerRemark": null,
    "id": 16379030,
    "createdBy": {
      "id": 540175374525637
    },
    "updatedBy": {
      "id": 540175374525637
    },
    "createdAt": 1745315013000,
    "updatedAt": 1745315017000,
    "version": 4,
    "deleted": 0,
    "originOrgId": 0,
    "soItems": [
      {
        "soId": {
          "id": 16379030
        },
        "id": 16301030
      }
    ]
  },
  {
    "soCode": "SO002270",
    "soDocDate": 1745251200000,
    "soExtCode": null,
    "baseCurrId": {
      "id": 2000001
    },
    "slsCurrId": {
      "id": 2000001
    },
    "exchRate": 1.0,
    "grossBaseAmt": 648824.0,
    "netBaseAmt": 574180.530973,
    "taxAmt": 74643.469027,
    "soCreateSource": "TERP门户",
    "slsOrgId": {
      "id": 14579001
    },
    "slsTmId": null,
    "soTypeId": {
      "soTypeCode": "STND",
      "soTypeName": "标准销售",
      "partnerProcedureHeadRef": {
        "id": 14005002
      },
      "attachmentProcedureHeadRef": null,
      "status": "ENABLED",
      "soTypeDesc": "标准销售",
      "genTextTypeRef": null,
      "isRev": false,
      "isSubmitApproval": true,
      "isModifyApproval": false,
      "currExchangeRateType": {
        "id": 2000001
      },
      "btClass": "SALES",
      "effectiveDays": null,
      "syncPrice": false,
      "isDefault": false,
      "id": 2101001,
      "createdBy": {
        "id": 27
      },
      "updatedBy": {
        "id": 477234922377861
      },
      "createdAt": 1685108645000,
      "updatedAt": 1745892294000,
      "version": 68,
      "deleted": 0,
      "originOrgId": 0
    },
    "custId": {
      "id": 2059001
    },
    "custPersonName": "李月汝",
    "custPhone": "18378999655",
    "slsPersonName": "章昂",
    "slsPhone": "17376596912",
    "soStatus": "DRAFT",
    "approveStatus": null,
    "soTitle": null,
    "soDesc": null,
    "soNotes": null,
    "isFixedExchRate": false,
    "slsComId": {
      "id": 14373001
    },
    "priceIdempotent": "bbd3054439d62a326c8bde49da575b35",
    "freezeType": "NU_FREEZE",
    "soAssociationCode": null,
    "soBusinessStatus": null,
    "bizRuleGroup": null,
    "addrDetail": "佛山市禅城区季华五路28号",
    "currExchangeRateType": {
      "id": 2000001
    },
    "slsDcId": {
      "id": 14378001
    },
    "btClass": "SALES",
    "effectiveAt": null,
    "slsPerson": {
      "id": 14094003
    },
    "reCalculate": null,
    "invOrg": null,
    "invLoc": null,
    "priceCalcDate": 1745315011000,
    "deliveryInterceptFail": null,
    "externalBuyerId": null,
    "addrId": {
      "id": 70002638
    },
    "totalAmt": 648824.0,
    "discountAmt": 0.0,
    "discountInfo": "",
    "platformDiscountAmt": null,
    "merchantDiscountAmt": null,
    "actualPaidAmt": null,
    "freightAmt": null,
    "buyerRemark": null,
    "sellerRemark": null,
    "id": 16379029,
    "createdBy": {
      "id": 540175374525637
    },
    "updatedBy": {
      "id": 540175374525637
    },
    "createdAt": 1745315012000,
    "updatedAt": 1745315012000,
    "version": 1,
    "deleted": 0,
    "originOrgId": 0,
    "soItems": [
      {
        "soId": {
          "id": 16379029
        },
        "id": 16301029
      }
    ]
  },
  {
    "soCode": "SO002265",
    "soDocDate": 1745251200000,
    "soExtCode": null,
    "baseCurrId": {
      "id": 2000001
    },
    "slsCurrId": {
      "id": 2000001
    },
    "exchRate": 1.0,
    "grossBaseAmt": 622160.0,
    "netBaseAmt": 550584.070796,
    "taxAmt": 71575.929204,
    "soCreateSource": "TERP门户",
    "slsOrgId": {
      "id": 14579001
    },
    "slsTmId": null,
    "soTypeId": {
      "soTypeCode": "STND",
      "soTypeName": "标准销售",
      "partnerProcedureHeadRef": {
        "id": 14005002
      },
      "attachmentProcedureHeadRef": null,
      "status": "ENABLED",
      "soTypeDesc": "标准销售",
      "genTextTypeRef": null,
      "isRev": false,
      "isSubmitApproval": true,
      "isModifyApproval": false,
      "currExchangeRateType": {
        "id": 2000001
      },
      "btClass": "SALES",
      "effectiveDays": null,
      "syncPrice": false,
      "isDefault": false,
      "id": 2101001,
      "createdBy": {
        "id": 27
      },
      "updatedBy": {
        "id": 477234922377861
      },
      "createdAt": 1685108645000,
      "updatedAt": 1745892294000,
      "version": 68,
      "deleted": 0,
      "originOrgId": 0
    },
    "custId": {
      "id": 2059001
    },
    "custPersonName": "李月汝",
    "custPhone": "18378999655",
    "slsPersonName": "章昂",
    "slsPhone": "17376596912",
    "soStatus": "DRAFT",
    "approveStatus": null,
    "soTitle": null,
    "soDesc": null,
    "soNotes": null,
    "isFixedExchRate": false,
    "slsComId": {
      "id": 14373001
    },
    "priceIdempotent": "f49ee4447c1370d1a08bbc30227fb814",
    "freezeType": "NU_FREEZE",
    "soAssociationCode": null,
    "soBusinessStatus": null,
    "bizRuleGroup": null,
    "addrDetail": "佛山市禅城区季华五路28号",
    "currExchangeRateType": {
      "id": 2000001
    },
    "slsDcId": {
      "id": 14378001
    },
    "btClass": "SALES",
    "effectiveAt": null,
    "slsPerson": {
      "id": 14094003
    },
    "reCalculate": null,
    "invOrg": null,
    "invLoc": null,
    "priceCalcDate": 1745315005000,
    "deliveryInterceptFail": null,
    "externalBuyerId": null,
    "addrId": {
      "id": 70002638
    },
    "totalAmt": 622160.0,
    "discountAmt": 0.0,
    "discountInfo": "",
    "platformDiscountAmt": null,
    "merchantDiscountAmt": null,
    "actualPaidAmt": null,
    "freightAmt": null,
    "buyerRemark": null,
    "sellerRemark": null,
    "id": 16379027,
    "createdBy": {
      "id": 540175374525637
    },
    "updatedBy": {
      "id": 540175374525637
    },
    "createdAt": 1745315005000,
    "updatedAt": 1745315005000,
    "version": 1,
    "deleted": 0,
    "originOrgId": 0,
    "soItems": [
      {
        "soId": {
          "id": 16379027
        },
        "id": 16301027
      }
    ]
  }
]
2025-05-06 14:38:11|test_02_orderlist_query.test_03_query_orders_by_status line:344| 
成功查询到 20 条状态为 DRAFT 的订单数据
2025-05-06 14:38:11|LogUtil.info line:33| 开始测试: test_03_query_orders_by_status
2025-05-06 14:38:11|test_02_orderlist_query.setup_method line:47| 使用类属性中的测试数据
2025-05-06 14:38:11|test_02_orderlist_query.setup_method line:61| 开始执行测试方法: test_03_query_orders_by_status
2025-05-06 14:38:11|test_02_orderlist_query.setup_method line:65| 初始化测试数据完成
2025-05-06 14:38:11|test_02_orderlist_query.test_03_query_orders_by_status line:324| 
准备发送请求...
2025-05-06 14:38:11|test_02_orderlist_query.test_03_query_orders_by_status line:325| 查询条件: 订单状态 = EFFECT
2025-05-06 14:38:11|LogUtil.info line:33| 发送请求: 按单据状态 EFFECT 查询销售订单列表
2025-05-06 14:38:11|test_02_orderlist_query.test_03_query_orders_by_status line:329| 
收到完整响应: {
  "requestId": "d98350ed-1534497",
  "success": true,
  "data": {
    "data": {
      "data": [
        {
          "soCode": "SO002829",
          "soDocDate": 1746007548000,
          "soExtCode": null,
          "baseCurrId": {
            "id": 2000001
          },
          "slsCurrId": {
            "id": 2000001
          },
          "exchRate": 1.0,
          "grossBaseAmt": 115.0,
          "netBaseAmt": 101.769912,
          "taxAmt": 13.230088,
          "soCreateSource": "TERP门户",
          "slsOrgId": {
            "id": 14139002
          },
          "slsTmId": null,
          "soTypeId": {
            "soTypeCode": "STND",
            "soTypeName": "标准销售",
            "partnerProcedureHeadRef": {
              "id": 14005002
            },
            "attachmentProcedureHeadRef": null,
            "status": "ENABLED",
            "soTypeDesc": "标准销售",
            "genTextTypeRef": null,
            "isRev": false,
            "isSubmitApproval": true,
            "isModifyApproval": false,
            "currExchangeRateType": {
              "id": 2000001
            },
            "btClass": "SALES",
            "effectiveDays": null,
            "syncPrice": false,
            "isDefault": false,
            "id": 2101001,
            "createdBy": {
              "id": 27
            },
            "updatedBy": {
              "id": 477234922377861
            },
            "createdAt": 1685108645000,
            "updatedAt": 1745892294000,
            "version": 68,
            "deleted": 0,
            "originOrgId": 0
          },
          "custId": {
            "id": 2059001
          },
          "custPersonName": "李月汝",
          "custPhone": "18378999655",
          "slsPersonName": "侯新雨",
          "slsPhone": "15825540081",
          "soStatus": "EFFECT",
          "approveStatus": null,
          "soTitle": null,
          "soDesc": null,
          "soNotes": null,
          "isFixedExchRate": false,
          "slsComId": {
            "id": 14139001
          },
          "priceIdempotent": "9d5b9997e5cb6d8046028baa69b27c6a",
          "freezeType": "NU_FREEZE",
          "soAssociationCode": null,
          "soBusinessStatus": null,
          "bizRuleGroup": null,
          "addrDetail": "佛山市禅城区季华五路28号",
          "currExchangeRateType": {
            "id": 2000001
          },
          "slsDcId": {
            "id": 2001001
          },
          "btClass": "SALES",
          "effectiveAt": null,
          "slsPerson": {
            "id": 14123089
          },
          "reCalculate": null,
          "invOrg": null,
          "invLoc": null,
          "priceCalcDate": 1745994478000,
          "deliveryInterceptFail": true,
          "externalBuyerId": null,
          "addrId": {
            "id": 70002638
          },
          "totalAmt": 115.0,
          "discountAmt": 0.0,
          "discountInfo": null,
          "platformDiscountAmt": null,
          "merchantDiscountAmt": null,
          "actualPaidAmt": null,
          "freightAmt": null,
          "buyerRemark": null,
          "sellerRemark": null,
          "id": 16391001,
          "createdBy": {
            "id": 540175374525637
          },
          "updatedBy": {
            "id": 540175374525637
          },
          "createdAt": 1746007549000,
          "updatedAt": 1746007549000,
          "version": 9,
          "deleted": 0,
          "originOrgId": 0,
          "slsPartnerLinks": [
            {
              "soId": {
                "id": 16391001
              },
              "id": 16235001
            }
          ],
          "soItems": [
            {
              "soId": {
                "id": 16391001
              },
              "id": 16313001
            }
          ]
        },
        {
          "soCode": "SO002656",
          "soDocDate": 1745769600000,
          "soExtCode": null,
          "baseCurrId": {
            "id": 2000001
          },
          "slsCurrId": {
            "id": 2000001
          },
          "exchRate": 1.0,
          "grossBaseAmt": 604384.0,
          "netBaseAmt": 534853.097345,
          "taxAmt": 69530.902655,
          "soCreateSource": "TERP门户",
          "slsOrgId": {
            "id": 14579001
          },
          "slsTmId": null,
          "soTypeId": {
            "soTypeCode": "STND",
            "soTypeName": "标准销售",
            "partnerProcedureHeadRef": {
              "id": 14005002
            },
            "attachmentProcedureHeadRef": null,
            "status": "ENABLED",
            "soTypeDesc": "标准销售",
            "genTextTypeRef": null,
            "isRev": false,
            "isSubmitApproval": true,
            "isModifyApproval": false,
            "currExchangeRateType": {
              "id": 2000001
            },
            "btClass": "SALES",
            "effectiveDays": null,
            "syncPrice": false,
            "isDefault": false,
            "id": 2101001,
            "createdBy": {
              "id": 27
            },
            "updatedBy": {
              "id": 477234922377861
            },
            "createdAt": 1685108645000,
            "updatedAt": 1745892294000,
            "version": 68,
            "deleted": 0,
            "originOrgId": 0
          },
          "custId": {
            "id": 2059001
          },
          "custPersonName": "李月汝",
          "custPhone": "18378999655",
          "slsPersonName": "章昂",
          "slsPhone": "17376596912",
          "soStatus": "EFFECT",
          "approveStatus": null,
          "soTitle": null,
          "soDesc": null,
          "soNotes": null,
          "isFixedExchRate": false,
          "slsComId": {
            "id": 14373001
          },
          "priceIdempotent": "0b27bb5c644d5a042c9612909fedac42",
          "freezeType": "NU_FREEZE",
          "soAssociationCode": null,
          "soBusinessStatus": "DOC_CREATED",
          "bizRuleGroup": null,
          "addrDetail": "佛山市禅城区季华五路28号",
          "currExchangeRateType": {
            "id": 2000001
          },
          "slsDcId": {
            "id": 14378001
          },
          "btClass": "SALES",
          "effectiveAt": null,
          "slsPerson": {
            "id": 14094003
          },
          "reCalculate": null,
          "invOrg": null,
          "invLoc": null,
          "priceCalcDate": 1745829654000,
          "deliveryInterceptFail": null,
          "externalBuyerId": null,
          "addrId": {
            "id": 70002638
          },
          "totalAmt": 604384.0,
          "discountAmt": 0.0,
          "discountInfo": "",
          "platformDiscountAmt": null,
          "merchantDiscountAmt": null,
          "actualPaidAmt": null,
          "freightAmt": null,
          "buyerRemark": null,
          "sellerRemark": null,
          "id": 16384009,
          "createdBy": {
            "id": 540175374525637
          },
          "updatedBy": {
            "id": 477234922377861
          },
          "createdAt": 1745829654000,
          "updatedAt": 1745832985000,
          "version": 3,
          "deleted": 0,
          "originOrgId": 0,
          "slsPartnerLinks": [
            {
              "soId": {
                "id": 16384009
              },
              "id": 16228009
            }
          ],
          "soItems": [
            {
              "soId": {
                "id": 16384009
              },
              "id": 16306009
            }
          ]
        },
        {
          "soCode": "SO002652",
          "soDocDate": 1745829651000,
          "soExtCode": null,
          "baseCurrId": {
            "id": 2000001
          },
          "slsCurrId": {
            "id": 2000001
          },
          "exchRate": 1.0,
          "grossBaseAmt": 453288.0,
          "netBaseAmt": 401139.823009,
          "taxAmt": 52148.176991,
          "soCreateSource": "TERP门户",
          "slsOrgId": {
            "id": 14579001
          },
          "slsTmId": null,
          "soTypeId": {
            "soTypeCode": "STND",
            "soTypeName": "标准销售",
            "partnerProcedureHeadRef": {
              "id": 14005002
            },
            "attachmentProcedureHeadRef": null,
            "status": "ENABLED",
            "soTypeDesc": "标准销售",
            "genTextTypeRef": null,
            "isRev": false,
            "isSubmitApproval": true,
            "isModifyApproval": false,
            "currExchangeRateType": {
              "id": 2000001
            },
            "btClass": "SALES",
            "effectiveDays": null,
            "syncPrice": false,
            "isDefault": false,
            "id": 2101001,
            "createdBy": {
              "id": 27
            },
            "updatedBy": {
              "id": 477234922377861
            },
            "createdAt": 1685108645000,
            "updatedAt": 1745892294000,
            "version": 68,
            "deleted": 0,
            "originOrgId": 0
          },
          "custId": {
            "id": 2059001
          },
          "custPersonName": "李月汝",
          "custPhone": "18378999655",
          "slsPersonName": "章昂",
          "slsPhone": "17376596912",
          "soStatus": "EFFECT",
          "approveStatus": null,
          "soTitle": null,
          "soDesc": null,
          "soNotes": null,
          "isFixedExchRate": false,
          "slsComId": {
            "id": 14373001
          },
          "priceIdempotent": "29263a81c6a76fe913791aff46c031b4",
          "freezeType": "NU_FREEZE",
          "soAssociationCode": null,
          "soBusinessStatus": null,
          "bizRuleGroup": null,
          "addrDetail": "佛山市禅城区季华五路28号",
          "currExchangeRateType": {
            "id": 2000001
          },
          "slsDcId": {
            "id": 14378001
          },
          "btClass": "SALES",
          "effectiveAt": null,
          "slsPerson": {
            "id": 14094003
          },
          "reCalculate": null,
          "invOrg": null,
          "invLoc": null,
          "priceCalcDate": 1745829644000,
          "deliveryInterceptFail": null,
          "externalBuyerId": null,
          "addrId": {
            "id": 70002638
          },
          "totalAmt": 453288.0,
          "discountAmt": 0.0,
          "discountInfo": "",
          "platformDiscountAmt": null,
          "merchantDiscountAmt": null,
          "actualPaidAmt": null,
          "freightAmt": null,
          "buyerRemark": null,
          "sellerRemark": null,
          "id": 16384007,
          "createdBy": {
            "id": 540175374525637
          },
          "updatedBy": {
            "id": 540175374525637
          },
          "createdAt": 1745829651000,
          "updatedAt": 1745829651000,
          "version": 5,
          "deleted": 0,
          "originOrgId": 0,
          "slsPartnerLinks": [
            {
              "soId": {
                "id": 16384007
              },
              "id": 16228007
            }
          ],
          "soItems": [
            {
              "soId": {
                "id": 16384007
              },
              "id": 16306007
            }
          ]
        },
        {
          "soCode": "SO002650",
          "soDocDate": 1745769600000,
          "soExtCode": null,
          "baseCurrId": {
            "id": 2000001
          },
          "slsCurrId": {
            "id": 2000001
          },
          "exchRate": 1.0,
          "grossBaseAmt": 453288.0,
          "netBaseAmt": 401139.823009,
          "taxAmt": 52148.176991,
          "soCreateSource": "TERP门户",
          "slsOrgId": {
            "id": 14579001
          },
          "slsTmId": null,
          "soTypeId": {
            "soTypeCode": "STND",
            "soTypeName": "标准销售",
            "partnerProcedureHeadRef": {
              "id": 14005002
            },
            "attachmentProcedureHeadRef": null,
            "status": "ENABLED",
            "soTypeDesc": "标准销售",
            "genTextTypeRef": null,
            "isRev": false,
            "isSubmitApproval": true,
            "isModifyApproval": false,
            "currExchangeRateType": {
              "id": 2000001
            },
            "btClass": "SALES",
            "effectiveDays": null,
            "syncPrice": false,
            "isDefault": false,
            "id": 2101001,
            "createdBy": {
              "id": 27
            },
            "updatedBy": {
              "id": 477234922377861
            },
            "createdAt": 1685108645000,
            "updatedAt": 1745892294000,
            "version": 68,
            "deleted": 0,
            "originOrgId": 0
          },
          "custId": {
            "id": 2059001
          },
          "custPersonName": "李月汝",
          "custPhone": "18378999655",
          "slsPersonName": "章昂",
          "slsPhone": "17376596912",
          "soStatus": "EFFECT",
          "approveStatus": null,
          "soTitle": null,
          "soDesc": null,
          "soNotes": null,
          "isFixedExchRate": false,
          "slsComId": {
            "id": 14373001
          },
          "priceIdempotent": "0d50fae7dab1832583e5f209383f27cb",
          "freezeType": "ALL_FREEZE",
          "soAssociationCode": null,
          "soBusinessStatus": null,
          "bizRuleGroup": null,
          "addrDetail": "佛山市禅城区季华五路28号",
          "currExchangeRateType": {
            "id": 2000001
          },
          "slsDcId": {
            "id": 14378001
          },
          "btClass": "SALES",
          "effectiveAt": null,
          "slsPerson": {
            "id": 14094003
          },
          "reCalculate": null,
          "invOrg": null,
          "invLoc": null,
          "priceCalcDate": 1745829644000,
          "deliveryInterceptFail": null,
          "externalBuyerId": null,
          "addrId": {
            "id": 70002638
          },
          "totalAmt": 453288.0,
          "discountAmt": 0.0,
          "discountInfo": "",
          "platformDiscountAmt": null,
          "merchantDiscountAmt": null,
          "actualPaidAmt": null,
          "freightAmt": null,
          "buyerRemark": null,
          "sellerRemark": null,
          "id": 16384006,
          "createdBy": {
            "id": 540175374525637
          },
          "updatedBy": {
            "id": 540175374525637
          },
          "createdAt": 1745829644000,
          "updatedAt": 1745829650000,
          "version": 4,
          "deleted": 0,
          "originOrgId": 0,
          "slsPartnerLinks": [
            {
              "soId": {
                "id": 16384006
              },
              "id": 16228006
            }
          ],
          "soItems": [
            {
              "soId": {
                "id": 16384006
              },
              "id": 16306006
            }
          ]
        },
        {
          "soCode": "SO002648",
          "soDocDate": 1745769600000,
          "soExtCode": null,
          "baseCurrId": {
            "id": 2000001
          },
          "slsCurrId": {
            "id": 2000001
          },
          "exchRate": 1.0,
          "grossBaseAmt": 453288.0,
          "netBaseAmt": 401139.823009,
          "taxAmt": 52148.176991,
          "soCreateSource": "TERP门户",
          "slsOrgId": {
            "id": 14579001
          },
          "slsTmId": null,
          "soTypeId": {
            "soTypeCode": "STND",
            "soTypeName": "标准销售",
            "partnerProcedureHeadRef": {
              "id": 14005002
            },
            "attachmentProcedureHeadRef": null,
            "status": "ENABLED",
            "soTypeDesc": "标准销售",
            "genTextTypeRef": null,
            "isRev": false,
            "isSubmitApproval": true,
            "isModifyApproval": false,
            "currExchangeRateType": {
              "id": 2000001
            },
            "btClass": "SALES",
            "effectiveDays": null,
            "syncPrice": false,
            "isDefault": false,
            "id": 2101001,
            "createdBy": {
              "id": 27
            },
            "updatedBy": {
              "id": 477234922377861
            },
            "createdAt": 1685108645000,
            "updatedAt": 1745892294000,
            "version": 68,
            "deleted": 0,
            "originOrgId": 0
          },
          "custId": {
            "id": 2059001
          },
          "custPersonName": "李月汝",
          "custPhone": "18378999655",
          "slsPersonName": "章昂",
          "slsPhone": "17376596912",
          "soStatus": "EFFECT",
          "approveStatus": null,
          "soTitle": null,
          "soDesc": null,
          "soNotes": null,
          "isFixedExchRate": false,
          "slsComId": {
            "id": 14373001
          },
          "priceIdempotent": "f84ff92b17c7d5be42ca4f79665c4ac0",
          "freezeType": "NU_FREEZE",
          "soAssociationCode": null,
          "soBusinessStatus": null,
          "bizRuleGroup": null,
          "addrDetail": "佛山市禅城区季华五路28号",
          "currExchangeRateType": {
            "id": 2000001
          },
          "slsDcId": {
            "id": 14378001
          },
          "btClass": "SALES",
          "effectiveAt": null,
          "slsPerson": {
            "id": 14094003
          },
          "reCalculate": null,
          "invOrg": null,
          "invLoc": null,
          "priceCalcDate": 1745829642000,
          "deliveryInterceptFail": null,
          "externalBuyerId": null,
          "addrId": {
            "id": 70002638
          },
          "totalAmt": 453288.0,
          "discountAmt": 0.0,
          "discountInfo": "",
          "platformDiscountAmt": null,
          "merchantDiscountAmt": null,
          "actualPaidAmt": null,
          "freightAmt": null,
          "buyerRemark": null,
          "sellerRemark": null,
          "id": 16384005,
          "createdBy": {
            "id": 540175374525637
          },
          "updatedBy": {
            "id": 540175374525637
          },
          "createdAt": 1745829643000,
          "updatedAt": 1745829647000,
          "version": 3,
          "deleted": 0,
          "originOrgId": 0,
          "slsPartnerLinks": [
            {
              "soId": {
                "id": 16384005
              },
              "id": 16228005
            }
          ],
          "soItems": [
            {
              "soId": {
                "id": 16384005
              },
              "id": 16306005
            }
          ]
        },
        {
          "soCode": "SO002646",
          "soDocDate": 1745769600000,
          "soExtCode": null,
          "baseCurrId": {
            "id": 2000001
          },
          "slsCurrId": {
            "id": 2000001
          },
          "exchRate": 1.0,
          "grossBaseAmt": 782144.0,
          "netBaseAmt": 692162.831858,
          "taxAmt": 89981.168142,
          "soCreateSource": "TERP门户",
          "slsOrgId": {
            "id": 14579001
          },
          "slsTmId": null,
          "soTypeId": {
            "soTypeCode": "STND",
            "soTypeName": "标准销售",
            "partnerProcedureHeadRef": {
              "id": 14005002
            },
            "attachmentProcedureHeadRef": null,
            "status": "ENABLED",
            "soTypeDesc": "标准销售",
            "genTextTypeRef": null,
            "isRev": false,
            "isSubmitApproval": true,
            "isModifyApproval": false,
            "currExchangeRateType": {
              "id": 2000001
            },
            "btClass": "SALES",
            "effectiveDays": null,
            "syncPrice": false,
            "isDefault": false,
            "id": 2101001,
            "createdBy": {
              "id": 27
            },
            "updatedBy": {
              "id": 477234922377861
            },
            "createdAt": 1685108645000,
            "updatedAt": 1745892294000,
            "version": 68,
            "deleted": 0,
            "originOrgId": 0
          },
          "custId": {
            "id": 2059001
          },
          "custPersonName": "李月汝",
          "custPhone": "18378999655",
          "slsPersonName": "章昂",
          "slsPhone": "17376596912",
          "soStatus": "EFFECT",
          "approveStatus": null,
          "soTitle": null,
          "soDesc": null,
          "soNotes": null,
          "isFixedExchRate": false,
          "slsComId": {
            "id": 14373001
          },
          "priceIdempotent": "7f452801111790a1be4f8744bed16811",
          "freezeType": "NU_FREEZE",
          "soAssociationCode": null,
          "soBusinessStatus": null,
          "bizRuleGroup": null,
          "addrDetail": "佛山市禅城区季华五路28号",
          "currExchangeRateType": {
            "id": 2000001
          },
          "slsDcId": {
            "id": 14378001
          },
          "btClass": "SALES",
          "effectiveAt": null,
          "slsPerson": {
            "id": 14094003
          },
          "reCalculate": null,
          "invOrg": null,
          "invLoc": null,
          "priceCalcDate": 1745829637000,
          "deliveryInterceptFail": null,
          "externalBuyerId": null,
          "addrId": {
            "id": 70002638
          },
          "totalAmt": 782144.0,
          "discountAmt": 0.0,
          "discountInfo": "",
          "platformDiscountAmt": null,
          "merchantDiscountAmt": null,
          "actualPaidAmt": null,
          "freightAmt": null,
          "buyerRemark": null,
          "sellerRemark": null,
          "id": 16384004,
          "createdBy": {
            "id": 540175374525637
          },
          "updatedBy": {
            "id": 540175374525637
          },
          "createdAt": 1745829638000,
          "updatedAt": 1745829638000,
          "version": 2,
          "deleted": 0,
          "originOrgId": 0,
          "slsPartnerLinks": [
            {
              "soId": {
                "id": 16384004
              },
              "id": 16228004
            }
          ],
          "soItems": [
            {
              "soId": {
                "id": 16384004
              },
              "id": 16306004
            }
          ]
        },
        {
          "soCode": "SO002638",
          "soDocDate": 1745824720000,
          "soExtCode": null,
          "baseCurrId": {
            "id": 2000001
          },
          "slsCurrId": {
            "id": 2000001
          },
          "exchRate": 1.0,
          "grossBaseAmt": 364408.0,
          "netBaseAmt": 322484.955752,
          "taxAmt": 41923.044248,
          "soCreateSource": "TERP门户",
          "slsOrgId": {
            "id": 14579001
          },
          "slsTmId": null,
          "soTypeId": {
            "soTypeCode": "STND",
            "soTypeName": "标准销售",
            "partnerProcedureHeadRef": {
              "id": 14005002
            },
            "attachmentProcedureHeadRef": null,
            "status": "ENABLED",
            "soTypeDesc": "标准销售",
            "genTextTypeRef": null,
            "isRev": false,
            "isSubmitApproval": true,
            "isModifyApproval": false,
            "currExchangeRateType": {
              "id": 2000001
            },
            "btClass": "SALES",
            "effectiveDays": null,
            "syncPrice": false,
            "isDefault": false,
            "id": 2101001,
            "createdBy": {
              "id": 27
            },
            "updatedBy": {
              "id": 477234922377861
            },
            "createdAt": 1685108645000,
            "updatedAt": 1745892294000,
            "version": 68,
            "deleted": 0,
            "originOrgId": 0
          },
          "custId": {
            "id": 2059001
          },
          "custPersonName": "李月汝",
          "custPhone": "18378999655",
          "slsPersonName": "章昂",
          "slsPhone": "17376596912",
          "soStatus": "EFFECT",
          "approveStatus": null,
          "soTitle": null,
          "soDesc": null,
          "soNotes": null,
          "isFixedExchRate": false,
          "slsComId": {
            "id": 14373001
          },
          "priceIdempotent": "fbc5d85c3ca539cb13cb5c84cd12e301",
          "freezeType": "NU_FREEZE",
          "soAssociationCode": null,
          "soBusinessStatus": null,
          "bizRuleGroup": null,
          "addrDetail": "佛山市禅城区季华五路28号",
          "currExchangeRateType": {
            "id": 2000001
          },
          "slsDcId": {
            "id": 14378001
          },
          "btClass": "SALES",
          "effectiveAt": null,
          "slsPerson": {
            "id": 14094003
          },
          "reCalculate": null,
          "invOrg": null,
          "invLoc": null,
          "priceCalcDate": 1745824486000,
          "deliveryInterceptFail": null,
          "externalBuyerId": null,
          "addrId": {
            "id": 70002638
          },
          "totalAmt": 364408.0,
          "discountAmt": 0.0,
          "discountInfo": "",
          "platformDiscountAmt": null,
          "merchantDiscountAmt": null,
          "actualPaidAmt": null,
          "freightAmt": null,
          "buyerRemark": null,
          "sellerRemark": null,
          "id": 16383007,
          "createdBy": {
            "id": 540175374525637
          },
          "updatedBy": {
            "id": 540175374525637
          },
          "createdAt": 1745824721000,
          "updatedAt": 1745824721000,
          "version": 6,
          "deleted": 0,
          "originOrgId": 0,
          "slsPartnerLinks": [
            {
              "soId": {
                "id": 16383007
              },
              "id": 16227007
            }
          ],
          "soItems": [
            {
              "soId": {
                "id": 16383007
              },
              "id": 16305007
            }
          ]
        },
        {
          "soCode": "SO002632",
          "soDocDate": 1745824695000,
          "soExtCode": null,
          "baseCurrId": {
            "id": 2000001
          },
          "slsCurrId": {
            "id": 2000001
          },
          "exchRate": 1.0,
          "grossBaseAmt": 364408.0,
          "netBaseAmt": 322484.955752,
          "taxAmt": 41923.044248,
          "soCreateSource": "TERP门户",
          "slsOrgId": {
            "id": 14579001
          },
          "slsTmId": null,
          "soTypeId": {
            "soTypeCode": "STND",
            "soTypeName": "标准销售",
            "partnerProcedureHeadRef": {
              "id": 14005002
            },
            "attachmentProcedureHeadRef": null,
            "status": "ENABLED",
            "soTypeDesc": "标准销售",
            "genTextTypeRef": null,
            "isRev": false,
            "isSubmitApproval": true,
            "isModifyApproval": false,
            "currExchangeRateType": {
              "id": 2000001
            },
            "btClass": "SALES",
            "effectiveDays": null,
            "syncPrice": false,
            "isDefault": false,
            "id": 2101001,
            "createdBy": {
              "id": 27
            },
            "updatedBy": {
              "id": 477234922377861
            },
            "createdAt": 1685108645000,
            "updatedAt": 1745892294000,
            "version": 68,
            "deleted": 0,
            "originOrgId": 0
          },
          "custId": {
            "id": 2059001
          },
          "custPersonName": "李月汝",
          "custPhone": "18378999655",
          "slsPersonName": "章昂",
          "slsPhone": "17376596912",
          "soStatus": "EFFECT",
          "approveStatus": null,
          "soTitle": null,
          "soDesc": null,
          "soNotes": null,
          "isFixedExchRate": false,
          "slsComId": {
            "id": 14373001
          },
          "priceIdempotent": "e802d018a86406ab449e625de151a169",
          "freezeType": "ALL_FREEZE",
          "soAssociationCode": null,
          "soBusinessStatus": null,
          "bizRuleGroup": null,
          "addrDetail": "佛山市禅城区季华五路28号",
          "currExchangeRateType": {
            "id": 2000001
          },
          "slsDcId": {
            "id": 14378001
          },
          "btClass": "SALES",
          "effectiveAt": null,
          "slsPerson": {
            "id": 14094003
          },
          "reCalculate": null,
          "invOrg": null,
          "invLoc": null,
          "priceCalcDate": 1745824486000,
          "deliveryInterceptFail": null,
          "externalBuyerId": null,
          "addrId": {
            "id": 70002638
          },
          "totalAmt": 364408.0,
          "discountAmt": 0.0,
          "discountInfo": "",
          "platformDiscountAmt": null,
          "merchantDiscountAmt": null,
          "actualPaidAmt": null,
          "freightAmt": null,
          "buyerRemark": null,
          "sellerRemark": null,
          "id": 16383004,
          "createdBy": {
            "id": 540175374525637
          },
          "updatedBy": {
            "id": 540175374525637
          },
          "createdAt": 1745824696000,
          "updatedAt": 1745824719000,
          "version": 5,
          "deleted": 0,
          "originOrgId": 0,
          "slsPartnerLinks": [
            {
              "soId": {
                "id": 16383004
              },
              "id": 16227004
            }
          ],
          "soItems": [
            {
              "soId": {
                "id": 16383004
              },
              "id": 16305004
            }
          ]
        },
        {
          "soCode": "SO002619",
          "soDocDate": 1745769600000,
          "soExtCode": null,
          "baseCurrId": {
            "id": 2000001
          },
          "slsCurrId": {
            "id": 2000001
          },
          "exchRate": 1.0,
          "grossBaseAmt": 364408.0,
          "netBaseAmt": 322484.955752,
          "taxAmt": 41923.044248,
          "soCreateSource": "TERP门户",
          "slsOrgId": {
            "id": 14579001
          },
          "slsTmId": null,
          "soTypeId": {
            "soTypeCode": "STND",
            "soTypeName": "标准销售",
            "partnerProcedureHeadRef": {
              "id": 14005002
            },
            "attachmentProcedureHeadRef": null,
            "status": "ENABLED",
            "soTypeDesc": "标准销售",
            "genTextTypeRef": null,
            "isRev": false,
            "isSubmitApproval": true,
            "isModifyApproval": false,
            "currExchangeRateType": {
              "id": 2000001
            },
            "btClass": "SALES",
            "effectiveDays": null,
            "syncPrice": false,
            "isDefault": false,
            "id": 2101001,
            "createdBy": {
              "id": 27
            },
            "updatedBy": {
              "id": 477234922377861
            },
            "createdAt": 1685108645000,
            "updatedAt": 1745892294000,
            "version": 68,
            "deleted": 0,
            "originOrgId": 0
          },
          "custId": {
            "id": 2059001
          },
          "custPersonName": "李月汝",
          "custPhone": "18378999655",
          "slsPersonName": "章昂",
          "slsPhone": "17376596912",
          "soStatus": "EFFECT",
          "approveStatus": null,
          "soTitle": null,
          "soDesc": null,
          "soNotes": null,
          "isFixedExchRate": false,
          "slsComId": {
            "id": 14373001
          },
          "priceIdempotent": "1cb4c281d3dc9fe36139414bc9b0d2c2",
          "freezeType": "ALL_FREEZE",
          "soAssociationCode": null,
          "soBusinessStatus": null,
          "bizRuleGroup": null,
          "addrDetail": "佛山市禅城区季华五路28号",
          "currExchangeRateType": {
            "id": 2000001
          },
          "slsDcId": {
            "id": 14378001
          },
          "btClass": "SALES",
          "effectiveAt": null,
          "slsPerson": {
            "id": 14094003
          },
          "reCalculate": null,
          "invOrg": null,
          "invLoc": null,
          "priceCalcDate": 1745824486000,
          "deliveryInterceptFail": null,
          "externalBuyerId": null,
          "addrId": {
            "id": 70002638
          },
          "totalAmt": 364408.0,
          "discountAmt": 0.0,
          "discountInfo": "",
          "platformDiscountAmt": null,
          "merchantDiscountAmt": null,
          "actualPaidAmt": null,
          "freightAmt": null,
          "buyerRemark": null,
          "sellerRemark": null,
          "id": 16382003,
          "createdBy": {
            "id": 540175374525637
          },
          "updatedBy": {
            "id": 540175374525637
          },
          "createdAt": 1745824486000,
          "updatedAt": 1745824694000,
          "version": 3,
          "deleted": 0,
          "originOrgId": 0,
          "slsPartnerLinks": [
            {
              "soId": {
                "id": 16382003
              },
              "id": 16226003
            }
          ],
          "soItems": [
            {
              "soId": {
                "id": 16382003
              },
              "id": 16304003
            }
          ]
        },
        {
          "soCode": "SO002574",
          "soDocDate": 1745478886000,
          "soExtCode": null,
          "baseCurrId": {
            "id": 2000001
          },
          "slsCurrId": {
            "id": 2000001
          },
          "exchRate": 1.0,
          "grossBaseAmt": 195536.0,
          "netBaseAmt": 173040.707965,
          "taxAmt": 22495.292035,
          "soCreateSource": "TERP门户",
          "slsOrgId": {
            "id": 14579001
          },
          "slsTmId": null,
          "soTypeId": {
            "soTypeCode": "STND",
            "soTypeName": "标准销售",
            "partnerProcedureHeadRef": {
              "id": 14005002
            },
            "attachmentProcedureHeadRef": null,
            "status": "ENABLED",
            "soTypeDesc": "标准销售",
            "genTextTypeRef": null,
            "isRev": false,
            "isSubmitApproval": true,
            "isModifyApproval": false,
            "currExchangeRateType": {
              "id": 2000001
            },
            "btClass": "SALES",
            "effectiveDays": null,
            "syncPrice": false,
            "isDefault": false,
            "id": 2101001,
            "createdBy": {
              "id": 27
            },
            "updatedBy": {
              "id": 477234922377861
            },
            "createdAt": 1685108645000,
            "updatedAt": 1745892294000,
            "version": 68,
            "deleted": 0,
            "originOrgId": 0
          },
          "custId": {
            "id": 2059001
          },
          "custPersonName": "李月汝",
          "custPhone": "18378999655",
          "slsPersonName": "章昂",
          "slsPhone": "17376596912",
          "soStatus": "EFFECT",
          "approveStatus": null,
          "soTitle": null,
          "soDesc": null,
          "soNotes": null,
          "isFixedExchRate": false,
          "slsComId": {
            "id": 14373001
          },
          "priceIdempotent": "632927218c9c0fb73373772f390bc821",
          "freezeType": "NU_FREEZE",
          "soAssociationCode": null,
          "soBusinessStatus": null,
          "bizRuleGroup": null,
          "addrDetail": "佛山市禅城区季华五路28号",
          "currExchangeRateType": {
            "id": 2000001
          },
          "slsDcId": {
            "id": 14378001
          },
          "btClass": "SALES",
          "effectiveAt": null,
          "slsPerson": {
            "id": 14094003
          },
          "reCalculate": null,
          "invOrg": null,
          "invLoc": null,
          "priceCalcDate": 1745478868000,
          "deliveryInterceptFail": null,
          "externalBuyerId": null,
          "addrId": {
            "id": 70002638
          },
          "totalAmt": 195536.0,
          "discountAmt": 0.0,
          "discountInfo": "",
          "platformDiscountAmt": null,
          "merchantDiscountAmt": null,
          "actualPaidAmt": null,
          "freightAmt": null,
          "buyerRemark": null,
          "sellerRemark": null,
          "id": 16379147,
          "createdBy": {
            "id": 540175374525637
          },
          "updatedBy": {
            "id": 540175374525637
          },
          "createdAt": 1745478886000,
          "updatedAt": 1745478887000,
          "version": 4,
          "deleted": 0,
          "originOrgId": 0,
          "slsPartnerLinks": [
            {
              "soId": {
                "id": 16379147
              },
              "id": 16223113
            }
          ],
          "soItems": [
            {
              "soId": {
                "id": 16379147
              },
              "id": 16301150
            }
          ]
        },
        {
          "soCode": "SO002568",
          "soDocDate": 1745424000000,
          "soExtCode": null,
          "baseCurrId": {
            "id": 2000001
          },
          "slsCurrId": {
            "id": 2000001
          },
          "exchRate": 1.0,
          "grossBaseAmt": 195536.0,
          "netBaseAmt": 173040.707965,
          "taxAmt": 22495.292035,
          "soCreateSource": "TERP门户",
          "slsOrgId": {
            "id": 14579001
          },
          "slsTmId": null,
          "soTypeId": {
            "soTypeCode": "STND",
            "soTypeName": "标准销售",
            "partnerProcedureHeadRef": {
              "id": 14005002
            },
            "attachmentProcedureHeadRef": null,
            "status": "ENABLED",
            "soTypeDesc": "标准销售",
            "genTextTypeRef": null,
            "isRev": false,
            "isSubmitApproval": true,
            "isModifyApproval": false,
            "currExchangeRateType": {
              "id": 2000001
            },
            "btClass": "SALES",
            "effectiveDays": null,
            "syncPrice": false,
            "isDefault": false,
            "id": 2101001,
            "createdBy": {
              "id": 27
            },
            "updatedBy": {
              "id": 477234922377861
            },
            "createdAt": 1685108645000,
            "updatedAt": 1745892294000,
            "version": 68,
            "deleted": 0,
            "originOrgId": 0
          },
          "custId": {
            "id": 2059001
          },
          "custPersonName": "李月汝",
          "custPhone": "18378999655",
          "slsPersonName": "章昂",
          "slsPhone": "17376596912",
          "soStatus": "EFFECT",
          "approveStatus": null,
          "soTitle": null,
          "soDesc": null,
          "soNotes": null,
          "isFixedExchRate": false,
          "slsComId": {
            "id": 14373001
          },
          "priceIdempotent": "cf630074a36e740cacaa7f4adeedbe77",
          "freezeType": "ALL_FREEZE",
          "soAssociationCode": null,
          "soBusinessStatus": null,
          "bizRuleGroup": null,
          "addrDetail": "佛山市禅城区季华五路28号",
          "currExchangeRateType": {
            "id": 2000001
          },
          "slsDcId": {
            "id": 14378001
          },
          "btClass": "SALES",
          "effectiveAt": null,
          "slsPerson": {
            "id": 14094003
          },
          "reCalculate": null,
          "invOrg": null,
          "invLoc": null,
          "priceCalcDate": 1745478868000,
          "deliveryInterceptFail": null,
          "externalBuyerId": null,
          "addrId": {
            "id": 70002638
          },
          "totalAmt": 195536.0,
          "discountAmt": 0.0,
          "discountInfo": "",
          "platformDiscountAmt": null,
          "merchantDiscountAmt": null,
          "actualPaidAmt": null,
          "freightAmt": null,
          "buyerRemark": null,
          "sellerRemark": null,
          "id": 16379144,
          "createdBy": {
            "id": 540175374525637
          },
          "updatedBy": {
            "id": 540175374525637
          },
          "createdAt": 1745478868000,
          "updatedAt": 1745478884000,
          "version": 3,
          "deleted": 0,
          "originOrgId": 0,
          "slsPartnerLinks": [
            {
              "soId": {
                "id": 16379144
              },
              "id": 16223110
            }
          ],
          "soItems": [
            {
              "soId": {
                "id": 16379144
              },
              "id": 16301147
            }
          ]
        },
        {
          "soCode": "SO002564",
          "soDocDate": 1745424000000,
          "soExtCode": null,
          "baseCurrId": {
            "id": 2000001
          },
          "slsCurrId": {
            "id": 2000001
          },
          "exchRate": 1.0,
          "grossBaseAmt": 151096.0,
          "netBaseAmt": 133713.274336,
          "taxAmt": 17382.725664,
          "soCreateSource": "TERP门户",
          "slsOrgId": {
            "id": 14579001
          },
          "slsTmId": null,
          "soTypeId": {
            "soTypeCode": "STND",
            "soTypeName": "标准销售",
            "partnerProcedureHeadRef": {
              "id": 14005002
            },
            "attachmentProcedureHeadRef": null,
            "status": "ENABLED",
            "soTypeDesc": "标准销售",
            "genTextTypeRef": null,
            "isRev": false,
            "isSubmitApproval": true,
            "isModifyApproval": false,
            "currExchangeRateType": {
              "id": 2000001
            },
            "btClass": "SALES",
            "effectiveDays": null,
            "syncPrice": false,
            "isDefault": false,
            "id": 2101001,
            "createdBy": {
              "id": 27
            },
            "updatedBy": {
              "id": 477234922377861
            },
            "createdAt": 1685108645000,
            "updatedAt": 1745892294000,
            "version": 68,
            "deleted": 0,
            "originOrgId": 0
          },
          "custId": {
            "id": 2059001
          },
          "custPersonName": "李月汝",
          "custPhone": "18378999655",
          "slsPersonName": "章昂",
          "slsPhone": "17376596912",
          "soStatus": "EFFECT",
          "approveStatus": null,
          "soTitle": null,
          "soDesc": null,
          "soNotes": null,
          "isFixedExchRate": false,
          "slsComId": {
            "id": 14373001
          },
          "priceIdempotent": "36d400a453d82cf2b5bb43d31d5405c1",
          "freezeType": "NU_FREEZE",
          "soAssociationCode": null,
          "soBusinessStatus": null,
          "bizRuleGroup": null,
          "addrDetail": "佛山市禅城区季华五路28号",
          "currExchangeRateType": {
            "id": 2000001
          },
          "slsDcId": {
            "id": 14378001
          },
          "btClass": "SALES",
          "effectiveAt": null,
          "slsPerson": {
            "id": 14094003
          },
          "reCalculate": null,
          "invOrg": null,
          "invLoc": null,
          "priceCalcDate": 1745478860000,
          "deliveryInterceptFail": null,
          "externalBuyerId": null,
          "addrId": {
            "id": 70002638
          },
          "totalAmt": 151096.0,
          "discountAmt": 0.0,
          "discountInfo": "",
          "platformDiscountAmt": null,
          "merchantDiscountAmt": null,
          "actualPaidAmt": null,
          "freightAmt": null,
          "buyerRemark": null,
          "sellerRemark": null,
          "id": 16379142,
          "createdBy": {
            "id": 540175374525637
          },
          "updatedBy": {
            "id": 540175374525637
          },
          "createdAt": 1745478861000,
          "updatedAt": 1745478861000,
          "version": 2,
          "deleted": 0,
          "originOrgId": 0,
          "slsPartnerLinks": [
            {
              "soId": {
                "id": 16379142
              },
              "id": 16223108
            }
          ],
          "soItems": [
            {
              "soId": {
                "id": 16379142
              },
              "id": 16301145
            }
          ]
        },
        {
          "soCode": "SO002547",
          "soDocDate": 1745402569000,
          "soExtCode": null,
          "baseCurrId": {
            "id": 2000001
          },
          "slsCurrId": {
            "id": 2000001
          },
          "exchRate": 1.0,
          "grossBaseAmt": 186648.0,
          "netBaseAmt": 165175.221239,
          "taxAmt": 21472.778761,
          "soCreateSource": "TERP门户",
          "slsOrgId": {
            "id": 14579001
          },
          "slsTmId": null,
          "soTypeId": {
            "soTypeCode": "STND",
            "soTypeName": "标准销售",
            "partnerProcedureHeadRef": {
              "id": 14005002
            },
            "attachmentProcedureHeadRef": null,
            "status": "ENABLED",
            "soTypeDesc": "标准销售",
            "genTextTypeRef": null,
            "isRev": false,
            "isSubmitApproval": true,
            "isModifyApproval": false,
            "currExchangeRateType": {
              "id": 2000001
            },
            "btClass": "SALES",
            "effectiveDays": null,
            "syncPrice": false,
            "isDefault": false,
            "id": 2101001,
            "createdBy": {
              "id": 27
            },
            "updatedBy": {
              "id": 477234922377861
            },
            "createdAt": 1685108645000,
            "updatedAt": 1745892294000,
            "version": 68,
            "deleted": 0,
            "originOrgId": 0
          },
          "custId": {
            "id": 2059001
          },
          "custPersonName": "李月汝",
          "custPhone": "18378999655",
          "slsPersonName": "章昂",
          "slsPhone": "17376596912",
          "soStatus": "EFFECT",
          "approveStatus": null,
          "soTitle": null,
          "soDesc": null,
          "soNotes": null,
          "isFixedExchRate": false,
          "slsComId": {
            "id": 14373001
          },
          "priceIdempotent": "69903288006a19f78614bb70cdd586fa",
          "freezeType": "NU_FREEZE",
          "soAssociationCode": null,
          "soBusinessStatus": null,
          "bizRuleGroup": null,
          "addrDetail": "佛山市禅城区季华五路28号",
          "currExchangeRateType": {
            "id": 2000001
          },
          "slsDcId": {
            "id": 14378001
          },
          "btClass": "SALES",
          "effectiveAt": null,
          "slsPerson": {
            "id": 14094003
          },
          "reCalculate": null,
          "invOrg": null,
          "invLoc": null,
          "priceCalcDate": 1745402550000,
          "deliveryInterceptFail": null,
          "externalBuyerId": null,
          "addrId": {
            "id": 70002638
          },
          "totalAmt": 186648.0,
          "discountAmt": 0.0,
          "discountInfo": "",
          "platformDiscountAmt": null,
          "merchantDiscountAmt": null,
          "actualPaidAmt": null,
          "freightAmt": null,
          "buyerRemark": null,
          "sellerRemark": null,
          "id": 16379139,
          "createdBy": {
            "id": 540175374525637
          },
          "updatedBy": {
            "id": 540175374525637
          },
          "createdAt": 1745402569000,
          "updatedAt": 1745402570000,
          "version": 4,
          "deleted": 0,
          "originOrgId": 0,
          "slsPartnerLinks": [
            {
              "soId": {
                "id": 16379139
              },
              "id": 16223105
            }
          ],
          "soItems": [
            {
              "soId": {
                "id": 16379139
              },
              "id": 16301142
            }
          ]
        },
        {
          "soCode": "SO002541",
          "soDocDate": 1745337600000,
          "soExtCode": null,
          "baseCurrId": {
            "id": 2000001
          },
          "slsCurrId": {
            "id": 2000001
          },
          "exchRate": 1.0,
          "grossBaseAmt": 186648.0,
          "netBaseAmt": 165175.221239,
          "taxAmt": 21472.778761,
          "soCreateSource": "TERP门户",
          "slsOrgId": {
            "id": 14579001
          },
          "slsTmId": null,
          "soTypeId": {
            "soTypeCode": "STND",
            "soTypeName": "标准销售",
            "partnerProcedureHeadRef": {
              "id": 14005002
            },
            "attachmentProcedureHeadRef": null,
            "status": "ENABLED",
            "soTypeDesc": "标准销售",
            "genTextTypeRef": null,
            "isRev": false,
            "isSubmitApproval": true,
            "isModifyApproval": false,
            "currExchangeRateType": {
              "id": 2000001
            },
            "btClass": "SALES",
            "effectiveDays": null,
            "syncPrice": false,
            "isDefault": false,
            "id": 2101001,
            "createdBy": {
              "id": 27
            },
            "updatedBy": {
              "id": 477234922377861
            },
            "createdAt": 1685108645000,
            "updatedAt": 1745892294000,
            "version": 68,
            "deleted": 0,
            "originOrgId": 0
          },
          "custId": {
            "id": 2059001
          },
          "custPersonName": "李月汝",
          "custPhone": "18378999655",
          "slsPersonName": "章昂",
          "slsPhone": "17376596912",
          "soStatus": "EFFECT",
          "approveStatus": null,
          "soTitle": null,
          "soDesc": null,
          "soNotes": null,
          "isFixedExchRate": false,
          "slsComId": {
            "id": 14373001
          },
          "priceIdempotent": "c568c6304149b1eef83f96a45914f0d4",
          "freezeType": "ALL_FREEZE",
          "soAssociationCode": null,
          "soBusinessStatus": null,
          "bizRuleGroup": null,
          "addrDetail": "佛山市禅城区季华五路28号",
          "currExchangeRateType": {
            "id": 2000001
          },
          "slsDcId": {
            "id": 14378001
          },
          "btClass": "SALES",
          "effectiveAt": null,
          "slsPerson": {
            "id": 14094003
          },
          "reCalculate": null,
          "invOrg": null,
          "invLoc": null,
          "priceCalcDate": 1745402550000,
          "deliveryInterceptFail": null,
          "externalBuyerId": null,
          "addrId": {
            "id": 70002638
          },
          "totalAmt": 186648.0,
          "discountAmt": 0.0,
          "discountInfo": "",
          "platformDiscountAmt": null,
          "merchantDiscountAmt": null,
          "actualPaidAmt": null,
          "freightAmt": null,
          "buyerRemark": null,
          "sellerRemark": null,
          "id": 16379136,
          "createdBy": {
            "id": 540175374525637
          },
          "updatedBy": {
            "id": 540175374525637
          },
          "createdAt": 1745402550000,
          "updatedAt": 1745402568000,
          "version": 3,
          "deleted": 0,
          "originOrgId": 0,
          "slsPartnerLinks": [
            {
              "soId": {
                "id": 16379136
              },
              "id": 16223102
            }
          ],
          "soItems": [
            {
              "soId": {
                "id": 16379136
              },
              "id": 16301139
            }
          ]
        },
        {
          "soCode": "SO002537",
          "soDocDate": 1745337600000,
          "soExtCode": null,
          "baseCurrId": {
            "id": 2000001
          },
          "slsCurrId": {
            "id": 2000001
          },
          "exchRate": 1.0,
          "grossBaseAmt": 88880.0,
          "netBaseAmt": 78654.867257,
          "taxAmt": 10225.132743,
          "soCreateSource": "TERP门户",
          "slsOrgId": {
            "id": 14579001
          },
          "slsTmId": null,
          "soTypeId": {
            "soTypeCode": "STND",
            "soTypeName": "标准销售",
            "partnerProcedureHeadRef": {
              "id": 14005002
            },
            "attachmentProcedureHeadRef": null,
            "status": "ENABLED",
            "soTypeDesc": "标准销售",
            "genTextTypeRef": null,
            "isRev": false,
            "isSubmitApproval": true,
            "isModifyApproval": false,
            "currExchangeRateType": {
              "id": 2000001
            },
            "btClass": "SALES",
            "effectiveDays": null,
            "syncPrice": false,
            "isDefault": false,
            "id": 2101001,
            "createdBy": {
              "id": 27
            },
            "updatedBy": {
              "id": 477234922377861
            },
            "createdAt": 1685108645000,
            "updatedAt": 1745892294000,
            "version": 68,
            "deleted": 0,
            "originOrgId": 0
          },
          "custId": {
            "id": 2059001
          },
          "custPersonName": "李月汝",
          "custPhone": "18378999655",
          "slsPersonName": "章昂",
          "slsPhone": "17376596912",
          "soStatus": "EFFECT",
          "approveStatus": null,
          "soTitle": null,
          "soDesc": null,
          "soNotes": null,
          "isFixedExchRate": false,
          "slsComId": {
            "id": 14373001
          },
          "priceIdempotent": "f041c94629cfd24fff6fbae870c676fa",
          "freezeType": "NU_FREEZE",
          "soAssociationCode": null,
          "soBusinessStatus": null,
          "bizRuleGroup": null,
          "addrDetail": "佛山市禅城区季华五路28号",
          "currExchangeRateType": {
            "id": 2000001
          },
          "slsDcId": {
            "id": 14378001
          },
          "btClass": "SALES",
          "effectiveAt": null,
          "slsPerson": {
            "id": 14094003
          },
          "reCalculate": null,
          "invOrg": null,
          "invLoc": null,
          "priceCalcDate": 1745402541000,
          "deliveryInterceptFail": null,
          "externalBuyerId": null,
          "addrId": {
            "id": 70002638
          },
          "totalAmt": 88880.0,
          "discountAmt": 0.0,
          "discountInfo": "",
          "platformDiscountAmt": null,
          "merchantDiscountAmt": null,
          "actualPaidAmt": null,
          "freightAmt": null,
          "buyerRemark": null,
          "sellerRemark": null,
          "id": 16379134,
          "createdBy": {
            "id": 540175374525637
          },
          "updatedBy": {
            "id": 540175374525637
          },
          "createdAt": 1745402542000,
          "updatedAt": 1745402542000,
          "version": 2,
          "deleted": 0,
          "originOrgId": 0,
          "slsPartnerLinks": [
            {
              "soId": {
                "id": 16379134
              },
              "id": 16223100
            }
          ],
          "soItems": [
            {
              "soId": {
                "id": 16379134
              },
              "id": 16301137
            }
          ]
        },
        {
          "soCode": "SO002533",
          "soDocDate": 1745402393000,
          "soExtCode": null,
          "baseCurrId": {
            "id": 2000001
          },
          "slsCurrId": {
            "id": 2000001
          },
          "exchRate": 1.0,
          "grossBaseAmt": 728816.0,
          "netBaseAmt": 644969.911504,
          "taxAmt": 83846.088496,
          "soCreateSource": "TERP门户",
          "slsOrgId": {
            "id": 14579001
          },
          "slsTmId": null,
          "soTypeId": {
            "soTypeCode": "STND",
            "soTypeName": "标准销售",
            "partnerProcedureHeadRef": {
              "id": 14005002
            },
            "attachmentProcedureHeadRef": null,
            "status": "ENABLED",
            "soTypeDesc": "标准销售",
            "genTextTypeRef": null,
            "isRev": false,
            "isSubmitApproval": true,
            "isModifyApproval": false,
            "currExchangeRateType": {
              "id": 2000001
            },
            "btClass": "SALES",
            "effectiveDays": null,
            "syncPrice": false,
            "isDefault": false,
            "id": 2101001,
            "createdBy": {
              "id": 27
            },
            "updatedBy": {
              "id": 477234922377861
            },
            "createdAt": 1685108645000,
            "updatedAt": 1745892294000,
            "version": 68,
            "deleted": 0,
            "originOrgId": 0
          },
          "custId": {
            "id": 2059001
          },
          "custPersonName": "李月汝",
          "custPhone": "18378999655",
          "slsPersonName": "章昂",
          "slsPhone": "17376596912",
          "soStatus": "EFFECT",
          "approveStatus": null,
          "soTitle": null,
          "soDesc": null,
          "soNotes": null,
          "isFixedExchRate": false,
          "slsComId": {
            "id": 14373001
          },
          "priceIdempotent": "b873b63cec5d385206156b61d48871fb",
          "freezeType": "NU_FREEZE",
          "soAssociationCode": null,
          "soBusinessStatus": null,
          "bizRuleGroup": null,
          "addrDetail": "佛山市禅城区季华五路28号",
          "currExchangeRateType": {
            "id": 2000001
          },
          "slsDcId": {
            "id": 14378001
          },
          "btClass": "SALES",
          "effectiveAt": null,
          "slsPerson": {
            "id": 14094003
          },
          "reCalculate": null,
          "invOrg": null,
          "invLoc": null,
          "priceCalcDate": 1745402374000,
          "deliveryInterceptFail": null,
          "externalBuyerId": null,
          "addrId": {
            "id": 70002638
          },
          "totalAmt": 728816.0,
          "discountAmt": 0.0,
          "discountInfo": "",
          "platformDiscountAmt": null,
          "merchantDiscountAmt": null,
          "actualPaidAmt": null,
          "freightAmt": null,
          "buyerRemark": null,
          "sellerRemark": null,
          "id": 16379132,
          "createdBy": {
            "id": 540175374525637
          },
          "updatedBy": {
            "id": 540175374525637
          },
          "createdAt": 1745402393000,
          "updatedAt": 1745402393000,
          "version": 4,
          "deleted": 0,
          "originOrgId": 0,
          "slsPartnerLinks": [
            {
              "soId": {
                "id": 16379132
              },
              "id": 16223098
            }
          ],
          "soItems": [
            {
              "soId": {
                "id": 16379132
              },
              "id": 16301135
            }
          ]
        },
        {
          "soCode": "SO002527",
          "soDocDate": 1745337600000,
          "soExtCode": null,
          "baseCurrId": {
            "id": 2000001
          },
          "slsCurrId": {
            "id": 2000001
          },
          "exchRate": 1.0,
          "grossBaseAmt": 728816.0,
          "netBaseAmt": 644969.911504,
          "taxAmt": 83846.088496,
          "soCreateSource": "TERP门户",
          "slsOrgId": {
            "id": 14579001
          },
          "slsTmId": null,
          "soTypeId": {
            "soTypeCode": "STND",
            "soTypeName": "标准销售",
            "partnerProcedureHeadRef": {
              "id": 14005002
            },
            "attachmentProcedureHeadRef": null,
            "status": "ENABLED",
            "soTypeDesc": "标准销售",
            "genTextTypeRef": null,
            "isRev": false,
            "isSubmitApproval": true,
            "isModifyApproval": false,
            "currExchangeRateType": {
              "id": 2000001
            },
            "btClass": "SALES",
            "effectiveDays": null,
            "syncPrice": false,
            "isDefault": false,
            "id": 2101001,
            "createdBy": {
              "id": 27
            },
            "updatedBy": {
              "id": 477234922377861
            },
            "createdAt": 1685108645000,
            "updatedAt": 1745892294000,
            "version": 68,
            "deleted": 0,
            "originOrgId": 0
          },
          "custId": {
            "id": 2059001
          },
          "custPersonName": "李月汝",
          "custPhone": "18378999655",
          "slsPersonName": "章昂",
          "slsPhone": "17376596912",
          "soStatus": "EFFECT",
          "approveStatus": null,
          "soTitle": null,
          "soDesc": null,
          "soNotes": null,
          "isFixedExchRate": false,
          "slsComId": {
            "id": 14373001
          },
          "priceIdempotent": "44720480c595d532d8fb37811e9ab76a",
          "freezeType": "ALL_FREEZE",
          "soAssociationCode": null,
          "soBusinessStatus": null,
          "bizRuleGroup": null,
          "addrDetail": "佛山市禅城区季华五路28号",
          "currExchangeRateType": {
            "id": 2000001
          },
          "slsDcId": {
            "id": 14378001
          },
          "btClass": "SALES",
          "effectiveAt": null,
          "slsPerson": {
            "id": 14094003
          },
          "reCalculate": null,
          "invOrg": null,
          "invLoc": null,
          "priceCalcDate": 1745402374000,
          "deliveryInterceptFail": null,
          "externalBuyerId": null,
          "addrId": {
            "id": 70002638
          },
          "totalAmt": 728816.0,
          "discountAmt": 0.0,
          "discountInfo": "",
          "platformDiscountAmt": null,
          "merchantDiscountAmt": null,
          "actualPaidAmt": null,
          "freightAmt": null,
          "buyerRemark": null,
          "sellerRemark": null,
          "id": 16379129,
          "createdBy": {
            "id": 540175374525637
          },
          "updatedBy": {
            "id": 540175374525637
          },
          "createdAt": 1745402374000,
          "updatedAt": 1745402391000,
          "version": 3,
          "deleted": 0,
          "originOrgId": 0,
          "slsPartnerLinks": [
            {
              "soId": {
                "id": 16379129
              },
              "id": 16223095
            }
          ],
          "soItems": [
            {
              "soId": {
                "id": 16379129
              },
              "id": 16301132
            }
          ]
        },
        {
          "soCode": "SO002523",
          "soDocDate": 1745337600000,
          "soExtCode": null,
          "baseCurrId": {
            "id": 2000001
          },
          "slsCurrId": {
            "id": 2000001
          },
          "exchRate": 1.0,
          "grossBaseAmt": 151096.0,
          "netBaseAmt": 133713.274336,
          "taxAmt": 17382.725664,
          "soCreateSource": "TERP门户",
          "slsOrgId": {
            "id": 14579001
          },
          "slsTmId": null,
          "soTypeId": {
            "soTypeCode": "STND",
            "soTypeName": "标准销售",
            "partnerProcedureHeadRef": {
              "id": 14005002
            },
            "attachmentProcedureHeadRef": null,
            "status": "ENABLED",
            "soTypeDesc": "标准销售",
            "genTextTypeRef": null,
            "isRev": false,
            "isSubmitApproval": true,
            "isModifyApproval": false,
            "currExchangeRateType": {
              "id": 2000001
            },
            "btClass": "SALES",
            "effectiveDays": null,
            "syncPrice": false,
            "isDefault": false,
            "id": 2101001,
            "createdBy": {
              "id": 27
            },
            "updatedBy": {
              "id": 477234922377861
            },
            "createdAt": 1685108645000,
            "updatedAt": 1745892294000,
            "version": 68,
            "deleted": 0,
            "originOrgId": 0
          },
          "custId": {
            "id": 2059001
          },
          "custPersonName": "李月汝",
          "custPhone": "18378999655",
          "slsPersonName": "章昂",
          "slsPhone": "17376596912",
          "soStatus": "EFFECT",
          "approveStatus": null,
          "soTitle": null,
          "soDesc": null,
          "soNotes": null,
          "isFixedExchRate": false,
          "slsComId": {
            "id": 14373001
          },
          "priceIdempotent": "c2bd948b2c2654b6a7bdc1a036e0de78",
          "freezeType": "NU_FREEZE",
          "soAssociationCode": null,
          "soBusinessStatus": null,
          "bizRuleGroup": null,
          "addrDetail": "佛山市禅城区季华五路28号",
          "currExchangeRateType": {
            "id": 2000001
          },
          "slsDcId": {
            "id": 14378001
          },
          "btClass": "SALES",
          "effectiveAt": null,
          "slsPerson": {
            "id": 14094003
          },
          "reCalculate": null,
          "invOrg": null,
          "invLoc": null,
          "priceCalcDate": 1745402367000,
          "deliveryInterceptFail": null,
          "externalBuyerId": null,
          "addrId": {
            "id": 70002638
          },
          "totalAmt": 151096.0,
          "discountAmt": 0.0,
          "discountInfo": "",
          "platformDiscountAmt": null,
          "merchantDiscountAmt": null,
          "actualPaidAmt": null,
          "freightAmt": null,
          "buyerRemark": null,
          "sellerRemark": null,
          "id": 16379127,
          "createdBy": {
            "id": 540175374525637
          },
          "updatedBy": {
            "id": 540175374525637
          },
          "createdAt": 1745402367000,
          "updatedAt": 1745402368000,
          "version": 2,
          "deleted": 0,
          "originOrgId": 0,
          "slsPartnerLinks": [
            {
              "soId": {
                "id": 16379127
              },
              "id": 16223093
            }
          ],
          "soItems": [
            {
              "soId": {
                "id": 16379127
              },
              "id": 16301130
            }
          ]
        },
        {
          "soCode": "SO002519",
          "soDocDate": 1745401508000,
          "soExtCode": null,
          "baseCurrId": {
            "id": 2000001
          },
          "slsCurrId": {
            "id": 2000001
          },
          "exchRate": 1.0,
          "grossBaseAmt": 355520.0,
          "netBaseAmt": 314619.469027,
          "taxAmt": 40900.530973,
          "soCreateSource": "TERP门户",
          "slsOrgId": {
            "id": 14579001
          },
          "slsTmId": null,
          "soTypeId": {
            "soTypeCode": "STND",
            "soTypeName": "标准销售",
            "partnerProcedureHeadRef": {
              "id": 14005002
            },
            "attachmentProcedureHeadRef": null,
            "status": "ENABLED",
            "soTypeDesc": "标准销售",
            "genTextTypeRef": null,
            "isRev": false,
            "isSubmitApproval": true,
            "isModifyApproval": false,
            "currExchangeRateType": {
              "id": 2000001
            },
            "btClass": "SALES",
            "effectiveDays": null,
            "syncPrice": false,
            "isDefault": false,
            "id": 2101001,
            "createdBy": {
              "id": 27
            },
            "updatedBy": {
              "id": 477234922377861
            },
            "createdAt": 1685108645000,
            "updatedAt": 1745892294000,
            "version": 68,
            "deleted": 0,
            "originOrgId": 0
          },
          "custId": {
            "id": 2059001
          },
          "custPersonName": "李月汝",
          "custPhone": "18378999655",
          "slsPersonName": "章昂",
          "slsPhone": "17376596912",
          "soStatus": "EFFECT",
          "approveStatus": null,
          "soTitle": null,
          "soDesc": null,
          "soNotes": null,
          "isFixedExchRate": false,
          "slsComId": {
            "id": 14373001
          },
          "priceIdempotent": "d4a2bae459d11e7e95cdd78d25f8e35c",
          "freezeType": "NU_FREEZE",
          "soAssociationCode": null,
          "soBusinessStatus": null,
          "bizRuleGroup": null,
          "addrDetail": "佛山市禅城区季华五路28号",
          "currExchangeRateType": {
            "id": 2000001
          },
          "slsDcId": {
            "id": 14378001
          },
          "btClass": "SALES",
          "effectiveAt": null,
          "slsPerson": {
            "id": 14094003
          },
          "reCalculate": null,
          "invOrg": null,
          "invLoc": null,
          "priceCalcDate": 1745401476000,
          "deliveryInterceptFail": null,
          "externalBuyerId": null,
          "addrId": {
            "id": 70002638
          },
          "totalAmt": 355520.0,
          "discountAmt": 0.0,
          "discountInfo": "",
          "platformDiscountAmt": null,
          "merchantDiscountAmt": null,
          "actualPaidAmt": null,
          "freightAmt": null,
          "buyerRemark": null,
          "sellerRemark": null,
          "id": 16379125,
          "createdBy": {
            "id": 540175374525637
          },
          "updatedBy": {
            "id": 540175374525637
          },
          "createdAt": 1745401508000,
          "updatedAt": 1745401509000,
          "version": 4,
          "deleted": 0,
          "originOrgId": 0,
          "slsPartnerLinks": [
            {
              "soId": {
                "id": 16379125
              },
              "id": 16223091
            }
          ],
          "soItems": [
            {
              "soId": {
                "id": 16379125
              },
              "id": 16301128
            }
          ]
        },
        {
          "soCode": "SO002513",
          "soDocDate": 1745337600000,
          "soExtCode": null,
          "baseCurrId": {
            "id": 2000001
          },
          "slsCurrId": {
            "id": 2000001
          },
          "exchRate": 1.0,
          "grossBaseAmt": 355520.0,
          "netBaseAmt": 314619.469027,
          "taxAmt": 40900.530973,
          "soCreateSource": "TERP门户",
          "slsOrgId": {
            "id": 14579001
          },
          "slsTmId": null,
          "soTypeId": {
            "soTypeCode": "STND",
            "soTypeName": "标准销售",
            "partnerProcedureHeadRef": {
              "id": 14005002
            },
            "attachmentProcedureHeadRef": null,
            "status": "ENABLED",
            "soTypeDesc": "标准销售",
            "genTextTypeRef": null,
            "isRev": false,
            "isSubmitApproval": true,
            "isModifyApproval": false,
            "currExchangeRateType": {
              "id": 2000001
            },
            "btClass": "SALES",
            "effectiveDays": null,
            "syncPrice": false,
            "isDefault": false,
            "id": 2101001,
            "createdBy": {
              "id": 27
            },
            "updatedBy": {
              "id": 477234922377861
            },
            "createdAt": 1685108645000,
            "updatedAt": 1745892294000,
            "version": 68,
            "deleted": 0,
            "originOrgId": 0
          },
          "custId": {
            "id": 2059001
          },
          "custPersonName": "李月汝",
          "custPhone": "18378999655",
          "slsPersonName": "章昂",
          "slsPhone": "17376596912",
          "soStatus": "EFFECT",
          "approveStatus": null,
          "soTitle": null,
          "soDesc": null,
          "soNotes": null,
          "isFixedExchRate": false,
          "slsComId": {
            "id": 14373001
          },
          "priceIdempotent": "bdd1cb63923ffe1862bc5aac5a4c3a95",
          "freezeType": "ALL_FREEZE",
          "soAssociationCode": null,
          "soBusinessStatus": null,
          "bizRuleGroup": null,
          "addrDetail": "佛山市禅城区季华五路28号",
          "currExchangeRateType": {
            "id": 2000001
          },
          "slsDcId": {
            "id": 14378001
          },
          "btClass": "SALES",
          "effectiveAt": null,
          "slsPerson": {
            "id": 14094003
          },
          "reCalculate": null,
          "invOrg": null,
          "invLoc": null,
          "priceCalcDate": 1745401476000,
          "deliveryInterceptFail": null,
          "externalBuyerId": null,
          "addrId": {
            "id": 70002638
          },
          "totalAmt": 355520.0,
          "discountAmt": 0.0,
          "discountInfo": "",
          "platformDiscountAmt": null,
          "merchantDiscountAmt": null,
          "actualPaidAmt": null,
          "freightAmt": null,
          "buyerRemark": null,
          "sellerRemark": null,
          "id": 16379122,
          "createdBy": {
            "id": 540175374525637
          },
          "updatedBy": {
            "id": 540175374525637
          },
          "createdAt": 1745401477000,
          "updatedAt": 1745401505000,
          "version": 3,
          "deleted": 0,
          "originOrgId": 0,
          "slsPartnerLinks": [
            {
              "soId": {
                "id": 16379122
              },
              "id": 16223088
            }
          ],
          "soItems": [
            {
              "soId": {
                "id": 16379122
              },
              "id": 16301125
            }
          ]
        }
      ],
      "total": 205
    }
  }
}
2025-05-06 14:38:11|LogUtil.info line:33| 发送请求: 按单据状态 EFFECT 查询销售订单列表
2025-05-06 14:38:11|test_02_orderlist_query.test_03_query_orders_by_status line:333| 
提取的嵌套数据: [
  {
    "soCode": "SO002829",
    "soDocDate": 1746007548000,
    "soExtCode": null,
    "baseCurrId": {
      "id": 2000001
    },
    "slsCurrId": {
      "id": 2000001
    },
    "exchRate": 1.0,
    "grossBaseAmt": 115.0,
    "netBaseAmt": 101.769912,
    "taxAmt": 13.230088,
    "soCreateSource": "TERP门户",
    "slsOrgId": {
      "id": 14139002
    },
    "slsTmId": null,
    "soTypeId": {
      "soTypeCode": "STND",
      "soTypeName": "标准销售",
      "partnerProcedureHeadRef": {
        "id": 14005002
      },
      "attachmentProcedureHeadRef": null,
      "status": "ENABLED",
      "soTypeDesc": "标准销售",
      "genTextTypeRef": null,
      "isRev": false,
      "isSubmitApproval": true,
      "isModifyApproval": false,
      "currExchangeRateType": {
        "id": 2000001
      },
      "btClass": "SALES",
      "effectiveDays": null,
      "syncPrice": false,
      "isDefault": false,
      "id": 2101001,
      "createdBy": {
        "id": 27
      },
      "updatedBy": {
        "id": 477234922377861
      },
      "createdAt": 1685108645000,
      "updatedAt": 1745892294000,
      "version": 68,
      "deleted": 0,
      "originOrgId": 0
    },
    "custId": {
      "id": 2059001
    },
    "custPersonName": "李月汝",
    "custPhone": "18378999655",
    "slsPersonName": "侯新雨",
    "slsPhone": "15825540081",
    "soStatus": "EFFECT",
    "approveStatus": null,
    "soTitle": null,
    "soDesc": null,
    "soNotes": null,
    "isFixedExchRate": false,
    "slsComId": {
      "id": 14139001
    },
    "priceIdempotent": "9d5b9997e5cb6d8046028baa69b27c6a",
    "freezeType": "NU_FREEZE",
    "soAssociationCode": null,
    "soBusinessStatus": null,
    "bizRuleGroup": null,
    "addrDetail": "佛山市禅城区季华五路28号",
    "currExchangeRateType": {
      "id": 2000001
    },
    "slsDcId": {
      "id": 2001001
    },
    "btClass": "SALES",
    "effectiveAt": null,
    "slsPerson": {
      "id": 14123089
    },
    "reCalculate": null,
    "invOrg": null,
    "invLoc": null,
    "priceCalcDate": 1745994478000,
    "deliveryInterceptFail": true,
    "externalBuyerId": null,
    "addrId": {
      "id": 70002638
    },
    "totalAmt": 115.0,
    "discountAmt": 0.0,
    "discountInfo": null,
    "platformDiscountAmt": null,
    "merchantDiscountAmt": null,
    "actualPaidAmt": null,
    "freightAmt": null,
    "buyerRemark": null,
    "sellerRemark": null,
    "id": 16391001,
    "createdBy": {
      "id": 540175374525637
    },
    "updatedBy": {
      "id": 540175374525637
    },
    "createdAt": 1746007549000,
    "updatedAt": 1746007549000,
    "version": 9,
    "deleted": 0,
    "originOrgId": 0,
    "slsPartnerLinks": [
      {
        "soId": {
          "id": 16391001
        },
        "id": 16235001
      }
    ],
    "soItems": [
      {
        "soId": {
          "id": 16391001
        },
        "id": 16313001
      }
    ]
  },
  {
    "soCode": "SO002656",
    "soDocDate": 1745769600000,
    "soExtCode": null,
    "baseCurrId": {
      "id": 2000001
    },
    "slsCurrId": {
      "id": 2000001
    },
    "exchRate": 1.0,
    "grossBaseAmt": 604384.0,
    "netBaseAmt": 534853.097345,
    "taxAmt": 69530.902655,
    "soCreateSource": "TERP门户",
    "slsOrgId": {
      "id": 14579001
    },
    "slsTmId": null,
    "soTypeId": {
      "soTypeCode": "STND",
      "soTypeName": "标准销售",
      "partnerProcedureHeadRef": {
        "id": 14005002
      },
      "attachmentProcedureHeadRef": null,
      "status": "ENABLED",
      "soTypeDesc": "标准销售",
      "genTextTypeRef": null,
      "isRev": false,
      "isSubmitApproval": true,
      "isModifyApproval": false,
      "currExchangeRateType": {
        "id": 2000001
      },
      "btClass": "SALES",
      "effectiveDays": null,
      "syncPrice": false,
      "isDefault": false,
      "id": 2101001,
      "createdBy": {
        "id": 27
      },
      "updatedBy": {
        "id": 477234922377861
      },
      "createdAt": 1685108645000,
      "updatedAt": 1745892294000,
      "version": 68,
      "deleted": 0,
      "originOrgId": 0
    },
    "custId": {
      "id": 2059001
    },
    "custPersonName": "李月汝",
    "custPhone": "18378999655",
    "slsPersonName": "章昂",
    "slsPhone": "17376596912",
    "soStatus": "EFFECT",
    "approveStatus": null,
    "soTitle": null,
    "soDesc": null,
    "soNotes": null,
    "isFixedExchRate": false,
    "slsComId": {
      "id": 14373001
    },
    "priceIdempotent": "0b27bb5c644d5a042c9612909fedac42",
    "freezeType": "NU_FREEZE",
    "soAssociationCode": null,
    "soBusinessStatus": "DOC_CREATED",
    "bizRuleGroup": null,
    "addrDetail": "佛山市禅城区季华五路28号",
    "currExchangeRateType": {
      "id": 2000001
    },
    "slsDcId": {
      "id": 14378001
    },
    "btClass": "SALES",
    "effectiveAt": null,
    "slsPerson": {
      "id": 14094003
    },
    "reCalculate": null,
    "invOrg": null,
    "invLoc": null,
    "priceCalcDate": 1745829654000,
    "deliveryInterceptFail": null,
    "externalBuyerId": null,
    "addrId": {
      "id": 70002638
    },
    "totalAmt": 604384.0,
    "discountAmt": 0.0,
    "discountInfo": "",
    "platformDiscountAmt": null,
    "merchantDiscountAmt": null,
    "actualPaidAmt": null,
    "freightAmt": null,
    "buyerRemark": null,
    "sellerRemark": null,
    "id": 16384009,
    "createdBy": {
      "id": 540175374525637
    },
    "updatedBy": {
      "id": 477234922377861
    },
    "createdAt": 1745829654000,
    "updatedAt": 1745832985000,
    "version": 3,
    "deleted": 0,
    "originOrgId": 0,
    "slsPartnerLinks": [
      {
        "soId": {
          "id": 16384009
        },
        "id": 16228009
      }
    ],
    "soItems": [
      {
        "soId": {
          "id": 16384009
        },
        "id": 16306009
      }
    ]
  },
  {
    "soCode": "SO002652",
    "soDocDate": 1745829651000,
    "soExtCode": null,
    "baseCurrId": {
      "id": 2000001
    },
    "slsCurrId": {
      "id": 2000001
    },
    "exchRate": 1.0,
    "grossBaseAmt": 453288.0,
    "netBaseAmt": 401139.823009,
    "taxAmt": 52148.176991,
    "soCreateSource": "TERP门户",
    "slsOrgId": {
      "id": 14579001
    },
    "slsTmId": null,
    "soTypeId": {
      "soTypeCode": "STND",
      "soTypeName": "标准销售",
      "partnerProcedureHeadRef": {
        "id": 14005002
      },
      "attachmentProcedureHeadRef": null,
      "status": "ENABLED",
      "soTypeDesc": "标准销售",
      "genTextTypeRef": null,
      "isRev": false,
      "isSubmitApproval": true,
      "isModifyApproval": false,
      "currExchangeRateType": {
        "id": 2000001
      },
      "btClass": "SALES",
      "effectiveDays": null,
      "syncPrice": false,
      "isDefault": false,
      "id": 2101001,
      "createdBy": {
        "id": 27
      },
      "updatedBy": {
        "id": 477234922377861
      },
      "createdAt": 1685108645000,
      "updatedAt": 1745892294000,
      "version": 68,
      "deleted": 0,
      "originOrgId": 0
    },
    "custId": {
      "id": 2059001
    },
    "custPersonName": "李月汝",
    "custPhone": "18378999655",
    "slsPersonName": "章昂",
    "slsPhone": "17376596912",
    "soStatus": "EFFECT",
    "approveStatus": null,
    "soTitle": null,
    "soDesc": null,
    "soNotes": null,
    "isFixedExchRate": false,
    "slsComId": {
      "id": 14373001
    },
    "priceIdempotent": "29263a81c6a76fe913791aff46c031b4",
    "freezeType": "NU_FREEZE",
    "soAssociationCode": null,
    "soBusinessStatus": null,
    "bizRuleGroup": null,
    "addrDetail": "佛山市禅城区季华五路28号",
    "currExchangeRateType": {
      "id": 2000001
    },
    "slsDcId": {
      "id": 14378001
    },
    "btClass": "SALES",
    "effectiveAt": null,
    "slsPerson": {
      "id": 14094003
    },
    "reCalculate": null,
    "invOrg": null,
    "invLoc": null,
    "priceCalcDate": 1745829644000,
    "deliveryInterceptFail": null,
    "externalBuyerId": null,
    "addrId": {
      "id": 70002638
    },
    "totalAmt": 453288.0,
    "discountAmt": 0.0,
    "discountInfo": "",
    "platformDiscountAmt": null,
    "merchantDiscountAmt": null,
    "actualPaidAmt": null,
    "freightAmt": null,
    "buyerRemark": null,
    "sellerRemark": null,
    "id": 16384007,
    "createdBy": {
      "id": 540175374525637
    },
    "updatedBy": {
      "id": 540175374525637
    },
    "createdAt": 1745829651000,
    "updatedAt": 1745829651000,
    "version": 5,
    "deleted": 0,
    "originOrgId": 0,
    "slsPartnerLinks": [
      {
        "soId": {
          "id": 16384007
        },
        "id": 16228007
      }
    ],
    "soItems": [
      {
        "soId": {
          "id": 16384007
        },
        "id": 16306007
      }
    ]
  },
  {
    "soCode": "SO002650",
    "soDocDate": 1745769600000,
    "soExtCode": null,
    "baseCurrId": {
      "id": 2000001
    },
    "slsCurrId": {
      "id": 2000001
    },
    "exchRate": 1.0,
    "grossBaseAmt": 453288.0,
    "netBaseAmt": 401139.823009,
    "taxAmt": 52148.176991,
    "soCreateSource": "TERP门户",
    "slsOrgId": {
      "id": 14579001
    },
    "slsTmId": null,
    "soTypeId": {
      "soTypeCode": "STND",
      "soTypeName": "标准销售",
      "partnerProcedureHeadRef": {
        "id": 14005002
      },
      "attachmentProcedureHeadRef": null,
      "status": "ENABLED",
      "soTypeDesc": "标准销售",
      "genTextTypeRef": null,
      "isRev": false,
      "isSubmitApproval": true,
      "isModifyApproval": false,
      "currExchangeRateType": {
        "id": 2000001
      },
      "btClass": "SALES",
      "effectiveDays": null,
      "syncPrice": false,
      "isDefault": false,
      "id": 2101001,
      "createdBy": {
        "id": 27
      },
      "updatedBy": {
        "id": 477234922377861
      },
      "createdAt": 1685108645000,
      "updatedAt": 1745892294000,
      "version": 68,
      "deleted": 0,
      "originOrgId": 0
    },
    "custId": {
      "id": 2059001
    },
    "custPersonName": "李月汝",
    "custPhone": "18378999655",
    "slsPersonName": "章昂",
    "slsPhone": "17376596912",
    "soStatus": "EFFECT",
    "approveStatus": null,
    "soTitle": null,
    "soDesc": null,
    "soNotes": null,
    "isFixedExchRate": false,
    "slsComId": {
      "id": 14373001
    },
    "priceIdempotent": "0d50fae7dab1832583e5f209383f27cb",
    "freezeType": "ALL_FREEZE",
    "soAssociationCode": null,
    "soBusinessStatus": null,
    "bizRuleGroup": null,
    "addrDetail": "佛山市禅城区季华五路28号",
    "currExchangeRateType": {
      "id": 2000001
    },
    "slsDcId": {
      "id": 14378001
    },
    "btClass": "SALES",
    "effectiveAt": null,
    "slsPerson": {
      "id": 14094003
    },
    "reCalculate": null,
    "invOrg": null,
    "invLoc": null,
    "priceCalcDate": 1745829644000,
    "deliveryInterceptFail": null,
    "externalBuyerId": null,
    "addrId": {
      "id": 70002638
    },
    "totalAmt": 453288.0,
    "discountAmt": 0.0,
    "discountInfo": "",
    "platformDiscountAmt": null,
    "merchantDiscountAmt": null,
    "actualPaidAmt": null,
    "freightAmt": null,
    "buyerRemark": null,
    "sellerRemark": null,
    "id": 16384006,
    "createdBy": {
      "id": 540175374525637
    },
    "updatedBy": {
      "id": 540175374525637
    },
    "createdAt": 1745829644000,
    "updatedAt": 1745829650000,
    "version": 4,
    "deleted": 0,
    "originOrgId": 0,
    "slsPartnerLinks": [
      {
        "soId": {
          "id": 16384006
        },
        "id": 16228006
      }
    ],
    "soItems": [
      {
        "soId": {
          "id": 16384006
        },
        "id": 16306006
      }
    ]
  },
  {
    "soCode": "SO002648",
    "soDocDate": 1745769600000,
    "soExtCode": null,
    "baseCurrId": {
      "id": 2000001
    },
    "slsCurrId": {
      "id": 2000001
    },
    "exchRate": 1.0,
    "grossBaseAmt": 453288.0,
    "netBaseAmt": 401139.823009,
    "taxAmt": 52148.176991,
    "soCreateSource": "TERP门户",
    "slsOrgId": {
      "id": 14579001
    },
    "slsTmId": null,
    "soTypeId": {
      "soTypeCode": "STND",
      "soTypeName": "标准销售",
      "partnerProcedureHeadRef": {
        "id": 14005002
      },
      "attachmentProcedureHeadRef": null,
      "status": "ENABLED",
      "soTypeDesc": "标准销售",
      "genTextTypeRef": null,
      "isRev": false,
      "isSubmitApproval": true,
      "isModifyApproval": false,
      "currExchangeRateType": {
        "id": 2000001
      },
      "btClass": "SALES",
      "effectiveDays": null,
      "syncPrice": false,
      "isDefault": false,
      "id": 2101001,
      "createdBy": {
        "id": 27
      },
      "updatedBy": {
        "id": 477234922377861
      },
      "createdAt": 1685108645000,
      "updatedAt": 1745892294000,
      "version": 68,
      "deleted": 0,
      "originOrgId": 0
    },
    "custId": {
      "id": 2059001
    },
    "custPersonName": "李月汝",
    "custPhone": "18378999655",
    "slsPersonName": "章昂",
    "slsPhone": "17376596912",
    "soStatus": "EFFECT",
    "approveStatus": null,
    "soTitle": null,
    "soDesc": null,
    "soNotes": null,
    "isFixedExchRate": false,
    "slsComId": {
      "id": 14373001
    },
    "priceIdempotent": "f84ff92b17c7d5be42ca4f79665c4ac0",
    "freezeType": "NU_FREEZE",
    "soAssociationCode": null,
    "soBusinessStatus": null,
    "bizRuleGroup": null,
    "addrDetail": "佛山市禅城区季华五路28号",
    "currExchangeRateType": {
      "id": 2000001
    },
    "slsDcId": {
      "id": 14378001
    },
    "btClass": "SALES",
    "effectiveAt": null,
    "slsPerson": {
      "id": 14094003
    },
    "reCalculate": null,
    "invOrg": null,
    "invLoc": null,
    "priceCalcDate": 1745829642000,
    "deliveryInterceptFail": null,
    "externalBuyerId": null,
    "addrId": {
      "id": 70002638
    },
    "totalAmt": 453288.0,
    "discountAmt": 0.0,
    "discountInfo": "",
    "platformDiscountAmt": null,
    "merchantDiscountAmt": null,
    "actualPaidAmt": null,
    "freightAmt": null,
    "buyerRemark": null,
    "sellerRemark": null,
    "id": 16384005,
    "createdBy": {
      "id": 540175374525637
    },
    "updatedBy": {
      "id": 540175374525637
    },
    "createdAt": 1745829643000,
    "updatedAt": 1745829647000,
    "version": 3,
    "deleted": 0,
    "originOrgId": 0,
    "slsPartnerLinks": [
      {
        "soId": {
          "id": 16384005
        },
        "id": 16228005
      }
    ],
    "soItems": [
      {
        "soId": {
          "id": 16384005
        },
        "id": 16306005
      }
    ]
  },
  {
    "soCode": "SO002646",
    "soDocDate": 1745769600000,
    "soExtCode": null,
    "baseCurrId": {
      "id": 2000001
    },
    "slsCurrId": {
      "id": 2000001
    },
    "exchRate": 1.0,
    "grossBaseAmt": 782144.0,
    "netBaseAmt": 692162.831858,
    "taxAmt": 89981.168142,
    "soCreateSource": "TERP门户",
    "slsOrgId": {
      "id": 14579001
    },
    "slsTmId": null,
    "soTypeId": {
      "soTypeCode": "STND",
      "soTypeName": "标准销售",
      "partnerProcedureHeadRef": {
        "id": 14005002
      },
      "attachmentProcedureHeadRef": null,
      "status": "ENABLED",
      "soTypeDesc": "标准销售",
      "genTextTypeRef": null,
      "isRev": false,
      "isSubmitApproval": true,
      "isModifyApproval": false,
      "currExchangeRateType": {
        "id": 2000001
      },
      "btClass": "SALES",
      "effectiveDays": null,
      "syncPrice": false,
      "isDefault": false,
      "id": 2101001,
      "createdBy": {
        "id": 27
      },
      "updatedBy": {
        "id": 477234922377861
      },
      "createdAt": 1685108645000,
      "updatedAt": 1745892294000,
      "version": 68,
      "deleted": 0,
      "originOrgId": 0
    },
    "custId": {
      "id": 2059001
    },
    "custPersonName": "李月汝",
    "custPhone": "18378999655",
    "slsPersonName": "章昂",
    "slsPhone": "17376596912",
    "soStatus": "EFFECT",
    "approveStatus": null,
    "soTitle": null,
    "soDesc": null,
    "soNotes": null,
    "isFixedExchRate": false,
    "slsComId": {
      "id": 14373001
    },
    "priceIdempotent": "7f452801111790a1be4f8744bed16811",
    "freezeType": "NU_FREEZE",
    "soAssociationCode": null,
    "soBusinessStatus": null,
    "bizRuleGroup": null,
    "addrDetail": "佛山市禅城区季华五路28号",
    "currExchangeRateType": {
      "id": 2000001
    },
    "slsDcId": {
      "id": 14378001
    },
    "btClass": "SALES",
    "effectiveAt": null,
    "slsPerson": {
      "id": 14094003
    },
    "reCalculate": null,
    "invOrg": null,
    "invLoc": null,
    "priceCalcDate": 1745829637000,
    "deliveryInterceptFail": null,
    "externalBuyerId": null,
    "addrId": {
      "id": 70002638
    },
    "totalAmt": 782144.0,
    "discountAmt": 0.0,
    "discountInfo": "",
    "platformDiscountAmt": null,
    "merchantDiscountAmt": null,
    "actualPaidAmt": null,
    "freightAmt": null,
    "buyerRemark": null,
    "sellerRemark": null,
    "id": 16384004,
    "createdBy": {
      "id": 540175374525637
    },
    "updatedBy": {
      "id": 540175374525637
    },
    "createdAt": 1745829638000,
    "updatedAt": 1745829638000,
    "version": 2,
    "deleted": 0,
    "originOrgId": 0,
    "slsPartnerLinks": [
      {
        "soId": {
          "id": 16384004
        },
        "id": 16228004
      }
    ],
    "soItems": [
      {
        "soId": {
          "id": 16384004
        },
        "id": 16306004
      }
    ]
  },
  {
    "soCode": "SO002638",
    "soDocDate": 1745824720000,
    "soExtCode": null,
    "baseCurrId": {
      "id": 2000001
    },
    "slsCurrId": {
      "id": 2000001
    },
    "exchRate": 1.0,
    "grossBaseAmt": 364408.0,
    "netBaseAmt": 322484.955752,
    "taxAmt": 41923.044248,
    "soCreateSource": "TERP门户",
    "slsOrgId": {
      "id": 14579001
    },
    "slsTmId": null,
    "soTypeId": {
      "soTypeCode": "STND",
      "soTypeName": "标准销售",
      "partnerProcedureHeadRef": {
        "id": 14005002
      },
      "attachmentProcedureHeadRef": null,
      "status": "ENABLED",
      "soTypeDesc": "标准销售",
      "genTextTypeRef": null,
      "isRev": false,
      "isSubmitApproval": true,
      "isModifyApproval": false,
      "currExchangeRateType": {
        "id": 2000001
      },
      "btClass": "SALES",
      "effectiveDays": null,
      "syncPrice": false,
      "isDefault": false,
      "id": 2101001,
      "createdBy": {
        "id": 27
      },
      "updatedBy": {
        "id": 477234922377861
      },
      "createdAt": 1685108645000,
      "updatedAt": 1745892294000,
      "version": 68,
      "deleted": 0,
      "originOrgId": 0
    },
    "custId": {
      "id": 2059001
    },
    "custPersonName": "李月汝",
    "custPhone": "18378999655",
    "slsPersonName": "章昂",
    "slsPhone": "17376596912",
    "soStatus": "EFFECT",
    "approveStatus": null,
    "soTitle": null,
    "soDesc": null,
    "soNotes": null,
    "isFixedExchRate": false,
    "slsComId": {
      "id": 14373001
    },
    "priceIdempotent": "fbc5d85c3ca539cb13cb5c84cd12e301",
    "freezeType": "NU_FREEZE",
    "soAssociationCode": null,
    "soBusinessStatus": null,
    "bizRuleGroup": null,
    "addrDetail": "佛山市禅城区季华五路28号",
    "currExchangeRateType": {
      "id": 2000001
    },
    "slsDcId": {
      "id": 14378001
    },
    "btClass": "SALES",
    "effectiveAt": null,
    "slsPerson": {
      "id": 14094003
    },
    "reCalculate": null,
    "invOrg": null,
    "invLoc": null,
    "priceCalcDate": 1745824486000,
    "deliveryInterceptFail": null,
    "externalBuyerId": null,
    "addrId": {
      "id": 70002638
    },
    "totalAmt": 364408.0,
    "discountAmt": 0.0,
    "discountInfo": "",
    "platformDiscountAmt": null,
    "merchantDiscountAmt": null,
    "actualPaidAmt": null,
    "freightAmt": null,
    "buyerRemark": null,
    "sellerRemark": null,
    "id": 16383007,
    "createdBy": {
      "id": 540175374525637
    },
    "updatedBy": {
      "id": 540175374525637
    },
    "createdAt": 1745824721000,
    "updatedAt": 1745824721000,
    "version": 6,
    "deleted": 0,
    "originOrgId": 0,
    "slsPartnerLinks": [
      {
        "soId": {
          "id": 16383007
        },
        "id": 16227007
      }
    ],
    "soItems": [
      {
        "soId": {
          "id": 16383007
        },
        "id": 16305007
      }
    ]
  },
  {
    "soCode": "SO002632",
    "soDocDate": 1745824695000,
    "soExtCode": null,
    "baseCurrId": {
      "id": 2000001
    },
    "slsCurrId": {
      "id": 2000001
    },
    "exchRate": 1.0,
    "grossBaseAmt": 364408.0,
    "netBaseAmt": 322484.955752,
    "taxAmt": 41923.044248,
    "soCreateSource": "TERP门户",
    "slsOrgId": {
      "id": 14579001
    },
    "slsTmId": null,
    "soTypeId": {
      "soTypeCode": "STND",
      "soTypeName": "标准销售",
      "partnerProcedureHeadRef": {
        "id": 14005002
      },
      "attachmentProcedureHeadRef": null,
      "status": "ENABLED",
      "soTypeDesc": "标准销售",
      "genTextTypeRef": null,
      "isRev": false,
      "isSubmitApproval": true,
      "isModifyApproval": false,
      "currExchangeRateType": {
        "id": 2000001
      },
      "btClass": "SALES",
      "effectiveDays": null,
      "syncPrice": false,
      "isDefault": false,
      "id": 2101001,
      "createdBy": {
        "id": 27
      },
      "updatedBy": {
        "id": 477234922377861
      },
      "createdAt": 1685108645000,
      "updatedAt": 1745892294000,
      "version": 68,
      "deleted": 0,
      "originOrgId": 0
    },
    "custId": {
      "id": 2059001
    },
    "custPersonName": "李月汝",
    "custPhone": "18378999655",
    "slsPersonName": "章昂",
    "slsPhone": "17376596912",
    "soStatus": "EFFECT",
    "approveStatus": null,
    "soTitle": null,
    "soDesc": null,
    "soNotes": null,
    "isFixedExchRate": false,
    "slsComId": {
      "id": 14373001
    },
    "priceIdempotent": "e802d018a86406ab449e625de151a169",
    "freezeType": "ALL_FREEZE",
    "soAssociationCode": null,
    "soBusinessStatus": null,
    "bizRuleGroup": null,
    "addrDetail": "佛山市禅城区季华五路28号",
    "currExchangeRateType": {
      "id": 2000001
    },
    "slsDcId": {
      "id": 14378001
    },
    "btClass": "SALES",
    "effectiveAt": null,
    "slsPerson": {
      "id": 14094003
    },
    "reCalculate": null,
    "invOrg": null,
    "invLoc": null,
    "priceCalcDate": 1745824486000,
    "deliveryInterceptFail": null,
    "externalBuyerId": null,
    "addrId": {
      "id": 70002638
    },
    "totalAmt": 364408.0,
    "discountAmt": 0.0,
    "discountInfo": "",
    "platformDiscountAmt": null,
    "merchantDiscountAmt": null,
    "actualPaidAmt": null,
    "freightAmt": null,
    "buyerRemark": null,
    "sellerRemark": null,
    "id": 16383004,
    "createdBy": {
      "id": 540175374525637
    },
    "updatedBy": {
      "id": 540175374525637
    },
    "createdAt": 1745824696000,
    "updatedAt": 1745824719000,
    "version": 5,
    "deleted": 0,
    "originOrgId": 0,
    "slsPartnerLinks": [
      {
        "soId": {
          "id": 16383004
        },
        "id": 16227004
      }
    ],
    "soItems": [
      {
        "soId": {
          "id": 16383004
        },
        "id": 16305004
      }
    ]
  },
  {
    "soCode": "SO002619",
    "soDocDate": 1745769600000,
    "soExtCode": null,
    "baseCurrId": {
      "id": 2000001
    },
    "slsCurrId": {
      "id": 2000001
    },
    "exchRate": 1.0,
    "grossBaseAmt": 364408.0,
    "netBaseAmt": 322484.955752,
    "taxAmt": 41923.044248,
    "soCreateSource": "TERP门户",
    "slsOrgId": {
      "id": 14579001
    },
    "slsTmId": null,
    "soTypeId": {
      "soTypeCode": "STND",
      "soTypeName": "标准销售",
      "partnerProcedureHeadRef": {
        "id": 14005002
      },
      "attachmentProcedureHeadRef": null,
      "status": "ENABLED",
      "soTypeDesc": "标准销售",
      "genTextTypeRef": null,
      "isRev": false,
      "isSubmitApproval": true,
      "isModifyApproval": false,
      "currExchangeRateType": {
        "id": 2000001
      },
      "btClass": "SALES",
      "effectiveDays": null,
      "syncPrice": false,
      "isDefault": false,
      "id": 2101001,
      "createdBy": {
        "id": 27
      },
      "updatedBy": {
        "id": 477234922377861
      },
      "createdAt": 1685108645000,
      "updatedAt": 1745892294000,
      "version": 68,
      "deleted": 0,
      "originOrgId": 0
    },
    "custId": {
      "id": 2059001
    },
    "custPersonName": "李月汝",
    "custPhone": "18378999655",
    "slsPersonName": "章昂",
    "slsPhone": "17376596912",
    "soStatus": "EFFECT",
    "approveStatus": null,
    "soTitle": null,
    "soDesc": null,
    "soNotes": null,
    "isFixedExchRate": false,
    "slsComId": {
      "id": 14373001
    },
    "priceIdempotent": "1cb4c281d3dc9fe36139414bc9b0d2c2",
    "freezeType": "ALL_FREEZE",
    "soAssociationCode": null,
    "soBusinessStatus": null,
    "bizRuleGroup": null,
    "addrDetail": "佛山市禅城区季华五路28号",
    "currExchangeRateType": {
      "id": 2000001
    },
    "slsDcId": {
      "id": 14378001
    },
    "btClass": "SALES",
    "effectiveAt": null,
    "slsPerson": {
      "id": 14094003
    },
    "reCalculate": null,
    "invOrg": null,
    "invLoc": null,
    "priceCalcDate": 1745824486000,
    "deliveryInterceptFail": null,
    "externalBuyerId": null,
    "addrId": {
      "id": 70002638
    },
    "totalAmt": 364408.0,
    "discountAmt": 0.0,
    "discountInfo": "",
    "platformDiscountAmt": null,
    "merchantDiscountAmt": null,
    "actualPaidAmt": null,
    "freightAmt": null,
    "buyerRemark": null,
    "sellerRemark": null,
    "id": 16382003,
    "createdBy": {
      "id": 540175374525637
    },
    "updatedBy": {
      "id": 540175374525637
    },
    "createdAt": 1745824486000,
    "updatedAt": 1745824694000,
    "version": 3,
    "deleted": 0,
    "originOrgId": 0,
    "slsPartnerLinks": [
      {
        "soId": {
          "id": 16382003
        },
        "id": 16226003
      }
    ],
    "soItems": [
      {
        "soId": {
          "id": 16382003
        },
        "id": 16304003
      }
    ]
  },
  {
    "soCode": "SO002574",
    "soDocDate": 1745478886000,
    "soExtCode": null,
    "baseCurrId": {
      "id": 2000001
    },
    "slsCurrId": {
      "id": 2000001
    },
    "exchRate": 1.0,
    "grossBaseAmt": 195536.0,
    "netBaseAmt": 173040.707965,
    "taxAmt": 22495.292035,
    "soCreateSource": "TERP门户",
    "slsOrgId": {
      "id": 14579001
    },
    "slsTmId": null,
    "soTypeId": {
      "soTypeCode": "STND",
      "soTypeName": "标准销售",
      "partnerProcedureHeadRef": {
        "id": 14005002
      },
      "attachmentProcedureHeadRef": null,
      "status": "ENABLED",
      "soTypeDesc": "标准销售",
      "genTextTypeRef": null,
      "isRev": false,
      "isSubmitApproval": true,
      "isModifyApproval": false,
      "currExchangeRateType": {
        "id": 2000001
      },
      "btClass": "SALES",
      "effectiveDays": null,
      "syncPrice": false,
      "isDefault": false,
      "id": 2101001,
      "createdBy": {
        "id": 27
      },
      "updatedBy": {
        "id": 477234922377861
      },
      "createdAt": 1685108645000,
      "updatedAt": 1745892294000,
      "version": 68,
      "deleted": 0,
      "originOrgId": 0
    },
    "custId": {
      "id": 2059001
    },
    "custPersonName": "李月汝",
    "custPhone": "18378999655",
    "slsPersonName": "章昂",
    "slsPhone": "17376596912",
    "soStatus": "EFFECT",
    "approveStatus": null,
    "soTitle": null,
    "soDesc": null,
    "soNotes": null,
    "isFixedExchRate": false,
    "slsComId": {
      "id": 14373001
    },
    "priceIdempotent": "632927218c9c0fb73373772f390bc821",
    "freezeType": "NU_FREEZE",
    "soAssociationCode": null,
    "soBusinessStatus": null,
    "bizRuleGroup": null,
    "addrDetail": "佛山市禅城区季华五路28号",
    "currExchangeRateType": {
      "id": 2000001
    },
    "slsDcId": {
      "id": 14378001
    },
    "btClass": "SALES",
    "effectiveAt": null,
    "slsPerson": {
      "id": 14094003
    },
    "reCalculate": null,
    "invOrg": null,
    "invLoc": null,
    "priceCalcDate": 1745478868000,
    "deliveryInterceptFail": null,
    "externalBuyerId": null,
    "addrId": {
      "id": 70002638
    },
    "totalAmt": 195536.0,
    "discountAmt": 0.0,
    "discountInfo": "",
    "platformDiscountAmt": null,
    "merchantDiscountAmt": null,
    "actualPaidAmt": null,
    "freightAmt": null,
    "buyerRemark": null,
    "sellerRemark": null,
    "id": 16379147,
    "createdBy": {
      "id": 540175374525637
    },
    "updatedBy": {
      "id": 540175374525637
    },
    "createdAt": 1745478886000,
    "updatedAt": 1745478887000,
    "version": 4,
    "deleted": 0,
    "originOrgId": 0,
    "slsPartnerLinks": [
      {
        "soId": {
          "id": 16379147
        },
        "id": 16223113
      }
    ],
    "soItems": [
      {
        "soId": {
          "id": 16379147
        },
        "id": 16301150
      }
    ]
  },
  {
    "soCode": "SO002568",
    "soDocDate": 1745424000000,
    "soExtCode": null,
    "baseCurrId": {
      "id": 2000001
    },
    "slsCurrId": {
      "id": 2000001
    },
    "exchRate": 1.0,
    "grossBaseAmt": 195536.0,
    "netBaseAmt": 173040.707965,
    "taxAmt": 22495.292035,
    "soCreateSource": "TERP门户",
    "slsOrgId": {
      "id": 14579001
    },
    "slsTmId": null,
    "soTypeId": {
      "soTypeCode": "STND",
      "soTypeName": "标准销售",
      "partnerProcedureHeadRef": {
        "id": 14005002
      },
      "attachmentProcedureHeadRef": null,
      "status": "ENABLED",
      "soTypeDesc": "标准销售",
      "genTextTypeRef": null,
      "isRev": false,
      "isSubmitApproval": true,
      "isModifyApproval": false,
      "currExchangeRateType": {
        "id": 2000001
      },
      "btClass": "SALES",
      "effectiveDays": null,
      "syncPrice": false,
      "isDefault": false,
      "id": 2101001,
      "createdBy": {
        "id": 27
      },
      "updatedBy": {
        "id": 477234922377861
      },
      "createdAt": 1685108645000,
      "updatedAt": 1745892294000,
      "version": 68,
      "deleted": 0,
      "originOrgId": 0
    },
    "custId": {
      "id": 2059001
    },
    "custPersonName": "李月汝",
    "custPhone": "18378999655",
    "slsPersonName": "章昂",
    "slsPhone": "17376596912",
    "soStatus": "EFFECT",
    "approveStatus": null,
    "soTitle": null,
    "soDesc": null,
    "soNotes": null,
    "isFixedExchRate": false,
    "slsComId": {
      "id": 14373001
    },
    "priceIdempotent": "cf630074a36e740cacaa7f4adeedbe77",
    "freezeType": "ALL_FREEZE",
    "soAssociationCode": null,
    "soBusinessStatus": null,
    "bizRuleGroup": null,
    "addrDetail": "佛山市禅城区季华五路28号",
    "currExchangeRateType": {
      "id": 2000001
    },
    "slsDcId": {
      "id": 14378001
    },
    "btClass": "SALES",
    "effectiveAt": null,
    "slsPerson": {
      "id": 14094003
    },
    "reCalculate": null,
    "invOrg": null,
    "invLoc": null,
    "priceCalcDate": 1745478868000,
    "deliveryInterceptFail": null,
    "externalBuyerId": null,
    "addrId": {
      "id": 70002638
    },
    "totalAmt": 195536.0,
    "discountAmt": 0.0,
    "discountInfo": "",
    "platformDiscountAmt": null,
    "merchantDiscountAmt": null,
    "actualPaidAmt": null,
    "freightAmt": null,
    "buyerRemark": null,
    "sellerRemark": null,
    "id": 16379144,
    "createdBy": {
      "id": 540175374525637
    },
    "updatedBy": {
      "id": 540175374525637
    },
    "createdAt": 1745478868000,
    "updatedAt": 1745478884000,
    "version": 3,
    "deleted": 0,
    "originOrgId": 0,
    "slsPartnerLinks": [
      {
        "soId": {
          "id": 16379144
        },
        "id": 16223110
      }
    ],
    "soItems": [
      {
        "soId": {
          "id": 16379144
        },
        "id": 16301147
      }
    ]
  },
  {
    "soCode": "SO002564",
    "soDocDate": 1745424000000,
    "soExtCode": null,
    "baseCurrId": {
      "id": 2000001
    },
    "slsCurrId": {
      "id": 2000001
    },
    "exchRate": 1.0,
    "grossBaseAmt": 151096.0,
    "netBaseAmt": 133713.274336,
    "taxAmt": 17382.725664,
    "soCreateSource": "TERP门户",
    "slsOrgId": {
      "id": 14579001
    },
    "slsTmId": null,
    "soTypeId": {
      "soTypeCode": "STND",
      "soTypeName": "标准销售",
      "partnerProcedureHeadRef": {
        "id": 14005002
      },
      "attachmentProcedureHeadRef": null,
      "status": "ENABLED",
      "soTypeDesc": "标准销售",
      "genTextTypeRef": null,
      "isRev": false,
      "isSubmitApproval": true,
      "isModifyApproval": false,
      "currExchangeRateType": {
        "id": 2000001
      },
      "btClass": "SALES",
      "effectiveDays": null,
      "syncPrice": false,
      "isDefault": false,
      "id": 2101001,
      "createdBy": {
        "id": 27
      },
      "updatedBy": {
        "id": 477234922377861
      },
      "createdAt": 1685108645000,
      "updatedAt": 1745892294000,
      "version": 68,
      "deleted": 0,
      "originOrgId": 0
    },
    "custId": {
      "id": 2059001
    },
    "custPersonName": "李月汝",
    "custPhone": "18378999655",
    "slsPersonName": "章昂",
    "slsPhone": "17376596912",
    "soStatus": "EFFECT",
    "approveStatus": null,
    "soTitle": null,
    "soDesc": null,
    "soNotes": null,
    "isFixedExchRate": false,
    "slsComId": {
      "id": 14373001
    },
    "priceIdempotent": "36d400a453d82cf2b5bb43d31d5405c1",
    "freezeType": "NU_FREEZE",
    "soAssociationCode": null,
    "soBusinessStatus": null,
    "bizRuleGroup": null,
    "addrDetail": "佛山市禅城区季华五路28号",
    "currExchangeRateType": {
      "id": 2000001
    },
    "slsDcId": {
      "id": 14378001
    },
    "btClass": "SALES",
    "effectiveAt": null,
    "slsPerson": {
      "id": 14094003
    },
    "reCalculate": null,
    "invOrg": null,
    "invLoc": null,
    "priceCalcDate": 1745478860000,
    "deliveryInterceptFail": null,
    "externalBuyerId": null,
    "addrId": {
      "id": 70002638
    },
    "totalAmt": 151096.0,
    "discountAmt": 0.0,
    "discountInfo": "",
    "platformDiscountAmt": null,
    "merchantDiscountAmt": null,
    "actualPaidAmt": null,
    "freightAmt": null,
    "buyerRemark": null,
    "sellerRemark": null,
    "id": 16379142,
    "createdBy": {
      "id": 540175374525637
    },
    "updatedBy": {
      "id": 540175374525637
    },
    "createdAt": 1745478861000,
    "updatedAt": 1745478861000,
    "version": 2,
    "deleted": 0,
    "originOrgId": 0,
    "slsPartnerLinks": [
      {
        "soId": {
          "id": 16379142
        },
        "id": 16223108
      }
    ],
    "soItems": [
      {
        "soId": {
          "id": 16379142
        },
        "id": 16301145
      }
    ]
  },
  {
    "soCode": "SO002547",
    "soDocDate": 1745402569000,
    "soExtCode": null,
    "baseCurrId": {
      "id": 2000001
    },
    "slsCurrId": {
      "id": 2000001
    },
    "exchRate": 1.0,
    "grossBaseAmt": 186648.0,
    "netBaseAmt": 165175.221239,
    "taxAmt": 21472.778761,
    "soCreateSource": "TERP门户",
    "slsOrgId": {
      "id": 14579001
    },
    "slsTmId": null,
    "soTypeId": {
      "soTypeCode": "STND",
      "soTypeName": "标准销售",
      "partnerProcedureHeadRef": {
        "id": 14005002
      },
      "attachmentProcedureHeadRef": null,
      "status": "ENABLED",
      "soTypeDesc": "标准销售",
      "genTextTypeRef": null,
      "isRev": false,
      "isSubmitApproval": true,
      "isModifyApproval": false,
      "currExchangeRateType": {
        "id": 2000001
      },
      "btClass": "SALES",
      "effectiveDays": null,
      "syncPrice": false,
      "isDefault": false,
      "id": 2101001,
      "createdBy": {
        "id": 27
      },
      "updatedBy": {
        "id": 477234922377861
      },
      "createdAt": 1685108645000,
      "updatedAt": 1745892294000,
      "version": 68,
      "deleted": 0,
      "originOrgId": 0
    },
    "custId": {
      "id": 2059001
    },
    "custPersonName": "李月汝",
    "custPhone": "18378999655",
    "slsPersonName": "章昂",
    "slsPhone": "17376596912",
    "soStatus": "EFFECT",
    "approveStatus": null,
    "soTitle": null,
    "soDesc": null,
    "soNotes": null,
    "isFixedExchRate": false,
    "slsComId": {
      "id": 14373001
    },
    "priceIdempotent": "69903288006a19f78614bb70cdd586fa",
    "freezeType": "NU_FREEZE",
    "soAssociationCode": null,
    "soBusinessStatus": null,
    "bizRuleGroup": null,
    "addrDetail": "佛山市禅城区季华五路28号",
    "currExchangeRateType": {
      "id": 2000001
    },
    "slsDcId": {
      "id": 14378001
    },
    "btClass": "SALES",
    "effectiveAt": null,
    "slsPerson": {
      "id": 14094003
    },
    "reCalculate": null,
    "invOrg": null,
    "invLoc": null,
    "priceCalcDate": 1745402550000,
    "deliveryInterceptFail": null,
    "externalBuyerId": null,
    "addrId": {
      "id": 70002638
    },
    "totalAmt": 186648.0,
    "discountAmt": 0.0,
    "discountInfo": "",
    "platformDiscountAmt": null,
    "merchantDiscountAmt": null,
    "actualPaidAmt": null,
    "freightAmt": null,
    "buyerRemark": null,
    "sellerRemark": null,
    "id": 16379139,
    "createdBy": {
      "id": 540175374525637
    },
    "updatedBy": {
      "id": 540175374525637
    },
    "createdAt": 1745402569000,
    "updatedAt": 1745402570000,
    "version": 4,
    "deleted": 0,
    "originOrgId": 0,
    "slsPartnerLinks": [
      {
        "soId": {
          "id": 16379139
        },
        "id": 16223105
      }
    ],
    "soItems": [
      {
        "soId": {
          "id": 16379139
        },
        "id": 16301142
      }
    ]
  },
  {
    "soCode": "SO002541",
    "soDocDate": 1745337600000,
    "soExtCode": null,
    "baseCurrId": {
      "id": 2000001
    },
    "slsCurrId": {
      "id": 2000001
    },
    "exchRate": 1.0,
    "grossBaseAmt": 186648.0,
    "netBaseAmt": 165175.221239,
    "taxAmt": 21472.778761,
    "soCreateSource": "TERP门户",
    "slsOrgId": {
      "id": 14579001
    },
    "slsTmId": null,
    "soTypeId": {
      "soTypeCode": "STND",
      "soTypeName": "标准销售",
      "partnerProcedureHeadRef": {
        "id": 14005002
      },
      "attachmentProcedureHeadRef": null,
      "status": "ENABLED",
      "soTypeDesc": "标准销售",
      "genTextTypeRef": null,
      "isRev": false,
      "isSubmitApproval": true,
      "isModifyApproval": false,
      "currExchangeRateType": {
        "id": 2000001
      },
      "btClass": "SALES",
      "effectiveDays": null,
      "syncPrice": false,
      "isDefault": false,
      "id": 2101001,
      "createdBy": {
        "id": 27
      },
      "updatedBy": {
        "id": 477234922377861
      },
      "createdAt": 1685108645000,
      "updatedAt": 1745892294000,
      "version": 68,
      "deleted": 0,
      "originOrgId": 0
    },
    "custId": {
      "id": 2059001
    },
    "custPersonName": "李月汝",
    "custPhone": "18378999655",
    "slsPersonName": "章昂",
    "slsPhone": "17376596912",
    "soStatus": "EFFECT",
    "approveStatus": null,
    "soTitle": null,
    "soDesc": null,
    "soNotes": null,
    "isFixedExchRate": false,
    "slsComId": {
      "id": 14373001
    },
    "priceIdempotent": "c568c6304149b1eef83f96a45914f0d4",
    "freezeType": "ALL_FREEZE",
    "soAssociationCode": null,
    "soBusinessStatus": null,
    "bizRuleGroup": null,
    "addrDetail": "佛山市禅城区季华五路28号",
    "currExchangeRateType": {
      "id": 2000001
    },
    "slsDcId": {
      "id": 14378001
    },
    "btClass": "SALES",
    "effectiveAt": null,
    "slsPerson": {
      "id": 14094003
    },
    "reCalculate": null,
    "invOrg": null,
    "invLoc": null,
    "priceCalcDate": 1745402550000,
    "deliveryInterceptFail": null,
    "externalBuyerId": null,
    "addrId": {
      "id": 70002638
    },
    "totalAmt": 186648.0,
    "discountAmt": 0.0,
    "discountInfo": "",
    "platformDiscountAmt": null,
    "merchantDiscountAmt": null,
    "actualPaidAmt": null,
    "freightAmt": null,
    "buyerRemark": null,
    "sellerRemark": null,
    "id": 16379136,
    "createdBy": {
      "id": 540175374525637
    },
    "updatedBy": {
      "id": 540175374525637
    },
    "createdAt": 1745402550000,
    "updatedAt": 1745402568000,
    "version": 3,
    "deleted": 0,
    "originOrgId": 0,
    "slsPartnerLinks": [
      {
        "soId": {
          "id": 16379136
        },
        "id": 16223102
      }
    ],
    "soItems": [
      {
        "soId": {
          "id": 16379136
        },
        "id": 16301139
      }
    ]
  },
  {
    "soCode": "SO002537",
    "soDocDate": 1745337600000,
    "soExtCode": null,
    "baseCurrId": {
      "id": 2000001
    },
    "slsCurrId": {
      "id": 2000001
    },
    "exchRate": 1.0,
    "grossBaseAmt": 88880.0,
    "netBaseAmt": 78654.867257,
    "taxAmt": 10225.132743,
    "soCreateSource": "TERP门户",
    "slsOrgId": {
      "id": 14579001
    },
    "slsTmId": null,
    "soTypeId": {
      "soTypeCode": "STND",
      "soTypeName": "标准销售",
      "partnerProcedureHeadRef": {
        "id": 14005002
      },
      "attachmentProcedureHeadRef": null,
      "status": "ENABLED",
      "soTypeDesc": "标准销售",
      "genTextTypeRef": null,
      "isRev": false,
      "isSubmitApproval": true,
      "isModifyApproval": false,
      "currExchangeRateType": {
        "id": 2000001
      },
      "btClass": "SALES",
      "effectiveDays": null,
      "syncPrice": false,
      "isDefault": false,
      "id": 2101001,
      "createdBy": {
        "id": 27
      },
      "updatedBy": {
        "id": 477234922377861
      },
      "createdAt": 1685108645000,
      "updatedAt": 1745892294000,
      "version": 68,
      "deleted": 0,
      "originOrgId": 0
    },
    "custId": {
      "id": 2059001
    },
    "custPersonName": "李月汝",
    "custPhone": "18378999655",
    "slsPersonName": "章昂",
    "slsPhone": "17376596912",
    "soStatus": "EFFECT",
    "approveStatus": null,
    "soTitle": null,
    "soDesc": null,
    "soNotes": null,
    "isFixedExchRate": false,
    "slsComId": {
      "id": 14373001
    },
    "priceIdempotent": "f041c94629cfd24fff6fbae870c676fa",
    "freezeType": "NU_FREEZE",
    "soAssociationCode": null,
    "soBusinessStatus": null,
    "bizRuleGroup": null,
    "addrDetail": "佛山市禅城区季华五路28号",
    "currExchangeRateType": {
      "id": 2000001
    },
    "slsDcId": {
      "id": 14378001
    },
    "btClass": "SALES",
    "effectiveAt": null,
    "slsPerson": {
      "id": 14094003
    },
    "reCalculate": null,
    "invOrg": null,
    "invLoc": null,
    "priceCalcDate": 1745402541000,
    "deliveryInterceptFail": null,
    "externalBuyerId": null,
    "addrId": {
      "id": 70002638
    },
    "totalAmt": 88880.0,
    "discountAmt": 0.0,
    "discountInfo": "",
    "platformDiscountAmt": null,
    "merchantDiscountAmt": null,
    "actualPaidAmt": null,
    "freightAmt": null,
    "buyerRemark": null,
    "sellerRemark": null,
    "id": 16379134,
    "createdBy": {
      "id": 540175374525637
    },
    "updatedBy": {
      "id": 540175374525637
    },
    "createdAt": 1745402542000,
    "updatedAt": 1745402542000,
    "version": 2,
    "deleted": 0,
    "originOrgId": 0,
    "slsPartnerLinks": [
      {
        "soId": {
          "id": 16379134
        },
        "id": 16223100
      }
    ],
    "soItems": [
      {
        "soId": {
          "id": 16379134
        },
        "id": 16301137
      }
    ]
  },
  {
    "soCode": "SO002533",
    "soDocDate": 1745402393000,
    "soExtCode": null,
    "baseCurrId": {
      "id": 2000001
    },
    "slsCurrId": {
      "id": 2000001
    },
    "exchRate": 1.0,
    "grossBaseAmt": 728816.0,
    "netBaseAmt": 644969.911504,
    "taxAmt": 83846.088496,
    "soCreateSource": "TERP门户",
    "slsOrgId": {
      "id": 14579001
    },
    "slsTmId": null,
    "soTypeId": {
      "soTypeCode": "STND",
      "soTypeName": "标准销售",
      "partnerProcedureHeadRef": {
        "id": 14005002
      },
      "attachmentProcedureHeadRef": null,
      "status": "ENABLED",
      "soTypeDesc": "标准销售",
      "genTextTypeRef": null,
      "isRev": false,
      "isSubmitApproval": true,
      "isModifyApproval": false,
      "currExchangeRateType": {
        "id": 2000001
      },
      "btClass": "SALES",
      "effectiveDays": null,
      "syncPrice": false,
      "isDefault": false,
      "id": 2101001,
      "createdBy": {
        "id": 27
      },
      "updatedBy": {
        "id": 477234922377861
      },
      "createdAt": 1685108645000,
      "updatedAt": 1745892294000,
      "version": 68,
      "deleted": 0,
      "originOrgId": 0
    },
    "custId": {
      "id": 2059001
    },
    "custPersonName": "李月汝",
    "custPhone": "18378999655",
    "slsPersonName": "章昂",
    "slsPhone": "17376596912",
    "soStatus": "EFFECT",
    "approveStatus": null,
    "soTitle": null,
    "soDesc": null,
    "soNotes": null,
    "isFixedExchRate": false,
    "slsComId": {
      "id": 14373001
    },
    "priceIdempotent": "b873b63cec5d385206156b61d48871fb",
    "freezeType": "NU_FREEZE",
    "soAssociationCode": null,
    "soBusinessStatus": null,
    "bizRuleGroup": null,
    "addrDetail": "佛山市禅城区季华五路28号",
    "currExchangeRateType": {
      "id": 2000001
    },
    "slsDcId": {
      "id": 14378001
    },
    "btClass": "SALES",
    "effectiveAt": null,
    "slsPerson": {
      "id": 14094003
    },
    "reCalculate": null,
    "invOrg": null,
    "invLoc": null,
    "priceCalcDate": 1745402374000,
    "deliveryInterceptFail": null,
    "externalBuyerId": null,
    "addrId": {
      "id": 70002638
    },
    "totalAmt": 728816.0,
    "discountAmt": 0.0,
    "discountInfo": "",
    "platformDiscountAmt": null,
    "merchantDiscountAmt": null,
    "actualPaidAmt": null,
    "freightAmt": null,
    "buyerRemark": null,
    "sellerRemark": null,
    "id": 16379132,
    "createdBy": {
      "id": 540175374525637
    },
    "updatedBy": {
      "id": 540175374525637
    },
    "createdAt": 1745402393000,
    "updatedAt": 1745402393000,
    "version": 4,
    "deleted": 0,
    "originOrgId": 0,
    "slsPartnerLinks": [
      {
        "soId": {
          "id": 16379132
        },
        "id": 16223098
      }
    ],
    "soItems": [
      {
        "soId": {
          "id": 16379132
        },
        "id": 16301135
      }
    ]
  },
  {
    "soCode": "SO002527",
    "soDocDate": 1745337600000,
    "soExtCode": null,
    "baseCurrId": {
      "id": 2000001
    },
    "slsCurrId": {
      "id": 2000001
    },
    "exchRate": 1.0,
    "grossBaseAmt": 728816.0,
    "netBaseAmt": 644969.911504,
    "taxAmt": 83846.088496,
    "soCreateSource": "TERP门户",
    "slsOrgId": {
      "id": 14579001
    },
    "slsTmId": null,
    "soTypeId": {
      "soTypeCode": "STND",
      "soTypeName": "标准销售",
      "partnerProcedureHeadRef": {
        "id": 14005002
      },
      "attachmentProcedureHeadRef": null,
      "status": "ENABLED",
      "soTypeDesc": "标准销售",
      "genTextTypeRef": null,
      "isRev": false,
      "isSubmitApproval": true,
      "isModifyApproval": false,
      "currExchangeRateType": {
        "id": 2000001
      },
      "btClass": "SALES",
      "effectiveDays": null,
      "syncPrice": false,
      "isDefault": false,
      "id": 2101001,
      "createdBy": {
        "id": 27
      },
      "updatedBy": {
        "id": 477234922377861
      },
      "createdAt": 1685108645000,
      "updatedAt": 1745892294000,
      "version": 68,
      "deleted": 0,
      "originOrgId": 0
    },
    "custId": {
      "id": 2059001
    },
    "custPersonName": "李月汝",
    "custPhone": "18378999655",
    "slsPersonName": "章昂",
    "slsPhone": "17376596912",
    "soStatus": "EFFECT",
    "approveStatus": null,
    "soTitle": null,
    "soDesc": null,
    "soNotes": null,
    "isFixedExchRate": false,
    "slsComId": {
      "id": 14373001
    },
    "priceIdempotent": "44720480c595d532d8fb37811e9ab76a",
    "freezeType": "ALL_FREEZE",
    "soAssociationCode": null,
    "soBusinessStatus": null,
    "bizRuleGroup": null,
    "addrDetail": "佛山市禅城区季华五路28号",
    "currExchangeRateType": {
      "id": 2000001
    },
    "slsDcId": {
      "id": 14378001
    },
    "btClass": "SALES",
    "effectiveAt": null,
    "slsPerson": {
      "id": 14094003
    },
    "reCalculate": null,
    "invOrg": null,
    "invLoc": null,
    "priceCalcDate": 1745402374000,
    "deliveryInterceptFail": null,
    "externalBuyerId": null,
    "addrId": {
      "id": 70002638
    },
    "totalAmt": 728816.0,
    "discountAmt": 0.0,
    "discountInfo": "",
    "platformDiscountAmt": null,
    "merchantDiscountAmt": null,
    "actualPaidAmt": null,
    "freightAmt": null,
    "buyerRemark": null,
    "sellerRemark": null,
    "id": 16379129,
    "createdBy": {
      "id": 540175374525637
    },
    "updatedBy": {
      "id": 540175374525637
    },
    "createdAt": 1745402374000,
    "updatedAt": 1745402391000,
    "version": 3,
    "deleted": 0,
    "originOrgId": 0,
    "slsPartnerLinks": [
      {
        "soId": {
          "id": 16379129
        },
        "id": 16223095
      }
    ],
    "soItems": [
      {
        "soId": {
          "id": 16379129
        },
        "id": 16301132
      }
    ]
  },
  {
    "soCode": "SO002523",
    "soDocDate": 1745337600000,
    "soExtCode": null,
    "baseCurrId": {
      "id": 2000001
    },
    "slsCurrId": {
      "id": 2000001
    },
    "exchRate": 1.0,
    "grossBaseAmt": 151096.0,
    "netBaseAmt": 133713.274336,
    "taxAmt": 17382.725664,
    "soCreateSource": "TERP门户",
    "slsOrgId": {
      "id": 14579001
    },
    "slsTmId": null,
    "soTypeId": {
      "soTypeCode": "STND",
      "soTypeName": "标准销售",
      "partnerProcedureHeadRef": {
        "id": 14005002
      },
      "attachmentProcedureHeadRef": null,
      "status": "ENABLED",
      "soTypeDesc": "标准销售",
      "genTextTypeRef": null,
      "isRev": false,
      "isSubmitApproval": true,
      "isModifyApproval": false,
      "currExchangeRateType": {
        "id": 2000001
      },
      "btClass": "SALES",
      "effectiveDays": null,
      "syncPrice": false,
      "isDefault": false,
      "id": 2101001,
      "createdBy": {
        "id": 27
      },
      "updatedBy": {
        "id": 477234922377861
      },
      "createdAt": 1685108645000,
      "updatedAt": 1745892294000,
      "version": 68,
      "deleted": 0,
      "originOrgId": 0
    },
    "custId": {
      "id": 2059001
    },
    "custPersonName": "李月汝",
    "custPhone": "18378999655",
    "slsPersonName": "章昂",
    "slsPhone": "17376596912",
    "soStatus": "EFFECT",
    "approveStatus": null,
    "soTitle": null,
    "soDesc": null,
    "soNotes": null,
    "isFixedExchRate": false,
    "slsComId": {
      "id": 14373001
    },
    "priceIdempotent": "c2bd948b2c2654b6a7bdc1a036e0de78",
    "freezeType": "NU_FREEZE",
    "soAssociationCode": null,
    "soBusinessStatus": null,
    "bizRuleGroup": null,
    "addrDetail": "佛山市禅城区季华五路28号",
    "currExchangeRateType": {
      "id": 2000001
    },
    "slsDcId": {
      "id": 14378001
    },
    "btClass": "SALES",
    "effectiveAt": null,
    "slsPerson": {
      "id": 14094003
    },
    "reCalculate": null,
    "invOrg": null,
    "invLoc": null,
    "priceCalcDate": 1745402367000,
    "deliveryInterceptFail": null,
    "externalBuyerId": null,
    "addrId": {
      "id": 70002638
    },
    "totalAmt": 151096.0,
    "discountAmt": 0.0,
    "discountInfo": "",
    "platformDiscountAmt": null,
    "merchantDiscountAmt": null,
    "actualPaidAmt": null,
    "freightAmt": null,
    "buyerRemark": null,
    "sellerRemark": null,
    "id": 16379127,
    "createdBy": {
      "id": 540175374525637
    },
    "updatedBy": {
      "id": 540175374525637
    },
    "createdAt": 1745402367000,
    "updatedAt": 1745402368000,
    "version": 2,
    "deleted": 0,
    "originOrgId": 0,
    "slsPartnerLinks": [
      {
        "soId": {
          "id": 16379127
        },
        "id": 16223093
      }
    ],
    "soItems": [
      {
        "soId": {
          "id": 16379127
        },
        "id": 16301130
      }
    ]
  },
  {
    "soCode": "SO002519",
    "soDocDate": 1745401508000,
    "soExtCode": null,
    "baseCurrId": {
      "id": 2000001
    },
    "slsCurrId": {
      "id": 2000001
    },
    "exchRate": 1.0,
    "grossBaseAmt": 355520.0,
    "netBaseAmt": 314619.469027,
    "taxAmt": 40900.530973,
    "soCreateSource": "TERP门户",
    "slsOrgId": {
      "id": 14579001
    },
    "slsTmId": null,
    "soTypeId": {
      "soTypeCode": "STND",
      "soTypeName": "标准销售",
      "partnerProcedureHeadRef": {
        "id": 14005002
      },
      "attachmentProcedureHeadRef": null,
      "status": "ENABLED",
      "soTypeDesc": "标准销售",
      "genTextTypeRef": null,
      "isRev": false,
      "isSubmitApproval": true,
      "isModifyApproval": false,
      "currExchangeRateType": {
        "id": 2000001
      },
      "btClass": "SALES",
      "effectiveDays": null,
      "syncPrice": false,
      "isDefault": false,
      "id": 2101001,
      "createdBy": {
        "id": 27
      },
      "updatedBy": {
        "id": 477234922377861
      },
      "createdAt": 1685108645000,
      "updatedAt": 1745892294000,
      "version": 68,
      "deleted": 0,
      "originOrgId": 0
    },
    "custId": {
      "id": 2059001
    },
    "custPersonName": "李月汝",
    "custPhone": "18378999655",
    "slsPersonName": "章昂",
    "slsPhone": "17376596912",
    "soStatus": "EFFECT",
    "approveStatus": null,
    "soTitle": null,
    "soDesc": null,
    "soNotes": null,
    "isFixedExchRate": false,
    "slsComId": {
      "id": 14373001
    },
    "priceIdempotent": "d4a2bae459d11e7e95cdd78d25f8e35c",
    "freezeType": "NU_FREEZE",
    "soAssociationCode": null,
    "soBusinessStatus": null,
    "bizRuleGroup": null,
    "addrDetail": "佛山市禅城区季华五路28号",
    "currExchangeRateType": {
      "id": 2000001
    },
    "slsDcId": {
      "id": 14378001
    },
    "btClass": "SALES",
    "effectiveAt": null,
    "slsPerson": {
      "id": 14094003
    },
    "reCalculate": null,
    "invOrg": null,
    "invLoc": null,
    "priceCalcDate": 1745401476000,
    "deliveryInterceptFail": null,
    "externalBuyerId": null,
    "addrId": {
      "id": 70002638
    },
    "totalAmt": 355520.0,
    "discountAmt": 0.0,
    "discountInfo": "",
    "platformDiscountAmt": null,
    "merchantDiscountAmt": null,
    "actualPaidAmt": null,
    "freightAmt": null,
    "buyerRemark": null,
    "sellerRemark": null,
    "id": 16379125,
    "createdBy": {
      "id": 540175374525637
    },
    "updatedBy": {
      "id": 540175374525637
    },
    "createdAt": 1745401508000,
    "updatedAt": 1745401509000,
    "version": 4,
    "deleted": 0,
    "originOrgId": 0,
    "slsPartnerLinks": [
      {
        "soId": {
          "id": 16379125
        },
        "id": 16223091
      }
    ],
    "soItems": [
      {
        "soId": {
          "id": 16379125
        },
        "id": 16301128
      }
    ]
  },
  {
    "soCode": "SO002513",
    "soDocDate": 1745337600000,
    "soExtCode": null,
    "baseCurrId": {
      "id": 2000001
    },
    "slsCurrId": {
      "id": 2000001
    },
    "exchRate": 1.0,
    "grossBaseAmt": 355520.0,
    "netBaseAmt": 314619.469027,
    "taxAmt": 40900.530973,
    "soCreateSource": "TERP门户",
    "slsOrgId": {
      "id": 14579001
    },
    "slsTmId": null,
    "soTypeId": {
      "soTypeCode": "STND",
      "soTypeName": "标准销售",
      "partnerProcedureHeadRef": {
        "id": 14005002
      },
      "attachmentProcedureHeadRef": null,
      "status": "ENABLED",
      "soTypeDesc": "标准销售",
      "genTextTypeRef": null,
      "isRev": false,
      "isSubmitApproval": true,
      "isModifyApproval": false,
      "currExchangeRateType": {
        "id": 2000001
      },
      "btClass": "SALES",
      "effectiveDays": null,
      "syncPrice": false,
      "isDefault": false,
      "id": 2101001,
      "createdBy": {
        "id": 27
      },
      "updatedBy": {
        "id": 477234922377861
      },
      "createdAt": 1685108645000,
      "updatedAt": 1745892294000,
      "version": 68,
      "deleted": 0,
      "originOrgId": 0
    },
    "custId": {
      "id": 2059001
    },
    "custPersonName": "李月汝",
    "custPhone": "18378999655",
    "slsPersonName": "章昂",
    "slsPhone": "17376596912",
    "soStatus": "EFFECT",
    "approveStatus": null,
    "soTitle": null,
    "soDesc": null,
    "soNotes": null,
    "isFixedExchRate": false,
    "slsComId": {
      "id": 14373001
    },
    "priceIdempotent": "bdd1cb63923ffe1862bc5aac5a4c3a95",
    "freezeType": "ALL_FREEZE",
    "soAssociationCode": null,
    "soBusinessStatus": null,
    "bizRuleGroup": null,
    "addrDetail": "佛山市禅城区季华五路28号",
    "currExchangeRateType": {
      "id": 2000001
    },
    "slsDcId": {
      "id": 14378001
    },
    "btClass": "SALES",
    "effectiveAt": null,
    "slsPerson": {
      "id": 14094003
    },
    "reCalculate": null,
    "invOrg": null,
    "invLoc": null,
    "priceCalcDate": 1745401476000,
    "deliveryInterceptFail": null,
    "externalBuyerId": null,
    "addrId": {
      "id": 70002638
    },
    "totalAmt": 355520.0,
    "discountAmt": 0.0,
    "discountInfo": "",
    "platformDiscountAmt": null,
    "merchantDiscountAmt": null,
    "actualPaidAmt": null,
    "freightAmt": null,
    "buyerRemark": null,
    "sellerRemark": null,
    "id": 16379122,
    "createdBy": {
      "id": 540175374525637
    },
    "updatedBy": {
      "id": 540175374525637
    },
    "createdAt": 1745401477000,
    "updatedAt": 1745401505000,
    "version": 3,
    "deleted": 0,
    "originOrgId": 0,
    "slsPartnerLinks": [
      {
        "soId": {
          "id": 16379122
        },
        "id": 16223088
      }
    ],
    "soItems": [
      {
        "soId": {
          "id": 16379122
        },
        "id": 16301125
      }
    ]
  }
]
2025-05-06 14:38:11|test_02_orderlist_query.test_03_query_orders_by_status line:344| 
成功查询到 20 条状态为 EFFECT 的订单数据
2025-05-06 14:38:11|LogUtil.info line:33| 开始测试: test_03_query_orders_by_status
2025-05-06 14:38:11|test_02_orderlist_query.setup_method line:47| 使用类属性中的测试数据
2025-05-06 14:38:11|test_02_orderlist_query.setup_method line:61| 开始执行测试方法: test_03_query_orders_by_status
2025-05-06 14:38:11|test_02_orderlist_query.setup_method line:65| 初始化测试数据完成
2025-05-06 14:38:11|test_02_orderlist_query.test_03_query_orders_by_status line:324| 
准备发送请求...
2025-05-06 14:38:11|test_02_orderlist_query.test_03_query_orders_by_status line:325| 查询条件: 订单状态 = APPROVING
2025-05-06 14:38:11|LogUtil.info line:33| 发送请求: 按单据状态 APPROVING 查询销售订单列表
2025-05-06 14:38:11|test_02_orderlist_query.test_03_query_orders_by_status line:329| 
收到完整响应: {
  "requestId": "d98350ed-1534499",
  "success": true,
  "data": {
    "data": {
      "data": null,
      "total": 0
    }
  }
}
2025-05-06 14:38:11|LogUtil.info line:33| 发送请求: 按单据状态 APPROVING 查询销售订单列表
2025-05-06 14:38:11|test_02_orderlist_query.test_03_query_orders_by_status line:333| 
提取的嵌套数据: null
2025-05-06 14:38:11|test_02_orderlist_query.test_03_query_orders_by_status line:337| 
警告：未查询到状态为 APPROVING 的订单数据
2025-05-06 14:38:11|LogUtil.info line:33| 开始测试: test_03_query_orders_by_status
2025-05-06 14:38:11|test_02_orderlist_query.setup_method line:47| 使用类属性中的测试数据
2025-05-06 14:38:11|test_02_orderlist_query.setup_method line:61| 开始执行测试方法: test_03_query_orders_by_status
2025-05-06 14:38:11|test_02_orderlist_query.setup_method line:65| 初始化测试数据完成
2025-05-06 14:38:11|test_02_orderlist_query.test_03_query_orders_by_status line:324| 
准备发送请求...
2025-05-06 14:38:11|test_02_orderlist_query.test_03_query_orders_by_status line:325| 查询条件: 订单状态 = CANCELLED
2025-05-06 14:38:11|LogUtil.info line:33| 发送请求: 按单据状态 CANCELLED 查询销售订单列表
2025-05-06 14:38:11|test_02_orderlist_query.test_03_query_orders_by_status line:329| 
收到完整响应: {
  "requestId": "2decda39-1534501",
  "success": true,
  "data": {
    "data": {
      "data": [
        {
          "soCode": "SO002634",
          "soDocDate": 1745769600000,
          "soExtCode": null,
          "baseCurrId": {
            "id": 2000001
          },
          "slsCurrId": {
            "id": 2000001
          },
          "exchRate": 1.0,
          "grossBaseAmt": 817696.0,
          "netBaseAmt": 723624.778761,
          "taxAmt": 94071.221239,
          "soCreateSource": "TERP门户",
          "slsOrgId": {
            "id": 14579001
          },
          "slsTmId": null,
          "soTypeId": {
            "soTypeCode": "STND",
            "soTypeName": "标准销售",
            "partnerProcedureHeadRef": {
              "id": 14005002
            },
            "attachmentProcedureHeadRef": null,
            "status": "ENABLED",
            "soTypeDesc": "标准销售",
            "genTextTypeRef": null,
            "isRev": false,
            "isSubmitApproval": true,
            "isModifyApproval": false,
            "currExchangeRateType": {
              "id": 2000001
            },
            "btClass": "SALES",
            "effectiveDays": null,
            "syncPrice": false,
            "isDefault": false,
            "id": 2101001,
            "createdBy": {
              "id": 27
            },
            "updatedBy": {
              "id": 477234922377861
            },
            "createdAt": 1685108645000,
            "updatedAt": 1745892294000,
            "version": 68,
            "deleted": 0,
            "originOrgId": 0
          },
          "custId": {
            "id": 2059001
          },
          "custPersonName": "李月汝",
          "custPhone": "18378999655",
          "slsPersonName": "章昂",
          "slsPhone": "17376596912",
          "soStatus": "CANCELLED",
          "approveStatus": null,
          "soTitle": null,
          "soDesc": null,
          "soNotes": null,
          "isFixedExchRate": false,
          "slsComId": {
            "id": 14373001
          },
          "priceIdempotent": "5190cc51b780a399b710db2a5aea9f98",
          "freezeType": "NU_FREEZE",
          "soAssociationCode": null,
          "soBusinessStatus": "INIT",
          "bizRuleGroup": null,
          "addrDetail": "佛山市禅城区季华五路28号",
          "currExchangeRateType": {
            "id": 2000001
          },
          "slsDcId": {
            "id": 14378001
          },
          "btClass": "SALES",
          "effectiveAt": null,
          "slsPerson": {
            "id": 14094003
          },
          "reCalculate": null,
          "invOrg": null,
          "invLoc": null,
          "priceCalcDate": 1745824711000,
          "deliveryInterceptFail": null,
          "externalBuyerId": null,
          "addrId": {
            "id": 70002638
          },
          "totalAmt": 817696.0,
          "discountAmt": 0.0,
          "discountInfo": "",
          "platformDiscountAmt": null,
          "merchantDiscountAmt": null,
          "actualPaidAmt": null,
          "freightAmt": null,
          "buyerRemark": null,
          "sellerRemark": null,
          "id": 16383005,
          "createdBy": {
            "id": 540175374525637
          },
          "updatedBy": {
            "id": 540175374525637
          },
          "createdAt": 1745824711000,
          "updatedAt": 1745824718000,
          "version": 5,
          "deleted": 0,
          "originOrgId": 0,
          "slsPartnerLinks": [
            {
              "soId": {
                "id": 16383005
              },
              "id": 16227005
            }
          ],
          "soItems": [
            {
              "soId": {
                "id": 16383005
              },
              "id": 16305005
            }
          ]
        },
        {
          "soCode": "SO002623",
          "soDocDate": 1745769600000,
          "soExtCode": null,
          "baseCurrId": {
            "id": 2000001
          },
          "slsCurrId": {
            "id": 2000001
          },
          "exchRate": 1.0,
          "grossBaseAmt": 808808.0,
          "netBaseAmt": 715759.292035,
          "taxAmt": 93048.707965,
          "soCreateSource": "TERP门户",
          "slsOrgId": {
            "id": 14579001
          },
          "slsTmId": null,
          "soTypeId": {
            "soTypeCode": "STND",
            "soTypeName": "标准销售",
            "partnerProcedureHeadRef": {
              "id": 14005002
            },
            "attachmentProcedureHeadRef": null,
            "status": "ENABLED",
            "soTypeDesc": "标准销售",
            "genTextTypeRef": null,
            "isRev": false,
            "isSubmitApproval": true,
            "isModifyApproval": false,
            "currExchangeRateType": {
              "id": 2000001
            },
            "btClass": "SALES",
            "effectiveDays": null,
            "syncPrice": false,
            "isDefault": false,
            "id": 2101001,
            "createdBy": {
              "id": 27
            },
            "updatedBy": {
              "id": 477234922377861
            },
            "createdAt": 1685108645000,
            "updatedAt": 1745892294000,
            "version": 68,
            "deleted": 0,
            "originOrgId": 0
          },
          "custId": {
            "id": 2059001
          },
          "custPersonName": "李月汝",
          "custPhone": "18378999655",
          "slsPersonName": "章昂",
          "slsPhone": "17376596912",
          "soStatus": "CANCELLED",
          "approveStatus": null,
          "soTitle": null,
          "soDesc": null,
          "soNotes": null,
          "isFixedExchRate": false,
          "slsComId": {
            "id": 14373001
          },
          "priceIdempotent": "6c8589639ebd90ac2bf7f80b807615f3",
          "freezeType": "NU_FREEZE",
          "soAssociationCode": null,
          "soBusinessStatus": "INIT",
          "bizRuleGroup": null,
          "addrDetail": "佛山市禅城区季华五路28号",
          "currExchangeRateType": {
            "id": 2000001
          },
          "slsDcId": {
            "id": 14378001
          },
          "btClass": "SALES",
          "effectiveAt": null,
          "slsPerson": {
            "id": 14094003
          },
          "reCalculate": null,
          "invOrg": null,
          "invLoc": null,
          "priceCalcDate": 1745824498000,
          "deliveryInterceptFail": null,
          "externalBuyerId": null,
          "addrId": {
            "id": 70002638
          },
          "totalAmt": 808808.0,
          "discountAmt": 0.0,
          "discountInfo": "",
          "platformDiscountAmt": null,
          "merchantDiscountAmt": null,
          "actualPaidAmt": null,
          "freightAmt": null,
          "buyerRemark": null,
          "sellerRemark": null,
          "id": 16382005,
          "createdBy": {
            "id": 540175374525637
          },
          "updatedBy": {
            "id": 540175374525637
          },
          "createdAt": 1745824498000,
          "updatedAt": 1745824595000,
          "version": 5,
          "deleted": 0,
          "originOrgId": 0,
          "slsPartnerLinks": [
            {
              "soId": {
                "id": 16382005
              },
              "id": 16226005
            }
          ],
          "soItems": [
            {
              "soId": {
                "id": 16382005
              },
              "id": 16304005
            }
          ]
        },
        {
          "soCode": "SO002570",
          "soDocDate": 1745424000000,
          "soExtCode": null,
          "baseCurrId": {
            "id": 2000001
          },
          "slsCurrId": {
            "id": 2000001
          },
          "exchRate": 1.0,
          "grossBaseAmt": 373296.0,
          "netBaseAmt": 330350.442478,
          "taxAmt": 42945.557522,
          "soCreateSource": "TERP门户",
          "slsOrgId": {
            "id": 14579001
          },
          "slsTmId": null,
          "soTypeId": {
            "soTypeCode": "STND",
            "soTypeName": "标准销售",
            "partnerProcedureHeadRef": {
              "id": 14005002
            },
            "attachmentProcedureHeadRef": null,
            "status": "ENABLED",
            "soTypeDesc": "标准销售",
            "genTextTypeRef": null,
            "isRev": false,
            "isSubmitApproval": true,
            "isModifyApproval": false,
            "currExchangeRateType": {
              "id": 2000001
            },
            "btClass": "SALES",
            "effectiveDays": null,
            "syncPrice": false,
            "isDefault": false,
            "id": 2101001,
            "createdBy": {
              "id": 27
            },
            "updatedBy": {
              "id": 477234922377861
            },
            "createdAt": 1685108645000,
            "updatedAt": 1745892294000,
            "version": 68,
            "deleted": 0,
            "originOrgId": 0
          },
          "custId": {
            "id": 2059001
          },
          "custPersonName": "李月汝",
          "custPhone": "18378999655",
          "slsPersonName": "章昂",
          "slsPhone": "17376596912",
          "soStatus": "CANCELLED",
          "approveStatus": null,
          "soTitle": null,
          "soDesc": null,
          "soNotes": null,
          "isFixedExchRate": false,
          "slsComId": {
            "id": 14373001
          },
          "priceIdempotent": "ffc3b73531c5d8563af3c5385313ce50",
          "freezeType": "NU_FREEZE",
          "soAssociationCode": null,
          "soBusinessStatus": "INIT",
          "bizRuleGroup": null,
          "addrDetail": "佛山市禅城区季华五路28号",
          "currExchangeRateType": {
            "id": 2000001
          },
          "slsDcId": {
            "id": 14378001
          },
          "btClass": "SALES",
          "effectiveAt": null,
          "slsPerson": {
            "id": 14094003
          },
          "reCalculate": null,
          "invOrg": null,
          "invLoc": null,
          "priceCalcDate": 1745478873000,
          "deliveryInterceptFail": null,
          "externalBuyerId": null,
          "addrId": {
            "id": 70002638
          },
          "totalAmt": 373296.0,
          "discountAmt": 0.0,
          "discountInfo": "",
          "platformDiscountAmt": null,
          "merchantDiscountAmt": null,
          "actualPaidAmt": null,
          "freightAmt": null,
          "buyerRemark": null,
          "sellerRemark": null,
          "id": 16379145,
          "createdBy": {
            "id": 540175374525637
          },
          "updatedBy": {
            "id": 540175374525637
          },
          "createdAt": 1745478874000,
          "updatedAt": 1745478883000,
          "version": 5,
          "deleted": 0,
          "originOrgId": 0,
          "slsPartnerLinks": [
            {
              "soId": {
                "id": 16379145
              },
              "id": 16223111
            }
          ],
          "soItems": [
            {
              "soId": {
                "id": 16379145
              },
              "id": 16301148
            }
          ]
        },
        {
          "soCode": "SO002543",
          "soDocDate": 1745337600000,
          "soExtCode": null,
          "baseCurrId": {
            "id": 2000001
          },
          "slsCurrId": {
            "id": 2000001
          },
          "exchRate": 1.0,
          "grossBaseAmt": 559944.0,
          "netBaseAmt": 495525.663717,
          "taxAmt": 64418.336283,
          "soCreateSource": "TERP门户",
          "slsOrgId": {
            "id": 14579001
          },
          "slsTmId": null,
          "soTypeId": {
            "soTypeCode": "STND",
            "soTypeName": "标准销售",
            "partnerProcedureHeadRef": {
              "id": 14005002
            },
            "attachmentProcedureHeadRef": null,
            "status": "ENABLED",
            "soTypeDesc": "标准销售",
            "genTextTypeRef": null,
            "isRev": false,
            "isSubmitApproval": true,
            "isModifyApproval": false,
            "currExchangeRateType": {
              "id": 2000001
            },
            "btClass": "SALES",
            "effectiveDays": null,
            "syncPrice": false,
            "isDefault": false,
            "id": 2101001,
            "createdBy": {
              "id": 27
            },
            "updatedBy": {
              "id": 477234922377861
            },
            "createdAt": 1685108645000,
            "updatedAt": 1745892294000,
            "version": 68,
            "deleted": 0,
            "originOrgId": 0
          },
          "custId": {
            "id": 2059001
          },
          "custPersonName": "李月汝",
          "custPhone": "18378999655",
          "slsPersonName": "章昂",
          "slsPhone": "17376596912",
          "soStatus": "CANCELLED",
          "approveStatus": null,
          "soTitle": null,
          "soDesc": null,
          "soNotes": null,
          "isFixedExchRate": false,
          "slsComId": {
            "id": 14373001
          },
          "priceIdempotent": "4d952788980b245a9872ea82f819578f",
          "freezeType": "NU_FREEZE",
          "soAssociationCode": null,
          "soBusinessStatus": "INIT",
          "bizRuleGroup": null,
          "addrDetail": "佛山市禅城区季华五路28号",
          "currExchangeRateType": {
            "id": 2000001
          },
          "slsDcId": {
            "id": 14378001
          },
          "btClass": "SALES",
          "effectiveAt": null,
          "slsPerson": {
            "id": 14094003
          },
          "reCalculate": null,
          "invOrg": null,
          "invLoc": null,
          "priceCalcDate": 1745402556000,
          "deliveryInterceptFail": null,
          "externalBuyerId": null,
          "addrId": {
            "id": 70002638
          },
          "totalAmt": 559944.0,
          "discountAmt": 0.0,
          "discountInfo": "",
          "platformDiscountAmt": null,
          "merchantDiscountAmt": null,
          "actualPaidAmt": null,
          "freightAmt": null,
          "buyerRemark": null,
          "sellerRemark": null,
          "id": 16379137,
          "createdBy": {
            "id": 540175374525637
          },
          "updatedBy": {
            "id": 540175374525637
          },
          "createdAt": 1745402556000,
          "updatedAt": 1745402566000,
          "version": 5,
          "deleted": 0,
          "originOrgId": 0,
          "slsPartnerLinks": [
            {
              "soId": {
                "id": 16379137
              },
              "id": 16223103
            }
          ],
          "soItems": [
            {
              "soId": {
                "id": 16379137
              },
              "id": 16301140
            }
          ]
        },
        {
          "soCode": "SO002529",
          "soDocDate": 1745337600000,
          "soExtCode": null,
          "baseCurrId": {
            "id": 2000001
          },
          "slsCurrId": {
            "id": 2000001
          },
          "exchRate": 1.0,
          "grossBaseAmt": 408848.0,
          "netBaseAmt": 361812.389381,
          "taxAmt": 47035.610619,
          "soCreateSource": "TERP门户",
          "slsOrgId": {
            "id": 14579001
          },
          "slsTmId": null,
          "soTypeId": {
            "soTypeCode": "STND",
            "soTypeName": "标准销售",
            "partnerProcedureHeadRef": {
              "id": 14005002
            },
            "attachmentProcedureHeadRef": null,
            "status": "ENABLED",
            "soTypeDesc": "标准销售",
            "genTextTypeRef": null,
            "isRev": false,
            "isSubmitApproval": true,
            "isModifyApproval": false,
            "currExchangeRateType": {
              "id": 2000001
            },
            "btClass": "SALES",
            "effectiveDays": null,
            "syncPrice": false,
            "isDefault": false,
            "id": 2101001,
            "createdBy": {
              "id": 27
            },
            "updatedBy": {
              "id": 477234922377861
            },
            "createdAt": 1685108645000,
            "updatedAt": 1745892294000,
            "version": 68,
            "deleted": 0,
            "originOrgId": 0
          },
          "custId": {
            "id": 2059001
          },
          "custPersonName": "李月汝",
          "custPhone": "18378999655",
          "slsPersonName": "章昂",
          "slsPhone": "17376596912",
          "soStatus": "CANCELLED",
          "approveStatus": null,
          "soTitle": null,
          "soDesc": null,
          "soNotes": null,
          "isFixedExchRate": false,
          "slsComId": {
            "id": 14373001
          },
          "priceIdempotent": "1f2f6ee30aa515fe8ab7f680d25bceb2",
          "freezeType": "NU_FREEZE",
          "soAssociationCode": null,
          "soBusinessStatus": "INIT",
          "bizRuleGroup": null,
          "addrDetail": "佛山市禅城区季华五路28号",
          "currExchangeRateType": {
            "id": 2000001
          },
          "slsDcId": {
            "id": 14378001
          },
          "btClass": "SALES",
          "effectiveAt": null,
          "slsPerson": {
            "id": 14094003
          },
          "reCalculate": null,
          "invOrg": null,
          "invLoc": null,
          "priceCalcDate": 1745402380000,
          "deliveryInterceptFail": null,
          "externalBuyerId": null,
          "addrId": {
            "id": 70002638
          },
          "totalAmt": 408848.0,
          "discountAmt": 0.0,
          "discountInfo": "",
          "platformDiscountAmt": null,
          "merchantDiscountAmt": null,
          "actualPaidAmt": null,
          "freightAmt": null,
          "buyerRemark": null,
          "sellerRemark": null,
          "id": 16379130,
          "createdBy": {
            "id": 540175374525637
          },
          "updatedBy": {
            "id": 540175374525637
          },
          "createdAt": 1745402380000,
          "updatedAt": 1745402389000,
          "version": 5,
          "deleted": 0,
          "originOrgId": 0,
          "slsPartnerLinks": [
            {
              "soId": {
                "id": 16379130
              },
              "id": 16223096
            }
          ],
          "soItems": [
            {
              "soId": {
                "id": 16379130
              },
              "id": 16301133
            }
          ]
        },
        {
          "soCode": "SO002515",
          "soDocDate": 1745337600000,
          "soExtCode": null,
          "baseCurrId": {
            "id": 2000001
          },
          "slsCurrId": {
            "id": 2000001
          },
          "exchRate": 1.0,
          "grossBaseAmt": 195536.0,
          "netBaseAmt": 173040.707965,
          "taxAmt": 22495.292035,
          "soCreateSource": "TERP门户",
          "slsOrgId": {
            "id": 14579001
          },
          "slsTmId": null,
          "soTypeId": {
            "soTypeCode": "STND",
            "soTypeName": "标准销售",
            "partnerProcedureHeadRef": {
              "id": 14005002
            },
            "attachmentProcedureHeadRef": null,
            "status": "ENABLED",
            "soTypeDesc": "标准销售",
            "genTextTypeRef": null,
            "isRev": false,
            "isSubmitApproval": true,
            "isModifyApproval": false,
            "currExchangeRateType": {
              "id": 2000001
            },
            "btClass": "SALES",
            "effectiveDays": null,
            "syncPrice": false,
            "isDefault": false,
            "id": 2101001,
            "createdBy": {
              "id": 27
            },
            "updatedBy": {
              "id": 477234922377861
            },
            "createdAt": 1685108645000,
            "updatedAt": 1745892294000,
            "version": 68,
            "deleted": 0,
            "originOrgId": 0
          },
          "custId": {
            "id": 2059001
          },
          "custPersonName": "李月汝",
          "custPhone": "18378999655",
          "slsPersonName": "章昂",
          "slsPhone": "17376596912",
          "soStatus": "CANCELLED",
          "approveStatus": null,
          "soTitle": null,
          "soDesc": null,
          "soNotes": null,
          "isFixedExchRate": false,
          "slsComId": {
            "id": 14373001
          },
          "priceIdempotent": "b7e5400ad3f46f060a1b2f5a8356efa7",
          "freezeType": "NU_FREEZE",
          "soAssociationCode": null,
          "soBusinessStatus": "INIT",
          "bizRuleGroup": null,
          "addrDetail": "佛山市禅城区季华五路28号",
          "currExchangeRateType": {
            "id": 2000001
          },
          "slsDcId": {
            "id": 14378001
          },
          "btClass": "SALES",
          "effectiveAt": null,
          "slsPerson": {
            "id": 14094003
          },
          "reCalculate": null,
          "invOrg": null,
          "invLoc": null,
          "priceCalcDate": 1745401487000,
          "deliveryInterceptFail": null,
          "externalBuyerId": null,
          "addrId": {
            "id": 70002638
          },
          "totalAmt": 195536.0,
          "discountAmt": 0.0,
          "discountInfo": "",
          "platformDiscountAmt": null,
          "merchantDiscountAmt": null,
          "actualPaidAmt": null,
          "freightAmt": null,
          "buyerRemark": null,
          "sellerRemark": null,
          "id": 16379123,
          "createdBy": {
            "id": 540175374525637
          },
          "updatedBy": {
            "id": 540175374525637
          },
          "createdAt": 1745401488000,
          "updatedAt": 1745401502000,
          "version": 5,
          "deleted": 0,
          "originOrgId": 0,
          "slsPartnerLinks": [
            {
              "soId": {
                "id": 16379123
              },
              "id": 16223089
            }
          ],
          "soItems": [
            {
              "soId": {
                "id": 16379123
              },
              "id": 16301126
            }
          ]
        },
        {
          "soCode": "SO002501",
          "soDocDate": 1745337600000,
          "soExtCode": null,
          "baseCurrId": {
            "id": 2000001
          },
          "slsCurrId": {
            "id": 2000001
          },
          "exchRate": 1.0,
          "grossBaseAmt": 666600.0,
          "netBaseAmt": 589911.504425,
          "taxAmt": 76688.495575,
          "soCreateSource": "TERP门户",
          "slsOrgId": {
            "id": 14579001
          },
          "slsTmId": null,
          "soTypeId": {
            "soTypeCode": "STND",
            "soTypeName": "标准销售",
            "partnerProcedureHeadRef": {
              "id": 14005002
            },
            "attachmentProcedureHeadRef": null,
            "status": "ENABLED",
            "soTypeDesc": "标准销售",
            "genTextTypeRef": null,
            "isRev": false,
            "isSubmitApproval": true,
            "isModifyApproval": false,
            "currExchangeRateType": {
              "id": 2000001
            },
            "btClass": "SALES",
            "effectiveDays": null,
            "syncPrice": false,
            "isDefault": false,
            "id": 2101001,
            "createdBy": {
              "id": 27
            },
            "updatedBy": {
              "id": 477234922377861
            },
            "createdAt": 1685108645000,
            "updatedAt": 1745892294000,
            "version": 68,
            "deleted": 0,
            "originOrgId": 0
          },
          "custId": {
            "id": 2059001
          },
          "custPersonName": "李月汝",
          "custPhone": "18378999655",
          "slsPersonName": "章昂",
          "slsPhone": "17376596912",
          "soStatus": "CANCELLED",
          "approveStatus": null,
          "soTitle": null,
          "soDesc": null,
          "soNotes": null,
          "isFixedExchRate": false,
          "slsComId": {
            "id": 14373001
          },
          "priceIdempotent": "c72d057d525961ad927a87e9232c8a12",
          "freezeType": "NU_FREEZE",
          "soAssociationCode": null,
          "soBusinessStatus": "INIT",
          "bizRuleGroup": null,
          "addrDetail": "佛山市禅城区季华五路28号",
          "currExchangeRateType": {
            "id": 2000001
          },
          "slsDcId": {
            "id": 14378001
          },
          "btClass": "SALES",
          "effectiveAt": null,
          "slsPerson": {
            "id": 14094003
          },
          "reCalculate": null,
          "invOrg": null,
          "invLoc": null,
          "priceCalcDate": 1745401078000,
          "deliveryInterceptFail": null,
          "externalBuyerId": null,
          "addrId": {
            "id": 70002638
          },
          "totalAmt": 666600.0,
          "discountAmt": 0.0,
          "discountInfo": "",
          "platformDiscountAmt": null,
          "merchantDiscountAmt": null,
          "actualPaidAmt": null,
          "freightAmt": null,
          "buyerRemark": null,
          "sellerRemark": null,
          "id": 16379116,
          "createdBy": {
            "id": 540175374525637
          },
          "updatedBy": {
            "id": 540175374525637
          },
          "createdAt": 1745401078000,
          "updatedAt": 1745401089000,
          "version": 5,
          "deleted": 0,
          "originOrgId": 0,
          "slsPartnerLinks": [
            {
              "soId": {
                "id": 16379116
              },
              "id": 16223082
            }
          ],
          "soItems": [
            {
              "soId": {
                "id": 16379116
              },
              "id": 16301119
            }
          ]
        },
        {
          "soCode": "SO002487",
          "soDocDate": 1745337600000,
          "soExtCode": null,
          "baseCurrId": {
            "id": 2000001
          },
          "slsCurrId": {
            "id": 2000001
          },
          "exchRate": 1.0,
          "grossBaseAmt": 542168.0,
          "netBaseAmt": 479794.690265,
          "taxAmt": 62373.309735,
          "soCreateSource": "TERP门户",
          "slsOrgId": {
            "id": 14579001
          },
          "slsTmId": null,
          "soTypeId": {
            "soTypeCode": "STND",
            "soTypeName": "标准销售",
            "partnerProcedureHeadRef": {
              "id": 14005002
            },
            "attachmentProcedureHeadRef": null,
            "status": "ENABLED",
            "soTypeDesc": "标准销售",
            "genTextTypeRef": null,
            "isRev": false,
            "isSubmitApproval": true,
            "isModifyApproval": false,
            "currExchangeRateType": {
              "id": 2000001
            },
            "btClass": "SALES",
            "effectiveDays": null,
            "syncPrice": false,
            "isDefault": false,
            "id": 2101001,
            "createdBy": {
              "id": 27
            },
            "updatedBy": {
              "id": 477234922377861
            },
            "createdAt": 1685108645000,
            "updatedAt": 1745892294000,
            "version": 68,
            "deleted": 0,
            "originOrgId": 0
          },
          "custId": {
            "id": 2059001
          },
          "custPersonName": "李月汝",
          "custPhone": "18378999655",
          "slsPersonName": "章昂",
          "slsPhone": "17376596912",
          "soStatus": "CANCELLED",
          "approveStatus": null,
          "soTitle": null,
          "soDesc": null,
          "soNotes": null,
          "isFixedExchRate": false,
          "slsComId": {
            "id": 14373001
          },
          "priceIdempotent": "00d9cf29e4a2cca089b64012ba61f00d",
          "freezeType": "NU_FREEZE",
          "soAssociationCode": null,
          "soBusinessStatus": "INIT",
          "bizRuleGroup": null,
          "addrDetail": "佛山市禅城区季华五路28号",
          "currExchangeRateType": {
            "id": 2000001
          },
          "slsDcId": {
            "id": 14378001
          },
          "btClass": "SALES",
          "effectiveAt": null,
          "slsPerson": {
            "id": 14094003
          },
          "reCalculate": null,
          "invOrg": null,
          "invLoc": null,
          "priceCalcDate": 1745400865000,
          "deliveryInterceptFail": null,
          "externalBuyerId": null,
          "addrId": {
            "id": 70002638
          },
          "totalAmt": 542168.0,
          "discountAmt": 0.0,
          "discountInfo": "",
          "platformDiscountAmt": null,
          "merchantDiscountAmt": null,
          "actualPaidAmt": null,
          "freightAmt": null,
          "buyerRemark": null,
          "sellerRemark": null,
          "id": 16379109,
          "createdBy": {
            "id": 540175374525637
          },
          "updatedBy": {
            "id": 540175374525637
          },
          "createdAt": 1745400865000,
          "updatedAt": 1745400875000,
          "version": 5,
          "deleted": 0,
          "originOrgId": 0,
          "slsPartnerLinks": [
            {
              "soId": {
                "id": 16379109
              },
              "id": 16223075
            }
          ],
          "soItems": [
            {
              "soId": {
                "id": 16379109
              },
              "id": 16301112
            }
          ]
        },
        {
          "soCode": "SO002473",
          "soDocDate": 1745337600000,
          "soExtCode": null,
          "baseCurrId": {
            "id": 2000001
          },
          "slsCurrId": {
            "id": 2000001
          },
          "exchRate": 1.0,
          "grossBaseAmt": 506616.0,
          "netBaseAmt": 448332.743363,
          "taxAmt": 58283.256637,
          "soCreateSource": "TERP门户",
          "slsOrgId": {
            "id": 14579001
          },
          "slsTmId": null,
          "soTypeId": {
            "soTypeCode": "STND",
            "soTypeName": "标准销售",
            "partnerProcedureHeadRef": {
              "id": 14005002
            },
            "attachmentProcedureHeadRef": null,
            "status": "ENABLED",
            "soTypeDesc": "标准销售",
            "genTextTypeRef": null,
            "isRev": false,
            "isSubmitApproval": true,
            "isModifyApproval": false,
            "currExchangeRateType": {
              "id": 2000001
            },
            "btClass": "SALES",
            "effectiveDays": null,
            "syncPrice": false,
            "isDefault": false,
            "id": 2101001,
            "createdBy": {
              "id": 27
            },
            "updatedBy": {
              "id": 477234922377861
            },
            "createdAt": 1685108645000,
            "updatedAt": 1745892294000,
            "version": 68,
            "deleted": 0,
            "originOrgId": 0
          },
          "custId": {
            "id": 2059001
          },
          "custPersonName": "李月汝",
          "custPhone": "18378999655",
          "slsPersonName": "章昂",
          "slsPhone": "17376596912",
          "soStatus": "CANCELLED",
          "approveStatus": null,
          "soTitle": null,
          "soDesc": null,
          "soNotes": null,
          "isFixedExchRate": false,
          "slsComId": {
            "id": 14373001
          },
          "priceIdempotent": "a91b61a76866182b14947388f6b93840",
          "freezeType": "NU_FREEZE",
          "soAssociationCode": null,
          "soBusinessStatus": "INIT",
          "bizRuleGroup": null,
          "addrDetail": "佛山市禅城区季华五路28号",
          "currExchangeRateType": {
            "id": 2000001
          },
          "slsDcId": {
            "id": 14378001
          },
          "btClass": "SALES",
          "effectiveAt": null,
          "slsPerson": {
            "id": 14094003
          },
          "reCalculate": null,
          "invOrg": null,
          "invLoc": null,
          "priceCalcDate": 1745400517000,
          "deliveryInterceptFail": null,
          "externalBuyerId": null,
          "addrId": {
            "id": 70002638
          },
          "totalAmt": 506616.0,
          "discountAmt": 0.0,
          "discountInfo": "",
          "platformDiscountAmt": null,
          "merchantDiscountAmt": null,
          "actualPaidAmt": null,
          "freightAmt": null,
          "buyerRemark": null,
          "sellerRemark": null,
          "id": 16379102,
          "createdBy": {
            "id": 540175374525637
          },
          "updatedBy": {
            "id": 540175374525637
          },
          "createdAt": 1745400518000,
          "updatedAt": 1745400527000,
          "version": 5,
          "deleted": 0,
          "originOrgId": 0,
          "slsPartnerLinks": [
            {
              "soId": {
                "id": 16379102
              },
              "id": 16223068
            }
          ],
          "soItems": [
            {
              "soId": {
                "id": 16379102
              },
              "id": 16301105
            }
          ]
        },
        {
          "soCode": "SO002442",
          "soDocDate": 1745337600000,
          "soExtCode": null,
          "baseCurrId": {
            "id": 2000001
          },
          "slsCurrId": {
            "id": 2000001
          },
          "exchRate": 1.0,
          "grossBaseAmt": 586608.0,
          "netBaseAmt": 519122.123894,
          "taxAmt": 67485.876106,
          "soCreateSource": "TERP门户",
          "slsOrgId": {
            "id": 14579001
          },
          "slsTmId": null,
          "soTypeId": {
            "soTypeCode": "STND",
            "soTypeName": "标准销售",
            "partnerProcedureHeadRef": {
              "id": 14005002
            },
            "attachmentProcedureHeadRef": null,
            "status": "ENABLED",
            "soTypeDesc": "标准销售",
            "genTextTypeRef": null,
            "isRev": false,
            "isSubmitApproval": true,
            "isModifyApproval": false,
            "currExchangeRateType": {
              "id": 2000001
            },
            "btClass": "SALES",
            "effectiveDays": null,
            "syncPrice": false,
            "isDefault": false,
            "id": 2101001,
            "createdBy": {
              "id": 27
            },
            "updatedBy": {
              "id": 477234922377861
            },
            "createdAt": 1685108645000,
            "updatedAt": 1745892294000,
            "version": 68,
            "deleted": 0,
            "originOrgId": 0
          },
          "custId": {
            "id": 2059001
          },
          "custPersonName": "李月汝",
          "custPhone": "18378999655",
          "slsPersonName": "章昂",
          "slsPhone": "17376596912",
          "soStatus": "CANCELLED",
          "approveStatus": null,
          "soTitle": null,
          "soDesc": null,
          "soNotes": null,
          "isFixedExchRate": false,
          "slsComId": {
            "id": 14373001
          },
          "priceIdempotent": "83faf3940edc2651e2fce44267deeec6",
          "freezeType": "NU_FREEZE",
          "soAssociationCode": null,
          "soBusinessStatus": "INIT",
          "bizRuleGroup": null,
          "addrDetail": "佛山市禅城区季华五路28号",
          "currExchangeRateType": {
            "id": 2000001
          },
          "slsDcId": {
            "id": 14378001
          },
          "btClass": "SALES",
          "effectiveAt": null,
          "slsPerson": {
            "id": 14094003
          },
          "reCalculate": null,
          "invOrg": null,
          "invLoc": null,
          "priceCalcDate": 1745382376000,
          "deliveryInterceptFail": null,
          "externalBuyerId": null,
          "addrId": {
            "id": 70002638
          },
          "totalAmt": 586608.0,
          "discountAmt": 0.0,
          "discountInfo": "",
          "platformDiscountAmt": null,
          "merchantDiscountAmt": null,
          "actualPaidAmt": null,
          "freightAmt": null,
          "buyerRemark": null,
          "sellerRemark": null,
          "id": 16379089,
          "createdBy": {
            "id": 540175374525637
          },
          "updatedBy": {
            "id": 540175374525637
          },
          "createdAt": 1745382377000,
          "updatedAt": 1745382385000,
          "version": 5,
          "deleted": 0,
          "originOrgId": 0,
          "slsPartnerLinks": [
            {
              "soId": {
                "id": 16379089
              },
              "id": 16223055
            }
          ],
          "soItems": [
            {
              "soId": {
                "id": 16379089
              },
              "id": 16301092
            }
          ]
        },
        {
          "soCode": "SO002430",
          "soDocDate": 1745337600000,
          "soExtCode": null,
          "baseCurrId": {
            "id": 2000001
          },
          "slsCurrId": {
            "id": 2000001
          },
          "exchRate": 1.0,
          "grossBaseAmt": 808808.0,
          "netBaseAmt": 715759.292035,
          "taxAmt": 93048.707965,
          "soCreateSource": "TERP门户",
          "slsOrgId": {
            "id": 14579001
          },
          "slsTmId": null,
          "soTypeId": {
            "soTypeCode": "STND",
            "soTypeName": "标准销售",
            "partnerProcedureHeadRef": {
              "id": 14005002
            },
            "attachmentProcedureHeadRef": null,
            "status": "ENABLED",
            "soTypeDesc": "标准销售",
            "genTextTypeRef": null,
            "isRev": false,
            "isSubmitApproval": true,
            "isModifyApproval": false,
            "currExchangeRateType": {
              "id": 2000001
            },
            "btClass": "SALES",
            "effectiveDays": null,
            "syncPrice": false,
            "isDefault": false,
            "id": 2101001,
            "createdBy": {
              "id": 27
            },
            "updatedBy": {
              "id": 477234922377861
            },
            "createdAt": 1685108645000,
            "updatedAt": 1745892294000,
            "version": 68,
            "deleted": 0,
            "originOrgId": 0
          },
          "custId": {
            "id": 2059001
          },
          "custPersonName": "李月汝",
          "custPhone": "18378999655",
          "slsPersonName": "章昂",
          "slsPhone": "17376596912",
          "soStatus": "CANCELLED",
          "approveStatus": null,
          "soTitle": null,
          "soDesc": null,
          "soNotes": null,
          "isFixedExchRate": false,
          "slsComId": {
            "id": 14373001
          },
          "priceIdempotent": "5be753f773bfa78d8aa3dc2196d40e76",
          "freezeType": "NU_FREEZE",
          "soAssociationCode": null,
          "soBusinessStatus": "INIT",
          "bizRuleGroup": null,
          "addrDetail": "佛山市禅城区季华五路28号",
          "currExchangeRateType": {
            "id": 2000001
          },
          "slsDcId": {
            "id": 14378001
          },
          "btClass": "SALES",
          "effectiveAt": null,
          "slsPerson": {
            "id": 14094003
          },
          "reCalculate": null,
          "invOrg": null,
          "invLoc": null,
          "priceCalcDate": 1745376865000,
          "deliveryInterceptFail": null,
          "externalBuyerId": null,
          "addrId": {
            "id": 70002638
          },
          "totalAmt": 808808.0,
          "discountAmt": 0.0,
          "discountInfo": "",
          "platformDiscountAmt": null,
          "merchantDiscountAmt": null,
          "actualPaidAmt": null,
          "freightAmt": null,
          "buyerRemark": null,
          "sellerRemark": null,
          "id": 16379083,
          "createdBy": {
            "id": 540175374525637
          },
          "updatedBy": {
            "id": 540175374525637
          },
          "createdAt": 1745376865000,
          "updatedAt": 1745376875000,
          "version": 5,
          "deleted": 0,
          "originOrgId": 0,
          "slsPartnerLinks": [
            {
              "soId": {
                "id": 16379083
              },
              "id": 16223049
            }
          ],
          "soItems": [
            {
              "soId": {
                "id": 16379083
              },
              "id": 16301085
            }
          ]
        },
        {
          "soCode": "SO002415",
          "soDocDate": 1745337600000,
          "soExtCode": null,
          "baseCurrId": {
            "id": 2000001
          },
          "slsCurrId": {
            "id": 2000001
          },
          "exchRate": 1.0,
          "grossBaseAmt": 195536.0,
          "netBaseAmt": 173040.707965,
          "taxAmt": 22495.292035,
          "soCreateSource": "TERP门户",
          "slsOrgId": {
            "id": 14579001
          },
          "slsTmId": null,
          "soTypeId": {
            "soTypeCode": "STND",
            "soTypeName": "标准销售",
            "partnerProcedureHeadRef": {
              "id": 14005002
            },
            "attachmentProcedureHeadRef": null,
            "status": "ENABLED",
            "soTypeDesc": "标准销售",
            "genTextTypeRef": null,
            "isRev": false,
            "isSubmitApproval": true,
            "isModifyApproval": false,
            "currExchangeRateType": {
              "id": 2000001
            },
            "btClass": "SALES",
            "effectiveDays": null,
            "syncPrice": false,
            "isDefault": false,
            "id": 2101001,
            "createdBy": {
              "id": 27
            },
            "updatedBy": {
              "id": 477234922377861
            },
            "createdAt": 1685108645000,
            "updatedAt": 1745892294000,
            "version": 68,
            "deleted": 0,
            "originOrgId": 0
          },
          "custId": {
            "id": 2059001
          },
          "custPersonName": "李月汝",
          "custPhone": "18378999655",
          "slsPersonName": "章昂",
          "slsPhone": "17376596912",
          "soStatus": "CANCELLED",
          "approveStatus": null,
          "soTitle": null,
          "soDesc": null,
          "soNotes": null,
          "isFixedExchRate": false,
          "slsComId": {
            "id": 14373001
          },
          "priceIdempotent": "728a381f5c80a96cc60309e6cf7bee9c",
          "freezeType": "NU_FREEZE",
          "soAssociationCode": null,
          "soBusinessStatus": "INIT",
          "bizRuleGroup": null,
          "addrDetail": "佛山市禅城区季华五路28号",
          "currExchangeRateType": {
            "id": 2000001
          },
          "slsDcId": {
            "id": 14378001
          },
          "btClass": "SALES",
          "effectiveAt": null,
          "slsPerson": {
            "id": 14094003
          },
          "reCalculate": null,
          "invOrg": null,
          "invLoc": null,
          "priceCalcDate": 1745375926000,
          "deliveryInterceptFail": null,
          "externalBuyerId": null,
          "addrId": {
            "id": 70002638
          },
          "totalAmt": 195536.0,
          "discountAmt": 0.0,
          "discountInfo": "",
          "platformDiscountAmt": null,
          "merchantDiscountAmt": null,
          "actualPaidAmt": null,
          "freightAmt": null,
          "buyerRemark": null,
          "sellerRemark": null,
          "id": 16379076,
          "createdBy": {
            "id": 540175374525637
          },
          "updatedBy": {
            "id": 540175374525637
          },
          "createdAt": 1745375926000,
          "updatedAt": 1745375937000,
          "version": 5,
          "deleted": 0,
          "originOrgId": 0,
          "slsPartnerLinks": [
            {
              "soId": {
                "id": 16379076
              },
              "id": 16223042
            }
          ],
          "soItems": [
            {
              "soId": {
                "id": 16379076
              },
              "id": 16301078
            }
          ]
        },
        {
          "soCode": "SO002393",
          "soDocDate": 1745337600000,
          "soExtCode": null,
          "baseCurrId": {
            "id": 2000001
          },
          "slsCurrId": {
            "id": 2000001
          },
          "exchRate": 1.0,
          "grossBaseAmt": 231088.0,
          "netBaseAmt": 204502.654867,
          "taxAmt": 26585.345133,
          "soCreateSource": "TERP门户",
          "slsOrgId": {
            "id": 14579001
          },
          "slsTmId": null,
          "soTypeId": {
            "soTypeCode": "STND",
            "soTypeName": "标准销售",
            "partnerProcedureHeadRef": {
              "id": 14005002
            },
            "attachmentProcedureHeadRef": null,
            "status": "ENABLED",
            "soTypeDesc": "标准销售",
            "genTextTypeRef": null,
            "isRev": false,
            "isSubmitApproval": true,
            "isModifyApproval": false,
            "currExchangeRateType": {
              "id": 2000001
            },
            "btClass": "SALES",
            "effectiveDays": null,
            "syncPrice": false,
            "isDefault": false,
            "id": 2101001,
            "createdBy": {
              "id": 27
            },
            "updatedBy": {
              "id": 477234922377861
            },
            "createdAt": 1685108645000,
            "updatedAt": 1745892294000,
            "version": 68,
            "deleted": 0,
            "originOrgId": 0
          },
          "custId": {
            "id": 2059001
          },
          "custPersonName": "李月汝",
          "custPhone": "18378999655",
          "slsPersonName": "章昂",
          "slsPhone": "17376596912",
          "soStatus": "CANCELLED",
          "approveStatus": null,
          "soTitle": null,
          "soDesc": null,
          "soNotes": null,
          "isFixedExchRate": false,
          "slsComId": {
            "id": 14373001
          },
          "priceIdempotent": "12f0b27015dd7b6748fc8f6bff474c54",
          "freezeType": "NU_FREEZE",
          "soAssociationCode": null,
          "soBusinessStatus": "INIT",
          "bizRuleGroup": null,
          "addrDetail": "佛山市禅城区季华五路28号",
          "currExchangeRateType": {
            "id": 2000001
          },
          "slsDcId": {
            "id": 14378001
          },
          "btClass": "SALES",
          "effectiveAt": null,
          "slsPerson": {
            "id": 14094003
          },
          "reCalculate": null,
          "invOrg": null,
          "invLoc": null,
          "priceCalcDate": 1745375440000,
          "deliveryInterceptFail": null,
          "externalBuyerId": null,
          "addrId": {
            "id": 70002638
          },
          "totalAmt": 231088.0,
          "discountAmt": 0.0,
          "discountInfo": "",
          "platformDiscountAmt": null,
          "merchantDiscountAmt": null,
          "actualPaidAmt": null,
          "freightAmt": null,
          "buyerRemark": null,
          "sellerRemark": null,
          "id": 16379065,
          "createdBy": {
            "id": 540175374525637
          },
          "updatedBy": {
            "id": 540175374525637
          },
          "createdAt": 1745375441000,
          "updatedAt": 1745375451000,
          "version": 5,
          "deleted": 0,
          "originOrgId": 0,
          "slsPartnerLinks": [
            {
              "soId": {
                "id": 16379065
              },
              "id": 16223031
            }
          ],
          "soItems": [
            {
              "soId": {
                "id": 16379065
              },
              "id": 16301067
            }
          ]
        },
        {
          "soCode": "SO002267",
          "soDocDate": 1745251200000,
          "soExtCode": null,
          "baseCurrId": {
            "id": 2000001
          },
          "slsCurrId": {
            "id": 2000001
          },
          "exchRate": 1.0,
          "grossBaseAmt": 622160.0,
          "netBaseAmt": 550584.070796,
          "taxAmt": 71575.929204,
          "soCreateSource": "TERP门户",
          "slsOrgId": {
            "id": 14579001
          },
          "slsTmId": null,
          "soTypeId": {
            "soTypeCode": "STND",
            "soTypeName": "标准销售",
            "partnerProcedureHeadRef": {
              "id": 14005002
            },
            "attachmentProcedureHeadRef": null,
            "status": "ENABLED",
            "soTypeDesc": "标准销售",
            "genTextTypeRef": null,
            "isRev": false,
            "isSubmitApproval": true,
            "isModifyApproval": false,
            "currExchangeRateType": {
              "id": 2000001
            },
            "btClass": "SALES",
            "effectiveDays": null,
            "syncPrice": false,
            "isDefault": false,
            "id": 2101001,
            "createdBy": {
              "id": 27
            },
            "updatedBy": {
              "id": 477234922377861
            },
            "createdAt": 1685108645000,
            "updatedAt": 1745892294000,
            "version": 68,
            "deleted": 0,
            "originOrgId": 0
          },
          "custId": {
            "id": 2059001
          },
          "custPersonName": "李月汝",
          "custPhone": "18378999655",
          "slsPersonName": "章昂",
          "slsPhone": "17376596912",
          "soStatus": "CANCELLED",
          "approveStatus": null,
          "soTitle": null,
          "soDesc": null,
          "soNotes": null,
          "isFixedExchRate": false,
          "slsComId": {
            "id": 14373001
          },
          "priceIdempotent": "d564b241dba79bdf3090a117e95583cc",
          "freezeType": "NU_FREEZE",
          "soAssociationCode": null,
          "soBusinessStatus": "INIT",
          "bizRuleGroup": null,
          "addrDetail": "佛山市禅城区季华五路28号",
          "currExchangeRateType": {
            "id": 2000001
          },
          "slsDcId": {
            "id": 14378001
          },
          "btClass": "SALES",
          "effectiveAt": null,
          "slsPerson": {
            "id": 14094003
          },
          "reCalculate": null,
          "invOrg": null,
          "invLoc": null,
          "priceCalcDate": 1745315006000,
          "deliveryInterceptFail": null,
          "externalBuyerId": null,
          "addrId": {
            "id": 70002638
          },
          "totalAmt": 622160.0,
          "discountAmt": 0.0,
          "discountInfo": "",
          "platformDiscountAmt": null,
          "merchantDiscountAmt": null,
          "actualPaidAmt": null,
          "freightAmt": null,
          "buyerRemark": null,
          "sellerRemark": null,
          "id": 16379028,
          "createdBy": {
            "id": 540175374525637
          },
          "updatedBy": {
            "id": 540175374525637
          },
          "createdAt": 1745315007000,
          "updatedAt": 1745315018000,
          "version": 4,
          "deleted": 0,
          "originOrgId": 0,
          "soItems": [
            {
              "soId": {
                "id": 16379028
              },
              "id": 16301028
            }
          ]
        },
        {
          "soCode": "SO002251",
          "soDocDate": 1745251200000,
          "soExtCode": null,
          "baseCurrId": {
            "id": 2000001
          },
          "slsCurrId": {
            "id": 2000001
          },
          "exchRate": 1.0,
          "grossBaseAmt": 764368.0,
          "netBaseAmt": 676431.858407,
          "taxAmt": 87936.141593,
          "soCreateSource": "TERP门户",
          "slsOrgId": {
            "id": 14579001
          },
          "slsTmId": null,
          "soTypeId": {
            "soTypeCode": "STND",
            "soTypeName": "标准销售",
            "partnerProcedureHeadRef": {
              "id": 14005002
            },
            "attachmentProcedureHeadRef": null,
            "status": "ENABLED",
            "soTypeDesc": "标准销售",
            "genTextTypeRef": null,
            "isRev": false,
            "isSubmitApproval": true,
            "isModifyApproval": false,
            "currExchangeRateType": {
              "id": 2000001
            },
            "btClass": "SALES",
            "effectiveDays": null,
            "syncPrice": false,
            "isDefault": false,
            "id": 2101001,
            "createdBy": {
              "id": 27
            },
            "updatedBy": {
              "id": 477234922377861
            },
            "createdAt": 1685108645000,
            "updatedAt": 1745892294000,
            "version": 68,
            "deleted": 0,
            "originOrgId": 0
          },
          "custId": {
            "id": 2059001
          },
          "custPersonName": "李月汝",
          "custPhone": "18378999655",
          "slsPersonName": "章昂",
          "slsPhone": "17376596912",
          "soStatus": "CANCELLED",
          "approveStatus": null,
          "soTitle": null,
          "soDesc": null,
          "soNotes": null,
          "isFixedExchRate": false,
          "slsComId": {
            "id": 14373001
          },
          "priceIdempotent": "b523ad27c51a2f75ec201e2626e42937",
          "freezeType": "NU_FREEZE",
          "soAssociationCode": null,
          "soBusinessStatus": "INIT",
          "bizRuleGroup": null,
          "addrDetail": "佛山市禅城区季华五路28号",
          "currExchangeRateType": {
            "id": 2000001
          },
          "slsDcId": {
            "id": 14378001
          },
          "btClass": "SALES",
          "effectiveAt": null,
          "slsPerson": {
            "id": 14094003
          },
          "reCalculate": null,
          "invOrg": null,
          "invLoc": null,
          "priceCalcDate": 1745314416000,
          "deliveryInterceptFail": null,
          "externalBuyerId": null,
          "addrId": {
            "id": 70002638
          },
          "totalAmt": 764368.0,
          "discountAmt": 0.0,
          "discountInfo": "",
          "platformDiscountAmt": null,
          "merchantDiscountAmt": null,
          "actualPaidAmt": null,
          "freightAmt": null,
          "buyerRemark": null,
          "sellerRemark": null,
          "id": 16379022,
          "createdBy": {
            "id": 540175374525637
          },
          "updatedBy": {
            "id": 540175374525637
          },
          "createdAt": 1745314417000,
          "updatedAt": 1745314427000,
          "version": 5,
          "deleted": 0,
          "originOrgId": 0,
          "soItems": [
            {
              "soId": {
                "id": 16379022
              },
              "id": 16301022
            }
          ]
        },
        {
          "soCode": "SO002235",
          "soDocDate": 1745251200000,
          "soExtCode": null,
          "baseCurrId": {
            "id": 2000001
          },
          "slsCurrId": {
            "id": 2000001
          },
          "exchRate": 1.0,
          "grossBaseAmt": 586608.0,
          "netBaseAmt": 519122.123894,
          "taxAmt": 67485.876106,
          "soCreateSource": "TERP门户",
          "slsOrgId": {
            "id": 14579001
          },
          "slsTmId": null,
          "soTypeId": {
            "soTypeCode": "STND",
            "soTypeName": "标准销售",
            "partnerProcedureHeadRef": {
              "id": 14005002
            },
            "attachmentProcedureHeadRef": null,
            "status": "ENABLED",
            "soTypeDesc": "标准销售",
            "genTextTypeRef": null,
            "isRev": false,
            "isSubmitApproval": true,
            "isModifyApproval": false,
            "currExchangeRateType": {
              "id": 2000001
            },
            "btClass": "SALES",
            "effectiveDays": null,
            "syncPrice": false,
            "isDefault": false,
            "id": 2101001,
            "createdBy": {
              "id": 27
            },
            "updatedBy": {
              "id": 477234922377861
            },
            "createdAt": 1685108645000,
            "updatedAt": 1745892294000,
            "version": 68,
            "deleted": 0,
            "originOrgId": 0
          },
          "custId": {
            "id": 2059001
          },
          "custPersonName": "李月汝",
          "custPhone": "18378999655",
          "slsPersonName": "章昂",
          "slsPhone": "17376596912",
          "soStatus": "CANCELLED",
          "approveStatus": null,
          "soTitle": null,
          "soDesc": null,
          "soNotes": null,
          "isFixedExchRate": false,
          "slsComId": {
            "id": 14373001
          },
          "priceIdempotent": "00cdaf13edbae908770f54ff2b99027e",
          "freezeType": "NU_FREEZE",
          "soAssociationCode": null,
          "soBusinessStatus": "INIT",
          "bizRuleGroup": null,
          "addrDetail": "佛山市禅城区季华五路28号",
          "currExchangeRateType": {
            "id": 2000001
          },
          "slsDcId": {
            "id": 14378001
          },
          "btClass": "SALES",
          "effectiveAt": null,
          "slsPerson": {
            "id": 14094003
          },
          "reCalculate": null,
          "invOrg": null,
          "invLoc": null,
          "priceCalcDate": 1745314322000,
          "deliveryInterceptFail": null,
          "externalBuyerId": null,
          "addrId": {
            "id": 70002638
          },
          "totalAmt": 586608.0,
          "discountAmt": 0.0,
          "discountInfo": "",
          "platformDiscountAmt": null,
          "merchantDiscountAmt": null,
          "actualPaidAmt": null,
          "freightAmt": null,
          "buyerRemark": null,
          "sellerRemark": null,
          "id": 16379015,
          "createdBy": {
            "id": 540175374525637
          },
          "updatedBy": {
            "id": 540175374525637
          },
          "createdAt": 1745314323000,
          "updatedAt": 1745314334000,
          "version": 5,
          "deleted": 0,
          "originOrgId": 0,
          "soItems": [
            {
              "soId": {
                "id": 16379015
              },
              "id": 16301015
            }
          ]
        },
        {
          "soCode": "SO002219",
          "soDocDate": 1745251200000,
          "soExtCode": null,
          "baseCurrId": {
            "id": 2000001
          },
          "slsCurrId": {
            "id": 2000001
          },
          "exchRate": 1.0,
          "grossBaseAmt": 844360.0,
          "netBaseAmt": 747221.238938,
          "taxAmt": 97138.761062,
          "soCreateSource": "TERP门户",
          "slsOrgId": {
            "id": 14579001
          },
          "slsTmId": null,
          "soTypeId": {
            "soTypeCode": "STND",
            "soTypeName": "标准销售",
            "partnerProcedureHeadRef": {
              "id": 14005002
            },
            "attachmentProcedureHeadRef": null,
            "status": "ENABLED",
            "soTypeDesc": "标准销售",
            "genTextTypeRef": null,
            "isRev": false,
            "isSubmitApproval": true,
            "isModifyApproval": false,
            "currExchangeRateType": {
              "id": 2000001
            },
            "btClass": "SALES",
            "effectiveDays": null,
            "syncPrice": false,
            "isDefault": false,
            "id": 2101001,
            "createdBy": {
              "id": 27
            },
            "updatedBy": {
              "id": 477234922377861
            },
            "createdAt": 1685108645000,
            "updatedAt": 1745892294000,
            "version": 68,
            "deleted": 0,
            "originOrgId": 0
          },
          "custId": {
            "id": 2059001
          },
          "custPersonName": "李月汝",
          "custPhone": "18378999655",
          "slsPersonName": "章昂",
          "slsPhone": "17376596912",
          "soStatus": "CANCELLED",
          "approveStatus": null,
          "soTitle": null,
          "soDesc": null,
          "soNotes": null,
          "isFixedExchRate": false,
          "slsComId": {
            "id": 14373001
          },
          "priceIdempotent": "3e3289ae31a4952eb97bc8a273eaf029",
          "freezeType": "NU_FREEZE",
          "soAssociationCode": null,
          "soBusinessStatus": "INIT",
          "bizRuleGroup": null,
          "addrDetail": "佛山市禅城区季华五路28号",
          "currExchangeRateType": {
            "id": 2000001
          },
          "slsDcId": {
            "id": 14378001
          },
          "btClass": "SALES",
          "effectiveAt": null,
          "slsPerson": {
            "id": 14094003
          },
          "reCalculate": null,
          "invOrg": null,
          "invLoc": null,
          "priceCalcDate": 1745314222000,
          "deliveryInterceptFail": null,
          "externalBuyerId": null,
          "addrId": {
            "id": 70002638
          },
          "totalAmt": 844360.0,
          "discountAmt": 0.0,
          "discountInfo": "",
          "platformDiscountAmt": null,
          "merchantDiscountAmt": null,
          "actualPaidAmt": null,
          "freightAmt": null,
          "buyerRemark": null,
          "sellerRemark": null,
          "id": 16379008,
          "createdBy": {
            "id": 540175374525637
          },
          "updatedBy": {
            "id": 540175374525637
          },
          "createdAt": 1745314222000,
          "updatedAt": 1745314235000,
          "version": 5,
          "deleted": 0,
          "originOrgId": 0,
          "soItems": [
            {
              "soId": {
                "id": 16379008
              },
              "id": 16301008
            }
          ]
        },
        {
          "soCode": "SO002167",
          "soDocDate": 1745251200000,
          "soExtCode": null,
          "baseCurrId": {
            "id": 2000001
          },
          "slsCurrId": {
            "id": 2000001
          },
          "exchRate": 1.0,
          "grossBaseAmt": 702152.0,
          "netBaseAmt": 621373.451327,
          "taxAmt": 80778.548673,
          "soCreateSource": "TERP门户",
          "slsOrgId": {
            "id": 14579001
          },
          "slsTmId": null,
          "soTypeId": {
            "soTypeCode": "STND",
            "soTypeName": "标准销售",
            "partnerProcedureHeadRef": {
              "id": 14005002
            },
            "attachmentProcedureHeadRef": null,
            "status": "ENABLED",
            "soTypeDesc": "标准销售",
            "genTextTypeRef": null,
            "isRev": false,
            "isSubmitApproval": true,
            "isModifyApproval": false,
            "currExchangeRateType": {
              "id": 2000001
            },
            "btClass": "SALES",
            "effectiveDays": null,
            "syncPrice": false,
            "isDefault": false,
            "id": 2101001,
            "createdBy": {
              "id": 27
            },
            "updatedBy": {
              "id": 477234922377861
            },
            "createdAt": 1685108645000,
            "updatedAt": 1745892294000,
            "version": 68,
            "deleted": 0,
            "originOrgId": 0
          },
          "custId": {
            "id": 2059001
          },
          "custPersonName": "李月汝",
          "custPhone": "18378999655",
          "slsPersonName": "章昂",
          "slsPhone": "17376596912",
          "soStatus": "CANCELLED",
          "approveStatus": null,
          "soTitle": null,
          "soDesc": null,
          "soNotes": null,
          "isFixedExchRate": false,
          "slsComId": {
            "id": 14373001
          },
          "priceIdempotent": "07ddf6db89c588c43724dab08462638e",
          "freezeType": "NU_FREEZE",
          "soAssociationCode": null,
          "soBusinessStatus": "INIT",
          "bizRuleGroup": null,
          "addrDetail": "佛山市禅城区季华五路28号",
          "currExchangeRateType": {
            "id": 2000001
          },
          "slsDcId": {
            "id": 14378001
          },
          "btClass": "SALES",
          "effectiveAt": null,
          "slsPerson": {
            "id": 14094003
          },
          "reCalculate": null,
          "invOrg": null,
          "invLoc": null,
          "priceCalcDate": 1745308123000,
          "deliveryInterceptFail": null,
          "externalBuyerId": null,
          "addrId": {
            "id": 70002638
          },
          "totalAmt": 702152.0,
          "discountAmt": 0.0,
          "discountInfo": "",
          "platformDiscountAmt": null,
          "merchantDiscountAmt": null,
          "actualPaidAmt": null,
          "freightAmt": null,
          "buyerRemark": null,
          "sellerRemark": null,
          "id": 16378028,
          "createdBy": {
            "id": 540175374525637
          },
          "updatedBy": {
            "id": 540175374525637
          },
          "createdAt": 1745308123000,
          "updatedAt": 1745308130000,
          "version": 5,
          "deleted": 0,
          "originOrgId": 0,
          "soItems": [
            {
              "soId": {
                "id": 16378028
              },
              "id": 16300033
            }
          ]
        },
        {
          "soCode": "SO002137",
          "soDocDate": 1745251200000,
          "soExtCode": null,
          "baseCurrId": {
            "id": 2000001
          },
          "slsCurrId": {
            "id": 2000001
          },
          "exchRate": 1.0,
          "grossBaseAmt": 791032.0,
          "netBaseAmt": 700028.318584,
          "taxAmt": 91003.681416,
          "soCreateSource": "TERP门户",
          "slsOrgId": {
            "id": 14579001
          },
          "slsTmId": null,
          "soTypeId": {
            "soTypeCode": "STND",
            "soTypeName": "标准销售",
            "partnerProcedureHeadRef": {
              "id": 14005002
            },
            "attachmentProcedureHeadRef": null,
            "status": "ENABLED",
            "soTypeDesc": "标准销售",
            "genTextTypeRef": null,
            "isRev": false,
            "isSubmitApproval": true,
            "isModifyApproval": false,
            "currExchangeRateType": {
              "id": 2000001
            },
            "btClass": "SALES",
            "effectiveDays": null,
            "syncPrice": false,
            "isDefault": false,
            "id": 2101001,
            "createdBy": {
              "id": 27
            },
            "updatedBy": {
              "id": 477234922377861
            },
            "createdAt": 1685108645000,
            "updatedAt": 1745892294000,
            "version": 68,
            "deleted": 0,
            "originOrgId": 0
          },
          "custId": {
            "id": 2059001
          },
          "custPersonName": "李月汝",
          "custPhone": "18378999655",
          "slsPersonName": "章昂",
          "slsPhone": "17376596912",
          "soStatus": "CANCELLED",
          "approveStatus": null,
          "soTitle": null,
          "soDesc": null,
          "soNotes": null,
          "isFixedExchRate": false,
          "slsComId": {
            "id": 14373001
          },
          "priceIdempotent": "49d3c37eca907e1764a3123e232a523e",
          "freezeType": "NU_FREEZE",
          "soAssociationCode": null,
          "soBusinessStatus": "INIT",
          "bizRuleGroup": null,
          "addrDetail": "佛山市禅城区季华五路28号",
          "currExchangeRateType": {
            "id": 2000001
          },
          "slsDcId": {
            "id": 14378001
          },
          "btClass": "SALES",
          "effectiveAt": null,
          "slsPerson": {
            "id": 14094003
          },
          "reCalculate": null,
          "invOrg": null,
          "invLoc": null,
          "priceCalcDate": 1745305949000,
          "deliveryInterceptFail": null,
          "externalBuyerId": null,
          "addrId": {
            "id": 70002638
          },
          "totalAmt": 791032.0,
          "discountAmt": 0.0,
          "discountInfo": "",
          "platformDiscountAmt": null,
          "merchantDiscountAmt": null,
          "actualPaidAmt": null,
          "freightAmt": null,
          "buyerRemark": null,
          "sellerRemark": null,
          "id": 16378017,
          "createdBy": {
            "id": 540175374525637
          },
          "updatedBy": {
            "id": 540175374525637
          },
          "createdAt": 1745305950000,
          "updatedAt": 1745305955000,
          "version": 5,
          "deleted": 0,
          "originOrgId": 0,
          "soItems": [
            {
              "soId": {
                "id": 16378017
              },
              "id": 16300017
            }
          ]
        },
        {
          "soCode": "SO002117",
          "soDocDate": 1745251200000,
          "soExtCode": null,
          "baseCurrId": {
            "id": 2000001
          },
          "slsCurrId": {
            "id": 2000001
          },
          "exchRate": 1.0,
          "grossBaseAmt": 266640.0,
          "netBaseAmt": 235964.60177,
          "taxAmt": 30675.39823,
          "soCreateSource": "TERP门户",
          "slsOrgId": {
            "id": 14579001
          },
          "slsTmId": null,
          "soTypeId": {
            "soTypeCode": "STND",
            "soTypeName": "标准销售",
            "partnerProcedureHeadRef": {
              "id": 14005002
            },
            "attachmentProcedureHeadRef": null,
            "status": "ENABLED",
            "soTypeDesc": "标准销售",
            "genTextTypeRef": null,
            "isRev": false,
            "isSubmitApproval": true,
            "isModifyApproval": false,
            "currExchangeRateType": {
              "id": 2000001
            },
            "btClass": "SALES",
            "effectiveDays": null,
            "syncPrice": false,
            "isDefault": false,
            "id": 2101001,
            "createdBy": {
              "id": 27
            },
            "updatedBy": {
              "id": 477234922377861
            },
            "createdAt": 1685108645000,
            "updatedAt": 1745892294000,
            "version": 68,
            "deleted": 0,
            "originOrgId": 0
          },
          "custId": {
            "id": 2059001
          },
          "custPersonName": "李月汝",
          "custPhone": "18378999655",
          "slsPersonName": "章昂",
          "slsPhone": "17376596912",
          "soStatus": "CANCELLED",
          "approveStatus": null,
          "soTitle": null,
          "soDesc": null,
          "soNotes": null,
          "isFixedExchRate": false,
          "slsComId": {
            "id": 14373001
          },
          "priceIdempotent": "d19655cbbc258ba7d55deaa07d38fb78",
          "freezeType": "NU_FREEZE",
          "soAssociationCode": null,
          "soBusinessStatus": "INIT",
          "bizRuleGroup": null,
          "addrDetail": "佛山市禅城区季华五路28号",
          "currExchangeRateType": {
            "id": 2000001
          },
          "slsDcId": {
            "id": 14378001
          },
          "btClass": "SALES",
          "effectiveAt": null,
          "slsPerson": {
            "id": 14094003
          },
          "reCalculate": null,
          "invOrg": null,
          "invLoc": null,
          "priceCalcDate": 1745304363000,
          "deliveryInterceptFail": null,
          "externalBuyerId": null,
          "addrId": {
            "id": 70002638
          },
          "totalAmt": 266640.0,
          "discountAmt": 0.0,
          "discountInfo": "",
          "platformDiscountAmt": null,
          "merchantDiscountAmt": null,
          "actualPaidAmt": null,
          "freightAmt": null,
          "buyerRemark": null,
          "sellerRemark": null,
          "id": 16378008,
          "createdBy": {
            "id": 540175374525637
          },
          "updatedBy": {
            "id": 540175374525637
          },
          "createdAt": 1745304363000,
          "updatedAt": 1745305766000,
          "version": 4,
          "deleted": 0,
          "originOrgId": 0,
          "soItems": [
            {
              "soId": {
                "id": 16378008
              },
              "id": 16300008
            }
          ]
        }
      ],
      "total": 37
    }
  }
}
2025-05-06 14:38:11|LogUtil.info line:33| 发送请求: 按单据状态 CANCELLED 查询销售订单列表
2025-05-06 14:38:12|test_02_orderlist_query.test_03_query_orders_by_status line:333| 
提取的嵌套数据: [
  {
    "soCode": "SO002634",
    "soDocDate": 1745769600000,
    "soExtCode": null,
    "baseCurrId": {
      "id": 2000001
    },
    "slsCurrId": {
      "id": 2000001
    },
    "exchRate": 1.0,
    "grossBaseAmt": 817696.0,
    "netBaseAmt": 723624.778761,
    "taxAmt": 94071.221239,
    "soCreateSource": "TERP门户",
    "slsOrgId": {
      "id": 14579001
    },
    "slsTmId": null,
    "soTypeId": {
      "soTypeCode": "STND",
      "soTypeName": "标准销售",
      "partnerProcedureHeadRef": {
        "id": 14005002
      },
      "attachmentProcedureHeadRef": null,
      "status": "ENABLED",
      "soTypeDesc": "标准销售",
      "genTextTypeRef": null,
      "isRev": false,
      "isSubmitApproval": true,
      "isModifyApproval": false,
      "currExchangeRateType": {
        "id": 2000001
      },
      "btClass": "SALES",
      "effectiveDays": null,
      "syncPrice": false,
      "isDefault": false,
      "id": 2101001,
      "createdBy": {
        "id": 27
      },
      "updatedBy": {
        "id": 477234922377861
      },
      "createdAt": 1685108645000,
      "updatedAt": 1745892294000,
      "version": 68,
      "deleted": 0,
      "originOrgId": 0
    },
    "custId": {
      "id": 2059001
    },
    "custPersonName": "李月汝",
    "custPhone": "18378999655",
    "slsPersonName": "章昂",
    "slsPhone": "17376596912",
    "soStatus": "CANCELLED",
    "approveStatus": null,
    "soTitle": null,
    "soDesc": null,
    "soNotes": null,
    "isFixedExchRate": false,
    "slsComId": {
      "id": 14373001
    },
    "priceIdempotent": "5190cc51b780a399b710db2a5aea9f98",
    "freezeType": "NU_FREEZE",
    "soAssociationCode": null,
    "soBusinessStatus": "INIT",
    "bizRuleGroup": null,
    "addrDetail": "佛山市禅城区季华五路28号",
    "currExchangeRateType": {
      "id": 2000001
    },
    "slsDcId": {
      "id": 14378001
    },
    "btClass": "SALES",
    "effectiveAt": null,
    "slsPerson": {
      "id": 14094003
    },
    "reCalculate": null,
    "invOrg": null,
    "invLoc": null,
    "priceCalcDate": 1745824711000,
    "deliveryInterceptFail": null,
    "externalBuyerId": null,
    "addrId": {
      "id": 70002638
    },
    "totalAmt": 817696.0,
    "discountAmt": 0.0,
    "discountInfo": "",
    "platformDiscountAmt": null,
    "merchantDiscountAmt": null,
    "actualPaidAmt": null,
    "freightAmt": null,
    "buyerRemark": null,
    "sellerRemark": null,
    "id": 16383005,
    "createdBy": {
      "id": 540175374525637
    },
    "updatedBy": {
      "id": 540175374525637
    },
    "createdAt": 1745824711000,
    "updatedAt": 1745824718000,
    "version": 5,
    "deleted": 0,
    "originOrgId": 0,
    "slsPartnerLinks": [
      {
        "soId": {
          "id": 16383005
        },
        "id": 16227005
      }
    ],
    "soItems": [
      {
        "soId": {
          "id": 16383005
        },
        "id": 16305005
      }
    ]
  },
  {
    "soCode": "SO002623",
    "soDocDate": 1745769600000,
    "soExtCode": null,
    "baseCurrId": {
      "id": 2000001
    },
    "slsCurrId": {
      "id": 2000001
    },
    "exchRate": 1.0,
    "grossBaseAmt": 808808.0,
    "netBaseAmt": 715759.292035,
    "taxAmt": 93048.707965,
    "soCreateSource": "TERP门户",
    "slsOrgId": {
      "id": 14579001
    },
    "slsTmId": null,
    "soTypeId": {
      "soTypeCode": "STND",
      "soTypeName": "标准销售",
      "partnerProcedureHeadRef": {
        "id": 14005002
      },
      "attachmentProcedureHeadRef": null,
      "status": "ENABLED",
      "soTypeDesc": "标准销售",
      "genTextTypeRef": null,
      "isRev": false,
      "isSubmitApproval": true,
      "isModifyApproval": false,
      "currExchangeRateType": {
        "id": 2000001
      },
      "btClass": "SALES",
      "effectiveDays": null,
      "syncPrice": false,
      "isDefault": false,
      "id": 2101001,
      "createdBy": {
        "id": 27
      },
      "updatedBy": {
        "id": 477234922377861
      },
      "createdAt": 1685108645000,
      "updatedAt": 1745892294000,
      "version": 68,
      "deleted": 0,
      "originOrgId": 0
    },
    "custId": {
      "id": 2059001
    },
    "custPersonName": "李月汝",
    "custPhone": "18378999655",
    "slsPersonName": "章昂",
    "slsPhone": "17376596912",
    "soStatus": "CANCELLED",
    "approveStatus": null,
    "soTitle": null,
    "soDesc": null,
    "soNotes": null,
    "isFixedExchRate": false,
    "slsComId": {
      "id": 14373001
    },
    "priceIdempotent": "6c8589639ebd90ac2bf7f80b807615f3",
    "freezeType": "NU_FREEZE",
    "soAssociationCode": null,
    "soBusinessStatus": "INIT",
    "bizRuleGroup": null,
    "addrDetail": "佛山市禅城区季华五路28号",
    "currExchangeRateType": {
      "id": 2000001
    },
    "slsDcId": {
      "id": 14378001
    },
    "btClass": "SALES",
    "effectiveAt": null,
    "slsPerson": {
      "id": 14094003
    },
    "reCalculate": null,
    "invOrg": null,
    "invLoc": null,
    "priceCalcDate": 1745824498000,
    "deliveryInterceptFail": null,
    "externalBuyerId": null,
    "addrId": {
      "id": 70002638
    },
    "totalAmt": 808808.0,
    "discountAmt": 0.0,
    "discountInfo": "",
    "platformDiscountAmt": null,
    "merchantDiscountAmt": null,
    "actualPaidAmt": null,
    "freightAmt": null,
    "buyerRemark": null,
    "sellerRemark": null,
    "id": 16382005,
    "createdBy": {
      "id": 540175374525637
    },
    "updatedBy": {
      "id": 540175374525637
    },
    "createdAt": 1745824498000,
    "updatedAt": 1745824595000,
    "version": 5,
    "deleted": 0,
    "originOrgId": 0,
    "slsPartnerLinks": [
      {
        "soId": {
          "id": 16382005
        },
        "id": 16226005
      }
    ],
    "soItems": [
      {
        "soId": {
          "id": 16382005
        },
        "id": 16304005
      }
    ]
  },
  {
    "soCode": "SO002570",
    "soDocDate": 1745424000000,
    "soExtCode": null,
    "baseCurrId": {
      "id": 2000001
    },
    "slsCurrId": {
      "id": 2000001
    },
    "exchRate": 1.0,
    "grossBaseAmt": 373296.0,
    "netBaseAmt": 330350.442478,
    "taxAmt": 42945.557522,
    "soCreateSource": "TERP门户",
    "slsOrgId": {
      "id": 14579001
    },
    "slsTmId": null,
    "soTypeId": {
      "soTypeCode": "STND",
      "soTypeName": "标准销售",
      "partnerProcedureHeadRef": {
        "id": 14005002
      },
      "attachmentProcedureHeadRef": null,
      "status": "ENABLED",
      "soTypeDesc": "标准销售",
      "genTextTypeRef": null,
      "isRev": false,
      "isSubmitApproval": true,
      "isModifyApproval": false,
      "currExchangeRateType": {
        "id": 2000001
      },
      "btClass": "SALES",
      "effectiveDays": null,
      "syncPrice": false,
      "isDefault": false,
      "id": 2101001,
      "createdBy": {
        "id": 27
      },
      "updatedBy": {
        "id": 477234922377861
      },
      "createdAt": 1685108645000,
      "updatedAt": 1745892294000,
      "version": 68,
      "deleted": 0,
      "originOrgId": 0
    },
    "custId": {
      "id": 2059001
    },
    "custPersonName": "李月汝",
    "custPhone": "18378999655",
    "slsPersonName": "章昂",
    "slsPhone": "17376596912",
    "soStatus": "CANCELLED",
    "approveStatus": null,
    "soTitle": null,
    "soDesc": null,
    "soNotes": null,
    "isFixedExchRate": false,
    "slsComId": {
      "id": 14373001
    },
    "priceIdempotent": "ffc3b73531c5d8563af3c5385313ce50",
    "freezeType": "NU_FREEZE",
    "soAssociationCode": null,
    "soBusinessStatus": "INIT",
    "bizRuleGroup": null,
    "addrDetail": "佛山市禅城区季华五路28号",
    "currExchangeRateType": {
      "id": 2000001
    },
    "slsDcId": {
      "id": 14378001
    },
    "btClass": "SALES",
    "effectiveAt": null,
    "slsPerson": {
      "id": 14094003
    },
    "reCalculate": null,
    "invOrg": null,
    "invLoc": null,
    "priceCalcDate": 1745478873000,
    "deliveryInterceptFail": null,
    "externalBuyerId": null,
    "addrId": {
      "id": 70002638
    },
    "totalAmt": 373296.0,
    "discountAmt": 0.0,
    "discountInfo": "",
    "platformDiscountAmt": null,
    "merchantDiscountAmt": null,
    "actualPaidAmt": null,
    "freightAmt": null,
    "buyerRemark": null,
    "sellerRemark": null,
    "id": 16379145,
    "createdBy": {
      "id": 540175374525637
    },
    "updatedBy": {
      "id": 540175374525637
    },
    "createdAt": 1745478874000,
    "updatedAt": 1745478883000,
    "version": 5,
    "deleted": 0,
    "originOrgId": 0,
    "slsPartnerLinks": [
      {
        "soId": {
          "id": 16379145
        },
        "id": 16223111
      }
    ],
    "soItems": [
      {
        "soId": {
          "id": 16379145
        },
        "id": 16301148
      }
    ]
  },
  {
    "soCode": "SO002543",
    "soDocDate": 1745337600000,
    "soExtCode": null,
    "baseCurrId": {
      "id": 2000001
    },
    "slsCurrId": {
      "id": 2000001
    },
    "exchRate": 1.0,
    "grossBaseAmt": 559944.0,
    "netBaseAmt": 495525.663717,
    "taxAmt": 64418.336283,
    "soCreateSource": "TERP门户",
    "slsOrgId": {
      "id": 14579001
    },
    "slsTmId": null,
    "soTypeId": {
      "soTypeCode": "STND",
      "soTypeName": "标准销售",
      "partnerProcedureHeadRef": {
        "id": 14005002
      },
      "attachmentProcedureHeadRef": null,
      "status": "ENABLED",
      "soTypeDesc": "标准销售",
      "genTextTypeRef": null,
      "isRev": false,
      "isSubmitApproval": true,
      "isModifyApproval": false,
      "currExchangeRateType": {
        "id": 2000001
      },
      "btClass": "SALES",
      "effectiveDays": null,
      "syncPrice": false,
      "isDefault": false,
      "id": 2101001,
      "createdBy": {
        "id": 27
      },
      "updatedBy": {
        "id": 477234922377861
      },
      "createdAt": 1685108645000,
      "updatedAt": 1745892294000,
      "version": 68,
      "deleted": 0,
      "originOrgId": 0
    },
    "custId": {
      "id": 2059001
    },
    "custPersonName": "李月汝",
    "custPhone": "18378999655",
    "slsPersonName": "章昂",
    "slsPhone": "17376596912",
    "soStatus": "CANCELLED",
    "approveStatus": null,
    "soTitle": null,
    "soDesc": null,
    "soNotes": null,
    "isFixedExchRate": false,
    "slsComId": {
      "id": 14373001
    },
    "priceIdempotent": "4d952788980b245a9872ea82f819578f",
    "freezeType": "NU_FREEZE",
    "soAssociationCode": null,
    "soBusinessStatus": "INIT",
    "bizRuleGroup": null,
    "addrDetail": "佛山市禅城区季华五路28号",
    "currExchangeRateType": {
      "id": 2000001
    },
    "slsDcId": {
      "id": 14378001
    },
    "btClass": "SALES",
    "effectiveAt": null,
    "slsPerson": {
      "id": 14094003
    },
    "reCalculate": null,
    "invOrg": null,
    "invLoc": null,
    "priceCalcDate": 1745402556000,
    "deliveryInterceptFail": null,
    "externalBuyerId": null,
    "addrId": {
      "id": 70002638
    },
    "totalAmt": 559944.0,
    "discountAmt": 0.0,
    "discountInfo": "",
    "platformDiscountAmt": null,
    "merchantDiscountAmt": null,
    "actualPaidAmt": null,
    "freightAmt": null,
    "buyerRemark": null,
    "sellerRemark": null,
    "id": 16379137,
    "createdBy": {
      "id": 540175374525637
    },
    "updatedBy": {
      "id": 540175374525637
    },
    "createdAt": 1745402556000,
    "updatedAt": 1745402566000,
    "version": 5,
    "deleted": 0,
    "originOrgId": 0,
    "slsPartnerLinks": [
      {
        "soId": {
          "id": 16379137
        },
        "id": 16223103
      }
    ],
    "soItems": [
      {
        "soId": {
          "id": 16379137
        },
        "id": 16301140
      }
    ]
  },
  {
    "soCode": "SO002529",
    "soDocDate": 1745337600000,
    "soExtCode": null,
    "baseCurrId": {
      "id": 2000001
    },
    "slsCurrId": {
      "id": 2000001
    },
    "exchRate": 1.0,
    "grossBaseAmt": 408848.0,
    "netBaseAmt": 361812.389381,
    "taxAmt": 47035.610619,
    "soCreateSource": "TERP门户",
    "slsOrgId": {
      "id": 14579001
    },
    "slsTmId": null,
    "soTypeId": {
      "soTypeCode": "STND",
      "soTypeName": "标准销售",
      "partnerProcedureHeadRef": {
        "id": 14005002
      },
      "attachmentProcedureHeadRef": null,
      "status": "ENABLED",
      "soTypeDesc": "标准销售",
      "genTextTypeRef": null,
      "isRev": false,
      "isSubmitApproval": true,
      "isModifyApproval": false,
      "currExchangeRateType": {
        "id": 2000001
      },
      "btClass": "SALES",
      "effectiveDays": null,
      "syncPrice": false,
      "isDefault": false,
      "id": 2101001,
      "createdBy": {
        "id": 27
      },
      "updatedBy": {
        "id": 477234922377861
      },
      "createdAt": 1685108645000,
      "updatedAt": 1745892294000,
      "version": 68,
      "deleted": 0,
      "originOrgId": 0
    },
    "custId": {
      "id": 2059001
    },
    "custPersonName": "李月汝",
    "custPhone": "18378999655",
    "slsPersonName": "章昂",
    "slsPhone": "17376596912",
    "soStatus": "CANCELLED",
    "approveStatus": null,
    "soTitle": null,
    "soDesc": null,
    "soNotes": null,
    "isFixedExchRate": false,
    "slsComId": {
      "id": 14373001
    },
    "priceIdempotent": "1f2f6ee30aa515fe8ab7f680d25bceb2",
    "freezeType": "NU_FREEZE",
    "soAssociationCode": null,
    "soBusinessStatus": "INIT",
    "bizRuleGroup": null,
    "addrDetail": "佛山市禅城区季华五路28号",
    "currExchangeRateType": {
      "id": 2000001
    },
    "slsDcId": {
      "id": 14378001
    },
    "btClass": "SALES",
    "effectiveAt": null,
    "slsPerson": {
      "id": 14094003
    },
    "reCalculate": null,
    "invOrg": null,
    "invLoc": null,
    "priceCalcDate": 1745402380000,
    "deliveryInterceptFail": null,
    "externalBuyerId": null,
    "addrId": {
      "id": 70002638
    },
    "totalAmt": 408848.0,
    "discountAmt": 0.0,
    "discountInfo": "",
    "platformDiscountAmt": null,
    "merchantDiscountAmt": null,
    "actualPaidAmt": null,
    "freightAmt": null,
    "buyerRemark": null,
    "sellerRemark": null,
    "id": 16379130,
    "createdBy": {
      "id": 540175374525637
    },
    "updatedBy": {
      "id": 540175374525637
    },
    "createdAt": 1745402380000,
    "updatedAt": 1745402389000,
    "version": 5,
    "deleted": 0,
    "originOrgId": 0,
    "slsPartnerLinks": [
      {
        "soId": {
          "id": 16379130
        },
        "id": 16223096
      }
    ],
    "soItems": [
      {
        "soId": {
          "id": 16379130
        },
        "id": 16301133
      }
    ]
  },
  {
    "soCode": "SO002515",
    "soDocDate": 1745337600000,
    "soExtCode": null,
    "baseCurrId": {
      "id": 2000001
    },
    "slsCurrId": {
      "id": 2000001
    },
    "exchRate": 1.0,
    "grossBaseAmt": 195536.0,
    "netBaseAmt": 173040.707965,
    "taxAmt": 22495.292035,
    "soCreateSource": "TERP门户",
    "slsOrgId": {
      "id": 14579001
    },
    "slsTmId": null,
    "soTypeId": {
      "soTypeCode": "STND",
      "soTypeName": "标准销售",
      "partnerProcedureHeadRef": {
        "id": 14005002
      },
      "attachmentProcedureHeadRef": null,
      "status": "ENABLED",
      "soTypeDesc": "标准销售",
      "genTextTypeRef": null,
      "isRev": false,
      "isSubmitApproval": true,
      "isModifyApproval": false,
      "currExchangeRateType": {
        "id": 2000001
      },
      "btClass": "SALES",
      "effectiveDays": null,
      "syncPrice": false,
      "isDefault": false,
      "id": 2101001,
      "createdBy": {
        "id": 27
      },
      "updatedBy": {
        "id": 477234922377861
      },
      "createdAt": 1685108645000,
      "updatedAt": 1745892294000,
      "version": 68,
      "deleted": 0,
      "originOrgId": 0
    },
    "custId": {
      "id": 2059001
    },
    "custPersonName": "李月汝",
    "custPhone": "18378999655",
    "slsPersonName": "章昂",
    "slsPhone": "17376596912",
    "soStatus": "CANCELLED",
    "approveStatus": null,
    "soTitle": null,
    "soDesc": null,
    "soNotes": null,
    "isFixedExchRate": false,
    "slsComId": {
      "id": 14373001
    },
    "priceIdempotent": "b7e5400ad3f46f060a1b2f5a8356efa7",
    "freezeType": "NU_FREEZE",
    "soAssociationCode": null,
    "soBusinessStatus": "INIT",
    "bizRuleGroup": null,
    "addrDetail": "佛山市禅城区季华五路28号",
    "currExchangeRateType": {
      "id": 2000001
    },
    "slsDcId": {
      "id": 14378001
    },
    "btClass": "SALES",
    "effectiveAt": null,
    "slsPerson": {
      "id": 14094003
    },
    "reCalculate": null,
    "invOrg": null,
    "invLoc": null,
    "priceCalcDate": 1745401487000,
    "deliveryInterceptFail": null,
    "externalBuyerId": null,
    "addrId": {
      "id": 70002638
    },
    "totalAmt": 195536.0,
    "discountAmt": 0.0,
    "discountInfo": "",
    "platformDiscountAmt": null,
    "merchantDiscountAmt": null,
    "actualPaidAmt": null,
    "freightAmt": null,
    "buyerRemark": null,
    "sellerRemark": null,
    "id": 16379123,
    "createdBy": {
      "id": 540175374525637
    },
    "updatedBy": {
      "id": 540175374525637
    },
    "createdAt": 1745401488000,
    "updatedAt": 1745401502000,
    "version": 5,
    "deleted": 0,
    "originOrgId": 0,
    "slsPartnerLinks": [
      {
        "soId": {
          "id": 16379123
        },
        "id": 16223089
      }
    ],
    "soItems": [
      {
        "soId": {
          "id": 16379123
        },
        "id": 16301126
      }
    ]
  },
  {
    "soCode": "SO002501",
    "soDocDate": 1745337600000,
    "soExtCode": null,
    "baseCurrId": {
      "id": 2000001
    },
    "slsCurrId": {
      "id": 2000001
    },
    "exchRate": 1.0,
    "grossBaseAmt": 666600.0,
    "netBaseAmt": 589911.504425,
    "taxAmt": 76688.495575,
    "soCreateSource": "TERP门户",
    "slsOrgId": {
      "id": 14579001
    },
    "slsTmId": null,
    "soTypeId": {
      "soTypeCode": "STND",
      "soTypeName": "标准销售",
      "partnerProcedureHeadRef": {
        "id": 14005002
      },
      "attachmentProcedureHeadRef": null,
      "status": "ENABLED",
      "soTypeDesc": "标准销售",
      "genTextTypeRef": null,
      "isRev": false,
      "isSubmitApproval": true,
      "isModifyApproval": false,
      "currExchangeRateType": {
        "id": 2000001
      },
      "btClass": "SALES",
      "effectiveDays": null,
      "syncPrice": false,
      "isDefault": false,
      "id": 2101001,
      "createdBy": {
        "id": 27
      },
      "updatedBy": {
        "id": 477234922377861
      },
      "createdAt": 1685108645000,
      "updatedAt": 1745892294000,
      "version": 68,
      "deleted": 0,
      "originOrgId": 0
    },
    "custId": {
      "id": 2059001
    },
    "custPersonName": "李月汝",
    "custPhone": "18378999655",
    "slsPersonName": "章昂",
    "slsPhone": "17376596912",
    "soStatus": "CANCELLED",
    "approveStatus": null,
    "soTitle": null,
    "soDesc": null,
    "soNotes": null,
    "isFixedExchRate": false,
    "slsComId": {
      "id": 14373001
    },
    "priceIdempotent": "c72d057d525961ad927a87e9232c8a12",
    "freezeType": "NU_FREEZE",
    "soAssociationCode": null,
    "soBusinessStatus": "INIT",
    "bizRuleGroup": null,
    "addrDetail": "佛山市禅城区季华五路28号",
    "currExchangeRateType": {
      "id": 2000001
    },
    "slsDcId": {
      "id": 14378001
    },
    "btClass": "SALES",
    "effectiveAt": null,
    "slsPerson": {
      "id": 14094003
    },
    "reCalculate": null,
    "invOrg": null,
    "invLoc": null,
    "priceCalcDate": 1745401078000,
    "deliveryInterceptFail": null,
    "externalBuyerId": null,
    "addrId": {
      "id": 70002638
    },
    "totalAmt": 666600.0,
    "discountAmt": 0.0,
    "discountInfo": "",
    "platformDiscountAmt": null,
    "merchantDiscountAmt": null,
    "actualPaidAmt": null,
    "freightAmt": null,
    "buyerRemark": null,
    "sellerRemark": null,
    "id": 16379116,
    "createdBy": {
      "id": 540175374525637
    },
    "updatedBy": {
      "id": 540175374525637
    },
    "createdAt": 1745401078000,
    "updatedAt": 1745401089000,
    "version": 5,
    "deleted": 0,
    "originOrgId": 0,
    "slsPartnerLinks": [
      {
        "soId": {
          "id": 16379116
        },
        "id": 16223082
      }
    ],
    "soItems": [
      {
        "soId": {
          "id": 16379116
        },
        "id": 16301119
      }
    ]
  },
  {
    "soCode": "SO002487",
    "soDocDate": 1745337600000,
    "soExtCode": null,
    "baseCurrId": {
      "id": 2000001
    },
    "slsCurrId": {
      "id": 2000001
    },
    "exchRate": 1.0,
    "grossBaseAmt": 542168.0,
    "netBaseAmt": 479794.690265,
    "taxAmt": 62373.309735,
    "soCreateSource": "TERP门户",
    "slsOrgId": {
      "id": 14579001
    },
    "slsTmId": null,
    "soTypeId": {
      "soTypeCode": "STND",
      "soTypeName": "标准销售",
      "partnerProcedureHeadRef": {
        "id": 14005002
      },
      "attachmentProcedureHeadRef": null,
      "status": "ENABLED",
      "soTypeDesc": "标准销售",
      "genTextTypeRef": null,
      "isRev": false,
      "isSubmitApproval": true,
      "isModifyApproval": false,
      "currExchangeRateType": {
        "id": 2000001
      },
      "btClass": "SALES",
      "effectiveDays": null,
      "syncPrice": false,
      "isDefault": false,
      "id": 2101001,
      "createdBy": {
        "id": 27
      },
      "updatedBy": {
        "id": 477234922377861
      },
      "createdAt": 1685108645000,
      "updatedAt": 1745892294000,
      "version": 68,
      "deleted": 0,
      "originOrgId": 0
    },
    "custId": {
      "id": 2059001
    },
    "custPersonName": "李月汝",
    "custPhone": "18378999655",
    "slsPersonName": "章昂",
    "slsPhone": "17376596912",
    "soStatus": "CANCELLED",
    "approveStatus": null,
    "soTitle": null,
    "soDesc": null,
    "soNotes": null,
    "isFixedExchRate": false,
    "slsComId": {
      "id": 14373001
    },
    "priceIdempotent": "00d9cf29e4a2cca089b64012ba61f00d",
    "freezeType": "NU_FREEZE",
    "soAssociationCode": null,
    "soBusinessStatus": "INIT",
    "bizRuleGroup": null,
    "addrDetail": "佛山市禅城区季华五路28号",
    "currExchangeRateType": {
      "id": 2000001
    },
    "slsDcId": {
      "id": 14378001
    },
    "btClass": "SALES",
    "effectiveAt": null,
    "slsPerson": {
      "id": 14094003
    },
    "reCalculate": null,
    "invOrg": null,
    "invLoc": null,
    "priceCalcDate": 1745400865000,
    "deliveryInterceptFail": null,
    "externalBuyerId": null,
    "addrId": {
      "id": 70002638
    },
    "totalAmt": 542168.0,
    "discountAmt": 0.0,
    "discountInfo": "",
    "platformDiscountAmt": null,
    "merchantDiscountAmt": null,
    "actualPaidAmt": null,
    "freightAmt": null,
    "buyerRemark": null,
    "sellerRemark": null,
    "id": 16379109,
    "createdBy": {
      "id": 540175374525637
    },
    "updatedBy": {
      "id": 540175374525637
    },
    "createdAt": 1745400865000,
    "updatedAt": 1745400875000,
    "version": 5,
    "deleted": 0,
    "originOrgId": 0,
    "slsPartnerLinks": [
      {
        "soId": {
          "id": 16379109
        },
        "id": 16223075
      }
    ],
    "soItems": [
      {
        "soId": {
          "id": 16379109
        },
        "id": 16301112
      }
    ]
  },
  {
    "soCode": "SO002473",
    "soDocDate": 1745337600000,
    "soExtCode": null,
    "baseCurrId": {
      "id": 2000001
    },
    "slsCurrId": {
      "id": 2000001
    },
    "exchRate": 1.0,
    "grossBaseAmt": 506616.0,
    "netBaseAmt": 448332.743363,
    "taxAmt": 58283.256637,
    "soCreateSource": "TERP门户",
    "slsOrgId": {
      "id": 14579001
    },
    "slsTmId": null,
    "soTypeId": {
      "soTypeCode": "STND",
      "soTypeName": "标准销售",
      "partnerProcedureHeadRef": {
        "id": 14005002
      },
      "attachmentProcedureHeadRef": null,
      "status": "ENABLED",
      "soTypeDesc": "标准销售",
      "genTextTypeRef": null,
      "isRev": false,
      "isSubmitApproval": true,
      "isModifyApproval": false,
      "currExchangeRateType": {
        "id": 2000001
      },
      "btClass": "SALES",
      "effectiveDays": null,
      "syncPrice": false,
      "isDefault": false,
      "id": 2101001,
      "createdBy": {
        "id": 27
      },
      "updatedBy": {
        "id": 477234922377861
      },
      "createdAt": 1685108645000,
      "updatedAt": 1745892294000,
      "version": 68,
      "deleted": 0,
      "originOrgId": 0
    },
    "custId": {
      "id": 2059001
    },
    "custPersonName": "李月汝",
    "custPhone": "18378999655",
    "slsPersonName": "章昂",
    "slsPhone": "17376596912",
    "soStatus": "CANCELLED",
    "approveStatus": null,
    "soTitle": null,
    "soDesc": null,
    "soNotes": null,
    "isFixedExchRate": false,
    "slsComId": {
      "id": 14373001
    },
    "priceIdempotent": "a91b61a76866182b14947388f6b93840",
    "freezeType": "NU_FREEZE",
    "soAssociationCode": null,
    "soBusinessStatus": "INIT",
    "bizRuleGroup": null,
    "addrDetail": "佛山市禅城区季华五路28号",
    "currExchangeRateType": {
      "id": 2000001
    },
    "slsDcId": {
      "id": 14378001
    },
    "btClass": "SALES",
    "effectiveAt": null,
    "slsPerson": {
      "id": 14094003
    },
    "reCalculate": null,
    "invOrg": null,
    "invLoc": null,
    "priceCalcDate": 1745400517000,
    "deliveryInterceptFail": null,
    "externalBuyerId": null,
    "addrId": {
      "id": 70002638
    },
    "totalAmt": 506616.0,
    "discountAmt": 0.0,
    "discountInfo": "",
    "platformDiscountAmt": null,
    "merchantDiscountAmt": null,
    "actualPaidAmt": null,
    "freightAmt": null,
    "buyerRemark": null,
    "sellerRemark": null,
    "id": 16379102,
    "createdBy": {
      "id": 540175374525637
    },
    "updatedBy": {
      "id": 540175374525637
    },
    "createdAt": 1745400518000,
    "updatedAt": 1745400527000,
    "version": 5,
    "deleted": 0,
    "originOrgId": 0,
    "slsPartnerLinks": [
      {
        "soId": {
          "id": 16379102
        },
        "id": 16223068
      }
    ],
    "soItems": [
      {
        "soId": {
          "id": 16379102
        },
        "id": 16301105
      }
    ]
  },
  {
    "soCode": "SO002442",
    "soDocDate": 1745337600000,
    "soExtCode": null,
    "baseCurrId": {
      "id": 2000001
    },
    "slsCurrId": {
      "id": 2000001
    },
    "exchRate": 1.0,
    "grossBaseAmt": 586608.0,
    "netBaseAmt": 519122.123894,
    "taxAmt": 67485.876106,
    "soCreateSource": "TERP门户",
    "slsOrgId": {
      "id": 14579001
    },
    "slsTmId": null,
    "soTypeId": {
      "soTypeCode": "STND",
      "soTypeName": "标准销售",
      "partnerProcedureHeadRef": {
        "id": 14005002
      },
      "attachmentProcedureHeadRef": null,
      "status": "ENABLED",
      "soTypeDesc": "标准销售",
      "genTextTypeRef": null,
      "isRev": false,
      "isSubmitApproval": true,
      "isModifyApproval": false,
      "currExchangeRateType": {
        "id": 2000001
      },
      "btClass": "SALES",
      "effectiveDays": null,
      "syncPrice": false,
      "isDefault": false,
      "id": 2101001,
      "createdBy": {
        "id": 27
      },
      "updatedBy": {
        "id": 477234922377861
      },
      "createdAt": 1685108645000,
      "updatedAt": 1745892294000,
      "version": 68,
      "deleted": 0,
      "originOrgId": 0
    },
    "custId": {
      "id": 2059001
    },
    "custPersonName": "李月汝",
    "custPhone": "18378999655",
    "slsPersonName": "章昂",
    "slsPhone": "17376596912",
    "soStatus": "CANCELLED",
    "approveStatus": null,
    "soTitle": null,
    "soDesc": null,
    "soNotes": null,
    "isFixedExchRate": false,
    "slsComId": {
      "id": 14373001
    },
    "priceIdempotent": "83faf3940edc2651e2fce44267deeec6",
    "freezeType": "NU_FREEZE",
    "soAssociationCode": null,
    "soBusinessStatus": "INIT",
    "bizRuleGroup": null,
    "addrDetail": "佛山市禅城区季华五路28号",
    "currExchangeRateType": {
      "id": 2000001
    },
    "slsDcId": {
      "id": 14378001
    },
    "btClass": "SALES",
    "effectiveAt": null,
    "slsPerson": {
      "id": 14094003
    },
    "reCalculate": null,
    "invOrg": null,
    "invLoc": null,
    "priceCalcDate": 1745382376000,
    "deliveryInterceptFail": null,
    "externalBuyerId": null,
    "addrId": {
      "id": 70002638
    },
    "totalAmt": 586608.0,
    "discountAmt": 0.0,
    "discountInfo": "",
    "platformDiscountAmt": null,
    "merchantDiscountAmt": null,
    "actualPaidAmt": null,
    "freightAmt": null,
    "buyerRemark": null,
    "sellerRemark": null,
    "id": 16379089,
    "createdBy": {
      "id": 540175374525637
    },
    "updatedBy": {
      "id": 540175374525637
    },
    "createdAt": 1745382377000,
    "updatedAt": 1745382385000,
    "version": 5,
    "deleted": 0,
    "originOrgId": 0,
    "slsPartnerLinks": [
      {
        "soId": {
          "id": 16379089
        },
        "id": 16223055
      }
    ],
    "soItems": [
      {
        "soId": {
          "id": 16379089
        },
        "id": 16301092
      }
    ]
  },
  {
    "soCode": "SO002430",
    "soDocDate": 1745337600000,
    "soExtCode": null,
    "baseCurrId": {
      "id": 2000001
    },
    "slsCurrId": {
      "id": 2000001
    },
    "exchRate": 1.0,
    "grossBaseAmt": 808808.0,
    "netBaseAmt": 715759.292035,
    "taxAmt": 93048.707965,
    "soCreateSource": "TERP门户",
    "slsOrgId": {
      "id": 14579001
    },
    "slsTmId": null,
    "soTypeId": {
      "soTypeCode": "STND",
      "soTypeName": "标准销售",
      "partnerProcedureHeadRef": {
        "id": 14005002
      },
      "attachmentProcedureHeadRef": null,
      "status": "ENABLED",
      "soTypeDesc": "标准销售",
      "genTextTypeRef": null,
      "isRev": false,
      "isSubmitApproval": true,
      "isModifyApproval": false,
      "currExchangeRateType": {
        "id": 2000001
      },
      "btClass": "SALES",
      "effectiveDays": null,
      "syncPrice": false,
      "isDefault": false,
      "id": 2101001,
      "createdBy": {
        "id": 27
      },
      "updatedBy": {
        "id": 477234922377861
      },
      "createdAt": 1685108645000,
      "updatedAt": 1745892294000,
      "version": 68,
      "deleted": 0,
      "originOrgId": 0
    },
    "custId": {
      "id": 2059001
    },
    "custPersonName": "李月汝",
    "custPhone": "18378999655",
    "slsPersonName": "章昂",
    "slsPhone": "17376596912",
    "soStatus": "CANCELLED",
    "approveStatus": null,
    "soTitle": null,
    "soDesc": null,
    "soNotes": null,
    "isFixedExchRate": false,
    "slsComId": {
      "id": 14373001
    },
    "priceIdempotent": "5be753f773bfa78d8aa3dc2196d40e76",
    "freezeType": "NU_FREEZE",
    "soAssociationCode": null,
    "soBusinessStatus": "INIT",
    "bizRuleGroup": null,
    "addrDetail": "佛山市禅城区季华五路28号",
    "currExchangeRateType": {
      "id": 2000001
    },
    "slsDcId": {
      "id": 14378001
    },
    "btClass": "SALES",
    "effectiveAt": null,
    "slsPerson": {
      "id": 14094003
    },
    "reCalculate": null,
    "invOrg": null,
    "invLoc": null,
    "priceCalcDate": 1745376865000,
    "deliveryInterceptFail": null,
    "externalBuyerId": null,
    "addrId": {
      "id": 70002638
    },
    "totalAmt": 808808.0,
    "discountAmt": 0.0,
    "discountInfo": "",
    "platformDiscountAmt": null,
    "merchantDiscountAmt": null,
    "actualPaidAmt": null,
    "freightAmt": null,
    "buyerRemark": null,
    "sellerRemark": null,
    "id": 16379083,
    "createdBy": {
      "id": 540175374525637
    },
    "updatedBy": {
      "id": 540175374525637
    },
    "createdAt": 1745376865000,
    "updatedAt": 1745376875000,
    "version": 5,
    "deleted": 0,
    "originOrgId": 0,
    "slsPartnerLinks": [
      {
        "soId": {
          "id": 16379083
        },
        "id": 16223049
      }
    ],
    "soItems": [
      {
        "soId": {
          "id": 16379083
        },
        "id": 16301085
      }
    ]
  },
  {
    "soCode": "SO002415",
    "soDocDate": 1745337600000,
    "soExtCode": null,
    "baseCurrId": {
      "id": 2000001
    },
    "slsCurrId": {
      "id": 2000001
    },
    "exchRate": 1.0,
    "grossBaseAmt": 195536.0,
    "netBaseAmt": 173040.707965,
    "taxAmt": 22495.292035,
    "soCreateSource": "TERP门户",
    "slsOrgId": {
      "id": 14579001
    },
    "slsTmId": null,
    "soTypeId": {
      "soTypeCode": "STND",
      "soTypeName": "标准销售",
      "partnerProcedureHeadRef": {
        "id": 14005002
      },
      "attachmentProcedureHeadRef": null,
      "status": "ENABLED",
      "soTypeDesc": "标准销售",
      "genTextTypeRef": null,
      "isRev": false,
      "isSubmitApproval": true,
      "isModifyApproval": false,
      "currExchangeRateType": {
        "id": 2000001
      },
      "btClass": "SALES",
      "effectiveDays": null,
      "syncPrice": false,
      "isDefault": false,
      "id": 2101001,
      "createdBy": {
        "id": 27
      },
      "updatedBy": {
        "id": 477234922377861
      },
      "createdAt": 1685108645000,
      "updatedAt": 1745892294000,
      "version": 68,
      "deleted": 0,
      "originOrgId": 0
    },
    "custId": {
      "id": 2059001
    },
    "custPersonName": "李月汝",
    "custPhone": "18378999655",
    "slsPersonName": "章昂",
    "slsPhone": "17376596912",
    "soStatus": "CANCELLED",
    "approveStatus": null,
    "soTitle": null,
    "soDesc": null,
    "soNotes": null,
    "isFixedExchRate": false,
    "slsComId": {
      "id": 14373001
    },
    "priceIdempotent": "728a381f5c80a96cc60309e6cf7bee9c",
    "freezeType": "NU_FREEZE",
    "soAssociationCode": null,
    "soBusinessStatus": "INIT",
    "bizRuleGroup": null,
    "addrDetail": "佛山市禅城区季华五路28号",
    "currExchangeRateType": {
      "id": 2000001
    },
    "slsDcId": {
      "id": 14378001
    },
    "btClass": "SALES",
    "effectiveAt": null,
    "slsPerson": {
      "id": 14094003
    },
    "reCalculate": null,
    "invOrg": null,
    "invLoc": null,
    "priceCalcDate": 1745375926000,
    "deliveryInterceptFail": null,
    "externalBuyerId": null,
    "addrId": {
      "id": 70002638
    },
    "totalAmt": 195536.0,
    "discountAmt": 0.0,
    "discountInfo": "",
    "platformDiscountAmt": null,
    "merchantDiscountAmt": null,
    "actualPaidAmt": null,
    "freightAmt": null,
    "buyerRemark": null,
    "sellerRemark": null,
    "id": 16379076,
    "createdBy": {
      "id": 540175374525637
    },
    "updatedBy": {
      "id": 540175374525637
    },
    "createdAt": 1745375926000,
    "updatedAt": 1745375937000,
    "version": 5,
    "deleted": 0,
    "originOrgId": 0,
    "slsPartnerLinks": [
      {
        "soId": {
          "id": 16379076
        },
        "id": 16223042
      }
    ],
    "soItems": [
      {
        "soId": {
          "id": 16379076
        },
        "id": 16301078
      }
    ]
  },
  {
    "soCode": "SO002393",
    "soDocDate": 1745337600000,
    "soExtCode": null,
    "baseCurrId": {
      "id": 2000001
    },
    "slsCurrId": {
      "id": 2000001
    },
    "exchRate": 1.0,
    "grossBaseAmt": 231088.0,
    "netBaseAmt": 204502.654867,
    "taxAmt": 26585.345133,
    "soCreateSource": "TERP门户",
    "slsOrgId": {
      "id": 14579001
    },
    "slsTmId": null,
    "soTypeId": {
      "soTypeCode": "STND",
      "soTypeName": "标准销售",
      "partnerProcedureHeadRef": {
        "id": 14005002
      },
      "attachmentProcedureHeadRef": null,
      "status": "ENABLED",
      "soTypeDesc": "标准销售",
      "genTextTypeRef": null,
      "isRev": false,
      "isSubmitApproval": true,
      "isModifyApproval": false,
      "currExchangeRateType": {
        "id": 2000001
      },
      "btClass": "SALES",
      "effectiveDays": null,
      "syncPrice": false,
      "isDefault": false,
      "id": 2101001,
      "createdBy": {
        "id": 27
      },
      "updatedBy": {
        "id": 477234922377861
      },
      "createdAt": 1685108645000,
      "updatedAt": 1745892294000,
      "version": 68,
      "deleted": 0,
      "originOrgId": 0
    },
    "custId": {
      "id": 2059001
    },
    "custPersonName": "李月汝",
    "custPhone": "18378999655",
    "slsPersonName": "章昂",
    "slsPhone": "17376596912",
    "soStatus": "CANCELLED",
    "approveStatus": null,
    "soTitle": null,
    "soDesc": null,
    "soNotes": null,
    "isFixedExchRate": false,
    "slsComId": {
      "id": 14373001
    },
    "priceIdempotent": "12f0b27015dd7b6748fc8f6bff474c54",
    "freezeType": "NU_FREEZE",
    "soAssociationCode": null,
    "soBusinessStatus": "INIT",
    "bizRuleGroup": null,
    "addrDetail": "佛山市禅城区季华五路28号",
    "currExchangeRateType": {
      "id": 2000001
    },
    "slsDcId": {
      "id": 14378001
    },
    "btClass": "SALES",
    "effectiveAt": null,
    "slsPerson": {
      "id": 14094003
    },
    "reCalculate": null,
    "invOrg": null,
    "invLoc": null,
    "priceCalcDate": 1745375440000,
    "deliveryInterceptFail": null,
    "externalBuyerId": null,
    "addrId": {
      "id": 70002638
    },
    "totalAmt": 231088.0,
    "discountAmt": 0.0,
    "discountInfo": "",
    "platformDiscountAmt": null,
    "merchantDiscountAmt": null,
    "actualPaidAmt": null,
    "freightAmt": null,
    "buyerRemark": null,
    "sellerRemark": null,
    "id": 16379065,
    "createdBy": {
      "id": 540175374525637
    },
    "updatedBy": {
      "id": 540175374525637
    },
    "createdAt": 1745375441000,
    "updatedAt": 1745375451000,
    "version": 5,
    "deleted": 0,
    "originOrgId": 0,
    "slsPartnerLinks": [
      {
        "soId": {
          "id": 16379065
        },
        "id": 16223031
      }
    ],
    "soItems": [
      {
        "soId": {
          "id": 16379065
        },
        "id": 16301067
      }
    ]
  },
  {
    "soCode": "SO002267",
    "soDocDate": 1745251200000,
    "soExtCode": null,
    "baseCurrId": {
      "id": 2000001
    },
    "slsCurrId": {
      "id": 2000001
    },
    "exchRate": 1.0,
    "grossBaseAmt": 622160.0,
    "netBaseAmt": 550584.070796,
    "taxAmt": 71575.929204,
    "soCreateSource": "TERP门户",
    "slsOrgId": {
      "id": 14579001
    },
    "slsTmId": null,
    "soTypeId": {
      "soTypeCode": "STND",
      "soTypeName": "标准销售",
      "partnerProcedureHeadRef": {
        "id": 14005002
      },
      "attachmentProcedureHeadRef": null,
      "status": "ENABLED",
      "soTypeDesc": "标准销售",
      "genTextTypeRef": null,
      "isRev": false,
      "isSubmitApproval": true,
      "isModifyApproval": false,
      "currExchangeRateType": {
        "id": 2000001
      },
      "btClass": "SALES",
      "effectiveDays": null,
      "syncPrice": false,
      "isDefault": false,
      "id": 2101001,
      "createdBy": {
        "id": 27
      },
      "updatedBy": {
        "id": 477234922377861
      },
      "createdAt": 1685108645000,
      "updatedAt": 1745892294000,
      "version": 68,
      "deleted": 0,
      "originOrgId": 0
    },
    "custId": {
      "id": 2059001
    },
    "custPersonName": "李月汝",
    "custPhone": "18378999655",
    "slsPersonName": "章昂",
    "slsPhone": "17376596912",
    "soStatus": "CANCELLED",
    "approveStatus": null,
    "soTitle": null,
    "soDesc": null,
    "soNotes": null,
    "isFixedExchRate": false,
    "slsComId": {
      "id": 14373001
    },
    "priceIdempotent": "d564b241dba79bdf3090a117e95583cc",
    "freezeType": "NU_FREEZE",
    "soAssociationCode": null,
    "soBusinessStatus": "INIT",
    "bizRuleGroup": null,
    "addrDetail": "佛山市禅城区季华五路28号",
    "currExchangeRateType": {
      "id": 2000001
    },
    "slsDcId": {
      "id": 14378001
    },
    "btClass": "SALES",
    "effectiveAt": null,
    "slsPerson": {
      "id": 14094003
    },
    "reCalculate": null,
    "invOrg": null,
    "invLoc": null,
    "priceCalcDate": 1745315006000,
    "deliveryInterceptFail": null,
    "externalBuyerId": null,
    "addrId": {
      "id": 70002638
    },
    "totalAmt": 622160.0,
    "discountAmt": 0.0,
    "discountInfo": "",
    "platformDiscountAmt": null,
    "merchantDiscountAmt": null,
    "actualPaidAmt": null,
    "freightAmt": null,
    "buyerRemark": null,
    "sellerRemark": null,
    "id": 16379028,
    "createdBy": {
      "id": 540175374525637
    },
    "updatedBy": {
      "id": 540175374525637
    },
    "createdAt": 1745315007000,
    "updatedAt": 1745315018000,
    "version": 4,
    "deleted": 0,
    "originOrgId": 0,
    "soItems": [
      {
        "soId": {
          "id": 16379028
        },
        "id": 16301028
      }
    ]
  },
  {
    "soCode": "SO002251",
    "soDocDate": 1745251200000,
    "soExtCode": null,
    "baseCurrId": {
      "id": 2000001
    },
    "slsCurrId": {
      "id": 2000001
    },
    "exchRate": 1.0,
    "grossBaseAmt": 764368.0,
    "netBaseAmt": 676431.858407,
    "taxAmt": 87936.141593,
    "soCreateSource": "TERP门户",
    "slsOrgId": {
      "id": 14579001
    },
    "slsTmId": null,
    "soTypeId": {
      "soTypeCode": "STND",
      "soTypeName": "标准销售",
      "partnerProcedureHeadRef": {
        "id": 14005002
      },
      "attachmentProcedureHeadRef": null,
      "status": "ENABLED",
      "soTypeDesc": "标准销售",
      "genTextTypeRef": null,
      "isRev": false,
      "isSubmitApproval": true,
      "isModifyApproval": false,
      "currExchangeRateType": {
        "id": 2000001
      },
      "btClass": "SALES",
      "effectiveDays": null,
      "syncPrice": false,
      "isDefault": false,
      "id": 2101001,
      "createdBy": {
        "id": 27
      },
      "updatedBy": {
        "id": 477234922377861
      },
      "createdAt": 1685108645000,
      "updatedAt": 1745892294000,
      "version": 68,
      "deleted": 0,
      "originOrgId": 0
    },
    "custId": {
      "id": 2059001
    },
    "custPersonName": "李月汝",
    "custPhone": "18378999655",
    "slsPersonName": "章昂",
    "slsPhone": "17376596912",
    "soStatus": "CANCELLED",
    "approveStatus": null,
    "soTitle": null,
    "soDesc": null,
    "soNotes": null,
    "isFixedExchRate": false,
    "slsComId": {
      "id": 14373001
    },
    "priceIdempotent": "b523ad27c51a2f75ec201e2626e42937",
    "freezeType": "NU_FREEZE",
    "soAssociationCode": null,
    "soBusinessStatus": "INIT",
    "bizRuleGroup": null,
    "addrDetail": "佛山市禅城区季华五路28号",
    "currExchangeRateType": {
      "id": 2000001
    },
    "slsDcId": {
      "id": 14378001
    },
    "btClass": "SALES",
    "effectiveAt": null,
    "slsPerson": {
      "id": 14094003
    },
    "reCalculate": null,
    "invOrg": null,
    "invLoc": null,
    "priceCalcDate": 1745314416000,
    "deliveryInterceptFail": null,
    "externalBuyerId": null,
    "addrId": {
      "id": 70002638
    },
    "totalAmt": 764368.0,
    "discountAmt": 0.0,
    "discountInfo": "",
    "platformDiscountAmt": null,
    "merchantDiscountAmt": null,
    "actualPaidAmt": null,
    "freightAmt": null,
    "buyerRemark": null,
    "sellerRemark": null,
    "id": 16379022,
    "createdBy": {
      "id": 540175374525637
    },
    "updatedBy": {
      "id": 540175374525637
    },
    "createdAt": 1745314417000,
    "updatedAt": 1745314427000,
    "version": 5,
    "deleted": 0,
    "originOrgId": 0,
    "soItems": [
      {
        "soId": {
          "id": 16379022
        },
        "id": 16301022
      }
    ]
  },
  {
    "soCode": "SO002235",
    "soDocDate": 1745251200000,
    "soExtCode": null,
    "baseCurrId": {
      "id": 2000001
    },
    "slsCurrId": {
      "id": 2000001
    },
    "exchRate": 1.0,
    "grossBaseAmt": 586608.0,
    "netBaseAmt": 519122.123894,
    "taxAmt": 67485.876106,
    "soCreateSource": "TERP门户",
    "slsOrgId": {
      "id": 14579001
    },
    "slsTmId": null,
    "soTypeId": {
      "soTypeCode": "STND",
      "soTypeName": "标准销售",
      "partnerProcedureHeadRef": {
        "id": 14005002
      },
      "attachmentProcedureHeadRef": null,
      "status": "ENABLED",
      "soTypeDesc": "标准销售",
      "genTextTypeRef": null,
      "isRev": false,
      "isSubmitApproval": true,
      "isModifyApproval": false,
      "currExchangeRateType": {
        "id": 2000001
      },
      "btClass": "SALES",
      "effectiveDays": null,
      "syncPrice": false,
      "isDefault": false,
      "id": 2101001,
      "createdBy": {
        "id": 27
      },
      "updatedBy": {
        "id": 477234922377861
      },
      "createdAt": 1685108645000,
      "updatedAt": 1745892294000,
      "version": 68,
      "deleted": 0,
      "originOrgId": 0
    },
    "custId": {
      "id": 2059001
    },
    "custPersonName": "李月汝",
    "custPhone": "18378999655",
    "slsPersonName": "章昂",
    "slsPhone": "17376596912",
    "soStatus": "CANCELLED",
    "approveStatus": null,
    "soTitle": null,
    "soDesc": null,
    "soNotes": null,
    "isFixedExchRate": false,
    "slsComId": {
      "id": 14373001
    },
    "priceIdempotent": "00cdaf13edbae908770f54ff2b99027e",
    "freezeType": "NU_FREEZE",
    "soAssociationCode": null,
    "soBusinessStatus": "INIT",
    "bizRuleGroup": null,
    "addrDetail": "佛山市禅城区季华五路28号",
    "currExchangeRateType": {
      "id": 2000001
    },
    "slsDcId": {
      "id": 14378001
    },
    "btClass": "SALES",
    "effectiveAt": null,
    "slsPerson": {
      "id": 14094003
    },
    "reCalculate": null,
    "invOrg": null,
    "invLoc": null,
    "priceCalcDate": 1745314322000,
    "deliveryInterceptFail": null,
    "externalBuyerId": null,
    "addrId": {
      "id": 70002638
    },
    "totalAmt": 586608.0,
    "discountAmt": 0.0,
    "discountInfo": "",
    "platformDiscountAmt": null,
    "merchantDiscountAmt": null,
    "actualPaidAmt": null,
    "freightAmt": null,
    "buyerRemark": null,
    "sellerRemark": null,
    "id": 16379015,
    "createdBy": {
      "id": 540175374525637
    },
    "updatedBy": {
      "id": 540175374525637
    },
    "createdAt": 1745314323000,
    "updatedAt": 1745314334000,
    "version": 5,
    "deleted": 0,
    "originOrgId": 0,
    "soItems": [
      {
        "soId": {
          "id": 16379015
        },
        "id": 16301015
      }
    ]
  },
  {
    "soCode": "SO002219",
    "soDocDate": 1745251200000,
    "soExtCode": null,
    "baseCurrId": {
      "id": 2000001
    },
    "slsCurrId": {
      "id": 2000001
    },
    "exchRate": 1.0,
    "grossBaseAmt": 844360.0,
    "netBaseAmt": 747221.238938,
    "taxAmt": 97138.761062,
    "soCreateSource": "TERP门户",
    "slsOrgId": {
      "id": 14579001
    },
    "slsTmId": null,
    "soTypeId": {
      "soTypeCode": "STND",
      "soTypeName": "标准销售",
      "partnerProcedureHeadRef": {
        "id": 14005002
      },
      "attachmentProcedureHeadRef": null,
      "status": "ENABLED",
      "soTypeDesc": "标准销售",
      "genTextTypeRef": null,
      "isRev": false,
      "isSubmitApproval": true,
      "isModifyApproval": false,
      "currExchangeRateType": {
        "id": 2000001
      },
      "btClass": "SALES",
      "effectiveDays": null,
      "syncPrice": false,
      "isDefault": false,
      "id": 2101001,
      "createdBy": {
        "id": 27
      },
      "updatedBy": {
        "id": 477234922377861
      },
      "createdAt": 1685108645000,
      "updatedAt": 1745892294000,
      "version": 68,
      "deleted": 0,
      "originOrgId": 0
    },
    "custId": {
      "id": 2059001
    },
    "custPersonName": "李月汝",
    "custPhone": "18378999655",
    "slsPersonName": "章昂",
    "slsPhone": "17376596912",
    "soStatus": "CANCELLED",
    "approveStatus": null,
    "soTitle": null,
    "soDesc": null,
    "soNotes": null,
    "isFixedExchRate": false,
    "slsComId": {
      "id": 14373001
    },
    "priceIdempotent": "3e3289ae31a4952eb97bc8a273eaf029",
    "freezeType": "NU_FREEZE",
    "soAssociationCode": null,
    "soBusinessStatus": "INIT",
    "bizRuleGroup": null,
    "addrDetail": "佛山市禅城区季华五路28号",
    "currExchangeRateType": {
      "id": 2000001
    },
    "slsDcId": {
      "id": 14378001
    },
    "btClass": "SALES",
    "effectiveAt": null,
    "slsPerson": {
      "id": 14094003
    },
    "reCalculate": null,
    "invOrg": null,
    "invLoc": null,
    "priceCalcDate": 1745314222000,
    "deliveryInterceptFail": null,
    "externalBuyerId": null,
    "addrId": {
      "id": 70002638
    },
    "totalAmt": 844360.0,
    "discountAmt": 0.0,
    "discountInfo": "",
    "platformDiscountAmt": null,
    "merchantDiscountAmt": null,
    "actualPaidAmt": null,
    "freightAmt": null,
    "buyerRemark": null,
    "sellerRemark": null,
    "id": 16379008,
    "createdBy": {
      "id": 540175374525637
    },
    "updatedBy": {
      "id": 540175374525637
    },
    "createdAt": 1745314222000,
    "updatedAt": 1745314235000,
    "version": 5,
    "deleted": 0,
    "originOrgId": 0,
    "soItems": [
      {
        "soId": {
          "id": 16379008
        },
        "id": 16301008
      }
    ]
  },
  {
    "soCode": "SO002167",
    "soDocDate": 1745251200000,
    "soExtCode": null,
    "baseCurrId": {
      "id": 2000001
    },
    "slsCurrId": {
      "id": 2000001
    },
    "exchRate": 1.0,
    "grossBaseAmt": 702152.0,
    "netBaseAmt": 621373.451327,
    "taxAmt": 80778.548673,
    "soCreateSource": "TERP门户",
    "slsOrgId": {
      "id": 14579001
    },
    "slsTmId": null,
    "soTypeId": {
      "soTypeCode": "STND",
      "soTypeName": "标准销售",
      "partnerProcedureHeadRef": {
        "id": 14005002
      },
      "attachmentProcedureHeadRef": null,
      "status": "ENABLED",
      "soTypeDesc": "标准销售",
      "genTextTypeRef": null,
      "isRev": false,
      "isSubmitApproval": true,
      "isModifyApproval": false,
      "currExchangeRateType": {
        "id": 2000001
      },
      "btClass": "SALES",
      "effectiveDays": null,
      "syncPrice": false,
      "isDefault": false,
      "id": 2101001,
      "createdBy": {
        "id": 27
      },
      "updatedBy": {
        "id": 477234922377861
      },
      "createdAt": 1685108645000,
      "updatedAt": 1745892294000,
      "version": 68,
      "deleted": 0,
      "originOrgId": 0
    },
    "custId": {
      "id": 2059001
    },
    "custPersonName": "李月汝",
    "custPhone": "18378999655",
    "slsPersonName": "章昂",
    "slsPhone": "17376596912",
    "soStatus": "CANCELLED",
    "approveStatus": null,
    "soTitle": null,
    "soDesc": null,
    "soNotes": null,
    "isFixedExchRate": false,
    "slsComId": {
      "id": 14373001
    },
    "priceIdempotent": "07ddf6db89c588c43724dab08462638e",
    "freezeType": "NU_FREEZE",
    "soAssociationCode": null,
    "soBusinessStatus": "INIT",
    "bizRuleGroup": null,
    "addrDetail": "佛山市禅城区季华五路28号",
    "currExchangeRateType": {
      "id": 2000001
    },
    "slsDcId": {
      "id": 14378001
    },
    "btClass": "SALES",
    "effectiveAt": null,
    "slsPerson": {
      "id": 14094003
    },
    "reCalculate": null,
    "invOrg": null,
    "invLoc": null,
    "priceCalcDate": 1745308123000,
    "deliveryInterceptFail": null,
    "externalBuyerId": null,
    "addrId": {
      "id": 70002638
    },
    "totalAmt": 702152.0,
    "discountAmt": 0.0,
    "discountInfo": "",
    "platformDiscountAmt": null,
    "merchantDiscountAmt": null,
    "actualPaidAmt": null,
    "freightAmt": null,
    "buyerRemark": null,
    "sellerRemark": null,
    "id": 16378028,
    "createdBy": {
      "id": 540175374525637
    },
    "updatedBy": {
      "id": 540175374525637
    },
    "createdAt": 1745308123000,
    "updatedAt": 1745308130000,
    "version": 5,
    "deleted": 0,
    "originOrgId": 0,
    "soItems": [
      {
        "soId": {
          "id": 16378028
        },
        "id": 16300033
      }
    ]
  },
  {
    "soCode": "SO002137",
    "soDocDate": 1745251200000,
    "soExtCode": null,
    "baseCurrId": {
      "id": 2000001
    },
    "slsCurrId": {
      "id": 2000001
    },
    "exchRate": 1.0,
    "grossBaseAmt": 791032.0,
    "netBaseAmt": 700028.318584,
    "taxAmt": 91003.681416,
    "soCreateSource": "TERP门户",
    "slsOrgId": {
      "id": 14579001
    },
    "slsTmId": null,
    "soTypeId": {
      "soTypeCode": "STND",
      "soTypeName": "标准销售",
      "partnerProcedureHeadRef": {
        "id": 14005002
      },
      "attachmentProcedureHeadRef": null,
      "status": "ENABLED",
      "soTypeDesc": "标准销售",
      "genTextTypeRef": null,
      "isRev": false,
      "isSubmitApproval": true,
      "isModifyApproval": false,
      "currExchangeRateType": {
        "id": 2000001
      },
      "btClass": "SALES",
      "effectiveDays": null,
      "syncPrice": false,
      "isDefault": false,
      "id": 2101001,
      "createdBy": {
        "id": 27
      },
      "updatedBy": {
        "id": 477234922377861
      },
      "createdAt": 1685108645000,
      "updatedAt": 1745892294000,
      "version": 68,
      "deleted": 0,
      "originOrgId": 0
    },
    "custId": {
      "id": 2059001
    },
    "custPersonName": "李月汝",
    "custPhone": "18378999655",
    "slsPersonName": "章昂",
    "slsPhone": "17376596912",
    "soStatus": "CANCELLED",
    "approveStatus": null,
    "soTitle": null,
    "soDesc": null,
    "soNotes": null,
    "isFixedExchRate": false,
    "slsComId": {
      "id": 14373001
    },
    "priceIdempotent": "49d3c37eca907e1764a3123e232a523e",
    "freezeType": "NU_FREEZE",
    "soAssociationCode": null,
    "soBusinessStatus": "INIT",
    "bizRuleGroup": null,
    "addrDetail": "佛山市禅城区季华五路28号",
    "currExchangeRateType": {
      "id": 2000001
    },
    "slsDcId": {
      "id": 14378001
    },
    "btClass": "SALES",
    "effectiveAt": null,
    "slsPerson": {
      "id": 14094003
    },
    "reCalculate": null,
    "invOrg": null,
    "invLoc": null,
    "priceCalcDate": 1745305949000,
    "deliveryInterceptFail": null,
    "externalBuyerId": null,
    "addrId": {
      "id": 70002638
    },
    "totalAmt": 791032.0,
    "discountAmt": 0.0,
    "discountInfo": "",
    "platformDiscountAmt": null,
    "merchantDiscountAmt": null,
    "actualPaidAmt": null,
    "freightAmt": null,
    "buyerRemark": null,
    "sellerRemark": null,
    "id": 16378017,
    "createdBy": {
      "id": 540175374525637
    },
    "updatedBy": {
      "id": 540175374525637
    },
    "createdAt": 1745305950000,
    "updatedAt": 1745305955000,
    "version": 5,
    "deleted": 0,
    "originOrgId": 0,
    "soItems": [
      {
        "soId": {
          "id": 16378017
        },
        "id": 16300017
      }
    ]
  },
  {
    "soCode": "SO002117",
    "soDocDate": 1745251200000,
    "soExtCode": null,
    "baseCurrId": {
      "id": 2000001
    },
    "slsCurrId": {
      "id": 2000001
    },
    "exchRate": 1.0,
    "grossBaseAmt": 266640.0,
    "netBaseAmt": 235964.60177,
    "taxAmt": 30675.39823,
    "soCreateSource": "TERP门户",
    "slsOrgId": {
      "id": 14579001
    },
    "slsTmId": null,
    "soTypeId": {
      "soTypeCode": "STND",
      "soTypeName": "标准销售",
      "partnerProcedureHeadRef": {
        "id": 14005002
      },
      "attachmentProcedureHeadRef": null,
      "status": "ENABLED",
      "soTypeDesc": "标准销售",
      "genTextTypeRef": null,
      "isRev": false,
      "isSubmitApproval": true,
      "isModifyApproval": false,
      "currExchangeRateType": {
        "id": 2000001
      },
      "btClass": "SALES",
      "effectiveDays": null,
      "syncPrice": false,
      "isDefault": false,
      "id": 2101001,
      "createdBy": {
        "id": 27
      },
      "updatedBy": {
        "id": 477234922377861
      },
      "createdAt": 1685108645000,
      "updatedAt": 1745892294000,
      "version": 68,
      "deleted": 0,
      "originOrgId": 0
    },
    "custId": {
      "id": 2059001
    },
    "custPersonName": "李月汝",
    "custPhone": "18378999655",
    "slsPersonName": "章昂",
    "slsPhone": "17376596912",
    "soStatus": "CANCELLED",
    "approveStatus": null,
    "soTitle": null,
    "soDesc": null,
    "soNotes": null,
    "isFixedExchRate": false,
    "slsComId": {
      "id": 14373001
    },
    "priceIdempotent": "d19655cbbc258ba7d55deaa07d38fb78",
    "freezeType": "NU_FREEZE",
    "soAssociationCode": null,
    "soBusinessStatus": "INIT",
    "bizRuleGroup": null,
    "addrDetail": "佛山市禅城区季华五路28号",
    "currExchangeRateType": {
      "id": 2000001
    },
    "slsDcId": {
      "id": 14378001
    },
    "btClass": "SALES",
    "effectiveAt": null,
    "slsPerson": {
      "id": 14094003
    },
    "reCalculate": null,
    "invOrg": null,
    "invLoc": null,
    "priceCalcDate": 1745304363000,
    "deliveryInterceptFail": null,
    "externalBuyerId": null,
    "addrId": {
      "id": 70002638
    },
    "totalAmt": 266640.0,
    "discountAmt": 0.0,
    "discountInfo": "",
    "platformDiscountAmt": null,
    "merchantDiscountAmt": null,
    "actualPaidAmt": null,
    "freightAmt": null,
    "buyerRemark": null,
    "sellerRemark": null,
    "id": 16378008,
    "createdBy": {
      "id": 540175374525637
    },
    "updatedBy": {
      "id": 540175374525637
    },
    "createdAt": 1745304363000,
    "updatedAt": 1745305766000,
    "version": 4,
    "deleted": 0,
    "originOrgId": 0,
    "soItems": [
      {
        "soId": {
          "id": 16378008
        },
        "id": 16300008
      }
    ]
  }
]
2025-05-06 14:38:12|test_02_orderlist_query.test_03_query_orders_by_status line:344| 
成功查询到 20 条状态为 CANCELLED 的订单数据
2025-05-06 14:38:12|LogUtil.info line:33| 开始测试: test_04_query_orders_by_so_type
2025-05-06 14:38:12|test_02_orderlist_query.setup_method line:47| 使用类属性中的测试数据
2025-05-06 14:38:12|test_02_orderlist_query.setup_method line:61| 开始执行测试方法: test_04_query_orders_by_so_type
2025-05-06 14:38:12|test_02_orderlist_query.setup_method line:65| 初始化测试数据完成
2025-05-06 14:38:12|test_02_orderlist_query.test_04_query_orders_by_so_type line:416| 
准备发送请求...
2025-05-06 14:38:12|test_02_orderlist_query.test_04_query_orders_by_so_type line:417| 查询条件: 订单类型ID = 2101001
2025-05-06 14:38:12|LogUtil.info line:33| 发送请求: 按单据类型查询销售订单列表
2025-05-06 14:38:12|test_02_orderlist_query.test_04_query_orders_by_so_type line:446| 
成功查询到 20 条匹配的订单数据
2025-05-06 14:38:12|LogUtil.info line:33| 开始测试: test_05_query_orders_by_customer
2025-05-06 14:38:12|test_02_orderlist_query.setup_method line:47| 使用类属性中的测试数据
2025-05-06 14:38:12|test_02_orderlist_query.setup_method line:61| 开始执行测试方法: test_05_query_orders_by_customer
2025-05-06 14:38:12|test_02_orderlist_query.setup_method line:65| 初始化测试数据完成
2025-05-06 14:38:12|test_02_orderlist_query.test_05_query_orders_by_customer line:518| 
准备发送请求...
2025-05-06 14:38:12|test_02_orderlist_query.test_05_query_orders_by_customer line:519| 查询条件: 客户ID = 2059001
2025-05-06 14:38:12|LogUtil.info line:33| 发送请求: 按客户查询销售订单列表
2025-05-06 14:38:12|test_02_orderlist_query.test_05_query_orders_by_customer line:548| 
成功查询到 20 条匹配的订单数据
2025-05-06 14:38:12|test_02_orderlist_query.test_05_query_orders_by_customer line:601| 
准备发送请求...
2025-05-06 14:38:12|test_02_orderlist_query.test_05_query_orders_by_customer line:602| 查询条件: 外部单号包含 '123'
2025-05-06 14:38:12|LogUtil.info line:33| 发送请求: 按外部单号查询销售订单列表
2025-05-06 14:38:12|test_02_orderlist_query.test_05_query_orders_by_customer line:609| 
警告：未查询到匹配的订单数据
2025-05-06 14:38:12|MysqlUtil.__init__ line:36| 数据库管理器初始化完成，运行时模式: False
2025-05-06 14:38:12|MysqlUtil.__init__ line:36| 数据库管理器初始化完成，运行时模式: False
2025-05-06 14:38:12|LogUtil.info line:33| 内存缓存命中：使用缓存的SCM初始化数据
2025-05-06 14:38:12|login_manager.__init__ line:19| 初始化登录管理器
2025-05-06 14:38:12|login_manager.__init__ line:24| IAM URL: https://t-erp-iam-test.app.terminus.io
2025-05-06 14:38:12|login_manager.__init__ line:25| API URL: https://t-erp-portal-test.app.terminus.io
2025-05-06 14:38:12|login_manager.__init__ line:56| 登录管理器初始化完成
2025-05-06 14:38:12|login_manager.login line:69| 开始登录流程
2025-05-06 14:38:12|login_manager.login line:72| 使用配置文件中的默认账号密码
2025-05-06 14:38:12|login_manager.login line:76| 使用账号: 17376596912
2025-05-06 14:38:12|login_manager.login line:86| 登录URL: https://t-erp-iam-test.app.terminus.io/iam/api/v1/user/login/account
2025-05-06 14:38:12|login_manager.login line:92| 登录响应状态码: 200
2025-05-06 14:38:12|login_manager.login line:101| 重定向URL: https://t-erp-portal-test.app.terminus.io/TERP_PORTAL-TERP-tpf_umwrhzbg/login
2025-05-06 14:38:13|login_manager.get_current_user line:130| 获取用户信息URL: https://t-erp-portal-test.app.terminus.io/api/trantor/portal/user/current
2025-05-06 14:38:13|login_manager.get_current_user line:136| 获取用户信息响应状态码: 200
2025-05-06 14:38:13|login_manager.login line:114| 登录成功，用户信息: {'requestId': 'e6f8e867-1534513', 'success': True, 'data': {'id': 540175374525637, 'username': 'zhangang', 'email': 'zhangang.26@163.com', 'mobile': '17376596912', 'nickname': '章昂', 'status': True, 'avatar': 'https://terminus-new-trantor.oss-cn-hangzhou.aliyuncs.com/iam/user/avatar/540175374525637/2025-03-10_14_44_32_7dbc5543-0152-4a67-9901-b7da94c6ba4f_%E5%A4%8D%E6%B4%BB%E5%B2%9B%E5%B7%A8%E4%BA%BA%E5%83%8F.png'}}
2025-05-06 14:38:13|LogUtil.info line:33| 测试类初始化完成
2025-05-06 14:38:13|LogUtil.info line:33| 初始化渲染数量: 42
2025-05-06 14:38:13|LogUtil.info line:33| 测试类初始化完成
2025-05-06 14:38:13|LogUtil.info line:33| 开始测试: test_save_sales_order
2025-05-06 14:38:13|LogUtil.info line:33| 发送请求: 销售订单创建初始化
2025-05-06 14:38:13|LogUtil.info line:33| 销售订单创建初始化完成
2025-05-06 14:38:13|LogUtil.info line:33| 发送请求: 查询客户信息
2025-05-06 14:38:13|LogUtil.info line:33| 客户信息查询完成
2025-05-06 14:38:13|LogUtil.info line:33| 发送请求: 查询相关方
2025-05-06 14:38:13|LogUtil.info line:33| 相关方查询完成
2025-05-06 14:38:13|LogUtil.info line:33| 发送请求: 查询销售组织列表
2025-05-06 14:38:13|test_01_create._query_sales_organization line:139| 销售组织列表查询完成: {'orgCode': 'AUTOTEST_SLS_ORG', 'orgName': '销售组织(自动化)', 'orgStatus': 'ENABLED', 'orgBusinessTypeCode': None, 'comOrgId': {'id': 14507001}, 'id': 14579001}
2025-05-06 14:38:13|LogUtil.info line:33| 销售组织列表查询完成
2025-05-06 14:38:13|LogUtil.info line:33| 发送请求: 查询物料列表
2025-05-06 14:38:13|LogUtil.info line:33| 物料列表查询完成
2025-05-06 14:38:13|LogUtil.info line:33| 发送请求: 订单行渲染
2025-05-06 14:38:14|LogUtil.error line:45| 销售订单保存失败: argument of type 'NoneType' is not iterable
2025-05-06 14:38:14|LogUtil.info line:33| 开始测试: test_submit_sales_order
2025-05-06 14:38:14|LogUtil.info line:33| 发送请求: 销售订单创建初始化
2025-05-06 14:38:14|LogUtil.info line:33| 销售订单创建初始化完成
2025-05-06 14:38:14|LogUtil.info line:33| 发送请求: 查询客户信息
2025-05-06 14:38:14|LogUtil.info line:33| 客户信息查询完成
2025-05-06 14:38:14|LogUtil.info line:33| 发送请求: 查询相关方
2025-05-06 14:38:14|LogUtil.info line:33| 相关方查询完成
2025-05-06 14:38:14|LogUtil.info line:33| 发送请求: 查询销售组织列表
2025-05-06 14:38:15|test_01_create._query_sales_organization line:139| 销售组织列表查询完成: {'orgCode': 'AUTOTEST_SLS_ORG', 'orgName': '销售组织(自动化)', 'orgStatus': 'ENABLED', 'orgBusinessTypeCode': None, 'comOrgId': {'id': 14507001}, 'id': 14579001}
2025-05-06 14:38:15|LogUtil.info line:33| 销售组织列表查询完成
2025-05-06 14:38:15|LogUtil.info line:33| 发送请求: 查询物料列表
2025-05-06 14:38:15|LogUtil.info line:33| 物料列表查询完成
2025-05-06 14:38:15|LogUtil.info line:33| 发送请求: 订单行渲染
2025-05-06 14:38:15|LogUtil.error line:45| 销售订单提交失败: argument of type 'NoneType' is not iterable
2025-05-06 14:38:15|MysqlUtil.__init__ line:36| 数据库管理器初始化完成，运行时模式: False
2025-05-06 14:38:15|MysqlUtil.__init__ line:36| 数据库管理器初始化完成，运行时模式: False
2025-05-06 14:38:15|LogUtil.info line:33| 内存缓存命中：使用缓存的SCM初始化数据
2025-05-06 14:38:15|login_manager.__init__ line:19| 初始化登录管理器
2025-05-06 14:38:15|login_manager.__init__ line:24| IAM URL: https://t-erp-iam-test.app.terminus.io
2025-05-06 14:38:15|login_manager.__init__ line:25| API URL: https://t-erp-portal-test.app.terminus.io
2025-05-06 14:38:15|login_manager.__init__ line:56| 登录管理器初始化完成
2025-05-06 14:38:15|login_manager.login line:69| 开始登录流程
2025-05-06 14:38:15|login_manager.login line:72| 使用配置文件中的默认账号密码
2025-05-06 14:38:15|login_manager.login line:76| 使用账号: 17376596912
2025-05-06 14:38:15|login_manager.login line:86| 登录URL: https://t-erp-iam-test.app.terminus.io/iam/api/v1/user/login/account
2025-05-06 14:38:15|login_manager.login line:92| 登录响应状态码: 200
2025-05-06 14:38:15|login_manager.login line:101| 重定向URL: https://t-erp-portal-test.app.terminus.io/TERP_PORTAL-TERP-tpf_umwrhzbg/login
2025-05-06 14:38:15|login_manager.get_current_user line:130| 获取用户信息URL: https://t-erp-portal-test.app.terminus.io/api/trantor/portal/user/current
2025-05-06 14:38:15|login_manager.get_current_user line:136| 获取用户信息响应状态码: 200
2025-05-06 14:38:15|login_manager.login line:114| 登录成功，用户信息: {'requestId': '49ed9363-1534535', 'success': True, 'data': {'id': 540175374525637, 'username': 'zhangang', 'email': 'zhangang.26@163.com', 'mobile': '17376596912', 'nickname': '章昂', 'status': True, 'avatar': 'https://terminus-new-trantor.oss-cn-hangzhou.aliyuncs.com/iam/user/avatar/540175374525637/2025-03-10_14_44_32_7dbc5543-0152-4a67-9901-b7da94c6ba4f_%E5%A4%8D%E6%B4%BB%E5%B2%9B%E5%B7%A8%E4%BA%BA%E5%83%8F.png'}}
2025-05-06 14:38:15|LogUtil.info line:33| 测试类初始化完成
2025-05-06 14:38:16|LogUtil.info line:33| 测试类初始化完成
2025-05-06 14:38:16|LogUtil.info line:33| 开始测试: test_01_query_order_detail
2025-05-06 14:38:16|test_03_operator.test_01_query_order_detail line:120| 未找到订单ID，尝试从数据库查询
2025-05-06 14:38:16|LogUtil.info line:33| 执行查询: 
            SELECT id, so_code, so_status 
            FROM sls_so_head_tr 
            WHERE created_by = %s
                AND so_status = 'DRAFT'
                AND deleted = 0 
            ORDER BY created_at DESC
            LIMIT 1
        
2025-05-06 14:38:16|MysqlUtil.connect line:60| 数据库连接成功: rm-bp1f14585v00oh99t.mysql.rds.aliyuncs.com:3306/terp_test
2025-05-06 14:38:16|MysqlUtil.execute_query line:108| 
==================================================
执行SQL查询:

            SELECT id, so_code, so_status 
            FROM sls_so_head_tr 
            WHERE created_by = %s
                AND so_status = 'DRAFT'
                AND deleted = 0 
            ORDER BY created_at DESC
            LIMIT 1
        
参数: (540175374525637,)
结果:
[
  {
    "id": 16383002,
    "so_code": "SO002628",
    "so_status": "DRAFT"
  }
]
==================================================
2025-05-06 14:38:16|MysqlUtil.disconnect line:67| 数据库连接已关闭
2025-05-06 14:38:16|LogUtil.info line:33| 
查询到的草稿态订单数据: {
  "so_id": "16383002",
  "so_code": "SO002628",
  "so_status": "DRAFT"
}
2025-05-06 14:38:16|test_03_operator.test_01_query_order_detail line:125| 从数据库获取到订单ID: 16383002
2025-05-06 14:38:16|test_03_operator.test_01_query_order_detail line:142| 查询订单详情请求数据: {
  "params": {
    "request": {
      "id": "16383002"
    }
  }
}
2025-05-06 14:38:16|LogUtil.info line:33| 发送请求: 订单详情查询
2025-05-06 14:38:16|test_03_operator.test_01_query_order_detail line:145| {
  "id": 16383002,
  "context": {},
  "originOrgId": 0,
  "version": 4,
  "deleted": 0,
  "createdAt": 1745824651000,
  "updatedAt": 1745824693000,
  "createdBy": {
    "id": 540175374525637
  },
  "updatedBy": {
    "id": 540175374525637
  },
  "soCode": "SO002628",
  "soDocDate": 1745769600000,
  "baseCurrId": {
    "id": 2000001,
    "context": {},
    "currCode": "CNY",
    "currName": "人民币"
  },
  "slsCurrId": {
    "id": 2000001,
    "context": {},
    "currCode": "CNY",
    "currName": "人民币"
  },
  "exchRate": 1.0,
  "grossBaseAmt": 808808.0,
  "netBaseAmt": 715759.292035,
  "totalAmt": 808808.0,
  "taxAmt": 93048.707965,
  "soCreateSource": "TERP门户",
  "slsOrgId": {
    "id": 14579001,
    "context": {},
    "orgCode": "AUTOTEST_SLS_ORG",
    "orgName": "销售组织(自动化)"
  },
  "slsComId": {
    "id": 14373001,
    "context": {}
  },
  "slsDcId": {
    "id": 14378001,
    "context": {},
    "code": "AUTOTEST_SLS_DC_ORG",
    "name": "销售渠道(自动化)"
  },
  "soTypeId": {
    "id": 2101001,
    "context": {}
  },
  "custId": {
    "id": 2059001,
    "context": {},
    "custCode": "AUTOTEST_CUST",
    "custName": "客户(自动化)"
  },
  "addrId": {
    "id": 70002638,
    "context": {}
  },
  "custPersonName": "李月汝",
  "custPhone": "18378999655",
  "slsPerson": {
    "id": 14094003,
    "context": {}
  },
  "slsPersonName": "章昂",
  "slsPhone": "17376596912",
  "soStatus": "DRAFT",
  "soBusinessStatus": "INIT",
  "currExchangeRateType": 2000001,
  "soItems": [
    {
      "id": 16305002,
      "context": {},
      "originOrgId": 0,
      "version": 4,
      "deleted": 0,
      "createdAt": 1745824651000,
      "updatedAt": 1745824693000,
      "createdBy": 540175374525637,
      "updatedBy": 540175374525637,
      "soItemCode": "SOI20250428100017",
      "soId": 16383002,
      "soCode": "SO002628",
      "matId": {
        "id": 900000001,
        "context": {}
      },
      "matCode": "TESTMAT1",
      "matName": "测试物料1",
      "matBasePrice": 5999.0,
      "soItemSlsQty": 91.0,
      "soItemDelQty": 0.0,
      "soItemTransferQty": 0.0,
      "soItemSettQty": 0.0,
      "soItemOutstandingQty": 91.0,
      "soItemPrice": 7865.486726,
      "soItemGrossPrice": 8888.0,
      "taxRateId": {
        "id": 2002002,
        "context": {}
      },
      "taxRate": 0.13,
      "taxAmt": 93048.707965,
      "grossTradeAmt": 808808.0,
      "netTradeAmt": 715759.292035,
      "soDocDate": 1745824651000,
      "soSchlDelDate": 1745769600000,
      "soItemStatus": "DRAFT",
      "soItemBusinessStatus": "INIT",
      "soItemTypeId": {
        "id": 2103001,
        "context": {}
      },
      "uomSlsId": {
        "id": 2004001,
        "context": {}
      },
      "uomBaseId": {
        "id": 2004001,
        "context": {}
      },
      "soItemBaseQty": 91.0,
      "invOrgId": {
        "id": 14375002,
        "context": {}
      },
      "invLocId": {
        "id": 14376002,
        "context": {}
      },
      "bomWhether": false,
      "bomId": {
        "context": {}
      },
      "weightUomId": {
        "id": 2002011,
        "context": {}
      },
      "grossWeight": 1.11,
      "netWeight": 1.11,
      "volumUomId": {
        "id": 14049001,
        "context": {}
      },
      "matVolum": 1.0,
      "delAddrId": {
        "id": 70002638,
        "context": {}
      },
      "delPersonName": "李月汝",
      "delPhone": "18378999655",
      "itemNumber": 1,
      "atpCheck": true,
      "parentItemType": {
        "context": {}
      },
      "deliveryModeId": {
        "context": {}
      },
      "serviceVendId": {
        "context": {}
      },
      "expressComId": {
        "context": {}
      },
      "salesPrice": 8888.0,
      "soSchedules": [
        {
          "id": 16316002,
          "context": {},
          "originOrgId": 0,
          "version": 3,
          "deleted": 0,
          "createdAt": 1745824651000,
          "updatedAt": 1745824692000,
          "createdBy": 540175374525637,
          "updatedBy": 540175374525637,
          "soSchlCode": "SOS20250428100015",
          "soId": 16383002,
          "soCode": "SO002628",
          "soItemId": 16305002,
          "soItemCode": "SOI20250428100017",
          "soSchlExptDate": 1745769600000,
          "uomSlsId": {
            "id": 2004001
          },
          "uomBaseId": {
            "id": 2004001
          },
          "soSchlSlsQty": 91.0,
          "soSchlDelQty": 91.0,
          "soSchlConfirmedQty": 91.0,
          "soSchlDelSubQty": 0.0,
          "soSchlTransferQty": 0.0,
          "soSchlSettQty": 0.0,
          "soSchlOutstandingQty": 91.0,
          "soSchlStatus": "DRAFT",
          "soSchlTypeId": {
            "id": 2103001
          }
        }
      ],
      "children": null,
      "slsSoItemTypeCfDTO": {
        "id": 2103001,
        "context": {},
        "originOrgId": 0,
        "version": 205,
        "deleted": 0,
        "createdAt": 1685108592000,
        "updatedAt": 1745892427000,
        "createdBy": 27,
        "updatedBy": 477234922377861,
        "soItemTypeCode": "NORM",
        "soItemTypeName": "常规销售",
        "delRelv": true,
        "autoDelivery": true,
        "checkInvLocRelv": true,
        "status": "ENABLED",
        "isAutomaticComplete": false,
        "isCompletePickControl": false,
        "autoPr": false,
        "autoOutDnPost": false,
        "settlement": true,
        "priceControlType": "STAND"
      },
      "delAddrDetail": "佛山市禅城区季华五路28号",
      "soItemTypeGroupId": 2002001,
      "isCompleteSet": false,
      "salesAmt": 808808.0
    }
  ],
  "slsSoTypeCf": {
    "id": 2101001,
    "context": {},
    "originOrgId": 0,
    "version": 68,
    "deleted": 0,
    "createdAt": 1685108645000,
    "updatedAt": 1745892294000,
    "createdBy": 27,
    "updatedBy": 477234922377861,
    "soTypeCode": "STND",
    "soTypeName": "标准销售",
    "soTypeDesc": "标准销售",
    "partnerProcedureHeadRef": {
      "id": 14005002
    },
    "status": "ENABLED",
    "submitApproval": true,
    "modifyApproval": false,
    "currExchangeRateType": 2000001,
    "btClass": "SALES",
    "syncPrice": false
  },
  "slsPartnerLinks": [
    {
      "id": 16227002,
      "context": {},
      "originOrgId": 0,
      "version": 1,
      "deleted": 0,
      "createdAt": 1745824651000,
      "updatedAt": 1745824651000,
      "createdBy": 540175374525637,
      "updatedBy": 540175374525637,
      "soId": 16383002,
      "partnerTypeId": {
        "id": 2000001
      },
      "partnerClass": "CUSTOMER",
      "partnerId": {
        "id": 2059001
      }
    }
  ],
  "slsTextLinks": [],
  "slsAttachmentLinks": [],
  "invOrg": {
    "context": {}
  },
  "invLoc": {
    "context": {}
  },
  "priceIdempotent": "41920343f1a38caafa18238e371a79ad",
  "addrDetail": "佛山市禅城区季华五路28号",
  "partnerCheck": false,
  "matQualificationCheck": false,
  "whetherPrice": false,
  "priceCalcDate": 1745824651000,
  "discountAmt": 0.0,
  "discountInfo": "",
  "btClass": "SALES",
  "isFixedExchRate": false,
  "isFreezeType": "NU_FREEZE"
}
2025-05-06 14:38:16|test_03_operator.test_01_query_order_detail line:149| {
  "id": 16383002,
  "context": {},
  "originOrgId": 0,
  "version": 4,
  "deleted": 0,
  "createdAt": 1745824651000,
  "updatedAt": 1745824693000,
  "createdBy": {
    "id": 540175374525637
  },
  "updatedBy": {
    "id": 540175374525637
  },
  "soCode": "SO002628",
  "soDocDate": 1745769600000,
  "baseCurrId": {
    "id": 2000001,
    "context": {},
    "currCode": "CNY",
    "currName": "人民币"
  },
  "slsCurrId": {
    "id": 2000001,
    "context": {},
    "currCode": "CNY",
    "currName": "人民币"
  },
  "exchRate": 1.0,
  "grossBaseAmt": 808808.0,
  "netBaseAmt": 715759.292035,
  "totalAmt": 808808.0,
  "taxAmt": 93048.707965,
  "soCreateSource": "TERP门户",
  "slsOrgId": {
    "id": 14579001,
    "context": {},
    "orgCode": "AUTOTEST_SLS_ORG",
    "orgName": "销售组织(自动化)"
  },
  "slsComId": {
    "id": 14373001,
    "context": {}
  },
  "slsDcId": {
    "id": 14378001,
    "context": {},
    "code": "AUTOTEST_SLS_DC_ORG",
    "name": "销售渠道(自动化)"
  },
  "soTypeId": {
    "id": 2101001,
    "context": {}
  },
  "custId": {
    "id": 2059001,
    "context": {},
    "custCode": "AUTOTEST_CUST",
    "custName": "客户(自动化)"
  },
  "addrId": {
    "id": 70002638,
    "context": {}
  },
  "custPersonName": "李月汝",
  "custPhone": "18378999655",
  "slsPerson": {
    "id": 14094003,
    "context": {}
  },
  "slsPersonName": "章昂",
  "slsPhone": "17376596912",
  "soStatus": "DRAFT",
  "soBusinessStatus": "INIT",
  "currExchangeRateType": 2000001,
  "soItems": [
    {
      "id": 16305002,
      "context": {},
      "originOrgId": 0,
      "version": 4,
      "deleted": 0,
      "createdAt": 1745824651000,
      "updatedAt": 1745824693000,
      "createdBy": 540175374525637,
      "updatedBy": 540175374525637,
      "soItemCode": "SOI20250428100017",
      "soId": 16383002,
      "soCode": "SO002628",
      "matId": {
        "id": 900000001,
        "context": {}
      },
      "matCode": "TESTMAT1",
      "matName": "测试物料1",
      "matBasePrice": 5999.0,
      "soItemSlsQty": 91.0,
      "soItemDelQty": 0.0,
      "soItemTransferQty": 0.0,
      "soItemSettQty": 0.0,
      "soItemOutstandingQty": 91.0,
      "soItemPrice": 7865.486726,
      "soItemGrossPrice": 8888.0,
      "taxRateId": {
        "id": 2002002,
        "context": {}
      },
      "taxRate": 0.13,
      "taxAmt": 93048.707965,
      "grossTradeAmt": 808808.0,
      "netTradeAmt": 715759.292035,
      "soDocDate": 1745824651000,
      "soSchlDelDate": 1745769600000,
      "soItemStatus": "DRAFT",
      "soItemBusinessStatus": "INIT",
      "soItemTypeId": {
        "id": 2103001,
        "context": {}
      },
      "uomSlsId": {
        "id": 2004001,
        "context": {}
      },
      "uomBaseId": {
        "id": 2004001,
        "context": {}
      },
      "soItemBaseQty": 91.0,
      "invOrgId": {
        "id": 14375002,
        "context": {}
      },
      "invLocId": {
        "id": 14376002,
        "context": {}
      },
      "bomWhether": false,
      "bomId": {
        "context": {}
      },
      "weightUomId": {
        "id": 2002011,
        "context": {}
      },
      "grossWeight": 1.11,
      "netWeight": 1.11,
      "volumUomId": {
        "id": 14049001,
        "context": {}
      },
      "matVolum": 1.0,
      "delAddrId": {
        "id": 70002638,
        "context": {}
      },
      "delPersonName": "李月汝",
      "delPhone": "18378999655",
      "itemNumber": 1,
      "atpCheck": true,
      "parentItemType": {
        "context": {}
      },
      "deliveryModeId": {
        "context": {}
      },
      "serviceVendId": {
        "context": {}
      },
      "expressComId": {
        "context": {}
      },
      "salesPrice": 8888.0,
      "soSchedules": [
        {
          "id": 16316002,
          "context": {},
          "originOrgId": 0,
          "version": 3,
          "deleted": 0,
          "createdAt": 1745824651000,
          "updatedAt": 1745824692000,
          "createdBy": 540175374525637,
          "updatedBy": 540175374525637,
          "soSchlCode": "SOS20250428100015",
          "soId": 16383002,
          "soCode": "SO002628",
          "soItemId": 16305002,
          "soItemCode": "SOI20250428100017",
          "soSchlExptDate": 1745769600000,
          "uomSlsId": {
            "id": 2004001
          },
          "uomBaseId": {
            "id": 2004001
          },
          "soSchlSlsQty": 91.0,
          "soSchlDelQty": 91.0,
          "soSchlConfirmedQty": 91.0,
          "soSchlDelSubQty": 0.0,
          "soSchlTransferQty": 0.0,
          "soSchlSettQty": 0.0,
          "soSchlOutstandingQty": 91.0,
          "soSchlStatus": "DRAFT",
          "soSchlTypeId": {
            "id": 2103001
          }
        }
      ],
      "children": null,
      "slsSoItemTypeCfDTO": {
        "id": 2103001,
        "context": {},
        "originOrgId": 0,
        "version": 205,
        "deleted": 0,
        "createdAt": 1685108592000,
        "updatedAt": 1745892427000,
        "createdBy": 27,
        "updatedBy": 477234922377861,
        "soItemTypeCode": "NORM",
        "soItemTypeName": "常规销售",
        "delRelv": true,
        "autoDelivery": true,
        "checkInvLocRelv": true,
        "status": "ENABLED",
        "isAutomaticComplete": false,
        "isCompletePickControl": false,
        "autoPr": false,
        "autoOutDnPost": false,
        "settlement": true,
        "priceControlType": "STAND"
      },
      "delAddrDetail": "佛山市禅城区季华五路28号",
      "soItemTypeGroupId": 2002001,
      "isCompleteSet": false,
      "salesAmt": 808808.0
    }
  ],
  "slsSoTypeCf": {
    "id": 2101001,
    "context": {},
    "originOrgId": 0,
    "version": 68,
    "deleted": 0,
    "createdAt": 1685108645000,
    "updatedAt": 1745892294000,
    "createdBy": 27,
    "updatedBy": 477234922377861,
    "soTypeCode": "STND",
    "soTypeName": "标准销售",
    "soTypeDesc": "标准销售",
    "partnerProcedureHeadRef": {
      "id": 14005002
    },
    "status": "ENABLED",
    "submitApproval": true,
    "modifyApproval": false,
    "currExchangeRateType": 2000001,
    "btClass": "SALES",
    "syncPrice": false
  },
  "slsPartnerLinks": [
    {
      "id": 16227002,
      "context": {},
      "originOrgId": 0,
      "version": 1,
      "deleted": 0,
      "createdAt": 1745824651000,
      "updatedAt": 1745824651000,
      "createdBy": 540175374525637,
      "updatedBy": 540175374525637,
      "soId": 16383002,
      "partnerTypeId": {
        "id": 2000001
      },
      "partnerClass": "CUSTOMER",
      "partnerId": {
        "id": 2059001
      }
    }
  ],
  "slsTextLinks": [],
  "slsAttachmentLinks": [],
  "invOrg": {
    "context": {}
  },
  "invLoc": {
    "context": {}
  },
  "priceIdempotent": "41920343f1a38caafa18238e371a79ad",
  "addrDetail": "佛山市禅城区季华五路28号",
  "partnerCheck": false,
  "matQualificationCheck": false,
  "whetherPrice": false,
  "priceCalcDate": 1745824651000,
  "discountAmt": 0.0,
  "discountInfo": "",
  "btClass": "SALES",
  "isFixedExchRate": false,
  "isFreezeType": "NU_FREEZE"
}
2025-05-06 14:38:16|LogUtil.info line:33| 开始测试: test_02_submit_sales_order_edit
2025-05-06 14:38:16|test_03_operator.test_01_query_order_detail line:120| 未找到订单ID，尝试从数据库查询
2025-05-06 14:38:16|LogUtil.info line:33| 执行查询: 
            SELECT id, so_code, so_status 
            FROM sls_so_head_tr 
            WHERE created_by = %s
                AND so_status = 'DRAFT'
                AND deleted = 0 
            ORDER BY created_at DESC
            LIMIT 1
        
2025-05-06 14:38:16|MysqlUtil.connect line:60| 数据库连接成功: rm-bp1f14585v00oh99t.mysql.rds.aliyuncs.com:3306/terp_test
2025-05-06 14:38:16|MysqlUtil.execute_query line:108| 
==================================================
执行SQL查询:

            SELECT id, so_code, so_status 
            FROM sls_so_head_tr 
            WHERE created_by = %s
                AND so_status = 'DRAFT'
                AND deleted = 0 
            ORDER BY created_at DESC
            LIMIT 1
        
参数: (540175374525637,)
结果:
[
  {
    "id": 16383002,
    "so_code": "SO002628",
    "so_status": "DRAFT"
  }
]
==================================================
2025-05-06 14:38:16|MysqlUtil.disconnect line:67| 数据库连接已关闭
2025-05-06 14:38:16|LogUtil.info line:33| 
查询到的草稿态订单数据: {
  "so_id": "16383002",
  "so_code": "SO002628",
  "so_status": "DRAFT"
}
2025-05-06 14:38:16|test_03_operator.test_01_query_order_detail line:125| 从数据库获取到订单ID: 16383002
2025-05-06 14:38:16|test_03_operator.test_01_query_order_detail line:142| 查询订单详情请求数据: {
  "params": {
    "request": {
      "id": "16383002"
    }
  }
}
2025-05-06 14:38:16|LogUtil.info line:33| 发送请求: 订单详情查询
2025-05-06 14:38:17|test_03_operator.test_01_query_order_detail line:145| {
  "id": 16383002,
  "context": {},
  "originOrgId": 0,
  "version": 4,
  "deleted": 0,
  "createdAt": 1745824651000,
  "updatedAt": 1745824693000,
  "createdBy": {
    "id": 540175374525637
  },
  "updatedBy": {
    "id": 540175374525637
  },
  "soCode": "SO002628",
  "soDocDate": 1745769600000,
  "baseCurrId": {
    "id": 2000001,
    "context": {},
    "currCode": "CNY",
    "currName": "人民币"
  },
  "slsCurrId": {
    "id": 2000001,
    "context": {},
    "currCode": "CNY",
    "currName": "人民币"
  },
  "exchRate": 1.0,
  "grossBaseAmt": 808808.0,
  "netBaseAmt": 715759.292035,
  "totalAmt": 808808.0,
  "taxAmt": 93048.707965,
  "soCreateSource": "TERP门户",
  "slsOrgId": {
    "id": 14579001,
    "context": {},
    "orgCode": "AUTOTEST_SLS_ORG",
    "orgName": "销售组织(自动化)"
  },
  "slsComId": {
    "id": 14373001,
    "context": {}
  },
  "slsDcId": {
    "id": 14378001,
    "context": {},
    "code": "AUTOTEST_SLS_DC_ORG",
    "name": "销售渠道(自动化)"
  },
  "soTypeId": {
    "id": 2101001,
    "context": {}
  },
  "custId": {
    "id": 2059001,
    "context": {},
    "custCode": "AUTOTEST_CUST",
    "custName": "客户(自动化)"
  },
  "addrId": {
    "id": 70002638,
    "context": {}
  },
  "custPersonName": "李月汝",
  "custPhone": "18378999655",
  "slsPerson": {
    "id": 14094003,
    "context": {}
  },
  "slsPersonName": "章昂",
  "slsPhone": "17376596912",
  "soStatus": "DRAFT",
  "soBusinessStatus": "INIT",
  "currExchangeRateType": 2000001,
  "soItems": [
    {
      "id": 16305002,
      "context": {},
      "originOrgId": 0,
      "version": 4,
      "deleted": 0,
      "createdAt": 1745824651000,
      "updatedAt": 1745824693000,
      "createdBy": 540175374525637,
      "updatedBy": 540175374525637,
      "soItemCode": "SOI20250428100017",
      "soId": 16383002,
      "soCode": "SO002628",
      "matId": {
        "id": 900000001,
        "context": {}
      },
      "matCode": "TESTMAT1",
      "matName": "测试物料1",
      "matBasePrice": 5999.0,
      "soItemSlsQty": 91.0,
      "soItemDelQty": 0.0,
      "soItemTransferQty": 0.0,
      "soItemSettQty": 0.0,
      "soItemOutstandingQty": 91.0,
      "soItemPrice": 7865.486726,
      "soItemGrossPrice": 8888.0,
      "taxRateId": {
        "id": 2002002,
        "context": {}
      },
      "taxRate": 0.13,
      "taxAmt": 93048.707965,
      "grossTradeAmt": 808808.0,
      "netTradeAmt": 715759.292035,
      "soDocDate": 1745824651000,
      "soSchlDelDate": 1745769600000,
      "soItemStatus": "DRAFT",
      "soItemBusinessStatus": "INIT",
      "soItemTypeId": {
        "id": 2103001,
        "context": {}
      },
      "uomSlsId": {
        "id": 2004001,
        "context": {}
      },
      "uomBaseId": {
        "id": 2004001,
        "context": {}
      },
      "soItemBaseQty": 91.0,
      "invOrgId": {
        "id": 14375002,
        "context": {}
      },
      "invLocId": {
        "id": 14376002,
        "context": {}
      },
      "bomWhether": false,
      "bomId": {
        "context": {}
      },
      "weightUomId": {
        "id": 2002011,
        "context": {}
      },
      "grossWeight": 1.11,
      "netWeight": 1.11,
      "volumUomId": {
        "id": 14049001,
        "context": {}
      },
      "matVolum": 1.0,
      "delAddrId": {
        "id": 70002638,
        "context": {}
      },
      "delPersonName": "李月汝",
      "delPhone": "18378999655",
      "itemNumber": 1,
      "atpCheck": true,
      "parentItemType": {
        "context": {}
      },
      "deliveryModeId": {
        "context": {}
      },
      "serviceVendId": {
        "context": {}
      },
      "expressComId": {
        "context": {}
      },
      "salesPrice": 8888.0,
      "soSchedules": [
        {
          "id": 16316002,
          "context": {},
          "originOrgId": 0,
          "version": 3,
          "deleted": 0,
          "createdAt": 1745824651000,
          "updatedAt": 1745824692000,
          "createdBy": 540175374525637,
          "updatedBy": 540175374525637,
          "soSchlCode": "SOS20250428100015",
          "soId": 16383002,
          "soCode": "SO002628",
          "soItemId": 16305002,
          "soItemCode": "SOI20250428100017",
          "soSchlExptDate": 1745769600000,
          "uomSlsId": {
            "id": 2004001
          },
          "uomBaseId": {
            "id": 2004001
          },
          "soSchlSlsQty": 91.0,
          "soSchlDelQty": 91.0,
          "soSchlConfirmedQty": 91.0,
          "soSchlDelSubQty": 0.0,
          "soSchlTransferQty": 0.0,
          "soSchlSettQty": 0.0,
          "soSchlOutstandingQty": 91.0,
          "soSchlStatus": "DRAFT",
          "soSchlTypeId": {
            "id": 2103001
          }
        }
      ],
      "children": null,
      "slsSoItemTypeCfDTO": {
        "id": 2103001,
        "context": {},
        "originOrgId": 0,
        "version": 205,
        "deleted": 0,
        "createdAt": 1685108592000,
        "updatedAt": 1745892427000,
        "createdBy": 27,
        "updatedBy": 477234922377861,
        "soItemTypeCode": "NORM",
        "soItemTypeName": "常规销售",
        "delRelv": true,
        "autoDelivery": true,
        "checkInvLocRelv": true,
        "status": "ENABLED",
        "isAutomaticComplete": false,
        "isCompletePickControl": false,
        "autoPr": false,
        "autoOutDnPost": false,
        "settlement": true,
        "priceControlType": "STAND"
      },
      "delAddrDetail": "佛山市禅城区季华五路28号",
      "soItemTypeGroupId": 2002001,
      "isCompleteSet": false,
      "salesAmt": 808808.0
    }
  ],
  "slsSoTypeCf": {
    "id": 2101001,
    "context": {},
    "originOrgId": 0,
    "version": 68,
    "deleted": 0,
    "createdAt": 1685108645000,
    "updatedAt": 1745892294000,
    "createdBy": 27,
    "updatedBy": 477234922377861,
    "soTypeCode": "STND",
    "soTypeName": "标准销售",
    "soTypeDesc": "标准销售",
    "partnerProcedureHeadRef": {
      "id": 14005002
    },
    "status": "ENABLED",
    "submitApproval": true,
    "modifyApproval": false,
    "currExchangeRateType": 2000001,
    "btClass": "SALES",
    "syncPrice": false
  },
  "slsPartnerLinks": [
    {
      "id": 16227002,
      "context": {},
      "originOrgId": 0,
      "version": 1,
      "deleted": 0,
      "createdAt": 1745824651000,
      "updatedAt": 1745824651000,
      "createdBy": 540175374525637,
      "updatedBy": 540175374525637,
      "soId": 16383002,
      "partnerTypeId": {
        "id": 2000001
      },
      "partnerClass": "CUSTOMER",
      "partnerId": {
        "id": 2059001
      }
    }
  ],
  "slsTextLinks": [],
  "slsAttachmentLinks": [],
  "invOrg": {
    "context": {}
  },
  "invLoc": {
    "context": {}
  },
  "priceIdempotent": "41920343f1a38caafa18238e371a79ad",
  "addrDetail": "佛山市禅城区季华五路28号",
  "partnerCheck": false,
  "matQualificationCheck": false,
  "whetherPrice": false,
  "priceCalcDate": 1745824651000,
  "discountAmt": 0.0,
  "discountInfo": "",
  "btClass": "SALES",
  "isFixedExchRate": false,
  "isFreezeType": "NU_FREEZE"
}
2025-05-06 14:38:17|test_03_operator.test_01_query_order_detail line:149| {
  "id": 16383002,
  "context": {},
  "originOrgId": 0,
  "version": 4,
  "deleted": 0,
  "createdAt": 1745824651000,
  "updatedAt": 1745824693000,
  "createdBy": {
    "id": 540175374525637
  },
  "updatedBy": {
    "id": 540175374525637
  },
  "soCode": "SO002628",
  "soDocDate": 1745769600000,
  "baseCurrId": {
    "id": 2000001,
    "context": {},
    "currCode": "CNY",
    "currName": "人民币"
  },
  "slsCurrId": {
    "id": 2000001,
    "context": {},
    "currCode": "CNY",
    "currName": "人民币"
  },
  "exchRate": 1.0,
  "grossBaseAmt": 808808.0,
  "netBaseAmt": 715759.292035,
  "totalAmt": 808808.0,
  "taxAmt": 93048.707965,
  "soCreateSource": "TERP门户",
  "slsOrgId": {
    "id": 14579001,
    "context": {},
    "orgCode": "AUTOTEST_SLS_ORG",
    "orgName": "销售组织(自动化)"
  },
  "slsComId": {
    "id": 14373001,
    "context": {}
  },
  "slsDcId": {
    "id": 14378001,
    "context": {},
    "code": "AUTOTEST_SLS_DC_ORG",
    "name": "销售渠道(自动化)"
  },
  "soTypeId": {
    "id": 2101001,
    "context": {}
  },
  "custId": {
    "id": 2059001,
    "context": {},
    "custCode": "AUTOTEST_CUST",
    "custName": "客户(自动化)"
  },
  "addrId": {
    "id": 70002638,
    "context": {}
  },
  "custPersonName": "李月汝",
  "custPhone": "18378999655",
  "slsPerson": {
    "id": 14094003,
    "context": {}
  },
  "slsPersonName": "章昂",
  "slsPhone": "17376596912",
  "soStatus": "DRAFT",
  "soBusinessStatus": "INIT",
  "currExchangeRateType": 2000001,
  "soItems": [
    {
      "id": 16305002,
      "context": {},
      "originOrgId": 0,
      "version": 4,
      "deleted": 0,
      "createdAt": 1745824651000,
      "updatedAt": 1745824693000,
      "createdBy": 540175374525637,
      "updatedBy": 540175374525637,
      "soItemCode": "SOI20250428100017",
      "soId": 16383002,
      "soCode": "SO002628",
      "matId": {
        "id": 900000001,
        "context": {}
      },
      "matCode": "TESTMAT1",
      "matName": "测试物料1",
      "matBasePrice": 5999.0,
      "soItemSlsQty": 91.0,
      "soItemDelQty": 0.0,
      "soItemTransferQty": 0.0,
      "soItemSettQty": 0.0,
      "soItemOutstandingQty": 91.0,
      "soItemPrice": 7865.486726,
      "soItemGrossPrice": 8888.0,
      "taxRateId": {
        "id": 2002002,
        "context": {}
      },
      "taxRate": 0.13,
      "taxAmt": 93048.707965,
      "grossTradeAmt": 808808.0,
      "netTradeAmt": 715759.292035,
      "soDocDate": 1745824651000,
      "soSchlDelDate": 1745769600000,
      "soItemStatus": "DRAFT",
      "soItemBusinessStatus": "INIT",
      "soItemTypeId": {
        "id": 2103001,
        "context": {}
      },
      "uomSlsId": {
        "id": 2004001,
        "context": {}
      },
      "uomBaseId": {
        "id": 2004001,
        "context": {}
      },
      "soItemBaseQty": 91.0,
      "invOrgId": {
        "id": 14375002,
        "context": {}
      },
      "invLocId": {
        "id": 14376002,
        "context": {}
      },
      "bomWhether": false,
      "bomId": {
        "context": {}
      },
      "weightUomId": {
        "id": 2002011,
        "context": {}
      },
      "grossWeight": 1.11,
      "netWeight": 1.11,
      "volumUomId": {
        "id": 14049001,
        "context": {}
      },
      "matVolum": 1.0,
      "delAddrId": {
        "id": 70002638,
        "context": {}
      },
      "delPersonName": "李月汝",
      "delPhone": "18378999655",
      "itemNumber": 1,
      "atpCheck": true,
      "parentItemType": {
        "context": {}
      },
      "deliveryModeId": {
        "context": {}
      },
      "serviceVendId": {
        "context": {}
      },
      "expressComId": {
        "context": {}
      },
      "salesPrice": 8888.0,
      "soSchedules": [
        {
          "id": 16316002,
          "context": {},
          "originOrgId": 0,
          "version": 3,
          "deleted": 0,
          "createdAt": 1745824651000,
          "updatedAt": 1745824692000,
          "createdBy": 540175374525637,
          "updatedBy": 540175374525637,
          "soSchlCode": "SOS20250428100015",
          "soId": 16383002,
          "soCode": "SO002628",
          "soItemId": 16305002,
          "soItemCode": "SOI20250428100017",
          "soSchlExptDate": 1745769600000,
          "uomSlsId": {
            "id": 2004001
          },
          "uomBaseId": {
            "id": 2004001
          },
          "soSchlSlsQty": 91.0,
          "soSchlDelQty": 91.0,
          "soSchlConfirmedQty": 91.0,
          "soSchlDelSubQty": 0.0,
          "soSchlTransferQty": 0.0,
          "soSchlSettQty": 0.0,
          "soSchlOutstandingQty": 91.0,
          "soSchlStatus": "DRAFT",
          "soSchlTypeId": {
            "id": 2103001
          }
        }
      ],
      "children": null,
      "slsSoItemTypeCfDTO": {
        "id": 2103001,
        "context": {},
        "originOrgId": 0,
        "version": 205,
        "deleted": 0,
        "createdAt": 1685108592000,
        "updatedAt": 1745892427000,
        "createdBy": 27,
        "updatedBy": 477234922377861,
        "soItemTypeCode": "NORM",
        "soItemTypeName": "常规销售",
        "delRelv": true,
        "autoDelivery": true,
        "checkInvLocRelv": true,
        "status": "ENABLED",
        "isAutomaticComplete": false,
        "isCompletePickControl": false,
        "autoPr": false,
        "autoOutDnPost": false,
        "settlement": true,
        "priceControlType": "STAND"
      },
      "delAddrDetail": "佛山市禅城区季华五路28号",
      "soItemTypeGroupId": 2002001,
      "isCompleteSet": false,
      "salesAmt": 808808.0
    }
  ],
  "slsSoTypeCf": {
    "id": 2101001,
    "context": {},
    "originOrgId": 0,
    "version": 68,
    "deleted": 0,
    "createdAt": 1685108645000,
    "updatedAt": 1745892294000,
    "createdBy": 27,
    "updatedBy": 477234922377861,
    "soTypeCode": "STND",
    "soTypeName": "标准销售",
    "soTypeDesc": "标准销售",
    "partnerProcedureHeadRef": {
      "id": 14005002
    },
    "status": "ENABLED",
    "submitApproval": true,
    "modifyApproval": false,
    "currExchangeRateType": 2000001,
    "btClass": "SALES",
    "syncPrice": false
  },
  "slsPartnerLinks": [
    {
      "id": 16227002,
      "context": {},
      "originOrgId": 0,
      "version": 1,
      "deleted": 0,
      "createdAt": 1745824651000,
      "updatedAt": 1745824651000,
      "createdBy": 540175374525637,
      "updatedBy": 540175374525637,
      "soId": 16383002,
      "partnerTypeId": {
        "id": 2000001
      },
      "partnerClass": "CUSTOMER",
      "partnerId": {
        "id": 2059001
      }
    }
  ],
  "slsTextLinks": [],
  "slsAttachmentLinks": [],
  "invOrg": {
    "context": {}
  },
  "invLoc": {
    "context": {}
  },
  "priceIdempotent": "41920343f1a38caafa18238e371a79ad",
  "addrDetail": "佛山市禅城区季华五路28号",
  "partnerCheck": false,
  "matQualificationCheck": false,
  "whetherPrice": false,
  "priceCalcDate": 1745824651000,
  "discountAmt": 0.0,
  "discountInfo": "",
  "btClass": "SALES",
  "isFixedExchRate": false,
  "isFreezeType": "NU_FREEZE"
}
2025-05-06 14:38:17|LogUtil.info line:33| 发送请求: 销售订单编辑提交
2025-05-06 14:38:17|test_03_operator.test_02_submit_sales_order_edit line:181| null
2025-05-06 14:38:17|MysqlUtil.connect line:60| 数据库连接成功: rm-bp1f14585v00oh99t.mysql.rds.aliyuncs.com:3306/terp_test
2025-05-06 14:38:17|MysqlUtil.execute_query line:108| 
==================================================
执行SQL查询:
select id,so_code,so_status from sls_so_head_tr where id=16383002
参数: None
结果:
[
  {
    "id": 16383002,
    "so_code": "SO002628",
    "so_status": "DRAFT"
  }
]
==================================================
2025-05-06 14:38:17|MysqlUtil.disconnect line:67| 数据库连接已关闭
2025-05-06 14:38:17|LogUtil.info line:33| 开始测试: test_03_manual_submit_sales_order
2025-05-06 14:38:17|test_03_operator.test_03_manual_submit_sales_order line:208| 执行查询: 
            SELECT id, so_code, so_status 
            FROM sls_so_head_tr 
            WHERE so_status = 'EFFECT' 
                and so_type_id = 2101001
                AND deleted = 0 order by created_at desc
                LIMIT 1
            
2025-05-06 14:38:17|MysqlUtil.connect line:60| 数据库连接成功: rm-bp1f14585v00oh99t.mysql.rds.aliyuncs.com:3306/terp_test
2025-05-06 14:38:18|MysqlUtil.execute_query line:108| 
==================================================
执行SQL查询:

            SELECT id, so_code, so_status 
            FROM sls_so_head_tr 
            WHERE so_status = 'EFFECT' 
                and so_type_id = 2101001
                AND deleted = 0 order by created_at desc
                LIMIT 1
            
参数: None
结果:
[
  {
    "id": 16391001,
    "so_code": "SO002829",
    "so_status": "EFFECT"
  }
]
==================================================
2025-05-06 14:38:18|MysqlUtil.disconnect line:67| 数据库连接已关闭
2025-05-06 14:38:18|test_03_operator.test_03_manual_submit_sales_order line:214| 找到可提交订单: ID=16391001, 订单号=SO002829
2025-05-06 14:38:18|LogUtil.info line:33| 发送请求: 销售订单手动提交
2025-05-06 14:38:19|test_03_operator.test_03_manual_submit_sales_order line:229| 销售订单列表提交成功
2025-05-06 14:38:19|LogUtil.info line:33| 开始测试: test_04_cancel_submit_sales_order
2025-05-06 14:38:19|test_03_operator.test_04_cancel_submit_sales_order line:247| 执行查询: 
               SELECT id, so_code, so_status 
            FROM sls_so_head_tr 
            WHERE so_status = 'EFFECT' 
            and so_type_id = 2101001
            and  id not in (select doc_id from del_dn_item_tr  where deleted=0 and doc_id is not null)
            AND deleted = 0 order by created_at desc
            LIMIT 1
        
            
2025-05-06 14:38:19|MysqlUtil.connect line:60| 数据库连接成功: rm-bp1f14585v00oh99t.mysql.rds.aliyuncs.com:3306/terp_test
2025-05-06 14:38:19|MysqlUtil.execute_query line:108| 
==================================================
执行SQL查询:

               SELECT id, so_code, so_status 
            FROM sls_so_head_tr 
            WHERE so_status = 'EFFECT' 
            and so_type_id = 2101001
            and  id not in (select doc_id from del_dn_item_tr  where deleted=0 and doc_id is not null)
            AND deleted = 0 order by created_at desc
            LIMIT 1
        
            
参数: None
结果:
[
  {
    "id": 16391001,
    "so_code": "SO002829",
    "so_status": "EFFECT"
  }
]
==================================================
2025-05-06 14:38:19|MysqlUtil.disconnect line:67| 数据库连接已关闭
2025-05-06 14:38:19|test_03_operator.test_04_cancel_submit_sales_order line:255| 找到已提交订单: ID=16391001, 订单号=SO002829
2025-05-06 14:38:19|test_03_operator.test_04_cancel_submit_sales_order line:274| 取消提交订单响应数据: {
  "requestId": "b530b6e2-1534559",
  "success": true,
  "data": {
    "data": {
      "id": 16391001,
      "context": {},
      "partnerCheck": false,
      "matQualificationCheck": false,
      "whetherPrice": false,
      "syncSubmit": false
    }
  }
}
2025-05-06 14:38:20|MysqlUtil.connect line:60| 数据库连接成功: rm-bp1f14585v00oh99t.mysql.rds.aliyuncs.com:3306/terp_test
2025-05-06 14:38:20|MysqlUtil.execute_query line:108| 
==================================================
执行SQL查询:
select id,so_code,so_status from sls_so_head_tr where id=16391001
参数: None
结果:
[
  {
    "id": 16391001,
    "so_code": "SO002829",
    "so_status": "DRAFT"
  }
]
==================================================
2025-05-06 14:38:20|MysqlUtil.disconnect line:67| 数据库连接已关闭
2025-05-06 14:38:20|test_03_operator.test_04_cancel_submit_sales_order line:284| 订单 None 取消提交成功
2025-05-06 14:38:20|LogUtil.info line:33| 开始测试: test_05_repeal_sales_order
2025-05-06 14:38:20|test_03_operator.test_05_repeal_sales_order line:310| 执行查询: 
            SELECT id, so_code, so_status 
            FROM sls_so_head_tr 
            WHERE so_status = 'EFFECT' 
            and so_type_id = 2101001
            AND deleted = 0 order by created_at desc
            LIMIT 1
            
2025-05-06 14:38:20|MysqlUtil.connect line:60| 数据库连接成功: rm-bp1f14585v00oh99t.mysql.rds.aliyuncs.com:3306/terp_test
2025-05-06 14:38:20|MysqlUtil.execute_query line:108| 
==================================================
执行SQL查询:

            SELECT id, so_code, so_status 
            FROM sls_so_head_tr 
            WHERE so_status = 'EFFECT' 
            and so_type_id = 2101001
            AND deleted = 0 order by created_at desc
            LIMIT 1
            
参数: None
结果:
[
  {
    "id": 16390001,
    "so_code": "SO002746",
    "so_status": "EFFECT"
  }
]
==================================================
2025-05-06 14:38:20|MysqlUtil.disconnect line:67| 数据库连接已关闭
2025-05-06 14:38:20|test_03_operator.test_05_repeal_sales_order line:318| 找到已提交订单: ID=16390001, 订单号=SO002746
2025-05-06 14:38:20|test_03_operator.test_05_repeal_sales_order line:331| 作废订单请求URL: https://t-erp-portal-test.app.terminus.io/api/trantor/service/engine/execute/ERP_SCM$SLS_REPEAL_EVENT_SERVICE?tmodule=ERP_SCM
2025-05-06 14:38:20|test_03_operator.test_05_repeal_sales_order line:332| 作废订单请求数据: {
  "params": {
    "request": {
      "id": 16390001
    }
  }
}
2025-05-06 14:38:20|test_03_operator.test_05_repeal_sales_order line:337| 作废订单响应数据: {
  "requestId": "e6f8e867-1534560",
  "success": false,
  "data": null,
  "err": {
    "code": "DEL_DN_BT_CLASS_IS_NOT_NULL",
    "msg": "业务类型不能为空",
    "suggest": null
  }
}
2025-05-06 14:38:20|test_03_operator.test_05_repeal_sales_order line:355| 作废订单失败: 作废订单失败: None
assert False
 +  where False = <built-in method get of dict object at 0x1069fdf00>('success')
 +    where <built-in method get of dict object at 0x1069fdf00> = {'data': None, 'err': {'code': 'DEL_DN_BT_CLASS_IS_NOT_NULL', 'msg': '业务类型不能为空', 'suggest': None}, 'requestId': 'e6f8e867-1534560', 'success': False}.get
2025-05-06 14:38:20|LogUtil.info line:33| 开始测试: test_06_freeze_sales_order
2025-05-06 14:38:20|test_03_operator.test_06_freeze_sales_order line:379| 执行查询: 
            SELECT id, so_code, so_status, freeze_type 
            FROM sls_so_head_tr 
            WHERE so_status = 'EFFECT' 
            and so_type_id = 2101001
            AND freeze_type = 'NU_FREEZE'
            AND deleted = 0 order by created_at desc
            LIMIT 1
            
2025-05-06 14:38:20|MysqlUtil.connect line:60| 数据库连接成功: rm-bp1f14585v00oh99t.mysql.rds.aliyuncs.com:3306/terp_test
2025-05-06 14:38:21|MysqlUtil.execute_query line:108| 
==================================================
执行SQL查询:

            SELECT id, so_code, so_status, freeze_type 
            FROM sls_so_head_tr 
            WHERE so_status = 'EFFECT' 
            and so_type_id = 2101001
            AND freeze_type = 'NU_FREEZE'
            AND deleted = 0 order by created_at desc
            LIMIT 1
            
参数: None
结果:
[
  {
    "id": 16389001,
    "so_code": "SO002727",
    "so_status": "EFFECT",
    "freeze_type": "NU_FREEZE"
  }
]
==================================================
2025-05-06 14:38:21|MysqlUtil.disconnect line:67| 数据库连接已关闭
2025-05-06 14:38:21|test_03_operator.test_06_freeze_sales_order line:390| 找到可冻结订单: ID=16389001, 订单号=SO002727
2025-05-06 14:38:21|test_03_operator.test_06_freeze_sales_order line:404| 冻结订单请求URL: https://t-erp-portal-test.app.terminus.io/api/trantor/service/engine/execute/ERP_SCM$SLS_SO_HEAD_FREEZE_EVENT_SERVICE?tmodule=ERP_SCM
2025-05-06 14:38:21|test_03_operator.test_06_freeze_sales_order line:405| 冻结订单请求数据: {
  "params": {
    "request": {
      "id": 16389001
    }
  }
}
2025-05-06 14:38:21|test_03_operator.test_06_freeze_sales_order line:410| 冻结订单响应数据: {
  "requestId": "5924cc36-1534561",
  "success": true,
  "data": {
    "data": null
  }
}
2025-05-06 14:38:21|MysqlUtil.connect line:60| 数据库连接成功: rm-bp1f14585v00oh99t.mysql.rds.aliyuncs.com:3306/terp_test
2025-05-06 14:38:21|MysqlUtil.execute_query line:108| 
==================================================
执行SQL查询:

            SELECT id, so_code, so_status, freeze_type 
            FROM sls_so_head_tr 
            WHERE id = 16389001
            
参数: None
结果:
[
  {
    "id": 16389001,
    "so_code": "SO002727",
    "so_status": "EFFECT",
    "freeze_type": "ALL_FREEZE"
  }
]
==================================================
2025-05-06 14:38:21|MysqlUtil.disconnect line:67| 数据库连接已关闭
2025-05-06 14:38:21|test_03_operator.test_06_freeze_sales_order line:426| 订单 16389001 冻结成功
2025-05-06 14:38:21|LogUtil.info line:33| 开始测试: test_07_copy_sales_order
2025-05-06 14:38:21|test_03_operator.test_07_copy_sales_order line:452| 执行查询: 
            SELECT id, so_code, so_status 
            FROM sls_so_head_tr 
            WHERE so_status = 'EFFECT' 
            and so_type_id = 2101001
            AND deleted = 0 order by created_at desc
            LIMIT 1
            
2025-05-06 14:38:21|MysqlUtil.connect line:60| 数据库连接成功: rm-bp1f14585v00oh99t.mysql.rds.aliyuncs.com:3306/terp_test
2025-05-06 14:38:21|MysqlUtil.execute_query line:108| 
==================================================
执行SQL查询:

            SELECT id, so_code, so_status 
            FROM sls_so_head_tr 
            WHERE so_status = 'EFFECT' 
            and so_type_id = 2101001
            AND deleted = 0 order by created_at desc
            LIMIT 1
            
参数: None
结果:
[
  {
    "id": 16390001,
    "so_code": "SO002746",
    "so_status": "EFFECT"
  }
]
==================================================
2025-05-06 14:38:21|MysqlUtil.disconnect line:67| 数据库连接已关闭
2025-05-06 14:38:21|test_03_operator.test_07_copy_sales_order line:464| 找到可复制订单: ID=16390001, 订单号=SO002746
2025-05-06 14:38:21|test_03_operator.test_07_copy_sales_order line:478| 复制订单请求URL: https://t-erp-portal-test.app.terminus.io/api/trantor/service/engine/execute/ERP_SCM$SLS_SO_DATA_COPY_EVENT_SERVICE?tmodule=ERP_SCM
2025-05-06 14:38:21|test_03_operator.test_07_copy_sales_order line:479| 复制订单请求数据: {
  "params": {
    "request": {
      "id": "16390001"
    }
  }
}
2025-05-06 14:38:22|test_03_operator.test_07_copy_sales_order line:484| 复制订单响应数据: {
  "requestId": "9d087d82-1534562",
  "success": true,
  "data": {
    "data": {
      "context": {},
      "originOrgId": 0,
      "version": 9,
      "deleted": 0,
      "soCode": "SO002862",
      "soDocDate": 1746513501987,
      "baseCurrId": {
        "id": 2000001,
        "context": {}
      },
      "slsCurrId": {
        "id": 2000001,
        "context": {}
      },
      "exchRate": 1.0,
      "grossBaseAmt": 50.0,
      "netBaseAmt": 15.486726,
      "totalAmt": 300.0,
      "taxAmt": 34.513274,
      "soCreateSource": "TERP门户",
      "slsOrgId": {
        "id": 14139002,
        "context": {}
      },
      "slsComId": {
        "id": 14139001,
        "context": {}
      },
      "slsDcId": {
        "id": 2001001,
        "context": {}
      },
      "soTypeId": {
        "id": 2101001,
        "context": {}
      },
      "custId": {
        "id": 2059001,
        "context": {}
      },
      "addrId": {
        "id": 70002638,
        "context": {}
      },
      "custPersonName": "李月汝",
      "custPhone": "18378999655",
      "slsPerson": {
        "id": 14123089,
        "context": {}
      },
      "slsPersonName": "侯新雨",
      "slsPhone": "15825540081",
      "currExchangeRateType": 2000001,
      "soItems": [
        {
          "context": {},
          "originOrgId": 0,
          "version": 11,
          "deleted": 0,
          "soItemCode": "SOI20250506100016",
          "soCode": "SO002862",
          "matId": {
            "id": 14633001,
            "context": {}
          },
          "matCode": "hxymat-20241202744",
          "matName": "hxy测试物料4",
          "matBasePrice": 101.0,
          "soItemSlsQty": 50.0,
          "soItemOutstandingQty": 50.0,
          "soItemPrice": 0.309735,
          "soItemGrossPrice": 1.0,
          "taxRateId": {
            "id": 2002002,
            "context": {}
          },
          "taxRate": 0.13,
          "taxAmt": 34.513274,
          "grossTradeAmt": 50.0,
          "netTradeAmt": 15.486726,
          "soDocDate": 1745909250000,
          "soSchlDelDate": 1745942400000,
          "soItemTypeId": {
            "id": 2103001,
            "context": {}
          },
          "uomSlsId": {
            "id": 14047001,
            "context": {}
          },
          "uomBaseId": {
            "id": 14047001,
            "context": {}
          },
          "soItemBaseQty": 50.0,
          "invOrgId": {
            "id": 14163003,
            "context": {}
          },
          "invLocId": {
            "id": 14163004,
            "context": {}
          },
          "bomWhether": false,
          "bomId": {
            "context": {}
          },
          "weightUomId": {
            "context": {}
          },
          "volumUomId": {
            "context": {}
          },
          "delAddrId": {
            "id": 70002638,
            "context": {}
          },
          "delPersonName": "李月汝",
          "delPhone": "18378999655",
          "itemNumber": 1,
          "parentItemType": {
            "context": {}
          },
          "deliveryModeId": {
            "context": {}
          },
          "serviceVendId": {
            "context": {}
          },
          "expressComId": {
            "context": {}
          },
          "salesPrice": 6.0,
          "deliveryInterceptFail": true,
          "children": null,
          "freeze": false,
          "delAddrDetail": "佛山市禅城区季华五路28号",
          "soItemTypeGroupId": 2002001,
          "isCompleteSet": false,
          "discountAmt": 0.0,
          "discountInfo": "",
          "salesAmt": 300.0
        }
      ],
      "slsPartnerLinks": [
        {
          "context": {},
          "originOrgId": 0,
          "version": 1,
          "deleted": 0,
          "createdAt": 1745947840000,
          "updatedAt": 1745947840000,
          "createdBy": 499869775084741,
          "updatedBy": 499869775084741,
          "partnerTypeId": {
            "id": 2000001
          },
          "partnerClass": "CUSTOMER",
          "partnerId": {
            "id": 2059001
          }
        }
      ],
      "invOrg": {
        "context": {}
      },
      "invLoc": {
        "context": {}
      },
      "priceIdempotent": "e07e3dfbb0be7595ef85473153d1797c",
      "addrDetail": "佛山市禅城区季华五路28号",
      "partnerCheck": false,
      "matQualificationCheck": false,
      "whetherPrice": false,
      "priceCalcDate": 1745994478000,
      "deliveryInterceptFail": true,
      "discountAmt": 0.0,
      "btClass": "SALES",
      "isFixedExchRate": false,
      "isFreezeType": "NU_FREEZE"
    }
  }
}
2025-05-06 14:38:22|test_03_operator.test_07_copy_sales_order line:496| 订单复制成功，原订单号: SO002746, 新订单号: SO002862
2025-05-06 14:38:22|LogUtil.info line:33| 开始测试: test_08_submit_copied_sales_order
2025-05-06 14:38:22|test_03_operator.test_07_copy_sales_order line:452| 执行查询: 
            SELECT id, so_code, so_status 
            FROM sls_so_head_tr 
            WHERE so_status = 'EFFECT' 
            and so_type_id = 2101001
            AND deleted = 0 order by created_at desc
            LIMIT 1
            
2025-05-06 14:38:22|MysqlUtil.connect line:60| 数据库连接成功: rm-bp1f14585v00oh99t.mysql.rds.aliyuncs.com:3306/terp_test
2025-05-06 14:38:22|MysqlUtil.execute_query line:108| 
==================================================
执行SQL查询:

            SELECT id, so_code, so_status 
            FROM sls_so_head_tr 
            WHERE so_status = 'EFFECT' 
            and so_type_id = 2101001
            AND deleted = 0 order by created_at desc
            LIMIT 1
            
参数: None
结果:
[
  {
    "id": 16390001,
    "so_code": "SO002746",
    "so_status": "EFFECT"
  }
]
==================================================
2025-05-06 14:38:22|MysqlUtil.disconnect line:67| 数据库连接已关闭
2025-05-06 14:38:22|test_03_operator.test_07_copy_sales_order line:464| 找到可复制订单: ID=16390001, 订单号=SO002746
2025-05-06 14:38:22|test_03_operator.test_07_copy_sales_order line:478| 复制订单请求URL: https://t-erp-portal-test.app.terminus.io/api/trantor/service/engine/execute/ERP_SCM$SLS_SO_DATA_COPY_EVENT_SERVICE?tmodule=ERP_SCM
2025-05-06 14:38:22|test_03_operator.test_07_copy_sales_order line:479| 复制订单请求数据: {
  "params": {
    "request": {
      "id": "16390001"
    }
  }
}
2025-05-06 14:38:22|test_03_operator.test_07_copy_sales_order line:484| 复制订单响应数据: {
  "requestId": "2decda39-1534564",
  "success": true,
  "data": {
    "data": {
      "context": {},
      "originOrgId": 0,
      "version": 9,
      "deleted": 0,
      "soCode": "SO002863",
      "soDocDate": 1746513502534,
      "baseCurrId": {
        "id": 2000001,
        "context": {}
      },
      "slsCurrId": {
        "id": 2000001,
        "context": {}
      },
      "exchRate": 1.0,
      "grossBaseAmt": 50.0,
      "netBaseAmt": 15.486726,
      "totalAmt": 300.0,
      "taxAmt": 34.513274,
      "soCreateSource": "TERP门户",
      "slsOrgId": {
        "id": 14139002,
        "context": {}
      },
      "slsComId": {
        "id": 14139001,
        "context": {}
      },
      "slsDcId": {
        "id": 2001001,
        "context": {}
      },
      "soTypeId": {
        "id": 2101001,
        "context": {}
      },
      "custId": {
        "id": 2059001,
        "context": {}
      },
      "addrId": {
        "id": 70002638,
        "context": {}
      },
      "custPersonName": "李月汝",
      "custPhone": "18378999655",
      "slsPerson": {
        "id": 14123089,
        "context": {}
      },
      "slsPersonName": "侯新雨",
      "slsPhone": "15825540081",
      "currExchangeRateType": 2000001,
      "soItems": [
        {
          "context": {},
          "originOrgId": 0,
          "version": 11,
          "deleted": 0,
          "soItemCode": "SOI20250506100017",
          "soCode": "SO002863",
          "matId": {
            "id": 14633001,
            "context": {}
          },
          "matCode": "hxymat-20241202744",
          "matName": "hxy测试物料4",
          "matBasePrice": 101.0,
          "soItemSlsQty": 50.0,
          "soItemOutstandingQty": 50.0,
          "soItemPrice": 0.309735,
          "soItemGrossPrice": 1.0,
          "taxRateId": {
            "id": 2002002,
            "context": {}
          },
          "taxRate": 0.13,
          "taxAmt": 34.513274,
          "grossTradeAmt": 50.0,
          "netTradeAmt": 15.486726,
          "soDocDate": 1745909250000,
          "soSchlDelDate": 1745942400000,
          "soItemTypeId": {
            "id": 2103001,
            "context": {}
          },
          "uomSlsId": {
            "id": 14047001,
            "context": {}
          },
          "uomBaseId": {
            "id": 14047001,
            "context": {}
          },
          "soItemBaseQty": 50.0,
          "invOrgId": {
            "id": 14163003,
            "context": {}
          },
          "invLocId": {
            "id": 14163004,
            "context": {}
          },
          "bomWhether": false,
          "bomId": {
            "context": {}
          },
          "weightUomId": {
            "context": {}
          },
          "volumUomId": {
            "context": {}
          },
          "delAddrId": {
            "id": 70002638,
            "context": {}
          },
          "delPersonName": "李月汝",
          "delPhone": "18378999655",
          "itemNumber": 1,
          "parentItemType": {
            "context": {}
          },
          "deliveryModeId": {
            "context": {}
          },
          "serviceVendId": {
            "context": {}
          },
          "expressComId": {
            "context": {}
          },
          "salesPrice": 6.0,
          "deliveryInterceptFail": true,
          "children": null,
          "freeze": false,
          "delAddrDetail": "佛山市禅城区季华五路28号",
          "soItemTypeGroupId": 2002001,
          "isCompleteSet": false,
          "discountAmt": 0.0,
          "discountInfo": "",
          "salesAmt": 300.0
        }
      ],
      "slsPartnerLinks": [
        {
          "context": {},
          "originOrgId": 0,
          "version": 1,
          "deleted": 0,
          "createdAt": 1745947840000,
          "updatedAt": 1745947840000,
          "createdBy": 499869775084741,
          "updatedBy": 499869775084741,
          "partnerTypeId": {
            "id": 2000001
          },
          "partnerClass": "CUSTOMER",
          "partnerId": {
            "id": 2059001
          }
        }
      ],
      "invOrg": {
        "context": {}
      },
      "invLoc": {
        "context": {}
      },
      "priceIdempotent": "e07e3dfbb0be7595ef85473153d1797c",
      "addrDetail": "佛山市禅城区季华五路28号",
      "partnerCheck": false,
      "matQualificationCheck": false,
      "whetherPrice": false,
      "priceCalcDate": 1745994478000,
      "deliveryInterceptFail": true,
      "discountAmt": 0.0,
      "btClass": "SALES",
      "isFixedExchRate": false,
      "isFreezeType": "NU_FREEZE"
    }
  }
}
2025-05-06 14:38:22|test_03_operator.test_07_copy_sales_order line:496| 订单复制成功，原订单号: SO002746, 新订单号: SO002863
2025-05-06 14:38:22|test_03_operator.test_08_submit_copied_sales_order line:530| 提交复制订单请求URL: https://t-erp-portal-test.app.terminus.io/api/trantor/service/engine/execute/ERP_SCM$SLS_SALES_MANUAL_SAVE_EVENT?tmodule=ERP_SCM
2025-05-06 14:38:22|test_03_operator.test_08_submit_copied_sales_order line:531| 提交复制订单请求数据: {
  "params": {
    "request": {
      "context": {},
      "originOrgId": 0,
      "version": 9,
      "deleted": 0,
      "soCode": "SO002863",
      "soDocDate": 1746513502534,
      "baseCurrId": {
        "id": 2000001,
        "context": {}
      },
      "slsCurrId": {
        "id": 2000001,
        "context": {}
      },
      "exchRate": 1.0,
      "grossBaseAmt": 50.0,
      "netBaseAmt": 15.486726,
      "totalAmt": 300.0,
      "taxAmt": 34.513274,
      "soCreateSource": "TERP门户",
      "slsOrgId": {
        "id": 14139002,
        "context": {}
      },
      "slsComId": {
        "id": 14139001,
        "context": {}
      },
      "slsDcId": {
        "id": 2001001,
        "context": {}
      },
      "soTypeId": {
        "id": 2101001,
        "context": {}
      },
      "custId": {
        "id": 2059001,
        "context": {}
      },
      "addrId": {
        "id": 70002638,
        "context": {}
      },
      "custPersonName": "李月汝",
      "custPhone": "18378999655",
      "slsPerson": {
        "id": 14123089,
        "context": {}
      },
      "slsPersonName": "侯新雨",
      "slsPhone": "15825540081",
      "currExchangeRateType": 2000001,
      "soItems": [
        {
          "context": {},
          "originOrgId": 0,
          "version": 11,
          "deleted": 0,
          "soItemCode": "SOI20250506100017",
          "soCode": "SO002863",
          "matId": {
            "id": 14633001,
            "context": {}
          },
          "matCode": "hxymat-20241202744",
          "matName": "hxy测试物料4",
          "matBasePrice": 101.0,
          "soItemSlsQty": 50.0,
          "soItemOutstandingQty": 50.0,
          "soItemPrice": 0.309735,
          "soItemGrossPrice": 1.0,
          "taxRateId": {
            "id": 2002002,
            "context": {}
          },
          "taxRate": 0.13,
          "taxAmt": 34.513274,
          "grossTradeAmt": 50.0,
          "netTradeAmt": 15.486726,
          "soDocDate": 1745909250000,
          "soSchlDelDate": 1745942400000,
          "soItemTypeId": {
            "id": 2103001,
            "context": {}
          },
          "uomSlsId": {
            "id": 14047001,
            "context": {}
          },
          "uomBaseId": {
            "id": 14047001,
            "context": {}
          },
          "soItemBaseQty": 50.0,
          "invOrgId": {
            "id": 14163003,
            "context": {}
          },
          "invLocId": {
            "id": 14163004,
            "context": {}
          },
          "bomWhether": false,
          "bomId": {
            "context": {}
          },
          "weightUomId": {
            "context": {}
          },
          "volumUomId": {
            "context": {}
          },
          "delAddrId": {
            "id": 70002638,
            "context": {}
          },
          "delPersonName": "李月汝",
          "delPhone": "18378999655",
          "itemNumber": 1,
          "parentItemType": {
            "context": {}
          },
          "deliveryModeId": {
            "context": {}
          },
          "serviceVendId": {
            "context": {}
          },
          "expressComId": {
            "context": {}
          },
          "salesPrice": 6.0,
          "deliveryInterceptFail": true,
          "children": null,
          "freeze": false,
          "delAddrDetail": "佛山市禅城区季华五路28号",
          "soItemTypeGroupId": 2002001,
          "isCompleteSet": false,
          "discountAmt": 0.0,
          "discountInfo": "",
          "salesAmt": 300.0
        }
      ],
      "slsPartnerLinks": [
        {
          "context": {},
          "originOrgId": 0,
          "version": 1,
          "deleted": 0,
          "createdAt": 1745947840000,
          "updatedAt": 1745947840000,
          "createdBy": 499869775084741,
          "updatedBy": 499869775084741,
          "partnerTypeId": {
            "id": 2000001
          },
          "partnerClass": "CUSTOMER",
          "partnerId": {
            "id": 2059001
          }
        }
      ],
      "invOrg": {
        "context": {}
      },
      "invLoc": {
        "context": {}
      },
      "priceIdempotent": "e07e3dfbb0be7595ef85473153d1797c",
      "addrDetail": "佛山市禅城区季华五路28号",
      "partnerCheck": false,
      "matQualificationCheck": false,
      "whetherPrice": false,
      "priceCalcDate": 1745994478000,
      "deliveryInterceptFail": true,
      "discountAmt": 0.0,
      "btClass": "SALES",
      "isFixedExchRate": false,
      "isFreezeType": "NU_FREEZE",
      "syncSubmit": true
    }
  }
}
2025-05-06 14:38:26|test_03_operator.test_08_submit_copied_sales_order line:536| 提交复制订单响应数据: {
  "requestId": "b31498f8-1534565",
  "success": true,
  "data": {
    "data": {
      "id": 16392001,
      "context": {},
      "originOrgId": 0,
      "version": 9,
      "deleted": 0,
      "soCode": "SO002863",
      "soDocDate": 1746513502534,
      "baseCurrId": {
        "id": 2000001
      },
      "slsCurrId": {
        "id": 2000001
      },
      "exchRate": 1.0,
      "grossBaseAmt": 115.0,
      "netBaseAmt": 101.769911504425,
      "totalAmt": 115.0,
      "taxAmt": 13.230088495575,
      "soCreateSource": "TERP门户",
      "slsOrgId": {
        "id": 14139002
      },
      "slsComId": {
        "id": 14139001
      },
      "slsDcId": {
        "id": 2001001
      },
      "soTypeId": {
        "id": 2101001
      },
      "custId": {
        "id": 2059001
      },
      "addrId": {
        "id": 70002638
      },
      "custPersonName": "李月汝",
      "custPhone": "18378999655",
      "slsPerson": {
        "id": 14123089
      },
      "slsPersonName": "侯新雨",
      "slsPhone": "15825540081",
      "currExchangeRateType": 2000001,
      "btClass": "SALES",
      "priceCalcDate": 1745994478000,
      "deliveryInterceptFail": true,
      "discountAmt": 0.0,
      "slsSoTypeCf": {
        "id": 2101001,
        "context": {},
        "originOrgId": 0,
        "version": 68,
        "deleted": 0,
        "createdAt": 1685108645000,
        "updatedAt": 1745892294000,
        "createdBy": 27,
        "updatedBy": 477234922377861,
        "soTypeCode": "STND",
        "soTypeName": "标准销售",
        "soTypeDesc": "标准销售",
        "partnerProcedureHeadRef": {
          "id": 14005002
        },
        "status": "ENABLED",
        "submitApproval": true,
        "modifyApproval": false,
        "currExchangeRateType": 2000001,
        "btClass": "SALES",
        "syncPrice": false
      },
      "soItems": [
        {
          "id": 16314001,
          "context": {},
          "originOrgId": 0,
          "version": 11,
          "deleted": 0,
          "soItemCode": "SOI20250506100017",
          "soId": {
            "id": 16392001
          },
          "soCode": "SO002863",
          "matId": {
            "id": 14633001
          },
          "matCode": "hxymat-20241202744",
          "matName": "hxy测试物料4",
          "matBasePrice": 101.0,
          "soItemSlsQty": 50.0,
          "soItemDelQty": 0.0,
          "soItemTransferQty": 0.0,
          "soItemSettQty": 0.0,
          "soItemOutstandingQty": 50.0,
          "soItemPrice": 2.035398,
          "soItemGrossPrice": 2.3,
          "taxRateId": {
            "id": 2002002
          },
          "taxRate": 0.13,
          "taxAmt": 13.230088,
          "grossTradeAmt": 115.0,
          "netTradeAmt": 101.769912,
          "soDocDate": 1745909250000,
          "soSchlDelDate": 1745942400000,
          "soItemTypeId": {
            "id": 2103001
          },
          "uomSlsId": {
            "id": 14047001
          },
          "uomBaseId": {
            "id": 14047001
          },
          "soItemBaseQty": 50.0,
          "invOrgId": {
            "id": 14163003
          },
          "invLocId": {
            "id": 14163004
          },
          "bomWhether": false,
          "delAddrId": {
            "id": 70002638
          },
          "delPersonName": "李月汝",
          "delPhone": "18378999655",
          "itemNumber": 1,
          "isCompleteSet": false,
          "deliveryInterceptFail": true,
          "salesPrice": 2.3,
          "salesAmt": 115.0,
          "soSchedules": [
            {
              "id": 16325001,
              "context": {},
              "soSchlCode": "SOS20250506100000",
              "soId": 16392001,
              "soCode": "SO002863",
              "soItemId": {
                "id": 16314001
              },
              "soItemCode": "SOI20250506100017",
              "soSchlExptDate": 1745942400000,
              "uomSlsId": {
                "id": 14047001
              },
              "uomBaseId": {
                "id": 14047001
              },
              "soSchlSlsQty": 50.0,
              "soSchlDelQty": 50.0,
              "soSchlConfirmedQty": 50.0,
              "soSchlDelSubQty": 0.0,
              "soSchlTransferQty": 0.0,
              "soSchlSettQty": 0.0,
              "soSchlOutstandingQty": 50.0,
              "soSchlTypeId": {
                "id": 2103001
              },
              "originOrgId": 0,
              "version": 1,
              "deleted": 0,
              "createdAt": 1746513503000,
              "updatedAt": 1746513503000,
              "createdBy": {
                "id": 540175374525637
              },
              "updatedBy": {
                "id": 540175374525637
              },
              "soSchlStatus": "DRAFT"
            }
          ],
          "slsSoItemTypeCfDTO": {
            "id": 2103001,
            "context": {},
            "originOrgId": 0,
            "version": 205,
            "deleted": 0,
            "createdAt": 1685108592000,
            "updatedAt": 1745892427000,
            "createdBy": 27,
            "updatedBy": 477234922377861,
            "soItemTypeCode": "NORM",
            "soItemTypeName": "常规销售",
            "delRelv": true,
            "autoDelivery": true,
            "checkInvLocRelv": true,
            "status": "ENABLED",
            "isAutomaticComplete": false,
            "isCompletePickControl": false,
            "autoPr": false,
            "autoOutDnPost": false,
            "settlement": true,
            "priceControlType": "STAND"
          },
          "freeze": false,
          "delAddrDetail": "佛山市禅城区季华五路28号",
          "soItemTypeGroupId": 2002001,
          "discountAmt": 0.0,
          "discountInfo": "",
          "createdAt": 1746513503000,
          "updatedAt": 1746513503000,
          "createdBy": 540175374525637,
          "updatedBy": 540175374525637,
          "soItemStatus": "DRAFT"
        }
      ],
      "slsPartnerLinks": [
        {
          "id": 16236001,
          "context": {},
          "originOrgId": 0,
          "version": 1,
          "deleted": 0,
          "createdAt": 1745947840000,
          "updatedAt": 1745947840000,
          "createdBy": 499869775084741,
          "updatedBy": 499869775084741,
          "soId": 16392001,
          "partnerTypeId": {
            "id": 2000001
          },
          "partnerClass": "CUSTOMER",
          "partnerId": {
            "id": 2059001
          }
        }
      ],
      "preDocIdempotent": "e07e3dfbb0be7595ef85473153d1797c",
      "priceIdempotent": "02b4872c5683216f95f20e8c4dbdd331",
      "preCalculate": false,
      "reCalculate": false,
      "addrDetail": "佛山市禅城区季华五路28号",
      "partnerCheck": false,
      "matQualificationCheck": false,
      "whetherPrice": false,
      "submitCheckType": "STANDARD",
      "syncSubmit": true,
      "isFixedExchRate": false,
      "isFreezeType": "NU_FREEZE",
      "slsTextLinks": [],
      "slsAttachmentLinks": []
    }
  }
}
2025-05-06 14:38:26|test_03_operator.test_08_submit_copied_sales_order line:546| 复制订单提交成功，订单号: SO002863
2025-05-06 14:38:26|MysqlUtil.__init__ line:36| 数据库管理器初始化完成，运行时模式: False
2025-05-06 14:38:26|MysqlUtil.__init__ line:36| 数据库管理器初始化完成，运行时模式: False
2025-05-06 14:38:26|LogUtil.info line:33| 内存缓存命中：使用缓存的SCM初始化数据
2025-05-06 14:38:26|login_manager.__init__ line:19| 初始化登录管理器
2025-05-06 14:38:26|login_manager.__init__ line:24| IAM URL: https://t-erp-iam-test.app.terminus.io
2025-05-06 14:38:26|login_manager.__init__ line:25| API URL: https://t-erp-portal-test.app.terminus.io
2025-05-06 14:38:27|login_manager.__init__ line:56| 登录管理器初始化完成
2025-05-06 14:38:27|login_manager.login line:69| 开始登录流程
2025-05-06 14:38:27|login_manager.login line:72| 使用配置文件中的默认账号密码
2025-05-06 14:38:27|login_manager.login line:76| 使用账号: 17376596912
2025-05-06 14:38:27|login_manager.login line:86| 登录URL: https://t-erp-iam-test.app.terminus.io/iam/api/v1/user/login/account
2025-05-06 14:38:27|login_manager.login line:92| 登录响应状态码: 200
2025-05-06 14:38:27|login_manager.login line:101| 重定向URL: https://t-erp-portal-test.app.terminus.io/TERP_PORTAL-TERP-tpf_umwrhzbg/login
2025-05-06 14:38:27|login_manager.get_current_user line:130| 获取用户信息URL: https://t-erp-portal-test.app.terminus.io/api/trantor/portal/user/current
2025-05-06 14:38:27|login_manager.get_current_user line:136| 获取用户信息响应状态码: 200
2025-05-06 14:38:27|login_manager.login line:114| 登录成功，用户信息: {'requestId': '5924cc36-1534569', 'success': True, 'data': {'id': 540175374525637, 'username': 'zhangang', 'email': 'zhangang.26@163.com', 'mobile': '17376596912', 'nickname': '章昂', 'status': True, 'avatar': 'https://terminus-new-trantor.oss-cn-hangzhou.aliyuncs.com/iam/user/avatar/540175374525637/2025-03-10_14_44_32_7dbc5543-0152-4a67-9901-b7da94c6ba4f_%E5%A4%8D%E6%B4%BB%E5%B2%9B%E5%B7%A8%E4%BA%BA%E5%83%8F.png'}}
2025-05-06 14:38:27|LogUtil.info line:33| 测试类初始化完成
2025-05-06 14:38:27|LogUtil.info line:33| 初始化渲染数量: 4
2025-05-06 14:38:27|LogUtil.info line:33| 测试类初始化完成
2025-05-06 14:38:27|LogUtil.info line:33| 开始测试: test_save_sales_order
2025-05-06 14:38:27|LogUtil.info line:33| 发送请求: 销售订单创建初始化
2025-05-06 14:38:27|LogUtil.info line:33| 销售订单创建初始化完成
2025-05-06 14:38:27|LogUtil.info line:33| 发送请求: 查询客户信息
2025-05-06 14:38:27|LogUtil.info line:33| 客户信息查询完成
2025-05-06 14:38:27|LogUtil.info line:33| 发送请求: 查询相关方
2025-05-06 14:38:27|LogUtil.info line:33| 相关方查询完成
2025-05-06 14:38:27|LogUtil.info line:33| 发送请求: 查询销售组织列表
2025-05-06 14:38:27|test_01_create._query_sales_organization line:139| 销售组织列表查询完成: {'orgCode': 'AUTOTEST_SLS_ORG', 'orgName': '销售组织(自动化)', 'orgStatus': 'ENABLED', 'orgBusinessTypeCode': None, 'comOrgId': {'id': 14507001}, 'id': 14579001}
2025-05-06 14:38:27|LogUtil.info line:33| 销售组织列表查询完成
2025-05-06 14:38:27|LogUtil.info line:33| 发送请求: 查询物料列表
2025-05-06 14:38:27|LogUtil.info line:33| 物料列表查询完成
2025-05-06 14:38:27|LogUtil.info line:33| 发送请求: 订单行渲染
2025-05-06 14:38:28|LogUtil.error line:45| 销售订单保存失败: argument of type 'NoneType' is not iterable
2025-05-06 14:38:28|LogUtil.info line:33| 开始测试: test_submit_sales_order
2025-05-06 14:38:28|LogUtil.info line:33| 发送请求: 销售订单创建初始化
2025-05-06 14:38:28|LogUtil.info line:33| 销售订单创建初始化完成
2025-05-06 14:38:28|LogUtil.info line:33| 发送请求: 查询客户信息
2025-05-06 14:38:28|LogUtil.info line:33| 客户信息查询完成
2025-05-06 14:38:28|LogUtil.info line:33| 发送请求: 查询相关方
2025-05-06 14:38:28|LogUtil.info line:33| 相关方查询完成
2025-05-06 14:38:28|LogUtil.info line:33| 发送请求: 查询销售组织列表
2025-05-06 14:38:28|test_01_create._query_sales_organization line:139| 销售组织列表查询完成: {'orgCode': 'AUTOTEST_SLS_ORG', 'orgName': '销售组织(自动化)', 'orgStatus': 'ENABLED', 'orgBusinessTypeCode': None, 'comOrgId': {'id': 14507001}, 'id': 14579001}
2025-05-06 14:38:28|LogUtil.info line:33| 销售组织列表查询完成
2025-05-06 14:38:28|LogUtil.info line:33| 发送请求: 查询物料列表
2025-05-06 14:38:28|LogUtil.info line:33| 物料列表查询完成
2025-05-06 14:38:28|LogUtil.info line:33| 发送请求: 订单行渲染
2025-05-06 14:38:28|LogUtil.error line:45| 销售订单提交失败: argument of type 'NoneType' is not iterable
2025-05-06 14:38:28|MysqlUtil.__init__ line:36| 数据库管理器初始化完成，运行时模式: False
2025-05-06 14:38:28|MysqlUtil.__init__ line:36| 数据库管理器初始化完成，运行时模式: False
2025-05-06 14:38:28|LogUtil.info line:33| 内存缓存命中：使用缓存的SCM初始化数据
2025-05-06 14:38:28|login_manager.__init__ line:19| 初始化登录管理器
2025-05-06 14:38:28|login_manager.__init__ line:24| IAM URL: https://t-erp-iam-test.app.terminus.io
2025-05-06 14:38:28|login_manager.__init__ line:25| API URL: https://t-erp-portal-test.app.terminus.io
2025-05-06 14:38:28|login_manager.__init__ line:56| 登录管理器初始化完成
2025-05-06 14:38:28|login_manager.login line:69| 开始登录流程
2025-05-06 14:38:28|login_manager.login line:72| 使用配置文件中的默认账号密码
2025-05-06 14:38:28|login_manager.login line:76| 使用账号: 17376596912
2025-05-06 14:38:28|login_manager.login line:86| 登录URL: https://t-erp-iam-test.app.terminus.io/iam/api/v1/user/login/account
2025-05-06 14:38:29|login_manager.login line:92| 登录响应状态码: 200
2025-05-06 14:38:29|login_manager.login line:101| 重定向URL: https://t-erp-portal-test.app.terminus.io/TERP_PORTAL-TERP-tpf_umwrhzbg/login
2025-05-06 14:38:29|login_manager.get_current_user line:130| 获取用户信息URL: https://t-erp-portal-test.app.terminus.io/api/trantor/portal/user/current
2025-05-06 14:38:29|login_manager.get_current_user line:136| 获取用户信息响应状态码: 200
2025-05-06 14:38:29|login_manager.login line:114| 登录成功，用户信息: {'requestId': 'b530b6e2-1534583', 'success': True, 'data': {'id': 540175374525637, 'username': 'zhangang', 'email': 'zhangang.26@163.com', 'mobile': '17376596912', 'nickname': '章昂', 'status': True, 'avatar': 'https://terminus-new-trantor.oss-cn-hangzhou.aliyuncs.com/iam/user/avatar/540175374525637/2025-03-10_14_44_32_7dbc5543-0152-4a67-9901-b7da94c6ba4f_%E5%A4%8D%E6%B4%BB%E5%B2%9B%E5%B7%A8%E4%BA%BA%E5%83%8F.png'}}
2025-05-06 14:38:29|LogUtil.info line:33| 测试类初始化完成
2025-05-06 14:38:29|LogUtil.info line:33| 开始测试: test_01_delete_order
2025-05-06 14:38:29|test_04_delete.setup_method line:46| 初始化新的测试数据
2025-05-06 14:38:29|test_04_delete.setup_method line:50| 开始执行测试方法: test_01_delete_order
2025-05-06 14:38:29|test_04_delete.setup_method line:54| 初始化测试数据完成
2025-05-06 14:38:29|test_04_delete.test_01_delete_order line:104| 执行查询: 
            SELECT id, so_code, so_status 
            FROM sls_so_head_tr 
            WHERE so_status = 'DRAFT' 
                AND so_type_id = %s
                AND created_by = %s
                AND deleted = 0 
            ORDER BY created_at DESC
            LIMIT 1
        
2025-05-06 14:38:29|MysqlUtil.connect line:60| 数据库连接成功: rm-bp1f14585v00oh99t.mysql.rds.aliyuncs.com:3306/terp_test
2025-05-06 14:38:29|MysqlUtil.execute_query line:108| 
==================================================
执行SQL查询:

            SELECT id, so_code, so_status 
            FROM sls_so_head_tr 
            WHERE so_status = 'DRAFT' 
                AND so_type_id = %s
                AND created_by = %s
                AND deleted = 0 
            ORDER BY created_at DESC
            LIMIT 1
        
参数: (2101001, 540175374525637)
结果:
[
  {
    "id": 16391001,
    "so_code": "SO002829",
    "so_status": "DRAFT"
  }
]
==================================================
2025-05-06 14:38:29|MysqlUtil.disconnect line:67| 数据库连接已关闭
2025-05-06 14:38:29|test_04_delete.test_01_delete_order line:133| 准备删除订单: ID = 16391001, 编号 = SO002829
2025-05-06 14:38:29|LogUtil.info line:33| 发送请求: 删除销售订单
2025-05-06 14:38:30|test_04_delete.test_01_delete_order line:138| 成功删除订单: 16391001
2025-05-06 14:38:30|MysqlUtil.connect line:60| 数据库连接成功: rm-bp1f14585v00oh99t.mysql.rds.aliyuncs.com:3306/terp_test
2025-05-06 14:38:30|MysqlUtil.execute_query line:108| 
==================================================
执行SQL查询:

            SELECT id, deleted
            FROM sls_so_head_tr
            WHERE id = %s
        
参数: (16391001,)
结果:
[
  {
    "id": 16391001,
    "deleted": 1746513510079
  }
]
==================================================
2025-05-06 14:38:30|MysqlUtil.disconnect line:67| 数据库连接已关闭
2025-05-06 14:38:30|test_04_delete.test_01_delete_order line:149| 订单 16391001 在数据库中已标记为删除状态
2025-05-06 14:38:30|LogUtil.info line:33| 开始测试: test_02_batch_delete_orders
2025-05-06 14:38:30|test_04_delete.setup_method line:46| 初始化新的测试数据
2025-05-06 14:38:30|test_04_delete.setup_method line:50| 开始执行测试方法: test_02_batch_delete_orders
2025-05-06 14:38:30|test_04_delete.setup_method line:54| 初始化测试数据完成
2025-05-06 14:38:30|test_04_delete.test_02_batch_delete_orders line:182| 执行查询: 
            SELECT id, so_code, so_status, deleted
            FROM sls_so_head_tr 
            WHERE so_status = 'DRAFT' 
                AND so_type_id = %s
                AND created_by = %s
                AND deleted = 0 
            ORDER BY created_at DESC
            LIMIT 2
        
2025-05-06 14:38:30|MysqlUtil.connect line:60| 数据库连接成功: rm-bp1f14585v00oh99t.mysql.rds.aliyuncs.com:3306/terp_test
2025-05-06 14:38:30|MysqlUtil.execute_query line:108| 
==================================================
执行SQL查询:

            SELECT id, so_code, so_status, deleted
            FROM sls_so_head_tr 
            WHERE so_status = 'DRAFT' 
                AND so_type_id = %s
                AND created_by = %s
                AND deleted = 0 
            ORDER BY created_at DESC
            LIMIT 2
        
参数: (2101001, 540175374525637)
结果:
[
  {
    "id": 16383002,
    "so_code": "SO002628",
    "so_status": "DRAFT",
    "deleted": 0
  },
  {
    "id": 16379066,
    "so_code": "SO002395",
    "so_status": "DRAFT",
    "deleted": 0
  }
]
==================================================
2025-05-06 14:38:30|MysqlUtil.disconnect line:67| 数据库连接已关闭
2025-05-06 14:38:30|test_04_delete.test_02_batch_delete_orders line:205| 准备删除的订单ID: [16383002, 16379066]
2025-05-06 14:38:30|test_04_delete.test_02_batch_delete_orders line:217| 开始批量删除订单
2025-05-06 14:38:30|LogUtil.info line:33| 发送请求: 批量删除销售订单
2025-05-06 14:38:30|test_04_delete.test_02_batch_delete_orders line:222| 成功批量删除订单，订单ID: [16383002, 16379066]
2025-05-06 14:38:31|MysqlUtil.connect line:60| 数据库连接成功: rm-bp1f14585v00oh99t.mysql.rds.aliyuncs.com:3306/terp_test
2025-05-06 14:38:31|MysqlUtil.execute_query line:108| 
==================================================
执行SQL查询:

            SELECT id, deleted
            FROM sls_so_head_tr
            WHERE id IN %s
        
参数: ((16383002, 16379066),)
结果:
[
  {
    "id": 16379066,
    "deleted": 1746513511015
  },
  {
    "id": 16383002,
    "deleted": 1746513511015
  }
]
==================================================
2025-05-06 14:38:31|MysqlUtil.disconnect line:67| 数据库连接已关闭
2025-05-06 14:38:31|test_04_delete.test_02_batch_delete_orders line:232| 所有订单在数据库中已标记为删除状态
2025-05-06 17:49:29|LogUtil.info line:33| 当前测试环境: test
2025-05-06 17:49:30|MysqlUtil.__init__ line:36| 数据库管理器初始化完成，运行时模式: False
2025-05-06 17:49:30|MysqlUtil.__init__ line:36| 数据库管理器初始化完成，运行时模式: False
2025-05-06 17:49:30|LogUtil.info line:33| 文件缓存命中：使用缓存的SCM初始化数据
2025-05-06 17:49:30|login_manager.__init__ line:19| 初始化登录管理器
2025-05-06 17:49:30|login_manager.__init__ line:24| IAM URL: https://t-erp-iam-test.app.terminus.io
2025-05-06 17:49:30|login_manager.__init__ line:25| API URL: https://t-erp-portal-test.app.terminus.io
2025-05-06 17:49:30|login_manager.__init__ line:56| 登录管理器初始化完成
2025-05-06 17:49:30|login_manager.login line:69| 开始登录流程
2025-05-06 17:49:30|login_manager.login line:72| 使用配置文件中的默认账号密码
2025-05-06 17:49:30|login_manager.login line:76| 使用账号: 17376596912
2025-05-06 17:49:30|login_manager.login line:86| 登录URL: https://t-erp-iam-test.app.terminus.io/iam/api/v1/user/login/account
2025-05-06 17:49:30|login_manager.login line:92| 登录响应状态码: 200
2025-05-06 17:49:30|login_manager.login line:101| 重定向URL: https://t-erp-portal-test.app.terminus.io/TERP_PORTAL-TERP-tpf_umwrhzbg/login
2025-05-06 17:49:30|login_manager.get_current_user line:130| 获取用户信息URL: https://t-erp-portal-test.app.terminus.io/api/trantor/portal/user/current
2025-05-06 17:49:30|login_manager.get_current_user line:136| 获取用户信息响应状态码: 200
2025-05-06 17:49:30|login_manager.login line:114| 登录成功，用户信息: {'requestId': 'e20546ca-1544153', 'success': True, 'data': {'id': 540175374525637, 'username': 'zhangang', 'email': 'zhangang.26@163.com', 'mobile': '17376596912', 'nickname': '章昂', 'status': True, 'avatar': 'https://terminus-new-trantor.oss-cn-hangzhou.aliyuncs.com/iam/user/avatar/540175374525637/2025-03-10_14_44_32_7dbc5543-0152-4a67-9901-b7da94c6ba4f_%E5%A4%8D%E6%B4%BB%E5%B2%9B%E5%B7%A8%E4%BA%BA%E5%83%8F.png'}}
2025-05-06 17:49:30|LogUtil.info line:33| 测试类初始化完成
2025-05-06 17:49:30|LogUtil.info line:33| 开始测试: test_01_query_order_type
2025-05-06 17:49:30|LogUtil.info line:33| 发送请求: 查询订单类型
2025-05-06 17:49:30|test_00_so_config_check.test_01_query_order_type line:87| 找到STND记录, ID: 2101001
2025-05-06 17:49:30|LogUtil.info line:33| 开始测试: test_02_query_order_type_detail
2025-05-06 17:49:30|LogUtil.info line:33| 发送请求: 查询订单类型
2025-05-06 17:49:30|test_00_so_config_check.test_01_query_order_type line:87| 找到STND记录, ID: 2101001
2025-05-06 17:49:30|test_00_so_config_check.test_02_query_order_type_detail line:109| self.so_stnd_id: 2101001
2025-05-06 17:49:30|LogUtil.info line:33| 发送请求: 查询订单类型详情
2025-05-06 17:49:30|test_00_so_config_check.test_02_query_order_type_detail line:131| response: {'soTypeCode': 'STND', 'soTypeName': '标准销售', 'partnerProcedureHeadRef': {'id': 14005002}, 'attachmentProcedureHeadRef': None, 'status': 'ENABLED', 'soTypeDesc': '标准销售', 'genTextTypeRef': None, 'isRev': False, 'isSubmitApproval': True, 'isModifyApproval': False, 'currExchangeRateType': {'id': 2000001}, 'btClass': 'SALES', 'effectiveDays': None, 'syncPrice': False, 'isDefault': False, 'id': 2101001, 'createdBy': {'id': 27}, 'updatedBy': {'id': 477234922377861}, 'createdAt': 1685108645000, 'updatedAt': 1745892294000, 'version': 68, 'deleted': 0, 'originOrgId': 0}
2025-05-06 17:49:39|MysqlUtil.__init__ line:36| 数据库管理器初始化完成，运行时模式: False
2025-05-06 17:49:39|MysqlUtil.__init__ line:36| 数据库管理器初始化完成，运行时模式: False
2025-05-06 17:49:39|LogUtil.info line:33| 文件缓存命中：使用缓存的SCM初始化数据
2025-05-06 17:49:39|login_manager.__init__ line:19| 初始化登录管理器
2025-05-06 17:49:39|login_manager.__init__ line:24| IAM URL: https://t-erp-iam-test.app.terminus.io
2025-05-06 17:49:39|login_manager.__init__ line:25| API URL: https://t-erp-portal-test.app.terminus.io
2025-05-06 17:49:39|login_manager.__init__ line:56| 登录管理器初始化完成
2025-05-06 17:49:39|login_manager.login line:69| 开始登录流程
2025-05-06 17:49:39|login_manager.login line:72| 使用配置文件中的默认账号密码
2025-05-06 17:49:39|login_manager.login line:76| 使用账号: 17376596912
2025-05-06 17:49:39|login_manager.login line:86| 登录URL: https://t-erp-iam-test.app.terminus.io/iam/api/v1/user/login/account
2025-05-06 17:49:40|login_manager.login line:92| 登录响应状态码: 200
2025-05-06 17:49:40|login_manager.login line:101| 重定向URL: https://t-erp-portal-test.app.terminus.io/TERP_PORTAL-TERP-tpf_umwrhzbg/login
2025-05-06 17:49:40|login_manager.get_current_user line:130| 获取用户信息URL: https://t-erp-portal-test.app.terminus.io/api/trantor/portal/user/current
2025-05-06 17:49:40|login_manager.get_current_user line:136| 获取用户信息响应状态码: 200
2025-05-06 17:49:40|login_manager.login line:114| 登录成功，用户信息: {'requestId': 'acf7699f-1544160', 'success': True, 'data': {'id': 540175374525637, 'username': 'zhangang', 'email': 'zhangang.26@163.com', 'mobile': '17376596912', 'nickname': '章昂', 'status': True, 'avatar': 'https://terminus-new-trantor.oss-cn-hangzhou.aliyuncs.com/iam/user/avatar/540175374525637/2025-03-10_14_44_32_7dbc5543-0152-4a67-9901-b7da94c6ba4f_%E5%A4%8D%E6%B4%BB%E5%B2%9B%E5%B7%A8%E4%BA%BA%E5%83%8F.png'}}
2025-05-06 17:49:40|LogUtil.info line:33| 测试类初始化完成
2025-05-06 17:49:40|LogUtil.info line:33| 初始化渲染数量: 52
2025-05-06 17:49:40|LogUtil.info line:33| 测试类初始化完成
2025-05-06 17:49:40|LogUtil.info line:33| 发送请求: 销售订单创建初始化
2025-05-06 17:49:40|LogUtil.info line:33| 销售订单创建初始化完成
2025-05-06 17:49:40|LogUtil.info line:33| 发送请求: 查询客户信息
2025-05-06 17:49:40|LogUtil.info line:33| 客户信息查询完成
2025-05-06 17:49:40|LogUtil.info line:33| 发送请求: 查询相关方
2025-05-06 17:49:40|LogUtil.info line:33| 相关方查询完成
2025-05-06 17:49:40|LogUtil.info line:33| 发送请求: 查询销售组织列表
2025-05-06 17:49:40|test_01_create._query_sales_organization line:139| 销售组织列表查询完成: {'orgCode': 'AUTOTEST_SLS_ORG', 'orgName': '销售组织(自动化)', 'orgStatus': 'ENABLED', 'orgBusinessTypeCode': None, 'comOrgId': {'id': 14507001}, 'id': 14579001}
2025-05-06 17:49:40|LogUtil.info line:33| 销售组织列表查询完成
2025-05-06 17:49:40|LogUtil.info line:33| 发送请求: 查询物料列表
2025-05-06 17:49:40|LogUtil.info line:33| 物料列表查询完成
2025-05-06 17:49:40|LogUtil.info line:33| 发送请求: 订单行渲染
2025-05-06 17:49:41|LogUtil.error line:45| 销售订单保存失败: argument of type 'NoneType' is not iterable
