2025-04-21 11:09:17|MysqlUtil.__init__ line:42| 数据库管理器初始化完成，运行时模式: False
2025-04-21 11:09:17|MysqlUtil.__init__ line:42| 数据库管理器初始化完成，运行时模式: False
2025-04-21 11:09:17|LogUtil.info line:33| 文件缓存命中：使用缓存的SCM初始化数据
2025-04-21 11:09:17|base_test.setup_class line:49| 初始化数据: {'user_info': {'id': 540175374525637, 'username': 'zhangang', 'mobile': '17376596912', 'nickname': '章昂'}, 'base_info': {'user_info': {'id': 540175374525637, 'username': 'zhangang', 'mobile': '17376596912', 'nickname': '章昂'}, 'country_info': {'coun_id': 14037001, 'coun_code': 'CHINA', 'coun_name': '中国'}, 'currency_info': {'curr_id': 2000001, 'curr_code': 'CNY', 'curr_name': '人民币'}, 'language_info': {'language_id': 2000001, 'language_code': 'CHINESE', 'language_name': '中文'}, 'timezone_info': {'timezone_id': 2000001, 'timezone_code': 'UTC-8', 'timezone_desc': '东八区'}, 'exchange_rate_type_info': {'exchange_rate_type_id': 2000001, 'exchange_rate_type_code': 'HR', 'exchange_rate_type_name': '固定汇率'}, 'tax_type_info': {'tax_type_id': 2002001, 'tax_code': 'CN_PUR_01', 'tax': 13.0, 'taxcate': 'J'}, 'coun_tax_type_info': {'coun_tax_type_id': 2000001, 'tax_type_code': 'TAX_CN', 'tax_type_name': '中国税收类别'}, 'uom_info': {'uom_id': 2000001, 'uom_code': 'PC', 'uom_type': 'QTY', 'uom_desc': '个'}, 'bank_info': {'bank_id': 1000001, 'bank_code': 'HB', 'bank_name': '湖北银行', 'bank_mne_code': None}, 'work_calendar_info': {'wc_id': 2001004, 'wc_head_code': 'GZRL001', 'wc_head_name': '标准工作日历', 'enable_status': 'ENABLED'}, 'calendar_info': {'calendar_id': 14014001, 'calendar_code': '2024Y', 'calendar_name': '勿删勿改-标准会计期间', 'status': 'ENABLED'}, 'employee_info': {'id': 14082001, 'name': 'admin'}, 'sales_channel_info': {'id': 14378001, 'code': 'AUTOTEST_SLS_DC_ORG', 'name': '销售渠道(自动化)'}, 'so_type_info': {'id': 2101001, 'so_type_code': 'STND', 'so_type_name': '标准销售'}}, 'org_info': {'group_org_info': {'id': 14507001, 'org_code': 'AUTOTEST_GR_ORG', 'org_name': '集团(自动化)', 'org_status': 'ENABLED', 'org_dimension_code': 'SCM_ORG_GRP', 'org_business_type_code': None}, 'adm_org_info': {'id': 14432002, 'org_code': 'AUTOTEST_ADM_ORG', 'org_name': '行政组织(自动化)', 'org_status': 'ENABLED', 'org_dimension_code': 'ADM_ORG_GRP', 'org_business_type_codes': '["ADM_ORG"]'}, 'com_org_info': {'id': 14373001, 'org_code': 'AUTOTEST_COM_ORG', 'org_name': '公司组织(自动化)', 'org_status': 'ENABLED', 'org_dimension_code': 'SCM_ORG_GRP', 'org_business_type_code': 'COM_ORG'}, 'pur_org_info': {'id': 14376001, 'org_code': 'AUTOTEST_PUR_ORG', 'org_name': '采购组织(自动化)', 'org_status': 'ENABLED', 'org_dimension_code': 'SCM_ORG_GRP', 'org_business_type_code': 'PUR_ORG'}, 'inv_org_info': {'id': 14375002, 'org_code': 'AUTOTEST_INV_ORG', 'org_name': '库存组织(自动化)', 'org_status': 'ENABLED', 'org_dimension_code': 'SCM_ORG_GRP', 'org_business_type_code': 'INV_ORG'}, 'sls_org_info': {'id': 14377001, 'org_code': 'AUTOTEST_SLS_ORG', 'org_name': '销售组织(自动化)', 'org_status': 'ENABLED', 'org_dimension_code': 'SCM_ORG_GRP', 'org_business_type_code': 'SLS_ORG'}, 'dept_org_info': {'id': 14420004}, 'pln_org_info': {'id': 88884}}, 'partner_info': {'cust_tax_type_info': {'cust_tax_type_id': 2000001, 'tax_class_code': 'SMB', 'tax_class_desc': '小规模纳税人'}, 'vend_info': {'id': 2058001, 'code': 'AUTOTEST_VEND', 'name': '供应商(自动化)', 'status': 'ENABLED'}, 'cust_info': {'id': 2059001, 'code': 'AUTOTEST_CUST', 'name': '客户(自动化)', 'status': 'ENABLED'}}, 'material_info': {'mat_tax_type_info': {'mat_tax_type_id': 2001001, 'tax_class_code': 'NORM', 'tax_class_desc': '销售或者进口货物'}, 'inv_loc_info': {'id': 14376002, 'org_code': 'AUTOTEST_INV_LOC_ORG', 'org_name': '库存地点(自动化)', 'org_status': 'ENABLED', 'org_dimension_code': 'SCM_ORG_GRP', 'org_business_type_code': 'INV_LOC'}, 'atp_group_info': {'id': 2000001}, 'inv_type_info': {'id': 2000001, 'name': '非限制', 'code': '10'}}}
2025-04-21 11:09:18|LogUtil.info line:33| 测试类初始化完成
2025-04-21 11:09:18|base_test.setup_method line:116| 开始测试: test_01_query_order_type
2025-04-21 11:09:18|test_00_config_check.setup_method line:35| 开始执行测试方法: test_01_query_order_type
2025-04-21 11:09:18|test_00_config_check.test_01_query_order_type line:59| 
准备发送请求...
2025-04-21 11:09:18|base_test._make_request line:135| 发送请求: 查询订单类型配置
2025-04-21 11:09:18|base_test._make_request line:151| 请求失败: 500 Server Error: Internal Server Error for url: https://t-erp-portal-test.app.terminus.io/api/trantor/service/engine/execute/ERP_SCM$SYS_PagingDataService
2025-04-21 11:09:18|base_test.setup_method line:116| 开始测试: test_02_query_order_type_detail
2025-04-21 11:09:18|test_00_config_check.setup_method line:35| 开始执行测试方法: test_02_query_order_type_detail
2025-04-21 11:09:18|test_00_config_check.test_02_query_order_type_detail line:90| 未获取到STND记录的ID，无法执行详情查询测试
2025-04-21 11:09:18|MysqlUtil.__init__ line:42| 数据库管理器初始化完成，运行时模式: False
2025-04-21 11:09:18|MysqlUtil.__init__ line:42| 数据库管理器初始化完成，运行时模式: False
2025-04-21 11:09:18|LogUtil.info line:33| 内存缓存命中：使用缓存的SCM初始化数据
2025-04-21 11:09:18|base_test.setup_class line:49| 初始化数据: {'user_info': {'id': 540175374525637, 'username': 'zhangang', 'mobile': '17376596912', 'nickname': '章昂'}, 'base_info': {'user_info': {'id': 540175374525637, 'username': 'zhangang', 'mobile': '17376596912', 'nickname': '章昂'}, 'country_info': {'coun_id': 14037001, 'coun_code': 'CHINA', 'coun_name': '中国'}, 'currency_info': {'curr_id': 2000001, 'curr_code': 'CNY', 'curr_name': '人民币'}, 'language_info': {'language_id': 2000001, 'language_code': 'CHINESE', 'language_name': '中文'}, 'timezone_info': {'timezone_id': 2000001, 'timezone_code': 'UTC-8', 'timezone_desc': '东八区'}, 'exchange_rate_type_info': {'exchange_rate_type_id': 2000001, 'exchange_rate_type_code': 'HR', 'exchange_rate_type_name': '固定汇率'}, 'tax_type_info': {'tax_type_id': 2002001, 'tax_code': 'CN_PUR_01', 'tax': 13.0, 'taxcate': 'J'}, 'coun_tax_type_info': {'coun_tax_type_id': 2000001, 'tax_type_code': 'TAX_CN', 'tax_type_name': '中国税收类别'}, 'uom_info': {'uom_id': 2000001, 'uom_code': 'PC', 'uom_type': 'QTY', 'uom_desc': '个'}, 'bank_info': {'bank_id': 1000001, 'bank_code': 'HB', 'bank_name': '湖北银行', 'bank_mne_code': None}, 'work_calendar_info': {'wc_id': 2001004, 'wc_head_code': 'GZRL001', 'wc_head_name': '标准工作日历', 'enable_status': 'ENABLED'}, 'calendar_info': {'calendar_id': 14014001, 'calendar_code': '2024Y', 'calendar_name': '勿删勿改-标准会计期间', 'status': 'ENABLED'}, 'employee_info': {'id': 14082001, 'name': 'admin'}, 'sales_channel_info': {'id': 14378001, 'code': 'AUTOTEST_SLS_DC_ORG', 'name': '销售渠道(自动化)'}, 'so_type_info': {'id': 2101001, 'so_type_code': 'STND', 'so_type_name': '标准销售'}}, 'org_info': {'group_org_info': {'id': 14507001, 'org_code': 'AUTOTEST_GR_ORG', 'org_name': '集团(自动化)', 'org_status': 'ENABLED', 'org_dimension_code': 'SCM_ORG_GRP', 'org_business_type_code': None}, 'adm_org_info': {'id': 14432002, 'org_code': 'AUTOTEST_ADM_ORG', 'org_name': '行政组织(自动化)', 'org_status': 'ENABLED', 'org_dimension_code': 'ADM_ORG_GRP', 'org_business_type_codes': '["ADM_ORG"]'}, 'com_org_info': {'id': 14373001, 'org_code': 'AUTOTEST_COM_ORG', 'org_name': '公司组织(自动化)', 'org_status': 'ENABLED', 'org_dimension_code': 'SCM_ORG_GRP', 'org_business_type_code': 'COM_ORG'}, 'pur_org_info': {'id': 14376001, 'org_code': 'AUTOTEST_PUR_ORG', 'org_name': '采购组织(自动化)', 'org_status': 'ENABLED', 'org_dimension_code': 'SCM_ORG_GRP', 'org_business_type_code': 'PUR_ORG'}, 'inv_org_info': {'id': 14375002, 'org_code': 'AUTOTEST_INV_ORG', 'org_name': '库存组织(自动化)', 'org_status': 'ENABLED', 'org_dimension_code': 'SCM_ORG_GRP', 'org_business_type_code': 'INV_ORG'}, 'sls_org_info': {'id': 14377001, 'org_code': 'AUTOTEST_SLS_ORG', 'org_name': '销售组织(自动化)', 'org_status': 'ENABLED', 'org_dimension_code': 'SCM_ORG_GRP', 'org_business_type_code': 'SLS_ORG'}, 'dept_org_info': {'id': 14420004}, 'pln_org_info': {'id': 88884}}, 'partner_info': {'cust_tax_type_info': {'cust_tax_type_id': 2000001, 'tax_class_code': 'SMB', 'tax_class_desc': '小规模纳税人'}, 'vend_info': {'id': 2058001, 'code': 'AUTOTEST_VEND', 'name': '供应商(自动化)', 'status': 'ENABLED'}, 'cust_info': {'id': 2059001, 'code': 'AUTOTEST_CUST', 'name': '客户(自动化)', 'status': 'ENABLED'}}, 'material_info': {'mat_tax_type_info': {'mat_tax_type_id': 2001001, 'tax_class_code': 'NORM', 'tax_class_desc': '销售或者进口货物'}, 'inv_loc_info': {'id': 14376002, 'org_code': 'AUTOTEST_INV_LOC_ORG', 'org_name': '库存地点(自动化)', 'org_status': 'ENABLED', 'org_dimension_code': 'SCM_ORG_GRP', 'org_business_type_code': 'INV_LOC'}, 'atp_group_info': {'id': 2000001}, 'inv_type_info': {'id': 2000001, 'name': '非限制', 'code': '10'}}}
2025-04-21 11:09:18|LogUtil.info line:33| 测试类初始化完成
2025-04-21 11:09:18|LogUtil.info line:33| 初始化渲染数量: 31
2025-04-21 11:09:18|LogUtil.info line:33| 测试类初始化完成
2025-04-21 11:09:18|base_test.setup_method line:116| 开始测试: test_01_init_sales_order
2025-04-21 11:09:18|base_test._make_request line:135| 发送请求: 销售订单创建初始化
2025-04-21 11:09:18|LogUtil.info line:33| 销售订单创建初始化测试通过
2025-04-21 11:09:18|base_test.setup_method line:116| 开始测试: test_02_query_customer_info
2025-04-21 11:09:19|base_test._make_request line:135| 发送请求: 查询客户信息
2025-04-21 11:09:19|LogUtil.info line:33| 客户信息查询测试通过
2025-04-21 11:09:19|base_test.setup_method line:116| 开始测试: test_03_query_partner
2025-04-21 11:09:19|base_test._make_request line:135| 发送请求: 查询相关方
2025-04-21 11:09:19|LogUtil.info line:33| 相关方查询测试通过
2025-04-21 11:09:19|base_test.setup_method line:116| 开始测试: test_04_query_sales_organization
2025-04-21 11:09:19|base_test._make_request line:135| 发送请求: 查询销售组织列表
2025-04-21 11:09:19|test_01_create.test_04_query_sales_organization line:139| 销售组织列表查询测试通过: {'orgCode': 'AUTOTEST_SLS_ORG', 'orgName': '销售组织(自动化)', 'orgStatus': 'ENABLED', 'orgBusinessTypeCode': None, 'comOrgId': {'id': 14507001}, 'id': 14579001}
2025-04-21 11:09:19|LogUtil.info line:33| 销售组织列表查询测试通过
2025-04-21 11:09:19|base_test.setup_method line:116| 开始测试: test_05_query_materials
2025-04-21 11:09:19|base_test._make_request line:135| 发送请求: 查询物料列表
2025-04-21 11:09:19|LogUtil.info line:33| 物料列表查询测试通过
2025-04-21 11:09:19|base_test.setup_method line:116| 开始测试: test_06_render_order_line
2025-04-21 11:09:19|base_test._make_request line:135| 发送请求: 查询物料列表
2025-04-21 11:09:19|LogUtil.info line:33| 物料列表查询测试通过
2025-04-21 11:09:19|base_test._make_request line:135| 发送请求: 订单行渲染
2025-04-21 11:09:19|LogUtil.info line:33| 订单行渲染测试通过
2025-04-21 11:09:19|base_test.setup_method line:116| 开始测试: test_07_calculate_pricing
2025-04-21 11:09:19|base_test._make_request line:135| 发送请求: 销售订单创建初始化
2025-04-21 11:09:20|LogUtil.info line:33| 销售订单创建初始化测试通过
2025-04-21 11:09:20|base_test._make_request line:135| 发送请求: 查询客户信息
2025-04-21 11:09:20|LogUtil.info line:33| 客户信息查询测试通过
2025-04-21 11:09:20|base_test._make_request line:135| 发送请求: 查询销售组织列表
2025-04-21 11:09:20|test_01_create.test_04_query_sales_organization line:139| 销售组织列表查询测试通过: {'orgCode': 'AUTOTEST_SLS_ORG', 'orgName': '销售组织(自动化)', 'orgStatus': 'ENABLED', 'orgBusinessTypeCode': None, 'comOrgId': {'id': 14507001}, 'id': 14579001}
2025-04-21 11:09:20|LogUtil.info line:33| 销售组织列表查询测试通过
2025-04-21 11:09:20|base_test._make_request line:135| 发送请求: 自动定价
2025-04-21 11:09:20|LogUtil.info line:33| 自动定价测试通过
2025-04-21 11:09:20|base_test.setup_method line:116| 开始测试: test_08_save_sales_order
2025-04-21 11:09:20|base_test._make_request line:135| 发送请求: 查询物料列表
2025-04-21 11:09:20|LogUtil.info line:33| 物料列表查询测试通过
2025-04-21 11:09:20|base_test._make_request line:135| 发送请求: 订单行渲染
2025-04-21 11:09:20|LogUtil.info line:33| 订单行渲染测试通过
2025-04-21 11:09:20|base_test._make_request line:135| 发送请求: 销售订单创建初始化
2025-04-21 11:09:20|LogUtil.info line:33| 销售订单创建初始化测试通过
2025-04-21 11:09:20|base_test._make_request line:135| 发送请求: 查询客户信息
2025-04-21 11:09:20|LogUtil.info line:33| 客户信息查询测试通过
2025-04-21 11:09:20|base_test._make_request line:135| 发送请求: 查询销售组织列表
2025-04-21 11:09:20|test_01_create.test_04_query_sales_organization line:139| 销售组织列表查询测试通过: {'orgCode': 'AUTOTEST_SLS_ORG', 'orgName': '销售组织(自动化)', 'orgStatus': 'ENABLED', 'orgBusinessTypeCode': None, 'comOrgId': {'id': 14507001}, 'id': 14579001}
2025-04-21 11:09:20|LogUtil.info line:33| 销售组织列表查询测试通过
2025-04-21 11:09:20|base_test._make_request line:135| 发送请求: 自动定价
2025-04-21 11:09:20|LogUtil.info line:33| 自动定价测试通过
2025-04-21 11:09:20|base_test._make_request line:135| 发送请求: 保存销售订单
2025-04-21 11:09:21|test_01_create.test_08_save_sales_order line:304| 销售订单保存成功，订单ID: 16377005
2025-04-21 11:09:21|base_test.setup_method line:116| 开始测试: test_09_submit_sales_order
2025-04-21 11:09:21|base_test._make_request line:135| 发送请求: 查询物料列表
2025-04-21 11:09:21|LogUtil.info line:33| 物料列表查询测试通过
2025-04-21 11:09:21|base_test._make_request line:135| 发送请求: 订单行渲染
2025-04-21 11:09:21|LogUtil.info line:33| 订单行渲染测试通过
2025-04-21 11:09:21|base_test._make_request line:135| 发送请求: 销售订单创建初始化
2025-04-21 11:09:21|LogUtil.info line:33| 销售订单创建初始化测试通过
2025-04-21 11:09:21|base_test._make_request line:135| 发送请求: 查询客户信息
2025-04-21 11:09:21|LogUtil.info line:33| 客户信息查询测试通过
2025-04-21 11:09:21|base_test._make_request line:135| 发送请求: 查询销售组织列表
2025-04-21 11:09:21|test_01_create.test_04_query_sales_organization line:139| 销售组织列表查询测试通过: {'orgCode': 'AUTOTEST_SLS_ORG', 'orgName': '销售组织(自动化)', 'orgStatus': 'ENABLED', 'orgBusinessTypeCode': None, 'comOrgId': {'id': 14507001}, 'id': 14579001}
2025-04-21 11:09:21|LogUtil.info line:33| 销售组织列表查询测试通过
2025-04-21 11:09:21|base_test._make_request line:135| 发送请求: 自动定价
2025-04-21 11:09:21|LogUtil.info line:33| 自动定价测试通过
2025-04-21 11:09:21|base_test._make_request line:135| 发送请求: 销售订单保存并提交
2025-04-21 11:09:22|test_01_create.test_09_submit_sales_order line:329| 销售订单提交成功
2025-04-21 11:09:22|MysqlUtil.__init__ line:42| 数据库管理器初始化完成，运行时模式: False
2025-04-21 11:09:22|MysqlUtil.__init__ line:42| 数据库管理器初始化完成，运行时模式: False
2025-04-21 11:09:22|LogUtil.info line:33| 内存缓存命中：使用缓存的SCM初始化数据
2025-04-21 11:09:22|base_test.setup_class line:49| 初始化数据: {'user_info': {'id': 540175374525637, 'username': 'zhangang', 'mobile': '17376596912', 'nickname': '章昂'}, 'base_info': {'user_info': {'id': 540175374525637, 'username': 'zhangang', 'mobile': '17376596912', 'nickname': '章昂'}, 'country_info': {'coun_id': 14037001, 'coun_code': 'CHINA', 'coun_name': '中国'}, 'currency_info': {'curr_id': 2000001, 'curr_code': 'CNY', 'curr_name': '人民币'}, 'language_info': {'language_id': 2000001, 'language_code': 'CHINESE', 'language_name': '中文'}, 'timezone_info': {'timezone_id': 2000001, 'timezone_code': 'UTC-8', 'timezone_desc': '东八区'}, 'exchange_rate_type_info': {'exchange_rate_type_id': 2000001, 'exchange_rate_type_code': 'HR', 'exchange_rate_type_name': '固定汇率'}, 'tax_type_info': {'tax_type_id': 2002001, 'tax_code': 'CN_PUR_01', 'tax': 13.0, 'taxcate': 'J'}, 'coun_tax_type_info': {'coun_tax_type_id': 2000001, 'tax_type_code': 'TAX_CN', 'tax_type_name': '中国税收类别'}, 'uom_info': {'uom_id': 2000001, 'uom_code': 'PC', 'uom_type': 'QTY', 'uom_desc': '个'}, 'bank_info': {'bank_id': 1000001, 'bank_code': 'HB', 'bank_name': '湖北银行', 'bank_mne_code': None}, 'work_calendar_info': {'wc_id': 2001004, 'wc_head_code': 'GZRL001', 'wc_head_name': '标准工作日历', 'enable_status': 'ENABLED'}, 'calendar_info': {'calendar_id': 14014001, 'calendar_code': '2024Y', 'calendar_name': '勿删勿改-标准会计期间', 'status': 'ENABLED'}, 'employee_info': {'id': 14082001, 'name': 'admin'}, 'sales_channel_info': {'id': 14378001, 'code': 'AUTOTEST_SLS_DC_ORG', 'name': '销售渠道(自动化)'}, 'so_type_info': {'id': 2101001, 'so_type_code': 'STND', 'so_type_name': '标准销售'}}, 'org_info': {'group_org_info': {'id': 14507001, 'org_code': 'AUTOTEST_GR_ORG', 'org_name': '集团(自动化)', 'org_status': 'ENABLED', 'org_dimension_code': 'SCM_ORG_GRP', 'org_business_type_code': None}, 'adm_org_info': {'id': 14432002, 'org_code': 'AUTOTEST_ADM_ORG', 'org_name': '行政组织(自动化)', 'org_status': 'ENABLED', 'org_dimension_code': 'ADM_ORG_GRP', 'org_business_type_codes': '["ADM_ORG"]'}, 'com_org_info': {'id': 14373001, 'org_code': 'AUTOTEST_COM_ORG', 'org_name': '公司组织(自动化)', 'org_status': 'ENABLED', 'org_dimension_code': 'SCM_ORG_GRP', 'org_business_type_code': 'COM_ORG'}, 'pur_org_info': {'id': 14376001, 'org_code': 'AUTOTEST_PUR_ORG', 'org_name': '采购组织(自动化)', 'org_status': 'ENABLED', 'org_dimension_code': 'SCM_ORG_GRP', 'org_business_type_code': 'PUR_ORG'}, 'inv_org_info': {'id': 14375002, 'org_code': 'AUTOTEST_INV_ORG', 'org_name': '库存组织(自动化)', 'org_status': 'ENABLED', 'org_dimension_code': 'SCM_ORG_GRP', 'org_business_type_code': 'INV_ORG'}, 'sls_org_info': {'id': 14377001, 'org_code': 'AUTOTEST_SLS_ORG', 'org_name': '销售组织(自动化)', 'org_status': 'ENABLED', 'org_dimension_code': 'SCM_ORG_GRP', 'org_business_type_code': 'SLS_ORG'}, 'dept_org_info': {'id': 14420004}, 'pln_org_info': {'id': 88884}}, 'partner_info': {'cust_tax_type_info': {'cust_tax_type_id': 2000001, 'tax_class_code': 'SMB', 'tax_class_desc': '小规模纳税人'}, 'vend_info': {'id': 2058001, 'code': 'AUTOTEST_VEND', 'name': '供应商(自动化)', 'status': 'ENABLED'}, 'cust_info': {'id': 2059001, 'code': 'AUTOTEST_CUST', 'name': '客户(自动化)', 'status': 'ENABLED'}}, 'material_info': {'mat_tax_type_info': {'mat_tax_type_id': 2001001, 'tax_class_code': 'NORM', 'tax_class_desc': '销售或者进口货物'}, 'inv_loc_info': {'id': 14376002, 'org_code': 'AUTOTEST_INV_LOC_ORG', 'org_name': '库存地点(自动化)', 'org_status': 'ENABLED', 'org_dimension_code': 'SCM_ORG_GRP', 'org_business_type_code': 'INV_LOC'}, 'atp_group_info': {'id': 2000001}, 'inv_type_info': {'id': 2000001, 'name': '非限制', 'code': '10'}}}
2025-04-21 11:09:22|LogUtil.info line:33| 测试类初始化完成
2025-04-21 11:09:22|base_test.setup_method line:116| 开始测试: test_01_query_orders
2025-04-21 11:09:22|test_02_orderlist_query.setup_method line:39| 已加载通用查询参数
2025-04-21 11:09:22|test_02_orderlist_query.setup_method line:56| 初始化新的测试数据
2025-04-21 11:09:22|test_02_orderlist_query.setup_method line:60| 开始执行测试方法: test_01_query_orders
2025-04-21 11:09:22|test_02_orderlist_query.setup_method line:64| 初始化测试数据完成
2025-04-21 11:09:22|test_02_orderlist_query.test_01_query_orders line:105| 
准备发送请求...
2025-04-21 11:09:22|base_test._make_request line:135| 发送请求: 查询销售订单列表
2025-04-21 11:09:22|test_02_orderlist_query.test_01_query_orders line:135| 
提取的测试数据: {
  "so_code": "SO002093",
  "so_type_id": 2101001,
  "so_status": "EFFECT",
  "sls_org_id": 14579001,
  "cust_id": 2059001,
  "created_by": 540175374525637
}
2025-04-21 11:09:22|test_02_orderlist_query.test_01_query_orders line:139| 
已将测试数据保存到类属性
2025-04-21 11:09:22|base_test.setup_method line:116| 开始测试: test_02_query_orders_by_so_code
2025-04-21 11:09:22|test_02_orderlist_query.setup_method line:46| 使用类属性中的测试数据
2025-04-21 11:09:22|test_02_orderlist_query.setup_method line:60| 开始执行测试方法: test_02_query_orders_by_so_code
2025-04-21 11:09:22|test_02_orderlist_query.setup_method line:64| 初始化测试数据完成
2025-04-21 11:09:22|test_02_orderlist_query.test_02_query_orders_by_so_code line:202| 
准备发送请求...
2025-04-21 11:09:22|test_02_orderlist_query.test_02_query_orders_by_so_code line:203| 查询条件: 订单编号 = SO002093
2025-04-21 11:09:22|base_test._make_request line:135| 发送请求: 按订单编号查询销售订单列表
2025-04-21 11:09:23|test_02_orderlist_query.test_02_query_orders_by_so_code line:207| 
提取的嵌套数据: [
  {
    "soCode": "SO002093",
    "soDocDate": 1745164800000,
    "soExtCode": null,
    "baseCurrId": {
      "id": 2000001
    },
    "slsCurrId": {
      "id": 2000001
    },
    "exchRate": 1.0,
    "grossBaseAmt": 275528.0,
    "netBaseAmt": 243830.088496,
    "taxAmt": 31697.911504,
    "soCreateSource": "TERP门户",
    "slsOrgId": {
      "id": 14579001
    },
    "slsTmId": null,
    "soTypeId": {
      "id": 2101001
    },
    "custId": {
      "id": 2059001
    },
    "custPersonName": "李月汝",
    "custPhone": "18378999655",
    "slsPersonName": "章昂",
    "slsPhone": "17376596912",
    "soStatus": "EFFECT",
    "approveStatus": null,
    "soTitle": null,
    "soDesc": null,
    "soNotes": null,
    "isFixedExchRate": false,
    "slsComId": {
      "id": 14373001
    },
    "priceIdempotent": "491dc81d5ecf1e436fdbfb0416f8585c",
    "freezeType": "NU_FREEZE",
    "soAssociationCode": null,
    "soBusinessStatus": null,
    "bizRuleGroup": null,
    "addrDetail": "佛山市禅城区季华五路28号",
    "currExchangeRateType": {
      "id": 2000001
    },
    "slsDcId": {
      "id": 14378001
    },
    "btClass": "SALES",
    "effectiveAt": null,
    "slsPerson": {
      "id": 14094003
    },
    "reCalculate": null,
    "invOrg": null,
    "invLoc": null,
    "priceCalcDate": 1745204962000,
    "deliveryInterceptFail": null,
    "externalBuyerId": null,
    "addrId": {
      "id": 70002638
    },
    "totalAmt": 275528.0,
    "discountAmt": 0.0,
    "discountInfo": "",
    "platformDiscountAmt": null,
    "merchantDiscountAmt": null,
    "actualPaidAmt": null,
    "freightAmt": null,
    "buyerRemark": null,
    "sellerRemark": null,
    "id": 16377006,
    "createdBy": {
      "id": 540175374525637,
      "username": "zhangang",
      "email": "z**********@163.com",
      "mobile": "173****6912",
      "nickname": "章昂",
      "status": true,
      "avatar": "https://terminus-new-trantor.oss-cn-hangzhou.aliyuncs.com/iam/user/avatar/540175374525637/2025-03-10_14_44_32_7dbc5543-0152-4a67-9901-b7da94c6ba4f_%E5%A4%8D%E6%B4%BB%E5%B2%9B%E5%B7%A8%E4%BA%BA%E5%83%8F.png"
    },
    "updatedBy": {
      "id": 540175374525637,
      "username": "zhangang",
      "email": "z**********@163.com",
      "mobile": "173****6912",
      "nickname": "章昂",
      "status": true,
      "avatar": "https://terminus-new-trantor.oss-cn-hangzhou.aliyuncs.com/iam/user/avatar/540175374525637/2025-03-10_14_44_32_7dbc5543-0152-4a67-9901-b7da94c6ba4f_%E5%A4%8D%E6%B4%BB%E5%B2%9B%E5%B7%A8%E4%BA%BA%E5%83%8F.png"
    },
    "createdAt": 1745204962000,
    "updatedAt": 1745204963000,
    "version": 2,
    "deleted": 0,
    "originOrgId": 0,
    "soItems": [
      {
        "soId": {
          "id": 16377006
        },
        "id": 16299010
      }
    ]
  }
]
2025-04-21 11:09:23|test_02_orderlist_query.test_02_query_orders_by_so_code line:216| 
成功查询到 1 条匹配的订单数据
2025-04-21 11:09:23|base_test.setup_method line:116| 开始测试: test_03_query_orders_by_status
2025-04-21 11:09:23|test_02_orderlist_query.setup_method line:46| 使用类属性中的测试数据
2025-04-21 11:09:23|test_02_orderlist_query.setup_method line:60| 开始执行测试方法: test_03_query_orders_by_status
2025-04-21 11:09:23|test_02_orderlist_query.setup_method line:64| 初始化测试数据完成
2025-04-21 11:09:23|test_02_orderlist_query.test_03_query_orders_by_status line:304| 
准备发送请求...
2025-04-21 11:09:23|test_02_orderlist_query.test_03_query_orders_by_status line:305| 查询条件: 订单状态 = DRAFT
2025-04-21 11:09:23|base_test._make_request line:135| 发送请求: 按单据状态 DRAFT 查询销售订单列表
2025-04-21 11:09:23|test_02_orderlist_query.test_03_query_orders_by_status line:309| 
收到完整响应: {
  "requestId": "39c059b4-983183",
  "success": true,
  "data": {
    "data": {
      "data": [
        {
          "soCode": "SO002091",
          "soDocDate": 1745164800000,
          "soExtCode": null,
          "baseCurrId": {
            "id": 2000001
          },
          "slsCurrId": {
            "id": 2000001
          },
          "exchRate": 1.0,
          "grossBaseAmt": 275528.0,
          "netBaseAmt": 243830.088496,
          "taxAmt": 31697.911504,
          "soCreateSource": "TERP门户",
          "slsOrgId": {
            "id": 14579001
          },
          "slsTmId": null,
          "soTypeId": {
            "id": 2101001
          },
          "custId": {
            "id": 2059001
          },
          "custPersonName": "李月汝",
          "custPhone": "18378999655",
          "slsPersonName": "章昂",
          "slsPhone": "17376596912",
          "soStatus": "DRAFT",
          "approveStatus": null,
          "soTitle": null,
          "soDesc": null,
          "soNotes": null,
          "isFixedExchRate": false,
          "slsComId": {
            "id": 14373001
          },
          "priceIdempotent": "5bde42a651500f38fde11fbe19359702",
          "freezeType": "NU_FREEZE",
          "soAssociationCode": null,
          "soBusinessStatus": null,
          "bizRuleGroup": null,
          "addrDetail": "佛山市禅城区季华五路28号",
          "currExchangeRateType": {
            "id": 2000001
          },
          "slsDcId": {
            "id": 14378001
          },
          "btClass": "SALES",
          "effectiveAt": null,
          "slsPerson": {
            "id": 14094003
          },
          "reCalculate": null,
          "invOrg": null,
          "invLoc": null,
          "priceCalcDate": 1745204961000,
          "deliveryInterceptFail": null,
          "externalBuyerId": null,
          "addrId": {
            "id": 70002638
          },
          "totalAmt": 275528.0,
          "discountAmt": 0.0,
          "discountInfo": "",
          "platformDiscountAmt": null,
          "merchantDiscountAmt": null,
          "actualPaidAmt": null,
          "freightAmt": null,
          "buyerRemark": null,
          "sellerRemark": null,
          "id": 16377005,
          "createdBy": {
            "id": 540175374525637,
            "username": "zhangang",
            "email": "z**********@163.com",
            "mobile": "173****6912",
            "nickname": "章昂",
            "status": true,
            "avatar": "https://terminus-new-trantor.oss-cn-hangzhou.aliyuncs.com/iam/user/avatar/540175374525637/2025-03-10_14_44_32_7dbc5543-0152-4a67-9901-b7da94c6ba4f_%E5%A4%8D%E6%B4%BB%E5%B2%9B%E5%B7%A8%E4%BA%BA%E5%83%8F.png"
          },
          "updatedBy": {
            "id": 540175374525637,
            "username": "zhangang",
            "email": "z**********@163.com",
            "mobile": "173****6912",
            "nickname": "章昂",
            "status": true,
            "avatar": "https://terminus-new-trantor.oss-cn-hangzhou.aliyuncs.com/iam/user/avatar/540175374525637/2025-03-10_14_44_32_7dbc5543-0152-4a67-9901-b7da94c6ba4f_%E5%A4%8D%E6%B4%BB%E5%B2%9B%E5%B7%A8%E4%BA%BA%E5%83%8F.png"
          },
          "createdAt": 1745204961000,
          "updatedAt": 1745204961000,
          "version": 1,
          "deleted": 0,
          "originOrgId": 0,
          "soItems": [
            {
              "soId": {
                "id": 16377005
              },
              "id": 16299009
            }
          ]
        },
        {
          "soCode": "SO002052",
          "soDocDate": 1744970103000,
          "soExtCode": null,
          "baseCurrId": {
            "id": 2000001
          },
          "slsCurrId": {
            "id": 2000001
          },
          "exchRate": 1.0,
          "grossBaseAmt": 99.0,
          "netBaseAmt": 87.610619,
          "taxAmt": 11.389381,
          "soCreateSource": "TERP门户",
          "slsOrgId": {
            "id": 14139002
          },
          "slsTmId": null,
          "soTypeId": {
            "id": 2101001
          },
          "custId": {
            "id": 2059001
          },
          "custPersonName": "李月汝",
          "custPhone": "18378999655",
          "slsPersonName": "侯新雨",
          "slsPhone": "15825540081",
          "soStatus": "DRAFT",
          "approveStatus": null,
          "soTitle": null,
          "soDesc": null,
          "soNotes": null,
          "isFixedExchRate": false,
          "slsComId": {
            "id": 14139001
          },
          "priceIdempotent": "b871653015e1f45400f03fd53b350081",
          "freezeType": "NU_FREEZE",
          "soAssociationCode": null,
          "soBusinessStatus": "INIT",
          "bizRuleGroup": null,
          "addrDetail": "佛山市禅城区季华五路28号",
          "currExchangeRateType": {
            "id": 2000001
          },
          "slsDcId": {
            "id": 2001001
          },
          "btClass": "SALES",
          "effectiveAt": null,
          "slsPerson": {
            "id": 14123089
          },
          "reCalculate": null,
          "invOrg": null,
          "invLoc": null,
          "priceCalcDate": 1744956599000,
          "deliveryInterceptFail": null,
          "externalBuyerId": null,
          "addrId": {
            "id": 70002638
          },
          "totalAmt": 99.0,
          "discountAmt": null,
          "discountInfo": null,
          "platformDiscountAmt": null,
          "merchantDiscountAmt": null,
          "actualPaidAmt": null,
          "freightAmt": null,
          "buyerRemark": null,
          "sellerRemark": null,
          "id": 16375013,
          "createdBy": {
            "id": 540175374525637,
            "username": "zhangang",
            "email": "z**********@163.com",
            "mobile": "173****6912",
            "nickname": "章昂",
            "status": true,
            "avatar": "https://terminus-new-trantor.oss-cn-hangzhou.aliyuncs.com/iam/user/avatar/540175374525637/2025-03-10_14_44_32_7dbc5543-0152-4a67-9901-b7da94c6ba4f_%E5%A4%8D%E6%B4%BB%E5%B2%9B%E5%B7%A8%E4%BA%BA%E5%83%8F.png"
          },
          "updatedBy": {
            "id": 540175374525637,
            "username": "zhangang",
            "email": "z**********@163.com",
            "mobile": "173****6912",
            "nickname": "章昂",
            "status": true,
            "avatar": "https://terminus-new-trantor.oss-cn-hangzhou.aliyuncs.com/iam/user/avatar/540175374525637/2025-03-10_14_44_32_7dbc5543-0152-4a67-9901-b7da94c6ba4f_%E5%A4%8D%E6%B4%BB%E5%B2%9B%E5%B7%A8%E4%BA%BA%E5%83%8F.png"
          },
          "createdAt": 1744970103000,
          "updatedAt": 1744970119000,
          "version": 6,
          "deleted": 0,
          "originOrgId": 0,
          "slsPartnerLinks": [
            {
              "soId": {
                "id": 16375013
              },
              "id": 16219013
            }
          ],
          "soItems": [
            {
              "soId": {
                "id": 16375013
              },
              "id": 16297014
            },
            {
              "soId": {
                "id": 16375013
              },
              "id": 16297013
            },
            {
              "soId": {
                "id": 16375013
              },
              "id": 16297015
            }
          ]
        },
        {
          "soCode": "SO001911",
          "soDocDate": 1744905600000,
          "soExtCode": null,
          "baseCurrId": {
            "id": 2000001
          },
          "slsCurrId": {
            "id": 2000001
          },
          "exchRate": 1.0,
          "grossBaseAmt": 17776.0,
          "netBaseAmt": 15730.973451,
          "taxAmt": 2045.026549,
          "soCreateSource": "TERP门户",
          "slsOrgId": {
            "id": 14579001
          },
          "slsTmId": null,
          "soTypeId": {
            "id": 2101001
          },
          "custId": {
            "id": 2059001
          },
          "custPersonName": "李月汝",
          "custPhone": "18378999655",
          "slsPersonName": "章昂",
          "slsPhone": "17376596912",
          "soStatus": "DRAFT",
          "approveStatus": null,
          "soTitle": null,
          "soDesc": null,
          "soNotes": null,
          "isFixedExchRate": false,
          "slsComId": {
            "id": 14373001
          },
          "priceIdempotent": "f60c4b1c0600d1638ce4a59094b92075",
          "freezeType": "NU_FREEZE",
          "soAssociationCode": null,
          "soBusinessStatus": null,
          "bizRuleGroup": null,
          "addrDetail": "佛山市禅城区季华五路28号",
          "currExchangeRateType": {
            "id": 2000001
          },
          "slsDcId": {
            "id": 14378001
          },
          "btClass": "SALES",
          "effectiveAt": null,
          "slsPerson": {
            "id": 14094003
          },
          "reCalculate": null,
          "invOrg": null,
          "invLoc": null,
          "priceCalcDate": 1744955538000,
          "deliveryInterceptFail": null,
          "externalBuyerId": null,
          "addrId": {
            "id": 70002638
          },
          "totalAmt": 17776.0,
          "discountAmt": null,
          "discountInfo": null,
          "platformDiscountAmt": null,
          "merchantDiscountAmt": null,
          "actualPaidAmt": null,
          "freightAmt": null,
          "buyerRemark": null,
          "sellerRemark": null,
          "id": 16373003,
          "createdBy": {
            "id": 540175374525637,
            "username": "zhangang",
            "email": "z**********@163.com",
            "mobile": "173****6912",
            "nickname": "章昂",
            "status": true,
            "avatar": "https://terminus-new-trantor.oss-cn-hangzhou.aliyuncs.com/iam/user/avatar/540175374525637/2025-03-10_14_44_32_7dbc5543-0152-4a67-9901-b7da94c6ba4f_%E5%A4%8D%E6%B4%BB%E5%B2%9B%E5%B7%A8%E4%BA%BA%E5%83%8F.png"
          },
          "updatedBy": {
            "id": 540175374525637,
            "username": "zhangang",
            "email": "z**********@163.com",
            "mobile": "173****6912",
            "nickname": "章昂",
            "status": true,
            "avatar": "https://terminus-new-trantor.oss-cn-hangzhou.aliyuncs.com/iam/user/avatar/540175374525637/2025-03-10_14_44_32_7dbc5543-0152-4a67-9901-b7da94c6ba4f_%E5%A4%8D%E6%B4%BB%E5%B2%9B%E5%B7%A8%E4%BA%BA%E5%83%8F.png"
          },
          "createdAt": 1744955539000,
          "updatedAt": 1744955539000,
          "version": 1,
          "deleted": 0,
          "originOrgId": 0,
          "soItems": [
            {
              "soId": {
                "id": 16373003
              },
              "id": 16295003
            }
          ]
        },
        {
          "soCode": "SO001906",
          "soDocDate": 1744905600000,
          "soExtCode": null,
          "baseCurrId": {
            "id": 2000001
          },
          "slsCurrId": {
            "id": 2000001
          },
          "exchRate": 1.0,
          "grossBaseAmt": 17776.0,
          "netBaseAmt": 15730.973451,
          "taxAmt": 2045.026549,
          "soCreateSource": "TERP门户",
          "slsOrgId": {
            "id": 14579001
          },
          "slsTmId": null,
          "soTypeId": {
            "id": 2101001
          },
          "custId": {
            "id": 2059001
          },
          "custPersonName": "李月汝",
          "custPhone": "18378999655",
          "slsPersonName": "章昂",
          "slsPhone": "17376596912",
          "soStatus": "DRAFT",
          "approveStatus": null,
          "soTitle": null,
          "soDesc": null,
          "soNotes": null,
          "isFixedExchRate": false,
          "slsComId": {
            "id": 14373001
          },
          "priceIdempotent": "8580e254c7d6312754cd2d6d535a6439",
          "freezeType": "NU_FREEZE",
          "soAssociationCode": null,
          "soBusinessStatus": "INIT",
          "bizRuleGroup": null,
          "addrDetail": "佛山市禅城区季华五路28号",
          "currExchangeRateType": {
            "id": 2000001
          },
          "slsDcId": {
            "id": 14378001
          },
          "btClass": "SALES",
          "effectiveAt": null,
          "slsPerson": {
            "id": 14094003
          },
          "reCalculate": null,
          "invOrg": null,
          "invLoc": null,
          "priceCalcDate": 1744955522000,
          "deliveryInterceptFail": null,
          "externalBuyerId": null,
          "addrId": {
            "id": 70002638
          },
          "totalAmt": 17776.0,
          "discountAmt": null,
          "discountInfo": null,
          "platformDiscountAmt": null,
          "merchantDiscountAmt": null,
          "actualPaidAmt": null,
          "freightAmt": null,
          "buyerRemark": null,
          "sellerRemark": null,
          "id": 16373001,
          "createdBy": {
            "id": 540175374525637,
            "username": "zhangang",
            "email": "z**********@163.com",
            "mobile": "173****6912",
            "nickname": "章昂",
            "status": true,
            "avatar": "https://terminus-new-trantor.oss-cn-hangzhou.aliyuncs.com/iam/user/avatar/540175374525637/2025-03-10_14_44_32_7dbc5543-0152-4a67-9901-b7da94c6ba4f_%E5%A4%8D%E6%B4%BB%E5%B2%9B%E5%B7%A8%E4%BA%BA%E5%83%8F.png"
          },
          "updatedBy": {
            "id": 540175374525637,
            "username": "zhangang",
            "email": "z**********@163.com",
            "mobile": "173****6912",
            "nickname": "章昂",
            "status": true,
            "avatar": "https://terminus-new-trantor.oss-cn-hangzhou.aliyuncs.com/iam/user/avatar/540175374525637/2025-03-10_14_44_32_7dbc5543-0152-4a67-9901-b7da94c6ba4f_%E5%A4%8D%E6%B4%BB%E5%B2%9B%E5%B7%A8%E4%BA%BA%E5%83%8F.png"
          },
          "createdAt": 1744955523000,
          "updatedAt": 1744967790000,
          "version": 56,
          "deleted": 0,
          "originOrgId": 0,
          "soItems": [
            {
              "soId": {
                "id": 16373001
              },
              "id": 16295001
            }
          ]
        }
      ],
      "total": 4
    }
  }
}
2025-04-21 11:09:23|base_test._make_request line:135| 发送请求: 按单据状态 DRAFT 查询销售订单列表
2025-04-21 11:09:23|test_02_orderlist_query.test_03_query_orders_by_status line:313| 
提取的嵌套数据: [
  {
    "soCode": "SO002091",
    "soDocDate": 1745164800000,
    "soExtCode": null,
    "baseCurrId": {
      "id": 2000001
    },
    "slsCurrId": {
      "id": 2000001
    },
    "exchRate": 1.0,
    "grossBaseAmt": 275528.0,
    "netBaseAmt": 243830.088496,
    "taxAmt": 31697.911504,
    "soCreateSource": "TERP门户",
    "slsOrgId": {
      "id": 14579001
    },
    "slsTmId": null,
    "soTypeId": {
      "id": 2101001
    },
    "custId": {
      "id": 2059001
    },
    "custPersonName": "李月汝",
    "custPhone": "18378999655",
    "slsPersonName": "章昂",
    "slsPhone": "17376596912",
    "soStatus": "DRAFT",
    "approveStatus": null,
    "soTitle": null,
    "soDesc": null,
    "soNotes": null,
    "isFixedExchRate": false,
    "slsComId": {
      "id": 14373001
    },
    "priceIdempotent": "5bde42a651500f38fde11fbe19359702",
    "freezeType": "NU_FREEZE",
    "soAssociationCode": null,
    "soBusinessStatus": null,
    "bizRuleGroup": null,
    "addrDetail": "佛山市禅城区季华五路28号",
    "currExchangeRateType": {
      "id": 2000001
    },
    "slsDcId": {
      "id": 14378001
    },
    "btClass": "SALES",
    "effectiveAt": null,
    "slsPerson": {
      "id": 14094003
    },
    "reCalculate": null,
    "invOrg": null,
    "invLoc": null,
    "priceCalcDate": 1745204961000,
    "deliveryInterceptFail": null,
    "externalBuyerId": null,
    "addrId": {
      "id": 70002638
    },
    "totalAmt": 275528.0,
    "discountAmt": 0.0,
    "discountInfo": "",
    "platformDiscountAmt": null,
    "merchantDiscountAmt": null,
    "actualPaidAmt": null,
    "freightAmt": null,
    "buyerRemark": null,
    "sellerRemark": null,
    "id": 16377005,
    "createdBy": {
      "id": 540175374525637,
      "username": "zhangang",
      "email": "z**********@163.com",
      "mobile": "173****6912",
      "nickname": "章昂",
      "status": true,
      "avatar": "https://terminus-new-trantor.oss-cn-hangzhou.aliyuncs.com/iam/user/avatar/540175374525637/2025-03-10_14_44_32_7dbc5543-0152-4a67-9901-b7da94c6ba4f_%E5%A4%8D%E6%B4%BB%E5%B2%9B%E5%B7%A8%E4%BA%BA%E5%83%8F.png"
    },
    "updatedBy": {
      "id": 540175374525637,
      "username": "zhangang",
      "email": "z**********@163.com",
      "mobile": "173****6912",
      "nickname": "章昂",
      "status": true,
      "avatar": "https://terminus-new-trantor.oss-cn-hangzhou.aliyuncs.com/iam/user/avatar/540175374525637/2025-03-10_14_44_32_7dbc5543-0152-4a67-9901-b7da94c6ba4f_%E5%A4%8D%E6%B4%BB%E5%B2%9B%E5%B7%A8%E4%BA%BA%E5%83%8F.png"
    },
    "createdAt": 1745204961000,
    "updatedAt": 1745204961000,
    "version": 1,
    "deleted": 0,
    "originOrgId": 0,
    "soItems": [
      {
        "soId": {
          "id": 16377005
        },
        "id": 16299009
      }
    ]
  },
  {
    "soCode": "SO002052",
    "soDocDate": 1744970103000,
    "soExtCode": null,
    "baseCurrId": {
      "id": 2000001
    },
    "slsCurrId": {
      "id": 2000001
    },
    "exchRate": 1.0,
    "grossBaseAmt": 99.0,
    "netBaseAmt": 87.610619,
    "taxAmt": 11.389381,
    "soCreateSource": "TERP门户",
    "slsOrgId": {
      "id": 14139002
    },
    "slsTmId": null,
    "soTypeId": {
      "id": 2101001
    },
    "custId": {
      "id": 2059001
    },
    "custPersonName": "李月汝",
    "custPhone": "18378999655",
    "slsPersonName": "侯新雨",
    "slsPhone": "15825540081",
    "soStatus": "DRAFT",
    "approveStatus": null,
    "soTitle": null,
    "soDesc": null,
    "soNotes": null,
    "isFixedExchRate": false,
    "slsComId": {
      "id": 14139001
    },
    "priceIdempotent": "b871653015e1f45400f03fd53b350081",
    "freezeType": "NU_FREEZE",
    "soAssociationCode": null,
    "soBusinessStatus": "INIT",
    "bizRuleGroup": null,
    "addrDetail": "佛山市禅城区季华五路28号",
    "currExchangeRateType": {
      "id": 2000001
    },
    "slsDcId": {
      "id": 2001001
    },
    "btClass": "SALES",
    "effectiveAt": null,
    "slsPerson": {
      "id": 14123089
    },
    "reCalculate": null,
    "invOrg": null,
    "invLoc": null,
    "priceCalcDate": 1744956599000,
    "deliveryInterceptFail": null,
    "externalBuyerId": null,
    "addrId": {
      "id": 70002638
    },
    "totalAmt": 99.0,
    "discountAmt": null,
    "discountInfo": null,
    "platformDiscountAmt": null,
    "merchantDiscountAmt": null,
    "actualPaidAmt": null,
    "freightAmt": null,
    "buyerRemark": null,
    "sellerRemark": null,
    "id": 16375013,
    "createdBy": {
      "id": 540175374525637,
      "username": "zhangang",
      "email": "z**********@163.com",
      "mobile": "173****6912",
      "nickname": "章昂",
      "status": true,
      "avatar": "https://terminus-new-trantor.oss-cn-hangzhou.aliyuncs.com/iam/user/avatar/540175374525637/2025-03-10_14_44_32_7dbc5543-0152-4a67-9901-b7da94c6ba4f_%E5%A4%8D%E6%B4%BB%E5%B2%9B%E5%B7%A8%E4%BA%BA%E5%83%8F.png"
    },
    "updatedBy": {
      "id": 540175374525637,
      "username": "zhangang",
      "email": "z**********@163.com",
      "mobile": "173****6912",
      "nickname": "章昂",
      "status": true,
      "avatar": "https://terminus-new-trantor.oss-cn-hangzhou.aliyuncs.com/iam/user/avatar/540175374525637/2025-03-10_14_44_32_7dbc5543-0152-4a67-9901-b7da94c6ba4f_%E5%A4%8D%E6%B4%BB%E5%B2%9B%E5%B7%A8%E4%BA%BA%E5%83%8F.png"
    },
    "createdAt": 1744970103000,
    "updatedAt": 1744970119000,
    "version": 6,
    "deleted": 0,
    "originOrgId": 0,
    "slsPartnerLinks": [
      {
        "soId": {
          "id": 16375013
        },
        "id": 16219013
      }
    ],
    "soItems": [
      {
        "soId": {
          "id": 16375013
        },
        "id": 16297014
      },
      {
        "soId": {
          "id": 16375013
        },
        "id": 16297013
      },
      {
        "soId": {
          "id": 16375013
        },
        "id": 16297015
      }
    ]
  },
  {
    "soCode": "SO001911",
    "soDocDate": 1744905600000,
    "soExtCode": null,
    "baseCurrId": {
      "id": 2000001
    },
    "slsCurrId": {
      "id": 2000001
    },
    "exchRate": 1.0,
    "grossBaseAmt": 17776.0,
    "netBaseAmt": 15730.973451,
    "taxAmt": 2045.026549,
    "soCreateSource": "TERP门户",
    "slsOrgId": {
      "id": 14579001
    },
    "slsTmId": null,
    "soTypeId": {
      "id": 2101001
    },
    "custId": {
      "id": 2059001
    },
    "custPersonName": "李月汝",
    "custPhone": "18378999655",
    "slsPersonName": "章昂",
    "slsPhone": "17376596912",
    "soStatus": "DRAFT",
    "approveStatus": null,
    "soTitle": null,
    "soDesc": null,
    "soNotes": null,
    "isFixedExchRate": false,
    "slsComId": {
      "id": 14373001
    },
    "priceIdempotent": "f60c4b1c0600d1638ce4a59094b92075",
    "freezeType": "NU_FREEZE",
    "soAssociationCode": null,
    "soBusinessStatus": null,
    "bizRuleGroup": null,
    "addrDetail": "佛山市禅城区季华五路28号",
    "currExchangeRateType": {
      "id": 2000001
    },
    "slsDcId": {
      "id": 14378001
    },
    "btClass": "SALES",
    "effectiveAt": null,
    "slsPerson": {
      "id": 14094003
    },
    "reCalculate": null,
    "invOrg": null,
    "invLoc": null,
    "priceCalcDate": 1744955538000,
    "deliveryInterceptFail": null,
    "externalBuyerId": null,
    "addrId": {
      "id": 70002638
    },
    "totalAmt": 17776.0,
    "discountAmt": null,
    "discountInfo": null,
    "platformDiscountAmt": null,
    "merchantDiscountAmt": null,
    "actualPaidAmt": null,
    "freightAmt": null,
    "buyerRemark": null,
    "sellerRemark": null,
    "id": 16373003,
    "createdBy": {
      "id": 540175374525637,
      "username": "zhangang",
      "email": "z**********@163.com",
      "mobile": "173****6912",
      "nickname": "章昂",
      "status": true,
      "avatar": "https://terminus-new-trantor.oss-cn-hangzhou.aliyuncs.com/iam/user/avatar/540175374525637/2025-03-10_14_44_32_7dbc5543-0152-4a67-9901-b7da94c6ba4f_%E5%A4%8D%E6%B4%BB%E5%B2%9B%E5%B7%A8%E4%BA%BA%E5%83%8F.png"
    },
    "updatedBy": {
      "id": 540175374525637,
      "username": "zhangang",
      "email": "z**********@163.com",
      "mobile": "173****6912",
      "nickname": "章昂",
      "status": true,
      "avatar": "https://terminus-new-trantor.oss-cn-hangzhou.aliyuncs.com/iam/user/avatar/540175374525637/2025-03-10_14_44_32_7dbc5543-0152-4a67-9901-b7da94c6ba4f_%E5%A4%8D%E6%B4%BB%E5%B2%9B%E5%B7%A8%E4%BA%BA%E5%83%8F.png"
    },
    "createdAt": 1744955539000,
    "updatedAt": 1744955539000,
    "version": 1,
    "deleted": 0,
    "originOrgId": 0,
    "soItems": [
      {
        "soId": {
          "id": 16373003
        },
        "id": 16295003
      }
    ]
  },
  {
    "soCode": "SO001906",
    "soDocDate": 1744905600000,
    "soExtCode": null,
    "baseCurrId": {
      "id": 2000001
    },
    "slsCurrId": {
      "id": 2000001
    },
    "exchRate": 1.0,
    "grossBaseAmt": 17776.0,
    "netBaseAmt": 15730.973451,
    "taxAmt": 2045.026549,
    "soCreateSource": "TERP门户",
    "slsOrgId": {
      "id": 14579001
    },
    "slsTmId": null,
    "soTypeId": {
      "id": 2101001
    },
    "custId": {
      "id": 2059001
    },
    "custPersonName": "李月汝",
    "custPhone": "18378999655",
    "slsPersonName": "章昂",
    "slsPhone": "17376596912",
    "soStatus": "DRAFT",
    "approveStatus": null,
    "soTitle": null,
    "soDesc": null,
    "soNotes": null,
    "isFixedExchRate": false,
    "slsComId": {
      "id": 14373001
    },
    "priceIdempotent": "8580e254c7d6312754cd2d6d535a6439",
    "freezeType": "NU_FREEZE",
    "soAssociationCode": null,
    "soBusinessStatus": "INIT",
    "bizRuleGroup": null,
    "addrDetail": "佛山市禅城区季华五路28号",
    "currExchangeRateType": {
      "id": 2000001
    },
    "slsDcId": {
      "id": 14378001
    },
    "btClass": "SALES",
    "effectiveAt": null,
    "slsPerson": {
      "id": 14094003
    },
    "reCalculate": null,
    "invOrg": null,
    "invLoc": null,
    "priceCalcDate": 1744955522000,
    "deliveryInterceptFail": null,
    "externalBuyerId": null,
    "addrId": {
      "id": 70002638
    },
    "totalAmt": 17776.0,
    "discountAmt": null,
    "discountInfo": null,
    "platformDiscountAmt": null,
    "merchantDiscountAmt": null,
    "actualPaidAmt": null,
    "freightAmt": null,
    "buyerRemark": null,
    "sellerRemark": null,
    "id": 16373001,
    "createdBy": {
      "id": 540175374525637,
      "username": "zhangang",
      "email": "z**********@163.com",
      "mobile": "173****6912",
      "nickname": "章昂",
      "status": true,
      "avatar": "https://terminus-new-trantor.oss-cn-hangzhou.aliyuncs.com/iam/user/avatar/540175374525637/2025-03-10_14_44_32_7dbc5543-0152-4a67-9901-b7da94c6ba4f_%E5%A4%8D%E6%B4%BB%E5%B2%9B%E5%B7%A8%E4%BA%BA%E5%83%8F.png"
    },
    "updatedBy": {
      "id": 540175374525637,
      "username": "zhangang",
      "email": "z**********@163.com",
      "mobile": "173****6912",
      "nickname": "章昂",
      "status": true,
      "avatar": "https://terminus-new-trantor.oss-cn-hangzhou.aliyuncs.com/iam/user/avatar/540175374525637/2025-03-10_14_44_32_7dbc5543-0152-4a67-9901-b7da94c6ba4f_%E5%A4%8D%E6%B4%BB%E5%B2%9B%E5%B7%A8%E4%BA%BA%E5%83%8F.png"
    },
    "createdAt": 1744955523000,
    "updatedAt": 1744967790000,
    "version": 56,
    "deleted": 0,
    "originOrgId": 0,
    "soItems": [
      {
        "soId": {
          "id": 16373001
        },
        "id": 16295001
      }
    ]
  }
]
2025-04-21 11:09:23|test_02_orderlist_query.test_03_query_orders_by_status line:324| 
成功查询到 4 条状态为 DRAFT 的订单数据
2025-04-21 11:09:23|base_test.setup_method line:116| 开始测试: test_03_query_orders_by_status
2025-04-21 11:09:23|test_02_orderlist_query.setup_method line:46| 使用类属性中的测试数据
2025-04-21 11:09:23|test_02_orderlist_query.setup_method line:60| 开始执行测试方法: test_03_query_orders_by_status
2025-04-21 11:09:23|test_02_orderlist_query.setup_method line:64| 初始化测试数据完成
2025-04-21 11:09:23|test_02_orderlist_query.test_03_query_orders_by_status line:304| 
准备发送请求...
2025-04-21 11:09:23|test_02_orderlist_query.test_03_query_orders_by_status line:305| 查询条件: 订单状态 = EFFECT
2025-04-21 11:09:23|base_test._make_request line:135| 发送请求: 按单据状态 EFFECT 查询销售订单列表
2025-04-21 11:09:23|test_02_orderlist_query.test_03_query_orders_by_status line:309| 
收到完整响应: {
  "requestId": "486d262b-983185",
  "success": true,
  "data": {
    "data": {
      "data": [
        {
          "soCode": "SO002093",
          "soDocDate": 1745164800000,
          "soExtCode": null,
          "baseCurrId": {
            "id": 2000001
          },
          "slsCurrId": {
            "id": 2000001
          },
          "exchRate": 1.0,
          "grossBaseAmt": 275528.0,
          "netBaseAmt": 243830.088496,
          "taxAmt": 31697.911504,
          "soCreateSource": "TERP门户",
          "slsOrgId": {
            "id": 14579001
          },
          "slsTmId": null,
          "soTypeId": {
            "id": 2101001
          },
          "custId": {
            "id": 2059001
          },
          "custPersonName": "李月汝",
          "custPhone": "18378999655",
          "slsPersonName": "章昂",
          "slsPhone": "17376596912",
          "soStatus": "EFFECT",
          "approveStatus": null,
          "soTitle": null,
          "soDesc": null,
          "soNotes": null,
          "isFixedExchRate": false,
          "slsComId": {
            "id": 14373001
          },
          "priceIdempotent": "491dc81d5ecf1e436fdbfb0416f8585c",
          "freezeType": "NU_FREEZE",
          "soAssociationCode": null,
          "soBusinessStatus": null,
          "bizRuleGroup": null,
          "addrDetail": "佛山市禅城区季华五路28号",
          "currExchangeRateType": {
            "id": 2000001
          },
          "slsDcId": {
            "id": 14378001
          },
          "btClass": "SALES",
          "effectiveAt": null,
          "slsPerson": {
            "id": 14094003
          },
          "reCalculate": null,
          "invOrg": null,
          "invLoc": null,
          "priceCalcDate": 1745204962000,
          "deliveryInterceptFail": null,
          "externalBuyerId": null,
          "addrId": {
            "id": 70002638
          },
          "totalAmt": 275528.0,
          "discountAmt": 0.0,
          "discountInfo": "",
          "platformDiscountAmt": null,
          "merchantDiscountAmt": null,
          "actualPaidAmt": null,
          "freightAmt": null,
          "buyerRemark": null,
          "sellerRemark": null,
          "id": 16377006,
          "createdBy": {
            "id": 540175374525637,
            "username": "zhangang",
            "email": "z**********@163.com",
            "mobile": "173****6912",
            "nickname": "章昂",
            "status": true,
            "avatar": "https://terminus-new-trantor.oss-cn-hangzhou.aliyuncs.com/iam/user/avatar/540175374525637/2025-03-10_14_44_32_7dbc5543-0152-4a67-9901-b7da94c6ba4f_%E5%A4%8D%E6%B4%BB%E5%B2%9B%E5%B7%A8%E4%BA%BA%E5%83%8F.png"
          },
          "updatedBy": {
            "id": 540175374525637,
            "username": "zhangang",
            "email": "z**********@163.com",
            "mobile": "173****6912",
            "nickname": "章昂",
            "status": true,
            "avatar": "https://terminus-new-trantor.oss-cn-hangzhou.aliyuncs.com/iam/user/avatar/540175374525637/2025-03-10_14_44_32_7dbc5543-0152-4a67-9901-b7da94c6ba4f_%E5%A4%8D%E6%B4%BB%E5%B2%9B%E5%B7%A8%E4%BA%BA%E5%83%8F.png"
          },
          "createdAt": 1745204962000,
          "updatedAt": 1745204963000,
          "version": 2,
          "deleted": 0,
          "originOrgId": 0,
          "soItems": [
            {
              "soId": {
                "id": 16377006
              },
              "id": 16299010
            }
          ]
        },
        {
          "soCode": "SO002054",
          "soDocDate": 1744970122000,
          "soExtCode": null,
          "baseCurrId": {
            "id": 2000001
          },
          "slsCurrId": {
            "id": 2000001
          },
          "exchRate": 1.0,
          "grossBaseAmt": 231088.0,
          "netBaseAmt": 204502.654867,
          "taxAmt": 26585.345133,
          "soCreateSource": "TERP门户",
          "slsOrgId": {
            "id": 14579001
          },
          "slsTmId": null,
          "soTypeId": {
            "id": 2101001
          },
          "custId": {
            "id": 2059001
          },
          "custPersonName": "李月汝",
          "custPhone": "18378999655",
          "slsPersonName": "章昂",
          "slsPhone": "17376596912",
          "soStatus": "EFFECT",
          "approveStatus": null,
          "soTitle": null,
          "soDesc": null,
          "soNotes": null,
          "isFixedExchRate": false,
          "slsComId": {
            "id": 14373001
          },
          "priceIdempotent": "a8ce1a36645b577a8fc86e4850143db7",
          "freezeType": "NU_FREEZE",
          "soAssociationCode": null,
          "soBusinessStatus": null,
          "bizRuleGroup": null,
          "addrDetail": "佛山市禅城区季华五路28号",
          "currExchangeRateType": {
            "id": 2000001
          },
          "slsDcId": {
            "id": 14378001
          },
          "btClass": "SALES",
          "effectiveAt": null,
          "slsPerson": {
            "id": 14094003
          },
          "reCalculate": null,
          "invOrg": null,
          "invLoc": null,
          "priceCalcDate": 1744956406000,
          "deliveryInterceptFail": null,
          "externalBuyerId": null,
          "addrId": {
            "id": 70002638
          },
          "totalAmt": 231088.0,
          "discountAmt": 0.0,
          "discountInfo": "",
          "platformDiscountAmt": null,
          "merchantDiscountAmt": null,
          "actualPaidAmt": null,
          "freightAmt": null,
          "buyerRemark": null,
          "sellerRemark": null,
          "id": 16375014,
          "createdBy": {
            "id": 540175374525637,
            "username": "zhangang",
            "email": "z**********@163.com",
            "mobile": "173****6912",
            "nickname": "章昂",
            "status": true,
            "avatar": "https://terminus-new-trantor.oss-cn-hangzhou.aliyuncs.com/iam/user/avatar/540175374525637/2025-03-10_14_44_32_7dbc5543-0152-4a67-9901-b7da94c6ba4f_%E5%A4%8D%E6%B4%BB%E5%B2%9B%E5%B7%A8%E4%BA%BA%E5%83%8F.png"
          },
          "updatedBy": {
            "id": 540175374525637,
            "username": "zhangang",
            "email": "z**********@163.com",
            "mobile": "173****6912",
            "nickname": "章昂",
            "status": true,
            "avatar": "https://terminus-new-trantor.oss-cn-hangzhou.aliyuncs.com/iam/user/avatar/540175374525637/2025-03-10_14_44_32_7dbc5543-0152-4a67-9901-b7da94c6ba4f_%E5%A4%8D%E6%B4%BB%E5%B2%9B%E5%B7%A8%E4%BA%BA%E5%83%8F.png"
          },
          "createdAt": 1744970122000,
          "updatedAt": 1744970122000,
          "version": 4,
          "deleted": 0,
          "originOrgId": 0,
          "soItems": [
            {
              "soId": {
                "id": 16375014
              },
              "id": 16297016
            }
          ]
        },
        {
          "soCode": "SO002051",
          "soDocDate": 1744968801000,
          "soExtCode": null,
          "baseCurrId": {
            "id": 2000001
          },
          "slsCurrId": {
            "id": 2000001
          },
          "exchRate": 1.0,
          "grossBaseAmt": 3.0,
          "netBaseAmt": 2.654867,
          "taxAmt": 0.345133,
          "soCreateSource": "TERP门户",
          "slsOrgId": {
            "id": 14139002
          },
          "slsTmId": null,
          "soTypeId": {
            "id": 14006001
          },
          "custId": {
            "id": 2059001
          },
          "custPersonName": "李月汝",
          "custPhone": "18378999655",
          "slsPersonName": "侯新雨",
          "slsPhone": "15825540081",
          "soStatus": "EFFECT",
          "approveStatus": null,
          "soTitle": null,
          "soDesc": null,
          "soNotes": "234",
          "isFixedExchRate": false,
          "slsComId": {
            "id": 14139001
          },
          "priceIdempotent": "0f15d1acd029e551e7b631b49fe34121",
          "freezeType": "NU_FREEZE",
          "soAssociationCode": null,
          "soBusinessStatus": null,
          "bizRuleGroup": null,
          "addrDetail": "佛山市禅城区季华五路28号",
          "currExchangeRateType": {
            "id": 2000001
          },
          "slsDcId": {
            "id": 2001001
          },
          "btClass": "ASS",
          "effectiveAt": null,
          "slsPerson": {
            "id": 14123089
          },
          "reCalculate": null,
          "invOrg": null,
          "invLoc": null,
          "priceCalcDate": 1744965199000,
          "deliveryInterceptFail": null,
          "externalBuyerId": null,
          "addrId": {
            "id": 70002638
          },
          "totalAmt": 6.0,
          "discountAmt": -3.0,
          "discountInfo": "订单总金额: 6.00\n\n优先级: 20\n活动名称: hxy回归测试\n是否为排他性活动: 否\n优惠工具描述: 单品-折扣\n依赖优先级: \n参加活动的商品金额: 6.00*1=6.00\n优惠金额: 3.00\n\n",
          "platformDiscountAmt": null,
          "merchantDiscountAmt": null,
          "actualPaidAmt": null,
          "freightAmt": null,
          "buyerRemark": null,
          "sellerRemark": null,
          "id": 16375012,
          "createdBy": {
            "id": 540175374525637,
            "username": "zhangang",
            "email": "z**********@163.com",
            "mobile": "173****6912",
            "nickname": "章昂",
            "status": true,
            "avatar": "https://terminus-new-trantor.oss-cn-hangzhou.aliyuncs.com/iam/user/avatar/540175374525637/2025-03-10_14_44_32_7dbc5543-0152-4a67-9901-b7da94c6ba4f_%E5%A4%8D%E6%B4%BB%E5%B2%9B%E5%B7%A8%E4%BA%BA%E5%83%8F.png"
          },
          "updatedBy": {
            "id": 540175374525637,
            "username": "zhangang",
            "email": "z**********@163.com",
            "mobile": "173****6912",
            "nickname": "章昂",
            "status": true,
            "avatar": "https://terminus-new-trantor.oss-cn-hangzhou.aliyuncs.com/iam/user/avatar/540175374525637/2025-03-10_14_44_32_7dbc5543-0152-4a67-9901-b7da94c6ba4f_%E5%A4%8D%E6%B4%BB%E5%B2%9B%E5%B7%A8%E4%BA%BA%E5%83%8F.png"
          },
          "createdAt": 1744968801000,
          "updatedAt": 1744968801000,
          "version": 4,
          "deleted": 0,
          "originOrgId": 14373001,
          "slsPartnerLinks": [
            {
              "soId": {
                "id": 16375012
              },
              "id": 16219012
            }
          ],
          "soItems": [
            {
              "soId": {
                "id": 16375012
              },
              "id": 16297012
            }
          ]
        },
        {
          "soCode": "SO002049",
          "soDocDate": 1744968375000,
          "soExtCode": null,
          "baseCurrId": {
            "id": 2000001
          },
          "slsCurrId": {
            "id": 2000001
          },
          "exchRate": 1.0,
          "grossBaseAmt": 3.0,
          "netBaseAmt": 2.654867,
          "taxAmt": 0.345133,
          "soCreateSource": "TERP门户",
          "slsOrgId": {
            "id": 14139002
          },
          "slsTmId": null,
          "soTypeId": {
            "id": 14006001
          },
          "custId": {
            "id": 2059001
          },
          "custPersonName": "李月汝",
          "custPhone": "18378999655",
          "slsPersonName": "侯新雨",
          "slsPhone": "15825540081",
          "soStatus": "EFFECT",
          "approveStatus": null,
          "soTitle": null,
          "soDesc": null,
          "soNotes": "234",
          "isFixedExchRate": false,
          "slsComId": {
            "id": 14139001
          },
          "priceIdempotent": "ee6a4fb6eb6aa9499841d881601c24a9",
          "freezeType": "NU_FREEZE",
          "soAssociationCode": null,
          "soBusinessStatus": "INIT",
          "bizRuleGroup": null,
          "addrDetail": "佛山市禅城区季华五路28号",
          "currExchangeRateType": {
            "id": 2000001
          },
          "slsDcId": {
            "id": 2001001
          },
          "btClass": "ASS",
          "effectiveAt": null,
          "slsPerson": {
            "id": 14123089
          },
          "reCalculate": null,
          "invOrg": null,
          "invLoc": null,
          "priceCalcDate": 1744965199000,
          "deliveryInterceptFail": null,
          "externalBuyerId": null,
          "addrId": {
            "id": 70002638
          },
          "totalAmt": 6.0,
          "discountAmt": -3.0,
          "discountInfo": "订单总金额: 6.00\n\n优先级: 20\n活动名称: hxy回归测试\n是否为排他性活动: 否\n优惠工具描述: 单品-折扣\n依赖优先级: \n参加活动的商品金额: 6.00*1=6.00\n优惠金额: 3.00\n\n",
          "platformDiscountAmt": null,
          "merchantDiscountAmt": null,
          "actualPaidAmt": null,
          "freightAmt": null,
          "buyerRemark": null,
          "sellerRemark": null,
          "id": 16375011,
          "createdBy": {
            "id": 540175374525637,
            "username": "zhangang",
            "email": "z**********@163.com",
            "mobile": "173****6912",
            "nickname": "章昂",
            "status": true,
            "avatar": "https://terminus-new-trantor.oss-cn-hangzhou.aliyuncs.com/iam/user/avatar/540175374525637/2025-03-10_14_44_32_7dbc5543-0152-4a67-9901-b7da94c6ba4f_%E5%A4%8D%E6%B4%BB%E5%B2%9B%E5%B7%A8%E4%BA%BA%E5%83%8F.png"
          },
          "updatedBy": {
            "id": 540175374525637,
            "username": "zhangang",
            "email": "z**********@163.com",
            "mobile": "173****6912",
            "nickname": "章昂",
            "status": true,
            "avatar": "https://terminus-new-trantor.oss-cn-hangzhou.aliyuncs.com/iam/user/avatar/540175374525637/2025-03-10_14_44_32_7dbc5543-0152-4a67-9901-b7da94c6ba4f_%E5%A4%8D%E6%B4%BB%E5%B2%9B%E5%B7%A8%E4%BA%BA%E5%83%8F.png"
          },
          "createdAt": 1744968376000,
          "updatedAt": 1744969271000,
          "version": 9,
          "deleted": 0,
          "originOrgId": 14373001,
          "slsPartnerLinks": [
            {
              "soId": {
                "id": 16375011
              },
              "id": 16219011
            }
          ],
          "soItems": [
            {
              "soId": {
                "id": 16375011
              },
              "id": 16297011
            }
          ]
        },
        {
          "soCode": "SO002020",
          "soDocDate": 1744905600000,
          "soExtCode": null,
          "baseCurrId": {
            "id": 2000001
          },
          "slsCurrId": {
            "id": 2000001
          },
          "exchRate": 1.0,
          "grossBaseAmt": 3.0,
          "netBaseAmt": 2.654867,
          "taxAmt": 0.345133,
          "soCreateSource": "TERP门户",
          "slsOrgId": {
            "id": 14139002
          },
          "slsTmId": null,
          "soTypeId": {
            "id": 14006001
          },
          "custId": {
            "id": 2059001
          },
          "custPersonName": "李月汝",
          "custPhone": "18378999655",
          "slsPersonName": "侯新雨",
          "slsPhone": "15825540081",
          "soStatus": "EFFECT",
          "approveStatus": null,
          "soTitle": null,
          "soDesc": null,
          "soNotes": "234",
          "isFixedExchRate": false,
          "slsComId": {
            "id": 14139001
          },
          "priceIdempotent": "58b34a3237971b8d23c8f87aa1117af7",
          "freezeType": "ALL_FREEZE",
          "soAssociationCode": null,
          "soBusinessStatus": null,
          "bizRuleGroup": null,
          "addrDetail": "佛山市禅城区季华五路28号",
          "currExchangeRateType": {
            "id": 2000001
          },
          "slsDcId": {
            "id": 2001001
          },
          "btClass": "ASS",
          "effectiveAt": null,
          "slsPerson": {
            "id": 14123089
          },
          "reCalculate": null,
          "invOrg": null,
          "invLoc": null,
          "priceCalcDate": 1744965199000,
          "deliveryInterceptFail": null,
          "externalBuyerId": null,
          "addrId": {
            "id": 70002638
          },
          "totalAmt": 6.0,
          "discountAmt": -3.0,
          "discountInfo": "订单总金额: 6.00\n\n优先级: 20\n活动名称: hxy回归测试\n是否为排他性活动: 否\n优惠工具描述: 单品-折扣\n依赖优先级: \n参加活动的商品金额: 6.00*1=6.00\n优惠金额: 3.00\n\n",
          "platformDiscountAmt": null,
          "merchantDiscountAmt": null,
          "actualPaidAmt": null,
          "freightAmt": null,
          "buyerRemark": null,
          "sellerRemark": null,
          "id": 16374007,
          "createdBy": {
            "id": 540175374525637,
            "username": "zhangang",
            "email": "z**********@163.com",
            "mobile": "173****6912",
            "nickname": "章昂",
            "status": true,
            "avatar": "https://terminus-new-trantor.oss-cn-hangzhou.aliyuncs.com/iam/user/avatar/540175374525637/2025-03-10_14_44_32_7dbc5543-0152-4a67-9901-b7da94c6ba4f_%E5%A4%8D%E6%B4%BB%E5%B2%9B%E5%B7%A8%E4%BA%BA%E5%83%8F.png"
          },
          "updatedBy": {
            "id": 540175374525637,
            "username": "zhangang",
            "email": "z**********@163.com",
            "mobile": "173****6912",
            "nickname": "章昂",
            "status": true,
            "avatar": "https://terminus-new-trantor.oss-cn-hangzhou.aliyuncs.com/iam/user/avatar/540175374525637/2025-03-10_14_44_32_7dbc5543-0152-4a67-9901-b7da94c6ba4f_%E5%A4%8D%E6%B4%BB%E5%B2%9B%E5%B7%A8%E4%BA%BA%E5%83%8F.png"
          },
          "createdAt": 1744967200000,
          "updatedAt": 1744967921000,
          "version": 3,
          "deleted": 0,
          "originOrgId": 14373001,
          "slsPartnerLinks": [
            {
              "soId": {
                "id": 16374007
              },
              "id": 16218007
            }
          ],
          "soItems": [
            {
              "soId": {
                "id": 16374007
              },
              "id": 16296017
            }
          ]
        },
        {
          "soCode": "SO001976",
          "soDocDate": 1744905600000,
          "soExtCode": null,
          "baseCurrId": {
            "id": 2000001
          },
          "slsCurrId": {
            "id": 2000001
          },
          "exchRate": 1.0,
          "grossBaseAmt": 231088.0,
          "netBaseAmt": 204502.654867,
          "taxAmt": 26585.345133,
          "soCreateSource": "TERP门户",
          "slsOrgId": {
            "id": 14579001
          },
          "slsTmId": null,
          "soTypeId": {
            "id": 2101001
          },
          "custId": {
            "id": 2059001
          },
          "custPersonName": "李月汝",
          "custPhone": "18378999655",
          "slsPersonName": "章昂",
          "slsPhone": "17376596912",
          "soStatus": "EFFECT",
          "approveStatus": null,
          "soTitle": null,
          "soDesc": null,
          "soNotes": null,
          "isFixedExchRate": false,
          "slsComId": {
            "id": 14373001
          },
          "priceIdempotent": "13ead5ca9a22beeccfe61679dfe7331a",
          "freezeType": "ALL_FREEZE",
          "soAssociationCode": null,
          "soBusinessStatus": null,
          "bizRuleGroup": null,
          "addrDetail": "佛山市禅城区季华五路28号",
          "currExchangeRateType": {
            "id": 2000001
          },
          "slsDcId": {
            "id": 14378001
          },
          "btClass": "SALES",
          "effectiveAt": null,
          "slsPerson": {
            "id": 14094003
          },
          "reCalculate": null,
          "invOrg": null,
          "invLoc": null,
          "priceCalcDate": 1744956406000,
          "deliveryInterceptFail": null,
          "externalBuyerId": null,
          "addrId": {
            "id": 70002638
          },
          "totalAmt": 231088.0,
          "discountAmt": 0.0,
          "discountInfo": "",
          "platformDiscountAmt": null,
          "merchantDiscountAmt": null,
          "actualPaidAmt": null,
          "freightAmt": null,
          "buyerRemark": null,
          "sellerRemark": null,
          "id": 16373028,
          "createdBy": {
            "id": 540175374525637,
            "username": "zhangang",
            "email": "z**********@163.com",
            "mobile": "173****6912",
            "nickname": "章昂",
            "status": true,
            "avatar": "https://terminus-new-trantor.oss-cn-hangzhou.aliyuncs.com/iam/user/avatar/540175374525637/2025-03-10_14_44_32_7dbc5543-0152-4a67-9901-b7da94c6ba4f_%E5%A4%8D%E6%B4%BB%E5%B2%9B%E5%B7%A8%E4%BA%BA%E5%83%8F.png"
          },
          "updatedBy": {
            "id": 540175374525637,
            "username": "zhangang",
            "email": "z**********@163.com",
            "mobile": "173****6912",
            "nickname": "章昂",
            "status": true,
            "avatar": "https://terminus-new-trantor.oss-cn-hangzhou.aliyuncs.com/iam/user/avatar/540175374525637/2025-03-10_14_44_32_7dbc5543-0152-4a67-9901-b7da94c6ba4f_%E5%A4%8D%E6%B4%BB%E5%B2%9B%E5%B7%A8%E4%BA%BA%E5%83%8F.png"
          },
          "createdAt": 1744956407000,
          "updatedAt": 1744965749000,
          "version": 3,
          "deleted": 0,
          "originOrgId": 0,
          "soItems": [
            {
              "soId": {
                "id": 16373028
              },
              "id": 16295032
            }
          ]
        },
        {
          "soCode": "SO001974",
          "soDocDate": 1744905600000,
          "soExtCode": null,
          "baseCurrId": {
            "id": 2000001
          },
          "slsCurrId": {
            "id": 2000001
          },
          "exchRate": 1.0,
          "grossBaseAmt": 106656.0,
          "netBaseAmt": 94385.840708,
          "taxAmt": 12270.159292,
          "soCreateSource": "TERP门户",
          "slsOrgId": {
            "id": 14579001
          },
          "slsTmId": null,
          "soTypeId": {
            "id": 2101001
          },
          "custId": {
            "id": 2059001
          },
          "custPersonName": "李月汝",
          "custPhone": "18378999655",
          "slsPersonName": "章昂",
          "slsPhone": "17376596912",
          "soStatus": "EFFECT",
          "approveStatus": null,
          "soTitle": null,
          "soDesc": null,
          "soNotes": null,
          "isFixedExchRate": false,
          "slsComId": {
            "id": 14373001
          },
          "priceIdempotent": "aa4707267c5b7e394f65f659abde69d0",
          "freezeType": "ALL_FREEZE",
          "soAssociationCode": null,
          "soBusinessStatus": "INIT",
          "bizRuleGroup": null,
          "addrDetail": "佛山市禅城区季华五路28号",
          "currExchangeRateType": {
            "id": 2000001
          },
          "slsDcId": {
            "id": 14378001
          },
          "btClass": "SALES",
          "effectiveAt": null,
          "slsPerson": {
            "id": 14094003
          },
          "reCalculate": null,
          "invOrg": null,
          "invLoc": null,
          "priceCalcDate": 1744956404000,
          "deliveryInterceptFail": null,
          "externalBuyerId": null,
          "addrId": {
            "id": 70002638
          },
          "totalAmt": 106656.0,
          "discountAmt": 0.0,
          "discountInfo": "",
          "platformDiscountAmt": null,
          "merchantDiscountAmt": null,
          "actualPaidAmt": null,
          "freightAmt": null,
          "buyerRemark": null,
          "sellerRemark": null,
          "id": 16373027,
          "createdBy": {
            "id": 540175374525637,
            "username": "zhangang",
            "email": "z**********@163.com",
            "mobile": "173****6912",
            "nickname": "章昂",
            "status": true,
            "avatar": "https://terminus-new-trantor.oss-cn-hangzhou.aliyuncs.com/iam/user/avatar/540175374525637/2025-03-10_14_44_32_7dbc5543-0152-4a67-9901-b7da94c6ba4f_%E5%A4%8D%E6%B4%BB%E5%B2%9B%E5%B7%A8%E4%BA%BA%E5%83%8F.png"
          },
          "updatedBy": {
            "id": 540175374525637,
            "username": "zhangang",
            "email": "z**********@163.com",
            "mobile": "173****6912",
            "nickname": "章昂",
            "status": true,
            "avatar": "https://terminus-new-trantor.oss-cn-hangzhou.aliyuncs.com/iam/user/avatar/540175374525637/2025-03-10_14_44_32_7dbc5543-0152-4a67-9901-b7da94c6ba4f_%E5%A4%8D%E6%B4%BB%E5%B2%9B%E5%B7%A8%E4%BA%BA%E5%83%8F.png"
          },
          "createdAt": 1744956404000,
          "updatedAt": 1744968350000,
          "version": 9,
          "deleted": 0,
          "originOrgId": 0,
          "soItems": [
            {
              "soId": {
                "id": 16373027
              },
              "id": 16295031
            }
          ]
        },
        {
          "soCode": "SO001967",
          "soDocDate": 1744905600000,
          "soExtCode": null,
          "baseCurrId": {
            "id": 2000001
          },
          "slsCurrId": {
            "id": 2000001
          },
          "exchRate": 1.0,
          "grossBaseAmt": 26664.0,
          "netBaseAmt": 23596.460177,
          "taxAmt": 3067.539823,
          "soCreateSource": "TERP门户",
          "slsOrgId": {
            "id": 14579001
          },
          "slsTmId": null,
          "soTypeId": {
            "id": 2101001
          },
          "custId": {
            "id": 2059001
          },
          "custPersonName": "李月汝",
          "custPhone": "18378999655",
          "slsPersonName": "章昂",
          "slsPhone": "17376596912",
          "soStatus": "EFFECT",
          "approveStatus": null,
          "soTitle": null,
          "soDesc": null,
          "soNotes": null,
          "isFixedExchRate": false,
          "slsComId": {
            "id": 14373001
          },
          "priceIdempotent": "120a9f6c8f1dbf6850240cb9f693f253",
          "freezeType": "ALL_FREEZE",
          "soAssociationCode": null,
          "soBusinessStatus": null,
          "bizRuleGroup": null,
          "addrDetail": "佛山市禅城区季华五路28号",
          "currExchangeRateType": {
            "id": 2000001
          },
          "slsDcId": {
            "id": 14378001
          },
          "btClass": "SALES",
          "effectiveAt": null,
          "slsPerson": {
            "id": 14094003
          },
          "reCalculate": null,
          "invOrg": null,
          "invLoc": null,
          "priceCalcDate": 1744955972000,
          "deliveryInterceptFail": null,
          "externalBuyerId": null,
          "addrId": {
            "id": 70002638
          },
          "totalAmt": 26664.0,
          "discountAmt": 0.0,
          "discountInfo": "",
          "platformDiscountAmt": null,
          "merchantDiscountAmt": null,
          "actualPaidAmt": null,
          "freightAmt": null,
          "buyerRemark": null,
          "sellerRemark": null,
          "id": 16373026,
          "createdBy": {
            "id": 540175374525637,
            "username": "zhangang",
            "email": "z**********@163.com",
            "mobile": "173****6912",
            "nickname": "章昂",
            "status": true,
            "avatar": "https://terminus-new-trantor.oss-cn-hangzhou.aliyuncs.com/iam/user/avatar/540175374525637/2025-03-10_14_44_32_7dbc5543-0152-4a67-9901-b7da94c6ba4f_%E5%A4%8D%E6%B4%BB%E5%B2%9B%E5%B7%A8%E4%BA%BA%E5%83%8F.png"
          },
          "updatedBy": {
            "id": 540175374525637,
            "username": "zhangang",
            "email": "z**********@163.com",
            "mobile": "173****6912",
            "nickname": "章昂",
            "status": true,
            "avatar": "https://terminus-new-trantor.oss-cn-hangzhou.aliyuncs.com/iam/user/avatar/540175374525637/2025-03-10_14_44_32_7dbc5543-0152-4a67-9901-b7da94c6ba4f_%E5%A4%8D%E6%B4%BB%E5%B2%9B%E5%B7%A8%E4%BA%BA%E5%83%8F.png"
          },
          "createdAt": 1744955972000,
          "updatedAt": 1744968800000,
          "version": 3,
          "deleted": 0,
          "originOrgId": 0,
          "slsPartnerLinks": [
            {
              "soId": {
                "id": 16373026
              },
              "id": 16217009
            }
          ],
          "soItems": [
            {
              "soId": {
                "id": 16373026
              },
              "id": 16295029
            }
          ]
        },
        {
          "soCode": "SO001969",
          "soDocDate": 1744905600000,
          "soExtCode": null,
          "baseCurrId": {
            "id": 2000001
          },
          "slsCurrId": {
            "id": 2000001
          },
          "exchRate": 1.0,
          "grossBaseAmt": 26664.0,
          "netBaseAmt": 23596.460177,
          "taxAmt": 3067.539823,
          "soCreateSource": "TERP门户",
          "slsOrgId": {
            "id": 14579001
          },
          "slsTmId": null,
          "soTypeId": {
            "id": 2101001
          },
          "custId": {
            "id": 2059001
          },
          "custPersonName": "李月汝",
          "custPhone": "18378999655",
          "slsPersonName": "章昂",
          "slsPhone": "17376596912",
          "soStatus": "EFFECT",
          "approveStatus": null,
          "soTitle": null,
          "soDesc": null,
          "soNotes": null,
          "isFixedExchRate": false,
          "slsComId": {
            "id": 14373001
          },
          "priceIdempotent": "70c91c05034de2a796a8ad3bceb5ef08",
          "freezeType": "ALL_FREEZE",
          "soAssociationCode": null,
          "soBusinessStatus": null,
          "bizRuleGroup": null,
          "addrDetail": "佛山市禅城区季华五路28号",
          "currExchangeRateType": {
            "id": 2000001
          },
          "slsDcId": {
            "id": 14378001
          },
          "btClass": "SALES",
          "effectiveAt": null,
          "slsPerson": {
            "id": 14094003
          },
          "reCalculate": null,
          "invOrg": null,
          "invLoc": null,
          "priceCalcDate": 1744955973000,
          "deliveryInterceptFail": null,
          "externalBuyerId": null,
          "addrId": {
            "id": 70002638
          },
          "totalAmt": 26664.0,
          "discountAmt": 0.0,
          "discountInfo": "",
          "platformDiscountAmt": null,
          "merchantDiscountAmt": null,
          "actualPaidAmt": null,
          "freightAmt": null,
          "buyerRemark": null,
          "sellerRemark": null,
          "id": 16373025,
          "createdBy": {
            "id": 540175374525637,
            "username": "zhangang",
            "email": "z**********@163.com",
            "mobile": "173****6912",
            "nickname": "章昂",
            "status": true,
            "avatar": "https://terminus-new-trantor.oss-cn-hangzhou.aliyuncs.com/iam/user/avatar/540175374525637/2025-03-10_14_44_32_7dbc5543-0152-4a67-9901-b7da94c6ba4f_%E5%A4%8D%E6%B4%BB%E5%B2%9B%E5%B7%A8%E4%BA%BA%E5%83%8F.png"
          },
          "updatedBy": {
            "id": 540175374525637,
            "username": "zhangang",
            "email": "z**********@163.com",
            "mobile": "173****6912",
            "nickname": "章昂",
            "status": true,
            "avatar": "https://terminus-new-trantor.oss-cn-hangzhou.aliyuncs.com/iam/user/avatar/540175374525637/2025-03-10_14_44_32_7dbc5543-0152-4a67-9901-b7da94c6ba4f_%E5%A4%8D%E6%B4%BB%E5%B2%9B%E5%B7%A8%E4%BA%BA%E5%83%8F.png"
          },
          "createdAt": 1744955972000,
          "updatedAt": 1744968374000,
          "version": 5,
          "deleted": 0,
          "originOrgId": 0,
          "slsPartnerLinks": [
            {
              "soId": {
                "id": 16373025
              },
              "id": 16217010
            }
          ],
          "soItems": [
            {
              "soId": {
                "id": 16373025
              },
              "id": 16295030
            }
          ]
        },
        {
          "soCode": "SO001962",
          "soDocDate": 1744905600000,
          "soExtCode": null,
          "baseCurrId": {
            "id": 2000001
          },
          "slsCurrId": {
            "id": 2000001
          },
          "exchRate": 1.0,
          "grossBaseAmt": 115544.0,
          "netBaseAmt": 102251.327434,
          "taxAmt": 13292.672566,
          "soCreateSource": "TERP门户",
          "slsOrgId": {
            "id": 14579001
          },
          "slsTmId": null,
          "soTypeId": {
            "id": 2101001
          },
          "custId": {
            "id": 2059001
          },
          "custPersonName": "李月汝",
          "custPhone": "18378999655",
          "slsPersonName": "章昂",
          "slsPhone": "17376596912",
          "soStatus": "EFFECT",
          "approveStatus": null,
          "soTitle": null,
          "soDesc": null,
          "soNotes": null,
          "isFixedExchRate": false,
          "slsComId": {
            "id": 14373001
          },
          "priceIdempotent": "ac40d0cb77fd36b47ffd7642598858c6",
          "freezeType": "ALL_FREEZE",
          "soAssociationCode": null,
          "soBusinessStatus": null,
          "bizRuleGroup": null,
          "addrDetail": "佛山市禅城区季华五路28号",
          "currExchangeRateType": {
            "id": 2000001
          },
          "slsDcId": {
            "id": 14378001
          },
          "btClass": "SALES",
          "effectiveAt": null,
          "slsPerson": {
            "id": 14094003
          },
          "reCalculate": null,
          "invOrg": null,
          "invLoc": null,
          "priceCalcDate": 1744955952000,
          "deliveryInterceptFail": null,
          "externalBuyerId": null,
          "addrId": {
            "id": 70002638
          },
          "totalAmt": 115544.0,
          "discountAmt": 0.0,
          "discountInfo": "",
          "platformDiscountAmt": null,
          "merchantDiscountAmt": null,
          "actualPaidAmt": null,
          "freightAmt": null,
          "buyerRemark": null,
          "sellerRemark": null,
          "id": 16373024,
          "createdBy": {
            "id": 540175374525637,
            "username": "zhangang",
            "email": "z**********@163.com",
            "mobile": "173****6912",
            "nickname": "章昂",
            "status": true,
            "avatar": "https://terminus-new-trantor.oss-cn-hangzhou.aliyuncs.com/iam/user/avatar/540175374525637/2025-03-10_14_44_32_7dbc5543-0152-4a67-9901-b7da94c6ba4f_%E5%A4%8D%E6%B4%BB%E5%B2%9B%E5%B7%A8%E4%BA%BA%E5%83%8F.png"
          },
          "updatedBy": {
            "id": 540175374525637,
            "username": "zhangang",
            "email": "z**********@163.com",
            "mobile": "173****6912",
            "nickname": "章昂",
            "status": true,
            "avatar": "https://terminus-new-trantor.oss-cn-hangzhou.aliyuncs.com/iam/user/avatar/540175374525637/2025-03-10_14_44_32_7dbc5543-0152-4a67-9901-b7da94c6ba4f_%E5%A4%8D%E6%B4%BB%E5%B2%9B%E5%B7%A8%E4%BA%BA%E5%83%8F.png"
          },
          "createdAt": 1744955953000,
          "updatedAt": 1744970102000,
          "version": 3,
          "deleted": 0,
          "originOrgId": 0,
          "slsPartnerLinks": [
            {
              "soId": {
                "id": 16373024
              },
              "id": 16217007
            }
          ],
          "soItems": [
            {
              "soId": {
                "id": 16373024
              },
              "id": 16295027
            }
          ]
        },
        {
          "soCode": "SO001959",
          "soDocDate": 1744905600000,
          "soExtCode": null,
          "baseCurrId": {
            "id": 2000001
          },
          "slsCurrId": {
            "id": 2000001
          },
          "exchRate": 1.0,
          "grossBaseAmt": 115544.0,
          "netBaseAmt": 102251.327434,
          "taxAmt": 13292.672566,
          "soCreateSource": "TERP门户",
          "slsOrgId": {
            "id": 14579001
          },
          "slsTmId": null,
          "soTypeId": {
            "id": 2101001
          },
          "custId": {
            "id": 2059001
          },
          "custPersonName": "李月汝",
          "custPhone": "18378999655",
          "slsPersonName": "章昂",
          "slsPhone": "17376596912",
          "soStatus": "EFFECT",
          "approveStatus": null,
          "soTitle": null,
          "soDesc": null,
          "soNotes": null,
          "isFixedExchRate": false,
          "slsComId": {
            "id": 14373001
          },
          "priceIdempotent": "cf8964c18916514b3340217894f7904a",
          "freezeType": "ALL_FREEZE",
          "soAssociationCode": null,
          "soBusinessStatus": null,
          "bizRuleGroup": null,
          "addrDetail": "佛山市禅城区季华五路28号",
          "currExchangeRateType": {
            "id": 2000001
          },
          "slsDcId": {
            "id": 14378001
          },
          "btClass": "SALES",
          "effectiveAt": null,
          "slsPerson": {
            "id": 14094003
          },
          "reCalculate": null,
          "invOrg": null,
          "invLoc": null,
          "priceCalcDate": 1744955951000,
          "deliveryInterceptFail": null,
          "externalBuyerId": null,
          "addrId": {
            "id": 70002638
          },
          "totalAmt": 115544.0,
          "discountAmt": 0.0,
          "discountInfo": "",
          "platformDiscountAmt": null,
          "merchantDiscountAmt": null,
          "actualPaidAmt": null,
          "freightAmt": null,
          "buyerRemark": null,
          "sellerRemark": null,
          "id": 16373023,
          "createdBy": {
            "id": 540175374525637,
            "username": "zhangang",
            "email": "z**********@163.com",
            "mobile": "173****6912",
            "nickname": "章昂",
            "status": true,
            "avatar": "https://terminus-new-trantor.oss-cn-hangzhou.aliyuncs.com/iam/user/avatar/540175374525637/2025-03-10_14_44_32_7dbc5543-0152-4a67-9901-b7da94c6ba4f_%E5%A4%8D%E6%B4%BB%E5%B2%9B%E5%B7%A8%E4%BA%BA%E5%83%8F.png"
          },
          "updatedBy": {
            "id": 540175374525637,
            "username": "zhangang",
            "email": "z**********@163.com",
            "mobile": "173****6912",
            "nickname": "章昂",
            "status": true,
            "avatar": "https://terminus-new-trantor.oss-cn-hangzhou.aliyuncs.com/iam/user/avatar/540175374525637/2025-03-10_14_44_32_7dbc5543-0152-4a67-9901-b7da94c6ba4f_%E5%A4%8D%E6%B4%BB%E5%B2%9B%E5%B7%A8%E4%BA%BA%E5%83%8F.png"
          },
          "createdAt": 1744955952000,
          "updatedAt": 1744970121000,
          "version": 4,
          "deleted": 0,
          "originOrgId": 0,
          "slsPartnerLinks": [
            {
              "soId": {
                "id": 16373023
              },
              "id": 16217006
            }
          ],
          "soItems": [
            {
              "soId": {
                "id": 16373023
              },
              "id": 16295026
            }
          ]
        },
        {
          "soCode": "SO001954",
          "soDocDate": 1744905600000,
          "soExtCode": null,
          "baseCurrId": {
            "id": 2000001
          },
          "slsCurrId": {
            "id": 2000001
          },
          "exchRate": 1.0,
          "grossBaseAmt": 586608.0,
          "netBaseAmt": 519122.123894,
          "taxAmt": 67485.876106,
          "soCreateSource": "TERP门户",
          "slsOrgId": {
            "id": 14579001
          },
          "slsTmId": null,
          "soTypeId": {
            "id": 2101001
          },
          "custId": {
            "id": 2059001
          },
          "custPersonName": "李月汝",
          "custPhone": "18378999655",
          "slsPersonName": "章昂",
          "slsPhone": "17376596912",
          "soStatus": "EFFECT",
          "approveStatus": null,
          "soTitle": null,
          "soDesc": null,
          "soNotes": null,
          "isFixedExchRate": false,
          "slsComId": {
            "id": 14373001
          },
          "priceIdempotent": "0f318d3f73b8020cc991cc3e201f43f8",
          "freezeType": "NU_FREEZE",
          "soAssociationCode": null,
          "soBusinessStatus": "INIT",
          "bizRuleGroup": null,
          "addrDetail": "佛山市禅城区季华五路28号",
          "currExchangeRateType": {
            "id": 2000001
          },
          "slsDcId": {
            "id": 14378001
          },
          "btClass": "SALES",
          "effectiveAt": null,
          "slsPerson": {
            "id": 14094003
          },
          "reCalculate": null,
          "invOrg": null,
          "invLoc": null,
          "priceCalcDate": 1744955912000,
          "deliveryInterceptFail": null,
          "externalBuyerId": null,
          "addrId": {
            "id": 70002638
          },
          "totalAmt": 586608.0,
          "discountAmt": 0.0,
          "discountInfo": "",
          "platformDiscountAmt": null,
          "merchantDiscountAmt": null,
          "actualPaidAmt": null,
          "freightAmt": null,
          "buyerRemark": null,
          "sellerRemark": null,
          "id": 16373022,
          "createdBy": {
            "id": 540175374525637,
            "username": "zhangang",
            "email": "z**********@163.com",
            "mobile": "173****6912",
            "nickname": "章昂",
            "status": true,
            "avatar": "https://terminus-new-trantor.oss-cn-hangzhou.aliyuncs.com/iam/user/avatar/540175374525637/2025-03-10_14_44_32_7dbc5543-0152-4a67-9901-b7da94c6ba4f_%E5%A4%8D%E6%B4%BB%E5%B2%9B%E5%B7%A8%E4%BA%BA%E5%83%8F.png"
          },
          "updatedBy": {
            "id": 540175374525637,
            "username": "zhangang",
            "email": "z**********@163.com",
            "mobile": "173****6912",
            "nickname": "章昂",
            "status": true,
            "avatar": "https://terminus-new-trantor.oss-cn-hangzhou.aliyuncs.com/iam/user/avatar/540175374525637/2025-03-10_14_44_32_7dbc5543-0152-4a67-9901-b7da94c6ba4f_%E5%A4%8D%E6%B4%BB%E5%B2%9B%E5%B7%A8%E4%BA%BA%E5%83%8F.png"
          },
          "createdAt": 1744955913000,
          "updatedAt": 1744968132000,
          "version": 7,
          "deleted": 0,
          "originOrgId": 0,
          "slsPartnerLinks": [
            {
              "soId": {
                "id": 16373022
              },
              "id": 16217005
            }
          ],
          "soItems": [
            {
              "soId": {
                "id": 16373022
              },
              "id": 16295024
            }
          ]
        },
        {
          "soCode": "SO001953",
          "soDocDate": 1744905600000,
          "soExtCode": null,
          "baseCurrId": {
            "id": 2000001
          },
          "slsCurrId": {
            "id": 2000001
          },
          "exchRate": 1.0,
          "grossBaseAmt": 586608.0,
          "netBaseAmt": 519122.123894,
          "taxAmt": 67485.876106,
          "soCreateSource": "TERP门户",
          "slsOrgId": {
            "id": 14579001
          },
          "slsTmId": null,
          "soTypeId": {
            "id": 2101001
          },
          "custId": {
            "id": 2059001
          },
          "custPersonName": "李月汝",
          "custPhone": "18378999655",
          "slsPersonName": "章昂",
          "slsPhone": "17376596912",
          "soStatus": "EFFECT",
          "approveStatus": null,
          "soTitle": null,
          "soDesc": null,
          "soNotes": null,
          "isFixedExchRate": false,
          "slsComId": {
            "id": 14373001
          },
          "priceIdempotent": "109b89c8c3922f002fe3c9f7f811e537",
          "freezeType": "NU_FREEZE",
          "soAssociationCode": null,
          "soBusinessStatus": null,
          "bizRuleGroup": null,
          "addrDetail": "佛山市禅城区季华五路28号",
          "currExchangeRateType": {
            "id": 2000001
          },
          "slsDcId": {
            "id": 14378001
          },
          "btClass": "SALES",
          "effectiveAt": null,
          "slsPerson": {
            "id": 14094003
          },
          "reCalculate": null,
          "invOrg": null,
          "invLoc": null,
          "priceCalcDate": 1744955911000,
          "deliveryInterceptFail": null,
          "externalBuyerId": null,
          "addrId": {
            "id": 70002638
          },
          "totalAmt": 586608.0,
          "discountAmt": 0.0,
          "discountInfo": "",
          "platformDiscountAmt": null,
          "merchantDiscountAmt": null,
          "actualPaidAmt": null,
          "freightAmt": null,
          "buyerRemark": null,
          "sellerRemark": null,
          "id": 16373021,
          "createdBy": {
            "id": 540175374525637,
            "username": "zhangang",
            "email": "z**********@163.com",
            "mobile": "173****6912",
            "nickname": "章昂",
            "status": true,
            "avatar": "https://terminus-new-trantor.oss-cn-hangzhou.aliyuncs.com/iam/user/avatar/540175374525637/2025-03-10_14_44_32_7dbc5543-0152-4a67-9901-b7da94c6ba4f_%E5%A4%8D%E6%B4%BB%E5%B2%9B%E5%B7%A8%E4%BA%BA%E5%83%8F.png"
          },
          "updatedBy": {
            "id": 540175374525637,
            "username": "zhangang",
            "email": "z**********@163.com",
            "mobile": "173****6912",
            "nickname": "章昂",
            "status": true,
            "avatar": "https://terminus-new-trantor.oss-cn-hangzhou.aliyuncs.com/iam/user/avatar/540175374525637/2025-03-10_14_44_32_7dbc5543-0152-4a67-9901-b7da94c6ba4f_%E5%A4%8D%E6%B4%BB%E5%B2%9B%E5%B7%A8%E4%BA%BA%E5%83%8F.png"
          },
          "createdAt": 1744955912000,
          "updatedAt": 1744955912000,
          "version": 2,
          "deleted": 0,
          "originOrgId": 0,
          "slsPartnerLinks": [
            {
              "soId": {
                "id": 16373021
              },
              "id": 16217004
            }
          ],
          "soItems": [
            {
              "soId": {
                "id": 16373021
              },
              "id": 16295023
            }
          ]
        },
        {
          "soCode": "SO001950",
          "soDocDate": 1744905600000,
          "soExtCode": null,
          "baseCurrId": {
            "id": 2000001
          },
          "slsCurrId": {
            "id": 2000001
          },
          "exchRate": 1.0,
          "grossBaseAmt": 586608.0,
          "netBaseAmt": 519122.123894,
          "taxAmt": 67485.876106,
          "soCreateSource": "TERP门户",
          "slsOrgId": {
            "id": 14579001
          },
          "slsTmId": null,
          "soTypeId": {
            "id": 2101001
          },
          "custId": {
            "id": 2059001
          },
          "custPersonName": "李月汝",
          "custPhone": "18378999655",
          "slsPersonName": "章昂",
          "slsPhone": "17376596912",
          "soStatus": "EFFECT",
          "approveStatus": null,
          "soTitle": null,
          "soDesc": null,
          "soNotes": null,
          "isFixedExchRate": false,
          "slsComId": {
            "id": 14373001
          },
          "priceIdempotent": "a735ccc2e2d41945307dd7b770d6cc51",
          "freezeType": "NU_FREEZE",
          "soAssociationCode": null,
          "soBusinessStatus": null,
          "bizRuleGroup": null,
          "addrDetail": "佛山市禅城区季华五路28号",
          "currExchangeRateType": {
            "id": 2000001
          },
          "slsDcId": {
            "id": 14378001
          },
          "btClass": "SALES",
          "effectiveAt": null,
          "slsPerson": {
            "id": 14094003
          },
          "reCalculate": null,
          "invOrg": null,
          "invLoc": null,
          "priceCalcDate": 1744955910000,
          "deliveryInterceptFail": null,
          "externalBuyerId": null,
          "addrId": {
            "id": 70002638
          },
          "totalAmt": 586608.0,
          "discountAmt": 0.0,
          "discountInfo": "",
          "platformDiscountAmt": null,
          "merchantDiscountAmt": null,
          "actualPaidAmt": null,
          "freightAmt": null,
          "buyerRemark": null,
          "sellerRemark": null,
          "id": 16373020,
          "createdBy": {
            "id": 540175374525637,
            "username": "zhangang",
            "email": "z**********@163.com",
            "mobile": "173****6912",
            "nickname": "章昂",
            "status": true,
            "avatar": "https://terminus-new-trantor.oss-cn-hangzhou.aliyuncs.com/iam/user/avatar/540175374525637/2025-03-10_14_44_32_7dbc5543-0152-4a67-9901-b7da94c6ba4f_%E5%A4%8D%E6%B4%BB%E5%B2%9B%E5%B7%A8%E4%BA%BA%E5%83%8F.png"
          },
          "updatedBy": {
            "id": 540175374525637,
            "username": "zhangang",
            "email": "z**********@163.com",
            "mobile": "173****6912",
            "nickname": "章昂",
            "status": true,
            "avatar": "https://terminus-new-trantor.oss-cn-hangzhou.aliyuncs.com/iam/user/avatar/540175374525637/2025-03-10_14_44_32_7dbc5543-0152-4a67-9901-b7da94c6ba4f_%E5%A4%8D%E6%B4%BB%E5%B2%9B%E5%B7%A8%E4%BA%BA%E5%83%8F.png"
          },
          "createdAt": 1744955911000,
          "updatedAt": 1744968162000,
          "version": 3,
          "deleted": 0,
          "originOrgId": 0,
          "slsPartnerLinks": [
            {
              "soId": {
                "id": 16373020
              },
              "id": 16217003
            }
          ],
          "soItems": [
            {
              "soId": {
                "id": 16373020
              },
              "id": 16295022
            }
          ]
        },
        {
          "soCode": "SO001947",
          "soDocDate": 1744905600000,
          "soExtCode": null,
          "baseCurrId": {
            "id": 2000001
          },
          "slsCurrId": {
            "id": 2000001
          },
          "exchRate": 1.0,
          "grossBaseAmt": 391072.0,
          "netBaseAmt": 346081.415929,
          "taxAmt": 44990.584071,
          "soCreateSource": "TERP门户",
          "slsOrgId": {
            "id": 14579001
          },
          "slsTmId": null,
          "soTypeId": {
            "id": 2101001
          },
          "custId": {
            "id": 2059001
          },
          "custPersonName": "李月汝",
          "custPhone": "18378999655",
          "slsPersonName": "章昂",
          "slsPhone": "17376596912",
          "soStatus": "EFFECT",
          "approveStatus": null,
          "soTitle": null,
          "soDesc": null,
          "soNotes": null,
          "isFixedExchRate": false,
          "slsComId": {
            "id": 14373001
          },
          "priceIdempotent": "307ae81edcb0297956e3a4a99f986de1",
          "freezeType": "NU_FREEZE",
          "soAssociationCode": null,
          "soBusinessStatus": null,
          "bizRuleGroup": null,
          "addrDetail": "佛山市禅城区季华五路28号",
          "currExchangeRateType": {
            "id": 2000001
          },
          "slsDcId": {
            "id": 14378001
          },
          "btClass": "SALES",
          "effectiveAt": null,
          "slsPerson": {
            "id": 14094003
          },
          "reCalculate": null,
          "invOrg": null,
          "invLoc": null,
          "priceCalcDate": 1744955861000,
          "deliveryInterceptFail": null,
          "externalBuyerId": null,
          "addrId": {
            "id": 70002638
          },
          "totalAmt": 391072.0,
          "discountAmt": 0.0,
          "discountInfo": "",
          "platformDiscountAmt": null,
          "merchantDiscountAmt": null,
          "actualPaidAmt": null,
          "freightAmt": null,
          "buyerRemark": null,
          "sellerRemark": null,
          "id": 16373018,
          "createdBy": {
            "id": 540175374525637,
            "username": "zhangang",
            "email": "z**********@163.com",
            "mobile": "173****6912",
            "nickname": "章昂",
            "status": true,
            "avatar": "https://terminus-new-trantor.oss-cn-hangzhou.aliyuncs.com/iam/user/avatar/540175374525637/2025-03-10_14_44_32_7dbc5543-0152-4a67-9901-b7da94c6ba4f_%E5%A4%8D%E6%B4%BB%E5%B2%9B%E5%B7%A8%E4%BA%BA%E5%83%8F.png"
          },
          "updatedBy": {
            "id": 540175374525637,
            "username": "zhangang",
            "email": "z**********@163.com",
            "mobile": "173****6912",
            "nickname": "章昂",
            "status": true,
            "avatar": "https://terminus-new-trantor.oss-cn-hangzhou.aliyuncs.com/iam/user/avatar/540175374525637/2025-03-10_14_44_32_7dbc5543-0152-4a67-9901-b7da94c6ba4f_%E5%A4%8D%E6%B4%BB%E5%B2%9B%E5%B7%A8%E4%BA%BA%E5%83%8F.png"
          },
          "createdAt": 1744955862000,
          "updatedAt": 1744955862000,
          "version": 2,
          "deleted": 0,
          "originOrgId": 0,
          "slsPartnerLinks": [
            {
              "soId": {
                "id": 16373018
              },
              "id": 16217002
            }
          ],
          "soItems": [
            {
              "soId": {
                "id": 16373018
              },
              "id": 16295021
            }
          ]
        },
        {
          "soCode": "SO001944",
          "soDocDate": 1744905600000,
          "soExtCode": null,
          "baseCurrId": {
            "id": 2000001
          },
          "slsCurrId": {
            "id": 2000001
          },
          "exchRate": 1.0,
          "grossBaseAmt": 391072.0,
          "netBaseAmt": 346081.415929,
          "taxAmt": 44990.584071,
          "soCreateSource": "TERP门户",
          "slsOrgId": {
            "id": 14579001
          },
          "slsTmId": null,
          "soTypeId": {
            "id": 2101001
          },
          "custId": {
            "id": 2059001
          },
          "custPersonName": "李月汝",
          "custPhone": "18378999655",
          "slsPersonName": "章昂",
          "slsPhone": "17376596912",
          "soStatus": "EFFECT",
          "approveStatus": null,
          "soTitle": null,
          "soDesc": null,
          "soNotes": null,
          "isFixedExchRate": false,
          "slsComId": {
            "id": 14373001
          },
          "priceIdempotent": "1395b9b21f37097a745faa8c758db8f1",
          "freezeType": "NU_FREEZE",
          "soAssociationCode": null,
          "soBusinessStatus": null,
          "bizRuleGroup": null,
          "addrDetail": "佛山市禅城区季华五路28号",
          "currExchangeRateType": {
            "id": 2000001
          },
          "slsDcId": {
            "id": 14378001
          },
          "btClass": "SALES",
          "effectiveAt": null,
          "slsPerson": {
            "id": 14094003
          },
          "reCalculate": null,
          "invOrg": null,
          "invLoc": null,
          "priceCalcDate": 1744955860000,
          "deliveryInterceptFail": null,
          "externalBuyerId": null,
          "addrId": {
            "id": 70002638
          },
          "totalAmt": 391072.0,
          "discountAmt": 0.0,
          "discountInfo": "",
          "platformDiscountAmt": null,
          "merchantDiscountAmt": null,
          "actualPaidAmt": null,
          "freightAmt": null,
          "buyerRemark": null,
          "sellerRemark": null,
          "id": 16373017,
          "createdBy": {
            "id": 540175374525637,
            "username": "zhangang",
            "email": "z**********@163.com",
            "mobile": "173****6912",
            "nickname": "章昂",
            "status": true,
            "avatar": "https://terminus-new-trantor.oss-cn-hangzhou.aliyuncs.com/iam/user/avatar/540175374525637/2025-03-10_14_44_32_7dbc5543-0152-4a67-9901-b7da94c6ba4f_%E5%A4%8D%E6%B4%BB%E5%B2%9B%E5%B7%A8%E4%BA%BA%E5%83%8F.png"
          },
          "updatedBy": {
            "id": 540175374525637,
            "username": "zhangang",
            "email": "z**********@163.com",
            "mobile": "173****6912",
            "nickname": "章昂",
            "status": true,
            "avatar": "https://terminus-new-trantor.oss-cn-hangzhou.aliyuncs.com/iam/user/avatar/540175374525637/2025-03-10_14_44_32_7dbc5543-0152-4a67-9901-b7da94c6ba4f_%E5%A4%8D%E6%B4%BB%E5%B2%9B%E5%B7%A8%E4%BA%BA%E5%83%8F.png"
          },
          "createdAt": 1744955861000,
          "updatedAt": 1744968251000,
          "version": 3,
          "deleted": 0,
          "originOrgId": 0,
          "slsPartnerLinks": [
            {
              "soId": {
                "id": 16373017
              },
              "id": 16217001
            }
          ],
          "soItems": [
            {
              "soId": {
                "id": 16373017
              },
              "id": 16295020
            }
          ]
        },
        {
          "soCode": "SO001939",
          "soDocDate": 1744905600000,
          "soExtCode": null,
          "baseCurrId": {
            "id": 2000001
          },
          "slsCurrId": {
            "id": 2000001
          },
          "exchRate": 1.0,
          "grossBaseAmt": 862136.0,
          "netBaseAmt": 762952.212389,
          "taxAmt": 99183.787611,
          "soCreateSource": "TERP门户",
          "slsOrgId": {
            "id": 14579001
          },
          "slsTmId": null,
          "soTypeId": {
            "id": 2101001
          },
          "custId": {
            "id": 2059001
          },
          "custPersonName": "李月汝",
          "custPhone": "18378999655",
          "slsPersonName": "章昂",
          "slsPhone": "17376596912",
          "soStatus": "EFFECT",
          "approveStatus": null,
          "soTitle": null,
          "soDesc": null,
          "soNotes": null,
          "isFixedExchRate": false,
          "slsComId": {
            "id": 14373001
          },
          "priceIdempotent": "c0b4238f74f3fc64c3b5a0448dc79fc8",
          "freezeType": "NU_FREEZE",
          "soAssociationCode": null,
          "soBusinessStatus": null,
          "bizRuleGroup": null,
          "addrDetail": "佛山市禅城区季华五路28号",
          "currExchangeRateType": {
            "id": 2000001
          },
          "slsDcId": {
            "id": 14378001
          },
          "btClass": "SALES",
          "effectiveAt": null,
          "slsPerson": {
            "id": 14094003
          },
          "reCalculate": null,
          "invOrg": null,
          "invLoc": null,
          "priceCalcDate": 1744955776000,
          "deliveryInterceptFail": null,
          "externalBuyerId": null,
          "addrId": {
            "id": 70002638
          },
          "totalAmt": 862136.0,
          "discountAmt": 0.0,
          "discountInfo": "",
          "platformDiscountAmt": null,
          "merchantDiscountAmt": null,
          "actualPaidAmt": null,
          "freightAmt": null,
          "buyerRemark": null,
          "sellerRemark": null,
          "id": 16373015,
          "createdBy": {
            "id": 540175374525637,
            "username": "zhangang",
            "email": "z**********@163.com",
            "mobile": "173****6912",
            "nickname": "章昂",
            "status": true,
            "avatar": "https://terminus-new-trantor.oss-cn-hangzhou.aliyuncs.com/iam/user/avatar/540175374525637/2025-03-10_14_44_32_7dbc5543-0152-4a67-9901-b7da94c6ba4f_%E5%A4%8D%E6%B4%BB%E5%B2%9B%E5%B7%A8%E4%BA%BA%E5%83%8F.png"
          },
          "updatedBy": {
            "id": 540175374525637,
            "username": "zhangang",
            "email": "z**********@163.com",
            "mobile": "173****6912",
            "nickname": "章昂",
            "status": true,
            "avatar": "https://terminus-new-trantor.oss-cn-hangzhou.aliyuncs.com/iam/user/avatar/540175374525637/2025-03-10_14_44_32_7dbc5543-0152-4a67-9901-b7da94c6ba4f_%E5%A4%8D%E6%B4%BB%E5%B2%9B%E5%B7%A8%E4%BA%BA%E5%83%8F.png"
          },
          "createdAt": 1744955777000,
          "updatedAt": 1744969527000,
          "version": 3,
          "deleted": 0,
          "originOrgId": 0,
          "soItems": [
            {
              "soId": {
                "id": 16373015
              },
              "id": 16295017
            }
          ]
        },
        {
          "soCode": "SO001937",
          "soDocDate": 1744905600000,
          "soExtCode": null,
          "baseCurrId": {
            "id": 2000001
          },
          "slsCurrId": {
            "id": 2000001
          },
          "exchRate": 1.0,
          "grossBaseAmt": 862136.0,
          "netBaseAmt": 762952.212389,
          "taxAmt": 99183.787611,
          "soCreateSource": "TERP门户",
          "slsOrgId": {
            "id": 14579001
          },
          "slsTmId": null,
          "soTypeId": {
            "id": 2101001
          },
          "custId": {
            "id": 2059001
          },
          "custPersonName": "李月汝",
          "custPhone": "18378999655",
          "slsPersonName": "章昂",
          "slsPhone": "17376596912",
          "soStatus": "EFFECT",
          "approveStatus": null,
          "soTitle": null,
          "soDesc": null,
          "soNotes": null,
          "isFixedExchRate": false,
          "slsComId": {
            "id": 14373001
          },
          "priceIdempotent": "dc79fd780463bbb3b1908540ca90b632",
          "freezeType": "NU_FREEZE",
          "soAssociationCode": null,
          "soBusinessStatus": null,
          "bizRuleGroup": null,
          "addrDetail": "佛山市禅城区季华五路28号",
          "currExchangeRateType": {
            "id": 2000001
          },
          "slsDcId": {
            "id": 14378001
          },
          "btClass": "SALES",
          "effectiveAt": null,
          "slsPerson": {
            "id": 14094003
          },
          "reCalculate": null,
          "invOrg": null,
          "invLoc": null,
          "priceCalcDate": 1744955775000,
          "deliveryInterceptFail": null,
          "externalBuyerId": null,
          "addrId": {
            "id": 70002638
          },
          "totalAmt": 862136.0,
          "discountAmt": 0.0,
          "discountInfo": "",
          "platformDiscountAmt": null,
          "merchantDiscountAmt": null,
          "actualPaidAmt": null,
          "freightAmt": null,
          "buyerRemark": null,
          "sellerRemark": null,
          "id": 16373014,
          "createdBy": {
            "id": 540175374525637,
            "username": "zhangang",
            "email": "z**********@163.com",
            "mobile": "173****6912",
            "nickname": "章昂",
            "status": true,
            "avatar": "https://terminus-new-trantor.oss-cn-hangzhou.aliyuncs.com/iam/user/avatar/540175374525637/2025-03-10_14_44_32_7dbc5543-0152-4a67-9901-b7da94c6ba4f_%E5%A4%8D%E6%B4%BB%E5%B2%9B%E5%B7%A8%E4%BA%BA%E5%83%8F.png"
          },
          "updatedBy": {
            "id": 540175374525637,
            "username": "zhangang",
            "email": "z**********@163.com",
            "mobile": "173****6912",
            "nickname": "章昂",
            "status": true,
            "avatar": "https://terminus-new-trantor.oss-cn-hangzhou.aliyuncs.com/iam/user/avatar/540175374525637/2025-03-10_14_44_32_7dbc5543-0152-4a67-9901-b7da94c6ba4f_%E5%A4%8D%E6%B4%BB%E5%B2%9B%E5%B7%A8%E4%BA%BA%E5%83%8F.png"
          },
          "createdAt": 1744955776000,
          "updatedAt": 1744955776000,
          "version": 2,
          "deleted": 0,
          "originOrgId": 0,
          "soItems": [
            {
              "soId": {
                "id": 16373014
              },
              "id": 16295016
            }
          ]
        },
        {
          "soCode": "SO001935",
          "soDocDate": 1744905600000,
          "soExtCode": null,
          "baseCurrId": {
            "id": 2000001
          },
          "slsCurrId": {
            "id": 2000001
          },
          "exchRate": 1.0,
          "grossBaseAmt": 862136.0,
          "netBaseAmt": 762952.212389,
          "taxAmt": 99183.787611,
          "soCreateSource": "TERP门户",
          "slsOrgId": {
            "id": 14579001
          },
          "slsTmId": null,
          "soTypeId": {
            "id": 2101001
          },
          "custId": {
            "id": 2059001
          },
          "custPersonName": "李月汝",
          "custPhone": "18378999655",
          "slsPersonName": "章昂",
          "slsPhone": "17376596912",
          "soStatus": "EFFECT",
          "approveStatus": null,
          "soTitle": null,
          "soDesc": null,
          "soNotes": null,
          "isFixedExchRate": false,
          "slsComId": {
            "id": 14373001
          },
          "priceIdempotent": "7f20415931d472f46d1afb88880df174",
          "freezeType": "NU_FREEZE",
          "soAssociationCode": null,
          "soBusinessStatus": null,
          "bizRuleGroup": null,
          "addrDetail": "佛山市禅城区季华五路28号",
          "currExchangeRateType": {
            "id": 2000001
          },
          "slsDcId": {
            "id": 14378001
          },
          "btClass": "SALES",
          "effectiveAt": null,
          "slsPerson": {
            "id": 14094003
          },
          "reCalculate": null,
          "invOrg": null,
          "invLoc": null,
          "priceCalcDate": 1744955774000,
          "deliveryInterceptFail": null,
          "externalBuyerId": null,
          "addrId": {
            "id": 70002638
          },
          "totalAmt": 862136.0,
          "discountAmt": 0.0,
          "discountInfo": "",
          "platformDiscountAmt": null,
          "merchantDiscountAmt": null,
          "actualPaidAmt": null,
          "freightAmt": null,
          "buyerRemark": null,
          "sellerRemark": null,
          "id": 16373013,
          "createdBy": {
            "id": 540175374525637,
            "username": "zhangang",
            "email": "z**********@163.com",
            "mobile": "173****6912",
            "nickname": "章昂",
            "status": true,
            "avatar": "https://terminus-new-trantor.oss-cn-hangzhou.aliyuncs.com/iam/user/avatar/540175374525637/2025-03-10_14_44_32_7dbc5543-0152-4a67-9901-b7da94c6ba4f_%E5%A4%8D%E6%B4%BB%E5%B2%9B%E5%B7%A8%E4%BA%BA%E5%83%8F.png"
          },
          "updatedBy": {
            "id": 540175374525637,
            "username": "zhangang",
            "email": "z**********@163.com",
            "mobile": "173****6912",
            "nickname": "章昂",
            "status": true,
            "avatar": "https://terminus-new-trantor.oss-cn-hangzhou.aliyuncs.com/iam/user/avatar/540175374525637/2025-03-10_14_44_32_7dbc5543-0152-4a67-9901-b7da94c6ba4f_%E5%A4%8D%E6%B4%BB%E5%B2%9B%E5%B7%A8%E4%BA%BA%E5%83%8F.png"
          },
          "createdAt": 1744955775000,
          "updatedAt": 1744969557000,
          "version": 3,
          "deleted": 0,
          "originOrgId": 0,
          "soItems": [
            {
              "soId": {
                "id": 16373013
              },
              "id": 16295015
            }
          ]
        },
        {
          "soCode": "SO001932",
          "soDocDate": 1744905600000,
          "soExtCode": null,
          "baseCurrId": {
            "id": 2000001
          },
          "slsCurrId": {
            "id": 2000001
          },
          "exchRate": 1.0,
          "grossBaseAmt": 479952.0,
          "netBaseAmt": 424736.283186,
          "taxAmt": 55215.716814,
          "soCreateSource": "TERP门户",
          "slsOrgId": {
            "id": 14579001
          },
          "slsTmId": null,
          "soTypeId": {
            "id": 2101001
          },
          "custId": {
            "id": 2059001
          },
          "custPersonName": "李月汝",
          "custPhone": "18378999655",
          "slsPersonName": "章昂",
          "slsPhone": "17376596912",
          "soStatus": "EFFECT",
          "approveStatus": null,
          "soTitle": null,
          "soDesc": null,
          "soNotes": null,
          "isFixedExchRate": false,
          "slsComId": {
            "id": 14373001
          },
          "priceIdempotent": "e4c0b6760e1f3d46b334cb75da21a2da",
          "freezeType": "NU_FREEZE",
          "soAssociationCode": null,
          "soBusinessStatus": null,
          "bizRuleGroup": null,
          "addrDetail": "佛山市禅城区季华五路28号",
          "currExchangeRateType": {
            "id": 2000001
          },
          "slsDcId": {
            "id": 14378001
          },
          "btClass": "SALES",
          "effectiveAt": null,
          "slsPerson": {
            "id": 14094003
          },
          "reCalculate": null,
          "invOrg": null,
          "invLoc": null,
          "priceCalcDate": 1744955616000,
          "deliveryInterceptFail": null,
          "externalBuyerId": null,
          "addrId": {
            "id": 70002638
          },
          "totalAmt": 479952.0,
          "discountAmt": null,
          "discountInfo": null,
          "platformDiscountAmt": null,
          "merchantDiscountAmt": null,
          "actualPaidAmt": null,
          "freightAmt": null,
          "buyerRemark": null,
          "sellerRemark": null,
          "id": 16373012,
          "createdBy": {
            "id": 540175374525637,
            "username": "zhangang",
            "email": "z**********@163.com",
            "mobile": "173****6912",
            "nickname": "章昂",
            "status": true,
            "avatar": "https://terminus-new-trantor.oss-cn-hangzhou.aliyuncs.com/iam/user/avatar/540175374525637/2025-03-10_14_44_32_7dbc5543-0152-4a67-9901-b7da94c6ba4f_%E5%A4%8D%E6%B4%BB%E5%B2%9B%E5%B7%A8%E4%BA%BA%E5%83%8F.png"
          },
          "updatedBy": {
            "id": 540175374525637,
            "username": "zhangang",
            "email": "z**********@163.com",
            "mobile": "173****6912",
            "nickname": "章昂",
            "status": true,
            "avatar": "https://terminus-new-trantor.oss-cn-hangzhou.aliyuncs.com/iam/user/avatar/540175374525637/2025-03-10_14_44_32_7dbc5543-0152-4a67-9901-b7da94c6ba4f_%E5%A4%8D%E6%B4%BB%E5%B2%9B%E5%B7%A8%E4%BA%BA%E5%83%8F.png"
          },
          "createdAt": 1744955617000,
          "updatedAt": 1744955617000,
          "version": 2,
          "deleted": 0,
          "originOrgId": 0,
          "soItems": [
            {
              "soId": {
                "id": 16373012
              },
              "id": 16295014
            }
          ]
        }
      ],
      "total": 130
    }
  }
}
2025-04-21 11:09:23|base_test._make_request line:135| 发送请求: 按单据状态 EFFECT 查询销售订单列表
2025-04-21 11:09:23|test_02_orderlist_query.test_03_query_orders_by_status line:313| 
提取的嵌套数据: [
  {
    "soCode": "SO002093",
    "soDocDate": 1745164800000,
    "soExtCode": null,
    "baseCurrId": {
      "id": 2000001
    },
    "slsCurrId": {
      "id": 2000001
    },
    "exchRate": 1.0,
    "grossBaseAmt": 275528.0,
    "netBaseAmt": 243830.088496,
    "taxAmt": 31697.911504,
    "soCreateSource": "TERP门户",
    "slsOrgId": {
      "id": 14579001
    },
    "slsTmId": null,
    "soTypeId": {
      "id": 2101001
    },
    "custId": {
      "id": 2059001
    },
    "custPersonName": "李月汝",
    "custPhone": "18378999655",
    "slsPersonName": "章昂",
    "slsPhone": "17376596912",
    "soStatus": "EFFECT",
    "approveStatus": null,
    "soTitle": null,
    "soDesc": null,
    "soNotes": null,
    "isFixedExchRate": false,
    "slsComId": {
      "id": 14373001
    },
    "priceIdempotent": "491dc81d5ecf1e436fdbfb0416f8585c",
    "freezeType": "NU_FREEZE",
    "soAssociationCode": null,
    "soBusinessStatus": null,
    "bizRuleGroup": null,
    "addrDetail": "佛山市禅城区季华五路28号",
    "currExchangeRateType": {
      "id": 2000001
    },
    "slsDcId": {
      "id": 14378001
    },
    "btClass": "SALES",
    "effectiveAt": null,
    "slsPerson": {
      "id": 14094003
    },
    "reCalculate": null,
    "invOrg": null,
    "invLoc": null,
    "priceCalcDate": 1745204962000,
    "deliveryInterceptFail": null,
    "externalBuyerId": null,
    "addrId": {
      "id": 70002638
    },
    "totalAmt": 275528.0,
    "discountAmt": 0.0,
    "discountInfo": "",
    "platformDiscountAmt": null,
    "merchantDiscountAmt": null,
    "actualPaidAmt": null,
    "freightAmt": null,
    "buyerRemark": null,
    "sellerRemark": null,
    "id": 16377006,
    "createdBy": {
      "id": 540175374525637,
      "username": "zhangang",
      "email": "z**********@163.com",
      "mobile": "173****6912",
      "nickname": "章昂",
      "status": true,
      "avatar": "https://terminus-new-trantor.oss-cn-hangzhou.aliyuncs.com/iam/user/avatar/540175374525637/2025-03-10_14_44_32_7dbc5543-0152-4a67-9901-b7da94c6ba4f_%E5%A4%8D%E6%B4%BB%E5%B2%9B%E5%B7%A8%E4%BA%BA%E5%83%8F.png"
    },
    "updatedBy": {
      "id": 540175374525637,
      "username": "zhangang",
      "email": "z**********@163.com",
      "mobile": "173****6912",
      "nickname": "章昂",
      "status": true,
      "avatar": "https://terminus-new-trantor.oss-cn-hangzhou.aliyuncs.com/iam/user/avatar/540175374525637/2025-03-10_14_44_32_7dbc5543-0152-4a67-9901-b7da94c6ba4f_%E5%A4%8D%E6%B4%BB%E5%B2%9B%E5%B7%A8%E4%BA%BA%E5%83%8F.png"
    },
    "createdAt": 1745204962000,
    "updatedAt": 1745204963000,
    "version": 2,
    "deleted": 0,
    "originOrgId": 0,
    "soItems": [
      {
        "soId": {
          "id": 16377006
        },
        "id": 16299010
      }
    ]
  },
  {
    "soCode": "SO002054",
    "soDocDate": 1744970122000,
    "soExtCode": null,
    "baseCurrId": {
      "id": 2000001
    },
    "slsCurrId": {
      "id": 2000001
    },
    "exchRate": 1.0,
    "grossBaseAmt": 231088.0,
    "netBaseAmt": 204502.654867,
    "taxAmt": 26585.345133,
    "soCreateSource": "TERP门户",
    "slsOrgId": {
      "id": 14579001
    },
    "slsTmId": null,
    "soTypeId": {
      "id": 2101001
    },
    "custId": {
      "id": 2059001
    },
    "custPersonName": "李月汝",
    "custPhone": "18378999655",
    "slsPersonName": "章昂",
    "slsPhone": "17376596912",
    "soStatus": "EFFECT",
    "approveStatus": null,
    "soTitle": null,
    "soDesc": null,
    "soNotes": null,
    "isFixedExchRate": false,
    "slsComId": {
      "id": 14373001
    },
    "priceIdempotent": "a8ce1a36645b577a8fc86e4850143db7",
    "freezeType": "NU_FREEZE",
    "soAssociationCode": null,
    "soBusinessStatus": null,
    "bizRuleGroup": null,
    "addrDetail": "佛山市禅城区季华五路28号",
    "currExchangeRateType": {
      "id": 2000001
    },
    "slsDcId": {
      "id": 14378001
    },
    "btClass": "SALES",
    "effectiveAt": null,
    "slsPerson": {
      "id": 14094003
    },
    "reCalculate": null,
    "invOrg": null,
    "invLoc": null,
    "priceCalcDate": 1744956406000,
    "deliveryInterceptFail": null,
    "externalBuyerId": null,
    "addrId": {
      "id": 70002638
    },
    "totalAmt": 231088.0,
    "discountAmt": 0.0,
    "discountInfo": "",
    "platformDiscountAmt": null,
    "merchantDiscountAmt": null,
    "actualPaidAmt": null,
    "freightAmt": null,
    "buyerRemark": null,
    "sellerRemark": null,
    "id": 16375014,
    "createdBy": {
      "id": 540175374525637,
      "username": "zhangang",
      "email": "z**********@163.com",
      "mobile": "173****6912",
      "nickname": "章昂",
      "status": true,
      "avatar": "https://terminus-new-trantor.oss-cn-hangzhou.aliyuncs.com/iam/user/avatar/540175374525637/2025-03-10_14_44_32_7dbc5543-0152-4a67-9901-b7da94c6ba4f_%E5%A4%8D%E6%B4%BB%E5%B2%9B%E5%B7%A8%E4%BA%BA%E5%83%8F.png"
    },
    "updatedBy": {
      "id": 540175374525637,
      "username": "zhangang",
      "email": "z**********@163.com",
      "mobile": "173****6912",
      "nickname": "章昂",
      "status": true,
      "avatar": "https://terminus-new-trantor.oss-cn-hangzhou.aliyuncs.com/iam/user/avatar/540175374525637/2025-03-10_14_44_32_7dbc5543-0152-4a67-9901-b7da94c6ba4f_%E5%A4%8D%E6%B4%BB%E5%B2%9B%E5%B7%A8%E4%BA%BA%E5%83%8F.png"
    },
    "createdAt": 1744970122000,
    "updatedAt": 1744970122000,
    "version": 4,
    "deleted": 0,
    "originOrgId": 0,
    "soItems": [
      {
        "soId": {
          "id": 16375014
        },
        "id": 16297016
      }
    ]
  },
  {
    "soCode": "SO002051",
    "soDocDate": 1744968801000,
    "soExtCode": null,
    "baseCurrId": {
      "id": 2000001
    },
    "slsCurrId": {
      "id": 2000001
    },
    "exchRate": 1.0,
    "grossBaseAmt": 3.0,
    "netBaseAmt": 2.654867,
    "taxAmt": 0.345133,
    "soCreateSource": "TERP门户",
    "slsOrgId": {
      "id": 14139002
    },
    "slsTmId": null,
    "soTypeId": {
      "id": 14006001
    },
    "custId": {
      "id": 2059001
    },
    "custPersonName": "李月汝",
    "custPhone": "18378999655",
    "slsPersonName": "侯新雨",
    "slsPhone": "15825540081",
    "soStatus": "EFFECT",
    "approveStatus": null,
    "soTitle": null,
    "soDesc": null,
    "soNotes": "234",
    "isFixedExchRate": false,
    "slsComId": {
      "id": 14139001
    },
    "priceIdempotent": "0f15d1acd029e551e7b631b49fe34121",
    "freezeType": "NU_FREEZE",
    "soAssociationCode": null,
    "soBusinessStatus": null,
    "bizRuleGroup": null,
    "addrDetail": "佛山市禅城区季华五路28号",
    "currExchangeRateType": {
      "id": 2000001
    },
    "slsDcId": {
      "id": 2001001
    },
    "btClass": "ASS",
    "effectiveAt": null,
    "slsPerson": {
      "id": 14123089
    },
    "reCalculate": null,
    "invOrg": null,
    "invLoc": null,
    "priceCalcDate": 1744965199000,
    "deliveryInterceptFail": null,
    "externalBuyerId": null,
    "addrId": {
      "id": 70002638
    },
    "totalAmt": 6.0,
    "discountAmt": -3.0,
    "discountInfo": "订单总金额: 6.00\n\n优先级: 20\n活动名称: hxy回归测试\n是否为排他性活动: 否\n优惠工具描述: 单品-折扣\n依赖优先级: \n参加活动的商品金额: 6.00*1=6.00\n优惠金额: 3.00\n\n",
    "platformDiscountAmt": null,
    "merchantDiscountAmt": null,
    "actualPaidAmt": null,
    "freightAmt": null,
    "buyerRemark": null,
    "sellerRemark": null,
    "id": 16375012,
    "createdBy": {
      "id": 540175374525637,
      "username": "zhangang",
      "email": "z**********@163.com",
      "mobile": "173****6912",
      "nickname": "章昂",
      "status": true,
      "avatar": "https://terminus-new-trantor.oss-cn-hangzhou.aliyuncs.com/iam/user/avatar/540175374525637/2025-03-10_14_44_32_7dbc5543-0152-4a67-9901-b7da94c6ba4f_%E5%A4%8D%E6%B4%BB%E5%B2%9B%E5%B7%A8%E4%BA%BA%E5%83%8F.png"
    },
    "updatedBy": {
      "id": 540175374525637,
      "username": "zhangang",
      "email": "z**********@163.com",
      "mobile": "173****6912",
      "nickname": "章昂",
      "status": true,
      "avatar": "https://terminus-new-trantor.oss-cn-hangzhou.aliyuncs.com/iam/user/avatar/540175374525637/2025-03-10_14_44_32_7dbc5543-0152-4a67-9901-b7da94c6ba4f_%E5%A4%8D%E6%B4%BB%E5%B2%9B%E5%B7%A8%E4%BA%BA%E5%83%8F.png"
    },
    "createdAt": 1744968801000,
    "updatedAt": 1744968801000,
    "version": 4,
    "deleted": 0,
    "originOrgId": 14373001,
    "slsPartnerLinks": [
      {
        "soId": {
          "id": 16375012
        },
        "id": 16219012
      }
    ],
    "soItems": [
      {
        "soId": {
          "id": 16375012
        },
        "id": 16297012
      }
    ]
  },
  {
    "soCode": "SO002049",
    "soDocDate": 1744968375000,
    "soExtCode": null,
    "baseCurrId": {
      "id": 2000001
    },
    "slsCurrId": {
      "id": 2000001
    },
    "exchRate": 1.0,
    "grossBaseAmt": 3.0,
    "netBaseAmt": 2.654867,
    "taxAmt": 0.345133,
    "soCreateSource": "TERP门户",
    "slsOrgId": {
      "id": 14139002
    },
    "slsTmId": null,
    "soTypeId": {
      "id": 14006001
    },
    "custId": {
      "id": 2059001
    },
    "custPersonName": "李月汝",
    "custPhone": "18378999655",
    "slsPersonName": "侯新雨",
    "slsPhone": "15825540081",
    "soStatus": "EFFECT",
    "approveStatus": null,
    "soTitle": null,
    "soDesc": null,
    "soNotes": "234",
    "isFixedExchRate": false,
    "slsComId": {
      "id": 14139001
    },
    "priceIdempotent": "ee6a4fb6eb6aa9499841d881601c24a9",
    "freezeType": "NU_FREEZE",
    "soAssociationCode": null,
    "soBusinessStatus": "INIT",
    "bizRuleGroup": null,
    "addrDetail": "佛山市禅城区季华五路28号",
    "currExchangeRateType": {
      "id": 2000001
    },
    "slsDcId": {
      "id": 2001001
    },
    "btClass": "ASS",
    "effectiveAt": null,
    "slsPerson": {
      "id": 14123089
    },
    "reCalculate": null,
    "invOrg": null,
    "invLoc": null,
    "priceCalcDate": 1744965199000,
    "deliveryInterceptFail": null,
    "externalBuyerId": null,
    "addrId": {
      "id": 70002638
    },
    "totalAmt": 6.0,
    "discountAmt": -3.0,
    "discountInfo": "订单总金额: 6.00\n\n优先级: 20\n活动名称: hxy回归测试\n是否为排他性活动: 否\n优惠工具描述: 单品-折扣\n依赖优先级: \n参加活动的商品金额: 6.00*1=6.00\n优惠金额: 3.00\n\n",
    "platformDiscountAmt": null,
    "merchantDiscountAmt": null,
    "actualPaidAmt": null,
    "freightAmt": null,
    "buyerRemark": null,
    "sellerRemark": null,
    "id": 16375011,
    "createdBy": {
      "id": 540175374525637,
      "username": "zhangang",
      "email": "z**********@163.com",
      "mobile": "173****6912",
      "nickname": "章昂",
      "status": true,
      "avatar": "https://terminus-new-trantor.oss-cn-hangzhou.aliyuncs.com/iam/user/avatar/540175374525637/2025-03-10_14_44_32_7dbc5543-0152-4a67-9901-b7da94c6ba4f_%E5%A4%8D%E6%B4%BB%E5%B2%9B%E5%B7%A8%E4%BA%BA%E5%83%8F.png"
    },
    "updatedBy": {
      "id": 540175374525637,
      "username": "zhangang",
      "email": "z**********@163.com",
      "mobile": "173****6912",
      "nickname": "章昂",
      "status": true,
      "avatar": "https://terminus-new-trantor.oss-cn-hangzhou.aliyuncs.com/iam/user/avatar/540175374525637/2025-03-10_14_44_32_7dbc5543-0152-4a67-9901-b7da94c6ba4f_%E5%A4%8D%E6%B4%BB%E5%B2%9B%E5%B7%A8%E4%BA%BA%E5%83%8F.png"
    },
    "createdAt": 1744968376000,
    "updatedAt": 1744969271000,
    "version": 9,
    "deleted": 0,
    "originOrgId": 14373001,
    "slsPartnerLinks": [
      {
        "soId": {
          "id": 16375011
        },
        "id": 16219011
      }
    ],
    "soItems": [
      {
        "soId": {
          "id": 16375011
        },
        "id": 16297011
      }
    ]
  },
  {
    "soCode": "SO002020",
    "soDocDate": 1744905600000,
    "soExtCode": null,
    "baseCurrId": {
      "id": 2000001
    },
    "slsCurrId": {
      "id": 2000001
    },
    "exchRate": 1.0,
    "grossBaseAmt": 3.0,
    "netBaseAmt": 2.654867,
    "taxAmt": 0.345133,
    "soCreateSource": "TERP门户",
    "slsOrgId": {
      "id": 14139002
    },
    "slsTmId": null,
    "soTypeId": {
      "id": 14006001
    },
    "custId": {
      "id": 2059001
    },
    "custPersonName": "李月汝",
    "custPhone": "18378999655",
    "slsPersonName": "侯新雨",
    "slsPhone": "15825540081",
    "soStatus": "EFFECT",
    "approveStatus": null,
    "soTitle": null,
    "soDesc": null,
    "soNotes": "234",
    "isFixedExchRate": false,
    "slsComId": {
      "id": 14139001
    },
    "priceIdempotent": "58b34a3237971b8d23c8f87aa1117af7",
    "freezeType": "ALL_FREEZE",
    "soAssociationCode": null,
    "soBusinessStatus": null,
    "bizRuleGroup": null,
    "addrDetail": "佛山市禅城区季华五路28号",
    "currExchangeRateType": {
      "id": 2000001
    },
    "slsDcId": {
      "id": 2001001
    },
    "btClass": "ASS",
    "effectiveAt": null,
    "slsPerson": {
      "id": 14123089
    },
    "reCalculate": null,
    "invOrg": null,
    "invLoc": null,
    "priceCalcDate": 1744965199000,
    "deliveryInterceptFail": null,
    "externalBuyerId": null,
    "addrId": {
      "id": 70002638
    },
    "totalAmt": 6.0,
    "discountAmt": -3.0,
    "discountInfo": "订单总金额: 6.00\n\n优先级: 20\n活动名称: hxy回归测试\n是否为排他性活动: 否\n优惠工具描述: 单品-折扣\n依赖优先级: \n参加活动的商品金额: 6.00*1=6.00\n优惠金额: 3.00\n\n",
    "platformDiscountAmt": null,
    "merchantDiscountAmt": null,
    "actualPaidAmt": null,
    "freightAmt": null,
    "buyerRemark": null,
    "sellerRemark": null,
    "id": 16374007,
    "createdBy": {
      "id": 540175374525637,
      "username": "zhangang",
      "email": "z**********@163.com",
      "mobile": "173****6912",
      "nickname": "章昂",
      "status": true,
      "avatar": "https://terminus-new-trantor.oss-cn-hangzhou.aliyuncs.com/iam/user/avatar/540175374525637/2025-03-10_14_44_32_7dbc5543-0152-4a67-9901-b7da94c6ba4f_%E5%A4%8D%E6%B4%BB%E5%B2%9B%E5%B7%A8%E4%BA%BA%E5%83%8F.png"
    },
    "updatedBy": {
      "id": 540175374525637,
      "username": "zhangang",
      "email": "z**********@163.com",
      "mobile": "173****6912",
      "nickname": "章昂",
      "status": true,
      "avatar": "https://terminus-new-trantor.oss-cn-hangzhou.aliyuncs.com/iam/user/avatar/540175374525637/2025-03-10_14_44_32_7dbc5543-0152-4a67-9901-b7da94c6ba4f_%E5%A4%8D%E6%B4%BB%E5%B2%9B%E5%B7%A8%E4%BA%BA%E5%83%8F.png"
    },
    "createdAt": 1744967200000,
    "updatedAt": 1744967921000,
    "version": 3,
    "deleted": 0,
    "originOrgId": 14373001,
    "slsPartnerLinks": [
      {
        "soId": {
          "id": 16374007
        },
        "id": 16218007
      }
    ],
    "soItems": [
      {
        "soId": {
          "id": 16374007
        },
        "id": 16296017
      }
    ]
  },
  {
    "soCode": "SO001976",
    "soDocDate": 1744905600000,
    "soExtCode": null,
    "baseCurrId": {
      "id": 2000001
    },
    "slsCurrId": {
      "id": 2000001
    },
    "exchRate": 1.0,
    "grossBaseAmt": 231088.0,
    "netBaseAmt": 204502.654867,
    "taxAmt": 26585.345133,
    "soCreateSource": "TERP门户",
    "slsOrgId": {
      "id": 14579001
    },
    "slsTmId": null,
    "soTypeId": {
      "id": 2101001
    },
    "custId": {
      "id": 2059001
    },
    "custPersonName": "李月汝",
    "custPhone": "18378999655",
    "slsPersonName": "章昂",
    "slsPhone": "17376596912",
    "soStatus": "EFFECT",
    "approveStatus": null,
    "soTitle": null,
    "soDesc": null,
    "soNotes": null,
    "isFixedExchRate": false,
    "slsComId": {
      "id": 14373001
    },
    "priceIdempotent": "13ead5ca9a22beeccfe61679dfe7331a",
    "freezeType": "ALL_FREEZE",
    "soAssociationCode": null,
    "soBusinessStatus": null,
    "bizRuleGroup": null,
    "addrDetail": "佛山市禅城区季华五路28号",
    "currExchangeRateType": {
      "id": 2000001
    },
    "slsDcId": {
      "id": 14378001
    },
    "btClass": "SALES",
    "effectiveAt": null,
    "slsPerson": {
      "id": 14094003
    },
    "reCalculate": null,
    "invOrg": null,
    "invLoc": null,
    "priceCalcDate": 1744956406000,
    "deliveryInterceptFail": null,
    "externalBuyerId": null,
    "addrId": {
      "id": 70002638
    },
    "totalAmt": 231088.0,
    "discountAmt": 0.0,
    "discountInfo": "",
    "platformDiscountAmt": null,
    "merchantDiscountAmt": null,
    "actualPaidAmt": null,
    "freightAmt": null,
    "buyerRemark": null,
    "sellerRemark": null,
    "id": 16373028,
    "createdBy": {
      "id": 540175374525637,
      "username": "zhangang",
      "email": "z**********@163.com",
      "mobile": "173****6912",
      "nickname": "章昂",
      "status": true,
      "avatar": "https://terminus-new-trantor.oss-cn-hangzhou.aliyuncs.com/iam/user/avatar/540175374525637/2025-03-10_14_44_32_7dbc5543-0152-4a67-9901-b7da94c6ba4f_%E5%A4%8D%E6%B4%BB%E5%B2%9B%E5%B7%A8%E4%BA%BA%E5%83%8F.png"
    },
    "updatedBy": {
      "id": 540175374525637,
      "username": "zhangang",
      "email": "z**********@163.com",
      "mobile": "173****6912",
      "nickname": "章昂",
      "status": true,
      "avatar": "https://terminus-new-trantor.oss-cn-hangzhou.aliyuncs.com/iam/user/avatar/540175374525637/2025-03-10_14_44_32_7dbc5543-0152-4a67-9901-b7da94c6ba4f_%E5%A4%8D%E6%B4%BB%E5%B2%9B%E5%B7%A8%E4%BA%BA%E5%83%8F.png"
    },
    "createdAt": 1744956407000,
    "updatedAt": 1744965749000,
    "version": 3,
    "deleted": 0,
    "originOrgId": 0,
    "soItems": [
      {
        "soId": {
          "id": 16373028
        },
        "id": 16295032
      }
    ]
  },
  {
    "soCode": "SO001974",
    "soDocDate": 1744905600000,
    "soExtCode": null,
    "baseCurrId": {
      "id": 2000001
    },
    "slsCurrId": {
      "id": 2000001
    },
    "exchRate": 1.0,
    "grossBaseAmt": 106656.0,
    "netBaseAmt": 94385.840708,
    "taxAmt": 12270.159292,
    "soCreateSource": "TERP门户",
    "slsOrgId": {
      "id": 14579001
    },
    "slsTmId": null,
    "soTypeId": {
      "id": 2101001
    },
    "custId": {
      "id": 2059001
    },
    "custPersonName": "李月汝",
    "custPhone": "18378999655",
    "slsPersonName": "章昂",
    "slsPhone": "17376596912",
    "soStatus": "EFFECT",
    "approveStatus": null,
    "soTitle": null,
    "soDesc": null,
    "soNotes": null,
    "isFixedExchRate": false,
    "slsComId": {
      "id": 14373001
    },
    "priceIdempotent": "aa4707267c5b7e394f65f659abde69d0",
    "freezeType": "ALL_FREEZE",
    "soAssociationCode": null,
    "soBusinessStatus": "INIT",
    "bizRuleGroup": null,
    "addrDetail": "佛山市禅城区季华五路28号",
    "currExchangeRateType": {
      "id": 2000001
    },
    "slsDcId": {
      "id": 14378001
    },
    "btClass": "SALES",
    "effectiveAt": null,
    "slsPerson": {
      "id": 14094003
    },
    "reCalculate": null,
    "invOrg": null,
    "invLoc": null,
    "priceCalcDate": 1744956404000,
    "deliveryInterceptFail": null,
    "externalBuyerId": null,
    "addrId": {
      "id": 70002638
    },
    "totalAmt": 106656.0,
    "discountAmt": 0.0,
    "discountInfo": "",
    "platformDiscountAmt": null,
    "merchantDiscountAmt": null,
    "actualPaidAmt": null,
    "freightAmt": null,
    "buyerRemark": null,
    "sellerRemark": null,
    "id": 16373027,
    "createdBy": {
      "id": 540175374525637,
      "username": "zhangang",
      "email": "z**********@163.com",
      "mobile": "173****6912",
      "nickname": "章昂",
      "status": true,
      "avatar": "https://terminus-new-trantor.oss-cn-hangzhou.aliyuncs.com/iam/user/avatar/540175374525637/2025-03-10_14_44_32_7dbc5543-0152-4a67-9901-b7da94c6ba4f_%E5%A4%8D%E6%B4%BB%E5%B2%9B%E5%B7%A8%E4%BA%BA%E5%83%8F.png"
    },
    "updatedBy": {
      "id": 540175374525637,
      "username": "zhangang",
      "email": "z**********@163.com",
      "mobile": "173****6912",
      "nickname": "章昂",
      "status": true,
      "avatar": "https://terminus-new-trantor.oss-cn-hangzhou.aliyuncs.com/iam/user/avatar/540175374525637/2025-03-10_14_44_32_7dbc5543-0152-4a67-9901-b7da94c6ba4f_%E5%A4%8D%E6%B4%BB%E5%B2%9B%E5%B7%A8%E4%BA%BA%E5%83%8F.png"
    },
    "createdAt": 1744956404000,
    "updatedAt": 1744968350000,
    "version": 9,
    "deleted": 0,
    "originOrgId": 0,
    "soItems": [
      {
        "soId": {
          "id": 16373027
        },
        "id": 16295031
      }
    ]
  },
  {
    "soCode": "SO001967",
    "soDocDate": 1744905600000,
    "soExtCode": null,
    "baseCurrId": {
      "id": 2000001
    },
    "slsCurrId": {
      "id": 2000001
    },
    "exchRate": 1.0,
    "grossBaseAmt": 26664.0,
    "netBaseAmt": 23596.460177,
    "taxAmt": 3067.539823,
    "soCreateSource": "TERP门户",
    "slsOrgId": {
      "id": 14579001
    },
    "slsTmId": null,
    "soTypeId": {
      "id": 2101001
    },
    "custId": {
      "id": 2059001
    },
    "custPersonName": "李月汝",
    "custPhone": "18378999655",
    "slsPersonName": "章昂",
    "slsPhone": "17376596912",
    "soStatus": "EFFECT",
    "approveStatus": null,
    "soTitle": null,
    "soDesc": null,
    "soNotes": null,
    "isFixedExchRate": false,
    "slsComId": {
      "id": 14373001
    },
    "priceIdempotent": "120a9f6c8f1dbf6850240cb9f693f253",
    "freezeType": "ALL_FREEZE",
    "soAssociationCode": null,
    "soBusinessStatus": null,
    "bizRuleGroup": null,
    "addrDetail": "佛山市禅城区季华五路28号",
    "currExchangeRateType": {
      "id": 2000001
    },
    "slsDcId": {
      "id": 14378001
    },
    "btClass": "SALES",
    "effectiveAt": null,
    "slsPerson": {
      "id": 14094003
    },
    "reCalculate": null,
    "invOrg": null,
    "invLoc": null,
    "priceCalcDate": 1744955972000,
    "deliveryInterceptFail": null,
    "externalBuyerId": null,
    "addrId": {
      "id": 70002638
    },
    "totalAmt": 26664.0,
    "discountAmt": 0.0,
    "discountInfo": "",
    "platformDiscountAmt": null,
    "merchantDiscountAmt": null,
    "actualPaidAmt": null,
    "freightAmt": null,
    "buyerRemark": null,
    "sellerRemark": null,
    "id": 16373026,
    "createdBy": {
      "id": 540175374525637,
      "username": "zhangang",
      "email": "z**********@163.com",
      "mobile": "173****6912",
      "nickname": "章昂",
      "status": true,
      "avatar": "https://terminus-new-trantor.oss-cn-hangzhou.aliyuncs.com/iam/user/avatar/540175374525637/2025-03-10_14_44_32_7dbc5543-0152-4a67-9901-b7da94c6ba4f_%E5%A4%8D%E6%B4%BB%E5%B2%9B%E5%B7%A8%E4%BA%BA%E5%83%8F.png"
    },
    "updatedBy": {
      "id": 540175374525637,
      "username": "zhangang",
      "email": "z**********@163.com",
      "mobile": "173****6912",
      "nickname": "章昂",
      "status": true,
      "avatar": "https://terminus-new-trantor.oss-cn-hangzhou.aliyuncs.com/iam/user/avatar/540175374525637/2025-03-10_14_44_32_7dbc5543-0152-4a67-9901-b7da94c6ba4f_%E5%A4%8D%E6%B4%BB%E5%B2%9B%E5%B7%A8%E4%BA%BA%E5%83%8F.png"
    },
    "createdAt": 1744955972000,
    "updatedAt": 1744968800000,
    "version": 3,
    "deleted": 0,
    "originOrgId": 0,
    "slsPartnerLinks": [
      {
        "soId": {
          "id": 16373026
        },
        "id": 16217009
      }
    ],
    "soItems": [
      {
        "soId": {
          "id": 16373026
        },
        "id": 16295029
      }
    ]
  },
  {
    "soCode": "SO001969",
    "soDocDate": 1744905600000,
    "soExtCode": null,
    "baseCurrId": {
      "id": 2000001
    },
    "slsCurrId": {
      "id": 2000001
    },
    "exchRate": 1.0,
    "grossBaseAmt": 26664.0,
    "netBaseAmt": 23596.460177,
    "taxAmt": 3067.539823,
    "soCreateSource": "TERP门户",
    "slsOrgId": {
      "id": 14579001
    },
    "slsTmId": null,
    "soTypeId": {
      "id": 2101001
    },
    "custId": {
      "id": 2059001
    },
    "custPersonName": "李月汝",
    "custPhone": "18378999655",
    "slsPersonName": "章昂",
    "slsPhone": "17376596912",
    "soStatus": "EFFECT",
    "approveStatus": null,
    "soTitle": null,
    "soDesc": null,
    "soNotes": null,
    "isFixedExchRate": false,
    "slsComId": {
      "id": 14373001
    },
    "priceIdempotent": "70c91c05034de2a796a8ad3bceb5ef08",
    "freezeType": "ALL_FREEZE",
    "soAssociationCode": null,
    "soBusinessStatus": null,
    "bizRuleGroup": null,
    "addrDetail": "佛山市禅城区季华五路28号",
    "currExchangeRateType": {
      "id": 2000001
    },
    "slsDcId": {
      "id": 14378001
    },
    "btClass": "SALES",
    "effectiveAt": null,
    "slsPerson": {
      "id": 14094003
    },
    "reCalculate": null,
    "invOrg": null,
    "invLoc": null,
    "priceCalcDate": 1744955973000,
    "deliveryInterceptFail": null,
    "externalBuyerId": null,
    "addrId": {
      "id": 70002638
    },
    "totalAmt": 26664.0,
    "discountAmt": 0.0,
    "discountInfo": "",
    "platformDiscountAmt": null,
    "merchantDiscountAmt": null,
    "actualPaidAmt": null,
    "freightAmt": null,
    "buyerRemark": null,
    "sellerRemark": null,
    "id": 16373025,
    "createdBy": {
      "id": 540175374525637,
      "username": "zhangang",
      "email": "z**********@163.com",
      "mobile": "173****6912",
      "nickname": "章昂",
      "status": true,
      "avatar": "https://terminus-new-trantor.oss-cn-hangzhou.aliyuncs.com/iam/user/avatar/540175374525637/2025-03-10_14_44_32_7dbc5543-0152-4a67-9901-b7da94c6ba4f_%E5%A4%8D%E6%B4%BB%E5%B2%9B%E5%B7%A8%E4%BA%BA%E5%83%8F.png"
    },
    "updatedBy": {
      "id": 540175374525637,
      "username": "zhangang",
      "email": "z**********@163.com",
      "mobile": "173****6912",
      "nickname": "章昂",
      "status": true,
      "avatar": "https://terminus-new-trantor.oss-cn-hangzhou.aliyuncs.com/iam/user/avatar/540175374525637/2025-03-10_14_44_32_7dbc5543-0152-4a67-9901-b7da94c6ba4f_%E5%A4%8D%E6%B4%BB%E5%B2%9B%E5%B7%A8%E4%BA%BA%E5%83%8F.png"
    },
    "createdAt": 1744955972000,
    "updatedAt": 1744968374000,
    "version": 5,
    "deleted": 0,
    "originOrgId": 0,
    "slsPartnerLinks": [
      {
        "soId": {
          "id": 16373025
        },
        "id": 16217010
      }
    ],
    "soItems": [
      {
        "soId": {
          "id": 16373025
        },
        "id": 16295030
      }
    ]
  },
  {
    "soCode": "SO001962",
    "soDocDate": 1744905600000,
    "soExtCode": null,
    "baseCurrId": {
      "id": 2000001
    },
    "slsCurrId": {
      "id": 2000001
    },
    "exchRate": 1.0,
    "grossBaseAmt": 115544.0,
    "netBaseAmt": 102251.327434,
    "taxAmt": 13292.672566,
    "soCreateSource": "TERP门户",
    "slsOrgId": {
      "id": 14579001
    },
    "slsTmId": null,
    "soTypeId": {
      "id": 2101001
    },
    "custId": {
      "id": 2059001
    },
    "custPersonName": "李月汝",
    "custPhone": "18378999655",
    "slsPersonName": "章昂",
    "slsPhone": "17376596912",
    "soStatus": "EFFECT",
    "approveStatus": null,
    "soTitle": null,
    "soDesc": null,
    "soNotes": null,
    "isFixedExchRate": false,
    "slsComId": {
      "id": 14373001
    },
    "priceIdempotent": "ac40d0cb77fd36b47ffd7642598858c6",
    "freezeType": "ALL_FREEZE",
    "soAssociationCode": null,
    "soBusinessStatus": null,
    "bizRuleGroup": null,
    "addrDetail": "佛山市禅城区季华五路28号",
    "currExchangeRateType": {
      "id": 2000001
    },
    "slsDcId": {
      "id": 14378001
    },
    "btClass": "SALES",
    "effectiveAt": null,
    "slsPerson": {
      "id": 14094003
    },
    "reCalculate": null,
    "invOrg": null,
    "invLoc": null,
    "priceCalcDate": 1744955952000,
    "deliveryInterceptFail": null,
    "externalBuyerId": null,
    "addrId": {
      "id": 70002638
    },
    "totalAmt": 115544.0,
    "discountAmt": 0.0,
    "discountInfo": "",
    "platformDiscountAmt": null,
    "merchantDiscountAmt": null,
    "actualPaidAmt": null,
    "freightAmt": null,
    "buyerRemark": null,
    "sellerRemark": null,
    "id": 16373024,
    "createdBy": {
      "id": 540175374525637,
      "username": "zhangang",
      "email": "z**********@163.com",
      "mobile": "173****6912",
      "nickname": "章昂",
      "status": true,
      "avatar": "https://terminus-new-trantor.oss-cn-hangzhou.aliyuncs.com/iam/user/avatar/540175374525637/2025-03-10_14_44_32_7dbc5543-0152-4a67-9901-b7da94c6ba4f_%E5%A4%8D%E6%B4%BB%E5%B2%9B%E5%B7%A8%E4%BA%BA%E5%83%8F.png"
    },
    "updatedBy": {
      "id": 540175374525637,
      "username": "zhangang",
      "email": "z**********@163.com",
      "mobile": "173****6912",
      "nickname": "章昂",
      "status": true,
      "avatar": "https://terminus-new-trantor.oss-cn-hangzhou.aliyuncs.com/iam/user/avatar/540175374525637/2025-03-10_14_44_32_7dbc5543-0152-4a67-9901-b7da94c6ba4f_%E5%A4%8D%E6%B4%BB%E5%B2%9B%E5%B7%A8%E4%BA%BA%E5%83%8F.png"
    },
    "createdAt": 1744955953000,
    "updatedAt": 1744970102000,
    "version": 3,
    "deleted": 0,
    "originOrgId": 0,
    "slsPartnerLinks": [
      {
        "soId": {
          "id": 16373024
        },
        "id": 16217007
      }
    ],
    "soItems": [
      {
        "soId": {
          "id": 16373024
        },
        "id": 16295027
      }
    ]
  },
  {
    "soCode": "SO001959",
    "soDocDate": 1744905600000,
    "soExtCode": null,
    "baseCurrId": {
      "id": 2000001
    },
    "slsCurrId": {
      "id": 2000001
    },
    "exchRate": 1.0,
    "grossBaseAmt": 115544.0,
    "netBaseAmt": 102251.327434,
    "taxAmt": 13292.672566,
    "soCreateSource": "TERP门户",
    "slsOrgId": {
      "id": 14579001
    },
    "slsTmId": null,
    "soTypeId": {
      "id": 2101001
    },
    "custId": {
      "id": 2059001
    },
    "custPersonName": "李月汝",
    "custPhone": "18378999655",
    "slsPersonName": "章昂",
    "slsPhone": "17376596912",
    "soStatus": "EFFECT",
    "approveStatus": null,
    "soTitle": null,
    "soDesc": null,
    "soNotes": null,
    "isFixedExchRate": false,
    "slsComId": {
      "id": 14373001
    },
    "priceIdempotent": "cf8964c18916514b3340217894f7904a",
    "freezeType": "ALL_FREEZE",
    "soAssociationCode": null,
    "soBusinessStatus": null,
    "bizRuleGroup": null,
    "addrDetail": "佛山市禅城区季华五路28号",
    "currExchangeRateType": {
      "id": 2000001
    },
    "slsDcId": {
      "id": 14378001
    },
    "btClass": "SALES",
    "effectiveAt": null,
    "slsPerson": {
      "id": 14094003
    },
    "reCalculate": null,
    "invOrg": null,
    "invLoc": null,
    "priceCalcDate": 1744955951000,
    "deliveryInterceptFail": null,
    "externalBuyerId": null,
    "addrId": {
      "id": 70002638
    },
    "totalAmt": 115544.0,
    "discountAmt": 0.0,
    "discountInfo": "",
    "platformDiscountAmt": null,
    "merchantDiscountAmt": null,
    "actualPaidAmt": null,
    "freightAmt": null,
    "buyerRemark": null,
    "sellerRemark": null,
    "id": 16373023,
    "createdBy": {
      "id": 540175374525637,
      "username": "zhangang",
      "email": "z**********@163.com",
      "mobile": "173****6912",
      "nickname": "章昂",
      "status": true,
      "avatar": "https://terminus-new-trantor.oss-cn-hangzhou.aliyuncs.com/iam/user/avatar/540175374525637/2025-03-10_14_44_32_7dbc5543-0152-4a67-9901-b7da94c6ba4f_%E5%A4%8D%E6%B4%BB%E5%B2%9B%E5%B7%A8%E4%BA%BA%E5%83%8F.png"
    },
    "updatedBy": {
      "id": 540175374525637,
      "username": "zhangang",
      "email": "z**********@163.com",
      "mobile": "173****6912",
      "nickname": "章昂",
      "status": true,
      "avatar": "https://terminus-new-trantor.oss-cn-hangzhou.aliyuncs.com/iam/user/avatar/540175374525637/2025-03-10_14_44_32_7dbc5543-0152-4a67-9901-b7da94c6ba4f_%E5%A4%8D%E6%B4%BB%E5%B2%9B%E5%B7%A8%E4%BA%BA%E5%83%8F.png"
    },
    "createdAt": 1744955952000,
    "updatedAt": 1744970121000,
    "version": 4,
    "deleted": 0,
    "originOrgId": 0,
    "slsPartnerLinks": [
      {
        "soId": {
          "id": 16373023
        },
        "id": 16217006
      }
    ],
    "soItems": [
      {
        "soId": {
          "id": 16373023
        },
        "id": 16295026
      }
    ]
  },
  {
    "soCode": "SO001954",
    "soDocDate": 1744905600000,
    "soExtCode": null,
    "baseCurrId": {
      "id": 2000001
    },
    "slsCurrId": {
      "id": 2000001
    },
    "exchRate": 1.0,
    "grossBaseAmt": 586608.0,
    "netBaseAmt": 519122.123894,
    "taxAmt": 67485.876106,
    "soCreateSource": "TERP门户",
    "slsOrgId": {
      "id": 14579001
    },
    "slsTmId": null,
    "soTypeId": {
      "id": 2101001
    },
    "custId": {
      "id": 2059001
    },
    "custPersonName": "李月汝",
    "custPhone": "18378999655",
    "slsPersonName": "章昂",
    "slsPhone": "17376596912",
    "soStatus": "EFFECT",
    "approveStatus": null,
    "soTitle": null,
    "soDesc": null,
    "soNotes": null,
    "isFixedExchRate": false,
    "slsComId": {
      "id": 14373001
    },
    "priceIdempotent": "0f318d3f73b8020cc991cc3e201f43f8",
    "freezeType": "NU_FREEZE",
    "soAssociationCode": null,
    "soBusinessStatus": "INIT",
    "bizRuleGroup": null,
    "addrDetail": "佛山市禅城区季华五路28号",
    "currExchangeRateType": {
      "id": 2000001
    },
    "slsDcId": {
      "id": 14378001
    },
    "btClass": "SALES",
    "effectiveAt": null,
    "slsPerson": {
      "id": 14094003
    },
    "reCalculate": null,
    "invOrg": null,
    "invLoc": null,
    "priceCalcDate": 1744955912000,
    "deliveryInterceptFail": null,
    "externalBuyerId": null,
    "addrId": {
      "id": 70002638
    },
    "totalAmt": 586608.0,
    "discountAmt": 0.0,
    "discountInfo": "",
    "platformDiscountAmt": null,
    "merchantDiscountAmt": null,
    "actualPaidAmt": null,
    "freightAmt": null,
    "buyerRemark": null,
    "sellerRemark": null,
    "id": 16373022,
    "createdBy": {
      "id": 540175374525637,
      "username": "zhangang",
      "email": "z**********@163.com",
      "mobile": "173****6912",
      "nickname": "章昂",
      "status": true,
      "avatar": "https://terminus-new-trantor.oss-cn-hangzhou.aliyuncs.com/iam/user/avatar/540175374525637/2025-03-10_14_44_32_7dbc5543-0152-4a67-9901-b7da94c6ba4f_%E5%A4%8D%E6%B4%BB%E5%B2%9B%E5%B7%A8%E4%BA%BA%E5%83%8F.png"
    },
    "updatedBy": {
      "id": 540175374525637,
      "username": "zhangang",
      "email": "z**********@163.com",
      "mobile": "173****6912",
      "nickname": "章昂",
      "status": true,
      "avatar": "https://terminus-new-trantor.oss-cn-hangzhou.aliyuncs.com/iam/user/avatar/540175374525637/2025-03-10_14_44_32_7dbc5543-0152-4a67-9901-b7da94c6ba4f_%E5%A4%8D%E6%B4%BB%E5%B2%9B%E5%B7%A8%E4%BA%BA%E5%83%8F.png"
    },
    "createdAt": 1744955913000,
    "updatedAt": 1744968132000,
    "version": 7,
    "deleted": 0,
    "originOrgId": 0,
    "slsPartnerLinks": [
      {
        "soId": {
          "id": 16373022
        },
        "id": 16217005
      }
    ],
    "soItems": [
      {
        "soId": {
          "id": 16373022
        },
        "id": 16295024
      }
    ]
  },
  {
    "soCode": "SO001953",
    "soDocDate": 1744905600000,
    "soExtCode": null,
    "baseCurrId": {
      "id": 2000001
    },
    "slsCurrId": {
      "id": 2000001
    },
    "exchRate": 1.0,
    "grossBaseAmt": 586608.0,
    "netBaseAmt": 519122.123894,
    "taxAmt": 67485.876106,
    "soCreateSource": "TERP门户",
    "slsOrgId": {
      "id": 14579001
    },
    "slsTmId": null,
    "soTypeId": {
      "id": 2101001
    },
    "custId": {
      "id": 2059001
    },
    "custPersonName": "李月汝",
    "custPhone": "18378999655",
    "slsPersonName": "章昂",
    "slsPhone": "17376596912",
    "soStatus": "EFFECT",
    "approveStatus": null,
    "soTitle": null,
    "soDesc": null,
    "soNotes": null,
    "isFixedExchRate": false,
    "slsComId": {
      "id": 14373001
    },
    "priceIdempotent": "109b89c8c3922f002fe3c9f7f811e537",
    "freezeType": "NU_FREEZE",
    "soAssociationCode": null,
    "soBusinessStatus": null,
    "bizRuleGroup": null,
    "addrDetail": "佛山市禅城区季华五路28号",
    "currExchangeRateType": {
      "id": 2000001
    },
    "slsDcId": {
      "id": 14378001
    },
    "btClass": "SALES",
    "effectiveAt": null,
    "slsPerson": {
      "id": 14094003
    },
    "reCalculate": null,
    "invOrg": null,
    "invLoc": null,
    "priceCalcDate": 1744955911000,
    "deliveryInterceptFail": null,
    "externalBuyerId": null,
    "addrId": {
      "id": 70002638
    },
    "totalAmt": 586608.0,
    "discountAmt": 0.0,
    "discountInfo": "",
    "platformDiscountAmt": null,
    "merchantDiscountAmt": null,
    "actualPaidAmt": null,
    "freightAmt": null,
    "buyerRemark": null,
    "sellerRemark": null,
    "id": 16373021,
    "createdBy": {
      "id": 540175374525637,
      "username": "zhangang",
      "email": "z**********@163.com",
      "mobile": "173****6912",
      "nickname": "章昂",
      "status": true,
      "avatar": "https://terminus-new-trantor.oss-cn-hangzhou.aliyuncs.com/iam/user/avatar/540175374525637/2025-03-10_14_44_32_7dbc5543-0152-4a67-9901-b7da94c6ba4f_%E5%A4%8D%E6%B4%BB%E5%B2%9B%E5%B7%A8%E4%BA%BA%E5%83%8F.png"
    },
    "updatedBy": {
      "id": 540175374525637,
      "username": "zhangang",
      "email": "z**********@163.com",
      "mobile": "173****6912",
      "nickname": "章昂",
      "status": true,
      "avatar": "https://terminus-new-trantor.oss-cn-hangzhou.aliyuncs.com/iam/user/avatar/540175374525637/2025-03-10_14_44_32_7dbc5543-0152-4a67-9901-b7da94c6ba4f_%E5%A4%8D%E6%B4%BB%E5%B2%9B%E5%B7%A8%E4%BA%BA%E5%83%8F.png"
    },
    "createdAt": 1744955912000,
    "updatedAt": 1744955912000,
    "version": 2,
    "deleted": 0,
    "originOrgId": 0,
    "slsPartnerLinks": [
      {
        "soId": {
          "id": 16373021
        },
        "id": 16217004
      }
    ],
    "soItems": [
      {
        "soId": {
          "id": 16373021
        },
        "id": 16295023
      }
    ]
  },
  {
    "soCode": "SO001950",
    "soDocDate": 1744905600000,
    "soExtCode": null,
    "baseCurrId": {
      "id": 2000001
    },
    "slsCurrId": {
      "id": 2000001
    },
    "exchRate": 1.0,
    "grossBaseAmt": 586608.0,
    "netBaseAmt": 519122.123894,
    "taxAmt": 67485.876106,
    "soCreateSource": "TERP门户",
    "slsOrgId": {
      "id": 14579001
    },
    "slsTmId": null,
    "soTypeId": {
      "id": 2101001
    },
    "custId": {
      "id": 2059001
    },
    "custPersonName": "李月汝",
    "custPhone": "18378999655",
    "slsPersonName": "章昂",
    "slsPhone": "17376596912",
    "soStatus": "EFFECT",
    "approveStatus": null,
    "soTitle": null,
    "soDesc": null,
    "soNotes": null,
    "isFixedExchRate": false,
    "slsComId": {
      "id": 14373001
    },
    "priceIdempotent": "a735ccc2e2d41945307dd7b770d6cc51",
    "freezeType": "NU_FREEZE",
    "soAssociationCode": null,
    "soBusinessStatus": null,
    "bizRuleGroup": null,
    "addrDetail": "佛山市禅城区季华五路28号",
    "currExchangeRateType": {
      "id": 2000001
    },
    "slsDcId": {
      "id": 14378001
    },
    "btClass": "SALES",
    "effectiveAt": null,
    "slsPerson": {
      "id": 14094003
    },
    "reCalculate": null,
    "invOrg": null,
    "invLoc": null,
    "priceCalcDate": 1744955910000,
    "deliveryInterceptFail": null,
    "externalBuyerId": null,
    "addrId": {
      "id": 70002638
    },
    "totalAmt": 586608.0,
    "discountAmt": 0.0,
    "discountInfo": "",
    "platformDiscountAmt": null,
    "merchantDiscountAmt": null,
    "actualPaidAmt": null,
    "freightAmt": null,
    "buyerRemark": null,
    "sellerRemark": null,
    "id": 16373020,
    "createdBy": {
      "id": 540175374525637,
      "username": "zhangang",
      "email": "z**********@163.com",
      "mobile": "173****6912",
      "nickname": "章昂",
      "status": true,
      "avatar": "https://terminus-new-trantor.oss-cn-hangzhou.aliyuncs.com/iam/user/avatar/540175374525637/2025-03-10_14_44_32_7dbc5543-0152-4a67-9901-b7da94c6ba4f_%E5%A4%8D%E6%B4%BB%E5%B2%9B%E5%B7%A8%E4%BA%BA%E5%83%8F.png"
    },
    "updatedBy": {
      "id": 540175374525637,
      "username": "zhangang",
      "email": "z**********@163.com",
      "mobile": "173****6912",
      "nickname": "章昂",
      "status": true,
      "avatar": "https://terminus-new-trantor.oss-cn-hangzhou.aliyuncs.com/iam/user/avatar/540175374525637/2025-03-10_14_44_32_7dbc5543-0152-4a67-9901-b7da94c6ba4f_%E5%A4%8D%E6%B4%BB%E5%B2%9B%E5%B7%A8%E4%BA%BA%E5%83%8F.png"
    },
    "createdAt": 1744955911000,
    "updatedAt": 1744968162000,
    "version": 3,
    "deleted": 0,
    "originOrgId": 0,
    "slsPartnerLinks": [
      {
        "soId": {
          "id": 16373020
        },
        "id": 16217003
      }
    ],
    "soItems": [
      {
        "soId": {
          "id": 16373020
        },
        "id": 16295022
      }
    ]
  },
  {
    "soCode": "SO001947",
    "soDocDate": 1744905600000,
    "soExtCode": null,
    "baseCurrId": {
      "id": 2000001
    },
    "slsCurrId": {
      "id": 2000001
    },
    "exchRate": 1.0,
    "grossBaseAmt": 391072.0,
    "netBaseAmt": 346081.415929,
    "taxAmt": 44990.584071,
    "soCreateSource": "TERP门户",
    "slsOrgId": {
      "id": 14579001
    },
    "slsTmId": null,
    "soTypeId": {
      "id": 2101001
    },
    "custId": {
      "id": 2059001
    },
    "custPersonName": "李月汝",
    "custPhone": "18378999655",
    "slsPersonName": "章昂",
    "slsPhone": "17376596912",
    "soStatus": "EFFECT",
    "approveStatus": null,
    "soTitle": null,
    "soDesc": null,
    "soNotes": null,
    "isFixedExchRate": false,
    "slsComId": {
      "id": 14373001
    },
    "priceIdempotent": "307ae81edcb0297956e3a4a99f986de1",
    "freezeType": "NU_FREEZE",
    "soAssociationCode": null,
    "soBusinessStatus": null,
    "bizRuleGroup": null,
    "addrDetail": "佛山市禅城区季华五路28号",
    "currExchangeRateType": {
      "id": 2000001
    },
    "slsDcId": {
      "id": 14378001
    },
    "btClass": "SALES",
    "effectiveAt": null,
    "slsPerson": {
      "id": 14094003
    },
    "reCalculate": null,
    "invOrg": null,
    "invLoc": null,
    "priceCalcDate": 1744955861000,
    "deliveryInterceptFail": null,
    "externalBuyerId": null,
    "addrId": {
      "id": 70002638
    },
    "totalAmt": 391072.0,
    "discountAmt": 0.0,
    "discountInfo": "",
    "platformDiscountAmt": null,
    "merchantDiscountAmt": null,
    "actualPaidAmt": null,
    "freightAmt": null,
    "buyerRemark": null,
    "sellerRemark": null,
    "id": 16373018,
    "createdBy": {
      "id": 540175374525637,
      "username": "zhangang",
      "email": "z**********@163.com",
      "mobile": "173****6912",
      "nickname": "章昂",
      "status": true,
      "avatar": "https://terminus-new-trantor.oss-cn-hangzhou.aliyuncs.com/iam/user/avatar/540175374525637/2025-03-10_14_44_32_7dbc5543-0152-4a67-9901-b7da94c6ba4f_%E5%A4%8D%E6%B4%BB%E5%B2%9B%E5%B7%A8%E4%BA%BA%E5%83%8F.png"
    },
    "updatedBy": {
      "id": 540175374525637,
      "username": "zhangang",
      "email": "z**********@163.com",
      "mobile": "173****6912",
      "nickname": "章昂",
      "status": true,
      "avatar": "https://terminus-new-trantor.oss-cn-hangzhou.aliyuncs.com/iam/user/avatar/540175374525637/2025-03-10_14_44_32_7dbc5543-0152-4a67-9901-b7da94c6ba4f_%E5%A4%8D%E6%B4%BB%E5%B2%9B%E5%B7%A8%E4%BA%BA%E5%83%8F.png"
    },
    "createdAt": 1744955862000,
    "updatedAt": 1744955862000,
    "version": 2,
    "deleted": 0,
    "originOrgId": 0,
    "slsPartnerLinks": [
      {
        "soId": {
          "id": 16373018
        },
        "id": 16217002
      }
    ],
    "soItems": [
      {
        "soId": {
          "id": 16373018
        },
        "id": 16295021
      }
    ]
  },
  {
    "soCode": "SO001944",
    "soDocDate": 1744905600000,
    "soExtCode": null,
    "baseCurrId": {
      "id": 2000001
    },
    "slsCurrId": {
      "id": 2000001
    },
    "exchRate": 1.0,
    "grossBaseAmt": 391072.0,
    "netBaseAmt": 346081.415929,
    "taxAmt": 44990.584071,
    "soCreateSource": "TERP门户",
    "slsOrgId": {
      "id": 14579001
    },
    "slsTmId": null,
    "soTypeId": {
      "id": 2101001
    },
    "custId": {
      "id": 2059001
    },
    "custPersonName": "李月汝",
    "custPhone": "18378999655",
    "slsPersonName": "章昂",
    "slsPhone": "17376596912",
    "soStatus": "EFFECT",
    "approveStatus": null,
    "soTitle": null,
    "soDesc": null,
    "soNotes": null,
    "isFixedExchRate": false,
    "slsComId": {
      "id": 14373001
    },
    "priceIdempotent": "1395b9b21f37097a745faa8c758db8f1",
    "freezeType": "NU_FREEZE",
    "soAssociationCode": null,
    "soBusinessStatus": null,
    "bizRuleGroup": null,
    "addrDetail": "佛山市禅城区季华五路28号",
    "currExchangeRateType": {
      "id": 2000001
    },
    "slsDcId": {
      "id": 14378001
    },
    "btClass": "SALES",
    "effectiveAt": null,
    "slsPerson": {
      "id": 14094003
    },
    "reCalculate": null,
    "invOrg": null,
    "invLoc": null,
    "priceCalcDate": 1744955860000,
    "deliveryInterceptFail": null,
    "externalBuyerId": null,
    "addrId": {
      "id": 70002638
    },
    "totalAmt": 391072.0,
    "discountAmt": 0.0,
    "discountInfo": "",
    "platformDiscountAmt": null,
    "merchantDiscountAmt": null,
    "actualPaidAmt": null,
    "freightAmt": null,
    "buyerRemark": null,
    "sellerRemark": null,
    "id": 16373017,
    "createdBy": {
      "id": 540175374525637,
      "username": "zhangang",
      "email": "z**********@163.com",
      "mobile": "173****6912",
      "nickname": "章昂",
      "status": true,
      "avatar": "https://terminus-new-trantor.oss-cn-hangzhou.aliyuncs.com/iam/user/avatar/540175374525637/2025-03-10_14_44_32_7dbc5543-0152-4a67-9901-b7da94c6ba4f_%E5%A4%8D%E6%B4%BB%E5%B2%9B%E5%B7%A8%E4%BA%BA%E5%83%8F.png"
    },
    "updatedBy": {
      "id": 540175374525637,
      "username": "zhangang",
      "email": "z**********@163.com",
      "mobile": "173****6912",
      "nickname": "章昂",
      "status": true,
      "avatar": "https://terminus-new-trantor.oss-cn-hangzhou.aliyuncs.com/iam/user/avatar/540175374525637/2025-03-10_14_44_32_7dbc5543-0152-4a67-9901-b7da94c6ba4f_%E5%A4%8D%E6%B4%BB%E5%B2%9B%E5%B7%A8%E4%BA%BA%E5%83%8F.png"
    },
    "createdAt": 1744955861000,
    "updatedAt": 1744968251000,
    "version": 3,
    "deleted": 0,
    "originOrgId": 0,
    "slsPartnerLinks": [
      {
        "soId": {
          "id": 16373017
        },
        "id": 16217001
      }
    ],
    "soItems": [
      {
        "soId": {
          "id": 16373017
        },
        "id": 16295020
      }
    ]
  },
  {
    "soCode": "SO001939",
    "soDocDate": 1744905600000,
    "soExtCode": null,
    "baseCurrId": {
      "id": 2000001
    },
    "slsCurrId": {
      "id": 2000001
    },
    "exchRate": 1.0,
    "grossBaseAmt": 862136.0,
    "netBaseAmt": 762952.212389,
    "taxAmt": 99183.787611,
    "soCreateSource": "TERP门户",
    "slsOrgId": {
      "id": 14579001
    },
    "slsTmId": null,
    "soTypeId": {
      "id": 2101001
    },
    "custId": {
      "id": 2059001
    },
    "custPersonName": "李月汝",
    "custPhone": "18378999655",
    "slsPersonName": "章昂",
    "slsPhone": "17376596912",
    "soStatus": "EFFECT",
    "approveStatus": null,
    "soTitle": null,
    "soDesc": null,
    "soNotes": null,
    "isFixedExchRate": false,
    "slsComId": {
      "id": 14373001
    },
    "priceIdempotent": "c0b4238f74f3fc64c3b5a0448dc79fc8",
    "freezeType": "NU_FREEZE",
    "soAssociationCode": null,
    "soBusinessStatus": null,
    "bizRuleGroup": null,
    "addrDetail": "佛山市禅城区季华五路28号",
    "currExchangeRateType": {
      "id": 2000001
    },
    "slsDcId": {
      "id": 14378001
    },
    "btClass": "SALES",
    "effectiveAt": null,
    "slsPerson": {
      "id": 14094003
    },
    "reCalculate": null,
    "invOrg": null,
    "invLoc": null,
    "priceCalcDate": 1744955776000,
    "deliveryInterceptFail": null,
    "externalBuyerId": null,
    "addrId": {
      "id": 70002638
    },
    "totalAmt": 862136.0,
    "discountAmt": 0.0,
    "discountInfo": "",
    "platformDiscountAmt": null,
    "merchantDiscountAmt": null,
    "actualPaidAmt": null,
    "freightAmt": null,
    "buyerRemark": null,
    "sellerRemark": null,
    "id": 16373015,
    "createdBy": {
      "id": 540175374525637,
      "username": "zhangang",
      "email": "z**********@163.com",
      "mobile": "173****6912",
      "nickname": "章昂",
      "status": true,
      "avatar": "https://terminus-new-trantor.oss-cn-hangzhou.aliyuncs.com/iam/user/avatar/540175374525637/2025-03-10_14_44_32_7dbc5543-0152-4a67-9901-b7da94c6ba4f_%E5%A4%8D%E6%B4%BB%E5%B2%9B%E5%B7%A8%E4%BA%BA%E5%83%8F.png"
    },
    "updatedBy": {
      "id": 540175374525637,
      "username": "zhangang",
      "email": "z**********@163.com",
      "mobile": "173****6912",
      "nickname": "章昂",
      "status": true,
      "avatar": "https://terminus-new-trantor.oss-cn-hangzhou.aliyuncs.com/iam/user/avatar/540175374525637/2025-03-10_14_44_32_7dbc5543-0152-4a67-9901-b7da94c6ba4f_%E5%A4%8D%E6%B4%BB%E5%B2%9B%E5%B7%A8%E4%BA%BA%E5%83%8F.png"
    },
    "createdAt": 1744955777000,
    "updatedAt": 1744969527000,
    "version": 3,
    "deleted": 0,
    "originOrgId": 0,
    "soItems": [
      {
        "soId": {
          "id": 16373015
        },
        "id": 16295017
      }
    ]
  },
  {
    "soCode": "SO001937",
    "soDocDate": 1744905600000,
    "soExtCode": null,
    "baseCurrId": {
      "id": 2000001
    },
    "slsCurrId": {
      "id": 2000001
    },
    "exchRate": 1.0,
    "grossBaseAmt": 862136.0,
    "netBaseAmt": 762952.212389,
    "taxAmt": 99183.787611,
    "soCreateSource": "TERP门户",
    "slsOrgId": {
      "id": 14579001
    },
    "slsTmId": null,
    "soTypeId": {
      "id": 2101001
    },
    "custId": {
      "id": 2059001
    },
    "custPersonName": "李月汝",
    "custPhone": "18378999655",
    "slsPersonName": "章昂",
    "slsPhone": "17376596912",
    "soStatus": "EFFECT",
    "approveStatus": null,
    "soTitle": null,
    "soDesc": null,
    "soNotes": null,
    "isFixedExchRate": false,
    "slsComId": {
      "id": 14373001
    },
    "priceIdempotent": "dc79fd780463bbb3b1908540ca90b632",
    "freezeType": "NU_FREEZE",
    "soAssociationCode": null,
    "soBusinessStatus": null,
    "bizRuleGroup": null,
    "addrDetail": "佛山市禅城区季华五路28号",
    "currExchangeRateType": {
      "id": 2000001
    },
    "slsDcId": {
      "id": 14378001
    },
    "btClass": "SALES",
    "effectiveAt": null,
    "slsPerson": {
      "id": 14094003
    },
    "reCalculate": null,
    "invOrg": null,
    "invLoc": null,
    "priceCalcDate": 1744955775000,
    "deliveryInterceptFail": null,
    "externalBuyerId": null,
    "addrId": {
      "id": 70002638
    },
    "totalAmt": 862136.0,
    "discountAmt": 0.0,
    "discountInfo": "",
    "platformDiscountAmt": null,
    "merchantDiscountAmt": null,
    "actualPaidAmt": null,
    "freightAmt": null,
    "buyerRemark": null,
    "sellerRemark": null,
    "id": 16373014,
    "createdBy": {
      "id": 540175374525637,
      "username": "zhangang",
      "email": "z**********@163.com",
      "mobile": "173****6912",
      "nickname": "章昂",
      "status": true,
      "avatar": "https://terminus-new-trantor.oss-cn-hangzhou.aliyuncs.com/iam/user/avatar/540175374525637/2025-03-10_14_44_32_7dbc5543-0152-4a67-9901-b7da94c6ba4f_%E5%A4%8D%E6%B4%BB%E5%B2%9B%E5%B7%A8%E4%BA%BA%E5%83%8F.png"
    },
    "updatedBy": {
      "id": 540175374525637,
      "username": "zhangang",
      "email": "z**********@163.com",
      "mobile": "173****6912",
      "nickname": "章昂",
      "status": true,
      "avatar": "https://terminus-new-trantor.oss-cn-hangzhou.aliyuncs.com/iam/user/avatar/540175374525637/2025-03-10_14_44_32_7dbc5543-0152-4a67-9901-b7da94c6ba4f_%E5%A4%8D%E6%B4%BB%E5%B2%9B%E5%B7%A8%E4%BA%BA%E5%83%8F.png"
    },
    "createdAt": 1744955776000,
    "updatedAt": 1744955776000,
    "version": 2,
    "deleted": 0,
    "originOrgId": 0,
    "soItems": [
      {
        "soId": {
          "id": 16373014
        },
        "id": 16295016
      }
    ]
  },
  {
    "soCode": "SO001935",
    "soDocDate": 1744905600000,
    "soExtCode": null,
    "baseCurrId": {
      "id": 2000001
    },
    "slsCurrId": {
      "id": 2000001
    },
    "exchRate": 1.0,
    "grossBaseAmt": 862136.0,
    "netBaseAmt": 762952.212389,
    "taxAmt": 99183.787611,
    "soCreateSource": "TERP门户",
    "slsOrgId": {
      "id": 14579001
    },
    "slsTmId": null,
    "soTypeId": {
      "id": 2101001
    },
    "custId": {
      "id": 2059001
    },
    "custPersonName": "李月汝",
    "custPhone": "18378999655",
    "slsPersonName": "章昂",
    "slsPhone": "17376596912",
    "soStatus": "EFFECT",
    "approveStatus": null,
    "soTitle": null,
    "soDesc": null,
    "soNotes": null,
    "isFixedExchRate": false,
    "slsComId": {
      "id": 14373001
    },
    "priceIdempotent": "7f20415931d472f46d1afb88880df174",
    "freezeType": "NU_FREEZE",
    "soAssociationCode": null,
    "soBusinessStatus": null,
    "bizRuleGroup": null,
    "addrDetail": "佛山市禅城区季华五路28号",
    "currExchangeRateType": {
      "id": 2000001
    },
    "slsDcId": {
      "id": 14378001
    },
    "btClass": "SALES",
    "effectiveAt": null,
    "slsPerson": {
      "id": 14094003
    },
    "reCalculate": null,
    "invOrg": null,
    "invLoc": null,
    "priceCalcDate": 1744955774000,
    "deliveryInterceptFail": null,
    "externalBuyerId": null,
    "addrId": {
      "id": 70002638
    },
    "totalAmt": 862136.0,
    "discountAmt": 0.0,
    "discountInfo": "",
    "platformDiscountAmt": null,
    "merchantDiscountAmt": null,
    "actualPaidAmt": null,
    "freightAmt": null,
    "buyerRemark": null,
    "sellerRemark": null,
    "id": 16373013,
    "createdBy": {
      "id": 540175374525637,
      "username": "zhangang",
      "email": "z**********@163.com",
      "mobile": "173****6912",
      "nickname": "章昂",
      "status": true,
      "avatar": "https://terminus-new-trantor.oss-cn-hangzhou.aliyuncs.com/iam/user/avatar/540175374525637/2025-03-10_14_44_32_7dbc5543-0152-4a67-9901-b7da94c6ba4f_%E5%A4%8D%E6%B4%BB%E5%B2%9B%E5%B7%A8%E4%BA%BA%E5%83%8F.png"
    },
    "updatedBy": {
      "id": 540175374525637,
      "username": "zhangang",
      "email": "z**********@163.com",
      "mobile": "173****6912",
      "nickname": "章昂",
      "status": true,
      "avatar": "https://terminus-new-trantor.oss-cn-hangzhou.aliyuncs.com/iam/user/avatar/540175374525637/2025-03-10_14_44_32_7dbc5543-0152-4a67-9901-b7da94c6ba4f_%E5%A4%8D%E6%B4%BB%E5%B2%9B%E5%B7%A8%E4%BA%BA%E5%83%8F.png"
    },
    "createdAt": 1744955775000,
    "updatedAt": 1744969557000,
    "version": 3,
    "deleted": 0,
    "originOrgId": 0,
    "soItems": [
      {
        "soId": {
          "id": 16373013
        },
        "id": 16295015
      }
    ]
  },
  {
    "soCode": "SO001932",
    "soDocDate": 1744905600000,
    "soExtCode": null,
    "baseCurrId": {
      "id": 2000001
    },
    "slsCurrId": {
      "id": 2000001
    },
    "exchRate": 1.0,
    "grossBaseAmt": 479952.0,
    "netBaseAmt": 424736.283186,
    "taxAmt": 55215.716814,
    "soCreateSource": "TERP门户",
    "slsOrgId": {
      "id": 14579001
    },
    "slsTmId": null,
    "soTypeId": {
      "id": 2101001
    },
    "custId": {
      "id": 2059001
    },
    "custPersonName": "李月汝",
    "custPhone": "18378999655",
    "slsPersonName": "章昂",
    "slsPhone": "17376596912",
    "soStatus": "EFFECT",
    "approveStatus": null,
    "soTitle": null,
    "soDesc": null,
    "soNotes": null,
    "isFixedExchRate": false,
    "slsComId": {
      "id": 14373001
    },
    "priceIdempotent": "e4c0b6760e1f3d46b334cb75da21a2da",
    "freezeType": "NU_FREEZE",
    "soAssociationCode": null,
    "soBusinessStatus": null,
    "bizRuleGroup": null,
    "addrDetail": "佛山市禅城区季华五路28号",
    "currExchangeRateType": {
      "id": 2000001
    },
    "slsDcId": {
      "id": 14378001
    },
    "btClass": "SALES",
    "effectiveAt": null,
    "slsPerson": {
      "id": 14094003
    },
    "reCalculate": null,
    "invOrg": null,
    "invLoc": null,
    "priceCalcDate": 1744955616000,
    "deliveryInterceptFail": null,
    "externalBuyerId": null,
    "addrId": {
      "id": 70002638
    },
    "totalAmt": 479952.0,
    "discountAmt": null,
    "discountInfo": null,
    "platformDiscountAmt": null,
    "merchantDiscountAmt": null,
    "actualPaidAmt": null,
    "freightAmt": null,
    "buyerRemark": null,
    "sellerRemark": null,
    "id": 16373012,
    "createdBy": {
      "id": 540175374525637,
      "username": "zhangang",
      "email": "z**********@163.com",
      "mobile": "173****6912",
      "nickname": "章昂",
      "status": true,
      "avatar": "https://terminus-new-trantor.oss-cn-hangzhou.aliyuncs.com/iam/user/avatar/540175374525637/2025-03-10_14_44_32_7dbc5543-0152-4a67-9901-b7da94c6ba4f_%E5%A4%8D%E6%B4%BB%E5%B2%9B%E5%B7%A8%E4%BA%BA%E5%83%8F.png"
    },
    "updatedBy": {
      "id": 540175374525637,
      "username": "zhangang",
      "email": "z**********@163.com",
      "mobile": "173****6912",
      "nickname": "章昂",
      "status": true,
      "avatar": "https://terminus-new-trantor.oss-cn-hangzhou.aliyuncs.com/iam/user/avatar/540175374525637/2025-03-10_14_44_32_7dbc5543-0152-4a67-9901-b7da94c6ba4f_%E5%A4%8D%E6%B4%BB%E5%B2%9B%E5%B7%A8%E4%BA%BA%E5%83%8F.png"
    },
    "createdAt": 1744955617000,
    "updatedAt": 1744955617000,
    "version": 2,
    "deleted": 0,
    "originOrgId": 0,
    "soItems": [
      {
        "soId": {
          "id": 16373012
        },
        "id": 16295014
      }
    ]
  }
]
2025-04-21 11:09:23|test_02_orderlist_query.test_03_query_orders_by_status line:324| 
成功查询到 20 条状态为 EFFECT 的订单数据
2025-04-21 11:09:23|base_test.setup_method line:116| 开始测试: test_03_query_orders_by_status
2025-04-21 11:09:23|test_02_orderlist_query.setup_method line:46| 使用类属性中的测试数据
2025-04-21 11:09:23|test_02_orderlist_query.setup_method line:60| 开始执行测试方法: test_03_query_orders_by_status
2025-04-21 11:09:23|test_02_orderlist_query.setup_method line:64| 初始化测试数据完成
2025-04-21 11:09:23|test_02_orderlist_query.test_03_query_orders_by_status line:304| 
准备发送请求...
2025-04-21 11:09:23|test_02_orderlist_query.test_03_query_orders_by_status line:305| 查询条件: 订单状态 = APPROVING
2025-04-21 11:09:23|base_test._make_request line:135| 发送请求: 按单据状态 APPROVING 查询销售订单列表
2025-04-21 11:09:23|test_02_orderlist_query.test_03_query_orders_by_status line:309| 
收到完整响应: {
  "requestId": "a8fc529a-983187",
  "success": true,
  "data": {
    "data": {
      "data": null,
      "total": 0
    }
  }
}
2025-04-21 11:09:23|base_test._make_request line:135| 发送请求: 按单据状态 APPROVING 查询销售订单列表
2025-04-21 11:09:23|test_02_orderlist_query.test_03_query_orders_by_status line:313| 
提取的嵌套数据: null
2025-04-21 11:09:23|test_02_orderlist_query.test_03_query_orders_by_status line:317| 
警告：未查询到状态为 APPROVING 的订单数据
2025-04-21 11:09:23|base_test.setup_method line:116| 开始测试: test_03_query_orders_by_status
2025-04-21 11:09:23|test_02_orderlist_query.setup_method line:46| 使用类属性中的测试数据
2025-04-21 11:09:23|test_02_orderlist_query.setup_method line:60| 开始执行测试方法: test_03_query_orders_by_status
2025-04-21 11:09:23|test_02_orderlist_query.setup_method line:64| 初始化测试数据完成
2025-04-21 11:09:23|test_02_orderlist_query.test_03_query_orders_by_status line:304| 
准备发送请求...
2025-04-21 11:09:23|test_02_orderlist_query.test_03_query_orders_by_status line:305| 查询条件: 订单状态 = CANCELLED
2025-04-21 11:09:23|base_test._make_request line:135| 发送请求: 按单据状态 CANCELLED 查询销售订单列表
2025-04-21 11:09:24|test_02_orderlist_query.test_03_query_orders_by_status line:309| 
收到完整响应: {
  "requestId": "5cb48a03-983189",
  "success": true,
  "data": {
    "data": {
      "data": [
        {
          "soCode": "SO002047",
          "soDocDate": 1744968351000,
          "soExtCode": null,
          "baseCurrId": {
            "id": 2000001
          },
          "slsCurrId": {
            "id": 2000001
          },
          "exchRate": 1.0,
          "grossBaseAmt": 3.0,
          "netBaseAmt": 2.654867,
          "taxAmt": 0.345133,
          "soCreateSource": "TERP门户",
          "slsOrgId": {
            "id": 14139002
          },
          "slsTmId": null,
          "soTypeId": {
            "id": 14006001
          },
          "custId": {
            "id": 2059001
          },
          "custPersonName": "李月汝",
          "custPhone": "18378999655",
          "slsPersonName": "侯新雨",
          "slsPhone": "15825540081",
          "soStatus": "CANCELLED",
          "approveStatus": null,
          "soTitle": null,
          "soDesc": null,
          "soNotes": "234",
          "isFixedExchRate": false,
          "slsComId": {
            "id": 14139001
          },
          "priceIdempotent": "2a9fc89b88d4c165d8b423ea657a0628",
          "freezeType": "NU_FREEZE",
          "soAssociationCode": null,
          "soBusinessStatus": "INIT",
          "bizRuleGroup": null,
          "addrDetail": "佛山市禅城区季华五路28号",
          "currExchangeRateType": {
            "id": 2000001
          },
          "slsDcId": {
            "id": 2001001
          },
          "btClass": "ASS",
          "effectiveAt": null,
          "slsPerson": {
            "id": 14123089
          },
          "reCalculate": null,
          "invOrg": null,
          "invLoc": null,
          "priceCalcDate": 1744965199000,
          "deliveryInterceptFail": null,
          "externalBuyerId": null,
          "addrId": {
            "id": 70002638
          },
          "totalAmt": 6.0,
          "discountAmt": -3.0,
          "discountInfo": "订单总金额: 6.00\n\n优先级: 20\n活动名称: hxy回归测试\n是否为排他性活动: 否\n优惠工具描述: 单品-折扣\n依赖优先级: \n参加活动的商品金额: 6.00*1=6.00\n优惠金额: 3.00\n\n",
          "platformDiscountAmt": null,
          "merchantDiscountAmt": null,
          "actualPaidAmt": null,
          "freightAmt": null,
          "buyerRemark": null,
          "sellerRemark": null,
          "id": 16375010,
          "createdBy": {
            "id": 540175374525637,
            "username": "zhangang",
            "email": "z**********@163.com",
            "mobile": "173****6912",
            "nickname": "章昂",
            "status": true,
            "avatar": "https://terminus-new-trantor.oss-cn-hangzhou.aliyuncs.com/iam/user/avatar/540175374525637/2025-03-10_14_44_32_7dbc5543-0152-4a67-9901-b7da94c6ba4f_%E5%A4%8D%E6%B4%BB%E5%B2%9B%E5%B7%A8%E4%BA%BA%E5%83%8F.png"
          },
          "updatedBy": {
            "id": 540175374525637,
            "username": "zhangang",
            "email": "z**********@163.com",
            "mobile": "173****6912",
            "nickname": "章昂",
            "status": true,
            "avatar": "https://terminus-new-trantor.oss-cn-hangzhou.aliyuncs.com/iam/user/avatar/540175374525637/2025-03-10_14_44_32_7dbc5543-0152-4a67-9901-b7da94c6ba4f_%E5%A4%8D%E6%B4%BB%E5%B2%9B%E5%B7%A8%E4%BA%BA%E5%83%8F.png"
          },
          "createdAt": 1744968351000,
          "updatedAt": 1744968799000,
          "version": 11,
          "deleted": 0,
          "originOrgId": 14373001,
          "slsPartnerLinks": [
            {
              "soId": {
                "id": 16375010
              },
              "id": 16219010
            }
          ],
          "soItems": [
            {
              "soId": {
                "id": 16375010
              },
              "id": 16297010
            }
          ]
        },
        {
          "soCode": "SO002044",
          "soDocDate": 1744968255000,
          "soExtCode": null,
          "baseCurrId": {
            "id": 2000001
          },
          "slsCurrId": {
            "id": 2000001
          },
          "exchRate": 1.0,
          "grossBaseAmt": 3.0,
          "netBaseAmt": 2.654867,
          "taxAmt": 0.345133,
          "soCreateSource": "TERP门户",
          "slsOrgId": {
            "id": 14139002
          },
          "slsTmId": null,
          "soTypeId": {
            "id": 14006001
          },
          "custId": {
            "id": 2059001
          },
          "custPersonName": "李月汝",
          "custPhone": "18378999655",
          "slsPersonName": "侯新雨",
          "slsPhone": "15825540081",
          "soStatus": "CANCELLED",
          "approveStatus": null,
          "soTitle": null,
          "soDesc": null,
          "soNotes": "234",
          "isFixedExchRate": false,
          "slsComId": {
            "id": 14139001
          },
          "priceIdempotent": "5f9748d3e59334dc8b38ccc5758e4a7d",
          "freezeType": "NU_FREEZE",
          "soAssociationCode": null,
          "soBusinessStatus": "INIT",
          "bizRuleGroup": null,
          "addrDetail": "佛山市禅城区季华五路28号",
          "currExchangeRateType": {
            "id": 2000001
          },
          "slsDcId": {
            "id": 2001001
          },
          "btClass": "ASS",
          "effectiveAt": null,
          "slsPerson": {
            "id": 14123089
          },
          "reCalculate": null,
          "invOrg": null,
          "invLoc": null,
          "priceCalcDate": 1744965199000,
          "deliveryInterceptFail": null,
          "externalBuyerId": null,
          "addrId": {
            "id": 70002638
          },
          "totalAmt": 6.0,
          "discountAmt": -3.0,
          "discountInfo": "订单总金额: 6.00\n\n优先级: 20\n活动名称: hxy回归测试\n是否为排他性活动: 否\n优惠工具描述: 单品-折扣\n依赖优先级: \n参加活动的商品金额: 6.00*1=6.00\n优惠金额: 3.00\n\n",
          "platformDiscountAmt": null,
          "merchantDiscountAmt": null,
          "actualPaidAmt": null,
          "freightAmt": null,
          "buyerRemark": null,
          "sellerRemark": null,
          "id": 16375009,
          "createdBy": {
            "id": 540175374525637,
            "username": "zhangang",
            "email": "z**********@163.com",
            "mobile": "173****6912",
            "nickname": "章昂",
            "status": true,
            "avatar": "https://terminus-new-trantor.oss-cn-hangzhou.aliyuncs.com/iam/user/avatar/540175374525637/2025-03-10_14_44_32_7dbc5543-0152-4a67-9901-b7da94c6ba4f_%E5%A4%8D%E6%B4%BB%E5%B2%9B%E5%B7%A8%E4%BA%BA%E5%83%8F.png"
          },
          "updatedBy": {
            "id": 540175374525637,
            "username": "zhangang",
            "email": "z**********@163.com",
            "mobile": "173****6912",
            "nickname": "章昂",
            "status": true,
            "avatar": "https://terminus-new-trantor.oss-cn-hangzhou.aliyuncs.com/iam/user/avatar/540175374525637/2025-03-10_14_44_32_7dbc5543-0152-4a67-9901-b7da94c6ba4f_%E5%A4%8D%E6%B4%BB%E5%B2%9B%E5%B7%A8%E4%BA%BA%E5%83%8F.png"
          },
          "createdAt": 1744968255000,
          "updatedAt": 1744968374000,
          "version": 10,
          "deleted": 0,
          "originOrgId": 14373001,
          "slsPartnerLinks": [
            {
              "soId": {
                "id": 16375009
              },
              "id": 16219009
            }
          ],
          "soItems": [
            {
              "soId": {
                "id": 16375009
              },
              "id": 16297009
            }
          ]
        },
        {
          "soCode": "SO002040",
          "soDocDate": 1744968166000,
          "soExtCode": null,
          "baseCurrId": {
            "id": 2000001
          },
          "slsCurrId": {
            "id": 2000001
          },
          "exchRate": 1.0,
          "grossBaseAmt": 3.0,
          "netBaseAmt": 2.654867,
          "taxAmt": 0.345133,
          "soCreateSource": "TERP门户",
          "slsOrgId": {
            "id": 14139002
          },
          "slsTmId": null,
          "soTypeId": {
            "id": 14006001
          },
          "custId": {
            "id": 2059001
          },
          "custPersonName": "李月汝",
          "custPhone": "18378999655",
          "slsPersonName": "侯新雨",
          "slsPhone": "15825540081",
          "soStatus": "CANCELLED",
          "approveStatus": null,
          "soTitle": null,
          "soDesc": null,
          "soNotes": "234",
          "isFixedExchRate": false,
          "slsComId": {
            "id": 14139001
          },
          "priceIdempotent": "2a82d9f23120f1e0c35e8ebccd7c8e41",
          "freezeType": "NU_FREEZE",
          "soAssociationCode": null,
          "soBusinessStatus": "INIT",
          "bizRuleGroup": null,
          "addrDetail": "佛山市禅城区季华五路28号",
          "currExchangeRateType": {
            "id": 2000001
          },
          "slsDcId": {
            "id": 2001001
          },
          "btClass": "ASS",
          "effectiveAt": null,
          "slsPerson": {
            "id": 14123089
          },
          "reCalculate": null,
          "invOrg": null,
          "invLoc": null,
          "priceCalcDate": 1744965199000,
          "deliveryInterceptFail": null,
          "externalBuyerId": null,
          "addrId": {
            "id": 70002638
          },
          "totalAmt": 6.0,
          "discountAmt": -3.0,
          "discountInfo": "订单总金额: 6.00\n\n优先级: 20\n活动名称: hxy回归测试\n是否为排他性活动: 否\n优惠工具描述: 单品-折扣\n依赖优先级: \n参加活动的商品金额: 6.00*1=6.00\n优惠金额: 3.00\n\n",
          "platformDiscountAmt": null,
          "merchantDiscountAmt": null,
          "actualPaidAmt": null,
          "freightAmt": null,
          "buyerRemark": null,
          "sellerRemark": null,
          "id": 16375008,
          "createdBy": {
            "id": 540175374525637,
            "username": "zhangang",
            "email": "z**********@163.com",
            "mobile": "173****6912",
            "nickname": "章昂",
            "status": true,
            "avatar": "https://terminus-new-trantor.oss-cn-hangzhou.aliyuncs.com/iam/user/avatar/540175374525637/2025-03-10_14_44_32_7dbc5543-0152-4a67-9901-b7da94c6ba4f_%E5%A4%8D%E6%B4%BB%E5%B2%9B%E5%B7%A8%E4%BA%BA%E5%83%8F.png"
          },
          "updatedBy": {
            "id": 540175374525637,
            "username": "zhangang",
            "email": "z**********@163.com",
            "mobile": "173****6912",
            "nickname": "章昂",
            "status": true,
            "avatar": "https://terminus-new-trantor.oss-cn-hangzhou.aliyuncs.com/iam/user/avatar/540175374525637/2025-03-10_14_44_32_7dbc5543-0152-4a67-9901-b7da94c6ba4f_%E5%A4%8D%E6%B4%BB%E5%B2%9B%E5%B7%A8%E4%BA%BA%E5%83%8F.png"
          },
          "createdAt": 1744968166000,
          "updatedAt": 1744968350000,
          "version": 12,
          "deleted": 0,
          "originOrgId": 14373001,
          "slsPartnerLinks": [
            {
              "soId": {
                "id": 16375008
              },
              "id": 16219008
            }
          ],
          "soItems": [
            {
              "soId": {
                "id": 16375008
              },
              "id": 16297008
            }
          ]
        },
        {
          "soCode": "SO002038",
          "soDocDate": 1744968136000,
          "soExtCode": null,
          "baseCurrId": {
            "id": 2000001
          },
          "slsCurrId": {
            "id": 2000001
          },
          "exchRate": 1.0,
          "grossBaseAmt": 3.0,
          "netBaseAmt": 2.654867,
          "taxAmt": 0.345133,
          "soCreateSource": "TERP门户",
          "slsOrgId": {
            "id": 14139002
          },
          "slsTmId": null,
          "soTypeId": {
            "id": 14006001
          },
          "custId": {
            "id": 2059001
          },
          "custPersonName": "李月汝",
          "custPhone": "18378999655",
          "slsPersonName": "侯新雨",
          "slsPhone": "15825540081",
          "soStatus": "CANCELLED",
          "approveStatus": null,
          "soTitle": null,
          "soDesc": null,
          "soNotes": "234",
          "isFixedExchRate": false,
          "slsComId": {
            "id": 14139001
          },
          "priceIdempotent": "694065a36188cda95320eae1c89b1e84",
          "freezeType": "NU_FREEZE",
          "soAssociationCode": null,
          "soBusinessStatus": "INIT",
          "bizRuleGroup": null,
          "addrDetail": "佛山市禅城区季华五路28号",
          "currExchangeRateType": {
            "id": 2000001
          },
          "slsDcId": {
            "id": 2001001
          },
          "btClass": "ASS",
          "effectiveAt": null,
          "slsPerson": {
            "id": 14123089
          },
          "reCalculate": null,
          "invOrg": null,
          "invLoc": null,
          "priceCalcDate": 1744965199000,
          "deliveryInterceptFail": null,
          "externalBuyerId": null,
          "addrId": {
            "id": 70002638
          },
          "totalAmt": 6.0,
          "discountAmt": -3.0,
          "discountInfo": "订单总金额: 6.00\n\n优先级: 20\n活动名称: hxy回归测试\n是否为排他性活动: 否\n优惠工具描述: 单品-折扣\n依赖优先级: \n参加活动的商品金额: 6.00*1=6.00\n优惠金额: 3.00\n\n",
          "platformDiscountAmt": null,
          "merchantDiscountAmt": null,
          "actualPaidAmt": null,
          "freightAmt": null,
          "buyerRemark": null,
          "sellerRemark": null,
          "id": 16375007,
          "createdBy": {
            "id": 540175374525637,
            "username": "zhangang",
            "email": "z**********@163.com",
            "mobile": "173****6912",
            "nickname": "章昂",
            "status": true,
            "avatar": "https://terminus-new-trantor.oss-cn-hangzhou.aliyuncs.com/iam/user/avatar/540175374525637/2025-03-10_14_44_32_7dbc5543-0152-4a67-9901-b7da94c6ba4f_%E5%A4%8D%E6%B4%BB%E5%B2%9B%E5%B7%A8%E4%BA%BA%E5%83%8F.png"
          },
          "updatedBy": {
            "id": 540175374525637,
            "username": "zhangang",
            "email": "z**********@163.com",
            "mobile": "173****6912",
            "nickname": "章昂",
            "status": true,
            "avatar": "https://terminus-new-trantor.oss-cn-hangzhou.aliyuncs.com/iam/user/avatar/540175374525637/2025-03-10_14_44_32_7dbc5543-0152-4a67-9901-b7da94c6ba4f_%E5%A4%8D%E6%B4%BB%E5%B2%9B%E5%B7%A8%E4%BA%BA%E5%83%8F.png"
          },
          "createdAt": 1744968136000,
          "updatedAt": 1744968164000,
          "version": 7,
          "deleted": 0,
          "originOrgId": 14373001,
          "slsPartnerLinks": [
            {
              "soId": {
                "id": 16375007
              },
              "id": 16219007
            }
          ],
          "soItems": [
            {
              "soId": {
                "id": 16375007
              },
              "id": 16297007
            }
          ]
        },
        {
          "soCode": "SO002036",
          "soDocDate": 1744968130000,
          "soExtCode": null,
          "baseCurrId": {
            "id": 2000001
          },
          "slsCurrId": {
            "id": 2000001
          },
          "exchRate": 1.0,
          "grossBaseAmt": 3.0,
          "netBaseAmt": 2.654867,
          "taxAmt": 0.345133,
          "soCreateSource": "TERP门户",
          "slsOrgId": {
            "id": 14139002
          },
          "slsTmId": null,
          "soTypeId": {
            "id": 14006001
          },
          "custId": {
            "id": 2059001
          },
          "custPersonName": "李月汝",
          "custPhone": "18378999655",
          "slsPersonName": "侯新雨",
          "slsPhone": "15825540081",
          "soStatus": "CANCELLED",
          "approveStatus": null,
          "soTitle": null,
          "soDesc": null,
          "soNotes": "234",
          "isFixedExchRate": false,
          "slsComId": {
            "id": 14139001
          },
          "priceIdempotent": "239240c3e5d06aba53d7391eb34e3d94",
          "freezeType": "NU_FREEZE",
          "soAssociationCode": null,
          "soBusinessStatus": "INIT",
          "bizRuleGroup": null,
          "addrDetail": "佛山市禅城区季华五路28号",
          "currExchangeRateType": {
            "id": 2000001
          },
          "slsDcId": {
            "id": 2001001
          },
          "btClass": "ASS",
          "effectiveAt": null,
          "slsPerson": {
            "id": 14123089
          },
          "reCalculate": null,
          "invOrg": null,
          "invLoc": null,
          "priceCalcDate": 1744965199000,
          "deliveryInterceptFail": null,
          "externalBuyerId": null,
          "addrId": {
            "id": 70002638
          },
          "totalAmt": 6.0,
          "discountAmt": -3.0,
          "discountInfo": "订单总金额: 6.00\n\n优先级: 20\n活动名称: hxy回归测试\n是否为排他性活动: 否\n优惠工具描述: 单品-折扣\n依赖优先级: \n参加活动的商品金额: 6.00*1=6.00\n优惠金额: 3.00\n\n",
          "platformDiscountAmt": null,
          "merchantDiscountAmt": null,
          "actualPaidAmt": null,
          "freightAmt": null,
          "buyerRemark": null,
          "sellerRemark": null,
          "id": 16375006,
          "createdBy": {
            "id": 540175374525637,
            "username": "zhangang",
            "email": "z**********@163.com",
            "mobile": "173****6912",
            "nickname": "章昂",
            "status": true,
            "avatar": "https://terminus-new-trantor.oss-cn-hangzhou.aliyuncs.com/iam/user/avatar/540175374525637/2025-03-10_14_44_32_7dbc5543-0152-4a67-9901-b7da94c6ba4f_%E5%A4%8D%E6%B4%BB%E5%B2%9B%E5%B7%A8%E4%BA%BA%E5%83%8F.png"
          },
          "updatedBy": {
            "id": 540175374525637,
            "username": "zhangang",
            "email": "z**********@163.com",
            "mobile": "173****6912",
            "nickname": "章昂",
            "status": true,
            "avatar": "https://terminus-new-trantor.oss-cn-hangzhou.aliyuncs.com/iam/user/avatar/540175374525637/2025-03-10_14_44_32_7dbc5543-0152-4a67-9901-b7da94c6ba4f_%E5%A4%8D%E6%B4%BB%E5%B2%9B%E5%B7%A8%E4%BA%BA%E5%83%8F.png"
          },
          "createdAt": 1744968130000,
          "updatedAt": 1744968134000,
          "version": 7,
          "deleted": 0,
          "originOrgId": 14373001,
          "slsPartnerLinks": [
            {
              "soId": {
                "id": 16375006
              },
              "id": 16219006
            }
          ],
          "soItems": [
            {
              "soId": {
                "id": 16375006
              },
              "id": 16297006
            }
          ]
        },
        {
          "soCode": "SO002035",
          "soDocDate": 1744968102000,
          "soExtCode": null,
          "baseCurrId": {
            "id": 2000001
          },
          "slsCurrId": {
            "id": 2000001
          },
          "exchRate": 1.0,
          "grossBaseAmt": 3.0,
          "netBaseAmt": 2.654867,
          "taxAmt": 0.345133,
          "soCreateSource": "TERP门户",
          "slsOrgId": {
            "id": 14139002
          },
          "slsTmId": null,
          "soTypeId": {
            "id": 14006001
          },
          "custId": {
            "id": 2059001
          },
          "custPersonName": "李月汝",
          "custPhone": "18378999655",
          "slsPersonName": "侯新雨",
          "slsPhone": "15825540081",
          "soStatus": "CANCELLED",
          "approveStatus": null,
          "soTitle": null,
          "soDesc": null,
          "soNotes": "234",
          "isFixedExchRate": false,
          "slsComId": {
            "id": 14139001
          },
          "priceIdempotent": "4639a5cdaf642178bb22a2c1a7b28968",
          "freezeType": "NU_FREEZE",
          "soAssociationCode": null,
          "soBusinessStatus": "INIT",
          "bizRuleGroup": null,
          "addrDetail": "佛山市禅城区季华五路28号",
          "currExchangeRateType": {
            "id": 2000001
          },
          "slsDcId": {
            "id": 2001001
          },
          "btClass": "ASS",
          "effectiveAt": null,
          "slsPerson": {
            "id": 14123089
          },
          "reCalculate": null,
          "invOrg": null,
          "invLoc": null,
          "priceCalcDate": 1744965199000,
          "deliveryInterceptFail": null,
          "externalBuyerId": null,
          "addrId": {
            "id": 70002638
          },
          "totalAmt": 6.0,
          "discountAmt": -3.0,
          "discountInfo": "订单总金额: 6.00\n\n优先级: 20\n活动名称: hxy回归测试\n是否为排他性活动: 否\n优惠工具描述: 单品-折扣\n依赖优先级: \n参加活动的商品金额: 6.00*1=6.00\n优惠金额: 3.00\n\n",
          "platformDiscountAmt": null,
          "merchantDiscountAmt": null,
          "actualPaidAmt": null,
          "freightAmt": null,
          "buyerRemark": null,
          "sellerRemark": null,
          "id": 16375005,
          "createdBy": {
            "id": 540175374525637,
            "username": "zhangang",
            "email": "z**********@163.com",
            "mobile": "173****6912",
            "nickname": "章昂",
            "status": true,
            "avatar": "https://terminus-new-trantor.oss-cn-hangzhou.aliyuncs.com/iam/user/avatar/540175374525637/2025-03-10_14_44_32_7dbc5543-0152-4a67-9901-b7da94c6ba4f_%E5%A4%8D%E6%B4%BB%E5%B2%9B%E5%B7%A8%E4%BA%BA%E5%83%8F.png"
          },
          "updatedBy": {
            "id": 540175374525637,
            "username": "zhangang",
            "email": "z**********@163.com",
            "mobile": "173****6912",
            "nickname": "章昂",
            "status": true,
            "avatar": "https://terminus-new-trantor.oss-cn-hangzhou.aliyuncs.com/iam/user/avatar/540175374525637/2025-03-10_14_44_32_7dbc5543-0152-4a67-9901-b7da94c6ba4f_%E5%A4%8D%E6%B4%BB%E5%B2%9B%E5%B7%A8%E4%BA%BA%E5%83%8F.png"
          },
          "createdAt": 1744968102000,
          "updatedAt": 1744968129000,
          "version": 7,
          "deleted": 0,
          "originOrgId": 14373001,
          "slsPartnerLinks": [
            {
              "soId": {
                "id": 16375005
              },
              "id": 16219005
            }
          ],
          "soItems": [
            {
              "soId": {
                "id": 16375005
              },
              "id": 16297005
            }
          ]
        },
        {
          "soCode": "SO002033",
          "soDocDate": 1744967922000,
          "soExtCode": null,
          "baseCurrId": {
            "id": 2000001
          },
          "slsCurrId": {
            "id": 2000001
          },
          "exchRate": 1.0,
          "grossBaseAmt": 3.0,
          "netBaseAmt": 2.654867,
          "taxAmt": 0.345133,
          "soCreateSource": "TERP门户",
          "slsOrgId": {
            "id": 14139002
          },
          "slsTmId": null,
          "soTypeId": {
            "id": 14006001
          },
          "custId": {
            "id": 2059001
          },
          "custPersonName": "李月汝",
          "custPhone": "18378999655",
          "slsPersonName": "侯新雨",
          "slsPhone": "15825540081",
          "soStatus": "CANCELLED",
          "approveStatus": null,
          "soTitle": null,
          "soDesc": null,
          "soNotes": "234",
          "isFixedExchRate": false,
          "slsComId": {
            "id": 14139001
          },
          "priceIdempotent": "b04726b8dde684d5ef739e38fd67bc4e",
          "freezeType": "NU_FREEZE",
          "soAssociationCode": null,
          "soBusinessStatus": "INIT",
          "bizRuleGroup": null,
          "addrDetail": "佛山市禅城区季华五路28号",
          "currExchangeRateType": {
            "id": 2000001
          },
          "slsDcId": {
            "id": 2001001
          },
          "btClass": "ASS",
          "effectiveAt": null,
          "slsPerson": {
            "id": 14123089
          },
          "reCalculate": null,
          "invOrg": null,
          "invLoc": null,
          "priceCalcDate": 1744965199000,
          "deliveryInterceptFail": null,
          "externalBuyerId": null,
          "addrId": {
            "id": 70002638
          },
          "totalAmt": 6.0,
          "discountAmt": -3.0,
          "discountInfo": "订单总金额: 6.00\n\n优先级: 20\n活动名称: hxy回归测试\n是否为排他性活动: 否\n优惠工具描述: 单品-折扣\n依赖优先级: \n参加活动的商品金额: 6.00*1=6.00\n优惠金额: 3.00\n\n",
          "platformDiscountAmt": null,
          "merchantDiscountAmt": null,
          "actualPaidAmt": null,
          "freightAmt": null,
          "buyerRemark": null,
          "sellerRemark": null,
          "id": 16375004,
          "createdBy": {
            "id": 540175374525637,
            "username": "zhangang",
            "email": "z**********@163.com",
            "mobile": "173****6912",
            "nickname": "章昂",
            "status": true,
            "avatar": "https://terminus-new-trantor.oss-cn-hangzhou.aliyuncs.com/iam/user/avatar/540175374525637/2025-03-10_14_44_32_7dbc5543-0152-4a67-9901-b7da94c6ba4f_%E5%A4%8D%E6%B4%BB%E5%B2%9B%E5%B7%A8%E4%BA%BA%E5%83%8F.png"
          },
          "updatedBy": {
            "id": 540175374525637,
            "username": "zhangang",
            "email": "z**********@163.com",
            "mobile": "173****6912",
            "nickname": "章昂",
            "status": true,
            "avatar": "https://terminus-new-trantor.oss-cn-hangzhou.aliyuncs.com/iam/user/avatar/540175374525637/2025-03-10_14_44_32_7dbc5543-0152-4a67-9901-b7da94c6ba4f_%E5%A4%8D%E6%B4%BB%E5%B2%9B%E5%B7%A8%E4%BA%BA%E5%83%8F.png"
          },
          "createdAt": 1744967922000,
          "updatedAt": 1744968100000,
          "version": 7,
          "deleted": 0,
          "originOrgId": 14373001,
          "slsPartnerLinks": [
            {
              "soId": {
                "id": 16375004
              },
              "id": 16219004
            }
          ],
          "soItems": [
            {
              "soId": {
                "id": 16375004
              },
              "id": 16297004
            }
          ]
        },
        {
          "soCode": "SO002031",
          "soDocDate": 1744967874000,
          "soExtCode": null,
          "baseCurrId": {
            "id": 2000001
          },
          "slsCurrId": {
            "id": 2000001
          },
          "exchRate": 1.0,
          "grossBaseAmt": 3.0,
          "netBaseAmt": 2.654867,
          "taxAmt": 0.345133,
          "soCreateSource": "TERP门户",
          "slsOrgId": {
            "id": 14139002
          },
          "slsTmId": null,
          "soTypeId": {
            "id": 14006001
          },
          "custId": {
            "id": 2059001
          },
          "custPersonName": "李月汝",
          "custPhone": "18378999655",
          "slsPersonName": "侯新雨",
          "slsPhone": "15825540081",
          "soStatus": "CANCELLED",
          "approveStatus": null,
          "soTitle": null,
          "soDesc": null,
          "soNotes": "234",
          "isFixedExchRate": false,
          "slsComId": {
            "id": 14139001
          },
          "priceIdempotent": "d070d6598fb052a137527481e4fb9ac0",
          "freezeType": "NU_FREEZE",
          "soAssociationCode": null,
          "soBusinessStatus": "INIT",
          "bizRuleGroup": null,
          "addrDetail": "佛山市禅城区季华五路28号",
          "currExchangeRateType": {
            "id": 2000001
          },
          "slsDcId": {
            "id": 2001001
          },
          "btClass": "ASS",
          "effectiveAt": null,
          "slsPerson": {
            "id": 14123089
          },
          "reCalculate": null,
          "invOrg": null,
          "invLoc": null,
          "priceCalcDate": 1744965199000,
          "deliveryInterceptFail": null,
          "externalBuyerId": null,
          "addrId": {
            "id": 70002638
          },
          "totalAmt": 6.0,
          "discountAmt": -3.0,
          "discountInfo": "订单总金额: 6.00\n\n优先级: 20\n活动名称: hxy回归测试\n是否为排他性活动: 否\n优惠工具描述: 单品-折扣\n依赖优先级: \n参加活动的商品金额: 6.00*1=6.00\n优惠金额: 3.00\n\n",
          "platformDiscountAmt": null,
          "merchantDiscountAmt": null,
          "actualPaidAmt": null,
          "freightAmt": null,
          "buyerRemark": null,
          "sellerRemark": null,
          "id": 16375003,
          "createdBy": {
            "id": 540175374525637,
            "username": "zhangang",
            "email": "z**********@163.com",
            "mobile": "173****6912",
            "nickname": "章昂",
            "status": true,
            "avatar": "https://terminus-new-trantor.oss-cn-hangzhou.aliyuncs.com/iam/user/avatar/540175374525637/2025-03-10_14_44_32_7dbc5543-0152-4a67-9901-b7da94c6ba4f_%E5%A4%8D%E6%B4%BB%E5%B2%9B%E5%B7%A8%E4%BA%BA%E5%83%8F.png"
          },
          "updatedBy": {
            "id": 540175374525637,
            "username": "zhangang",
            "email": "z**********@163.com",
            "mobile": "173****6912",
            "nickname": "章昂",
            "status": true,
            "avatar": "https://terminus-new-trantor.oss-cn-hangzhou.aliyuncs.com/iam/user/avatar/540175374525637/2025-03-10_14_44_32_7dbc5543-0152-4a67-9901-b7da94c6ba4f_%E5%A4%8D%E6%B4%BB%E5%B2%9B%E5%B7%A8%E4%BA%BA%E5%83%8F.png"
          },
          "createdAt": 1744967874000,
          "updatedAt": 1744967920000,
          "version": 7,
          "deleted": 0,
          "originOrgId": 14373001,
          "slsPartnerLinks": [
            {
              "soId": {
                "id": 16375003
              },
              "id": 16219003
            }
          ],
          "soItems": [
            {
              "soId": {
                "id": 16375003
              },
              "id": 16297003
            }
          ]
        },
        {
          "soCode": "SO002029",
          "soDocDate": 1744967678000,
          "soExtCode": null,
          "baseCurrId": {
            "id": 2000001
          },
          "slsCurrId": {
            "id": 2000001
          },
          "exchRate": 1.0,
          "grossBaseAmt": 3.0,
          "netBaseAmt": 2.654867,
          "taxAmt": 0.345133,
          "soCreateSource": "TERP门户",
          "slsOrgId": {
            "id": 14139002
          },
          "slsTmId": null,
          "soTypeId": {
            "id": 14006001
          },
          "custId": {
            "id": 2059001
          },
          "custPersonName": "李月汝",
          "custPhone": "18378999655",
          "slsPersonName": "侯新雨",
          "slsPhone": "15825540081",
          "soStatus": "CANCELLED",
          "approveStatus": null,
          "soTitle": null,
          "soDesc": null,
          "soNotes": "234",
          "isFixedExchRate": false,
          "slsComId": {
            "id": 14139001
          },
          "priceIdempotent": "18f6feffdceafb79df40b2250c7deb03",
          "freezeType": "NU_FREEZE",
          "soAssociationCode": null,
          "soBusinessStatus": "INIT",
          "bizRuleGroup": null,
          "addrDetail": "佛山市禅城区季华五路28号",
          "currExchangeRateType": {
            "id": 2000001
          },
          "slsDcId": {
            "id": 2001001
          },
          "btClass": "ASS",
          "effectiveAt": null,
          "slsPerson": {
            "id": 14123089
          },
          "reCalculate": null,
          "invOrg": null,
          "invLoc": null,
          "priceCalcDate": 1744965199000,
          "deliveryInterceptFail": null,
          "externalBuyerId": null,
          "addrId": {
            "id": 70002638
          },
          "totalAmt": 6.0,
          "discountAmt": -3.0,
          "discountInfo": "订单总金额: 6.00\n\n优先级: 20\n活动名称: hxy回归测试\n是否为排他性活动: 否\n优惠工具描述: 单品-折扣\n依赖优先级: \n参加活动的商品金额: 6.00*1=6.00\n优惠金额: 3.00\n\n",
          "platformDiscountAmt": null,
          "merchantDiscountAmt": null,
          "actualPaidAmt": null,
          "freightAmt": null,
          "buyerRemark": null,
          "sellerRemark": null,
          "id": 16375002,
          "createdBy": {
            "id": 540175374525637,
            "username": "zhangang",
            "email": "z**********@163.com",
            "mobile": "173****6912",
            "nickname": "章昂",
            "status": true,
            "avatar": "https://terminus-new-trantor.oss-cn-hangzhou.aliyuncs.com/iam/user/avatar/540175374525637/2025-03-10_14_44_32_7dbc5543-0152-4a67-9901-b7da94c6ba4f_%E5%A4%8D%E6%B4%BB%E5%B2%9B%E5%B7%A8%E4%BA%BA%E5%83%8F.png"
          },
          "updatedBy": {
            "id": 540175374525637,
            "username": "zhangang",
            "email": "z**********@163.com",
            "mobile": "173****6912",
            "nickname": "章昂",
            "status": true,
            "avatar": "https://terminus-new-trantor.oss-cn-hangzhou.aliyuncs.com/iam/user/avatar/540175374525637/2025-03-10_14_44_32_7dbc5543-0152-4a67-9901-b7da94c6ba4f_%E5%A4%8D%E6%B4%BB%E5%B2%9B%E5%B7%A8%E4%BA%BA%E5%83%8F.png"
          },
          "createdAt": 1744967678000,
          "updatedAt": 1744967872000,
          "version": 6,
          "deleted": 0,
          "originOrgId": 14373001,
          "slsPartnerLinks": [
            {
              "soId": {
                "id": 16375002
              },
              "id": 16219002
            }
          ],
          "soItems": [
            {
              "soId": {
                "id": 16375002
              },
              "id": 16297002
            }
          ]
        },
        {
          "soCode": "SO002028",
          "soDocDate": 1744967612000,
          "soExtCode": null,
          "baseCurrId": {
            "id": 2000001
          },
          "slsCurrId": {
            "id": 2000001
          },
          "exchRate": 1.0,
          "grossBaseAmt": 3.0,
          "netBaseAmt": 2.654867,
          "taxAmt": 0.345133,
          "soCreateSource": "TERP门户",
          "slsOrgId": {
            "id": 14139002
          },
          "slsTmId": null,
          "soTypeId": {
            "id": 14006001
          },
          "custId": {
            "id": 2059001
          },
          "custPersonName": "李月汝",
          "custPhone": "18378999655",
          "slsPersonName": "侯新雨",
          "slsPhone": "15825540081",
          "soStatus": "CANCELLED",
          "approveStatus": null,
          "soTitle": null,
          "soDesc": null,
          "soNotes": "234",
          "isFixedExchRate": false,
          "slsComId": {
            "id": 14139001
          },
          "priceIdempotent": "261dc671be972ec5f43ba0ecbca173f9",
          "freezeType": "ALL_FREEZE",
          "soAssociationCode": null,
          "soBusinessStatus": "INIT",
          "bizRuleGroup": null,
          "addrDetail": "佛山市禅城区季华五路28号",
          "currExchangeRateType": {
            "id": 2000001
          },
          "slsDcId": {
            "id": 2001001
          },
          "btClass": "ASS",
          "effectiveAt": null,
          "slsPerson": {
            "id": 14123089
          },
          "reCalculate": null,
          "invOrg": null,
          "invLoc": null,
          "priceCalcDate": 1744965199000,
          "deliveryInterceptFail": null,
          "externalBuyerId": null,
          "addrId": {
            "id": 70002638
          },
          "totalAmt": 6.0,
          "discountAmt": -3.0,
          "discountInfo": "订单总金额: 6.00\n\n优先级: 20\n活动名称: hxy回归测试\n是否为排他性活动: 否\n优惠工具描述: 单品-折扣\n依赖优先级: \n参加活动的商品金额: 6.00*1=6.00\n优惠金额: 3.00\n\n",
          "platformDiscountAmt": null,
          "merchantDiscountAmt": null,
          "actualPaidAmt": null,
          "freightAmt": null,
          "buyerRemark": null,
          "sellerRemark": null,
          "id": 16375001,
          "createdBy": {
            "id": 540175374525637,
            "username": "zhangang",
            "email": "z**********@163.com",
            "mobile": "173****6912",
            "nickname": "章昂",
            "status": true,
            "avatar": "https://terminus-new-trantor.oss-cn-hangzhou.aliyuncs.com/iam/user/avatar/540175374525637/2025-03-10_14_44_32_7dbc5543-0152-4a67-9901-b7da94c6ba4f_%E5%A4%8D%E6%B4%BB%E5%B2%9B%E5%B7%A8%E4%BA%BA%E5%83%8F.png"
          },
          "updatedBy": {
            "id": 540175374525637,
            "username": "zhangang",
            "email": "z**********@163.com",
            "mobile": "173****6912",
            "nickname": "章昂",
            "status": true,
            "avatar": "https://terminus-new-trantor.oss-cn-hangzhou.aliyuncs.com/iam/user/avatar/540175374525637/2025-03-10_14_44_32_7dbc5543-0152-4a67-9901-b7da94c6ba4f_%E5%A4%8D%E6%B4%BB%E5%B2%9B%E5%B7%A8%E4%BA%BA%E5%83%8F.png"
          },
          "createdAt": 1744967612000,
          "updatedAt": 1744968253000,
          "version": 6,
          "deleted": 0,
          "originOrgId": 14373001,
          "slsPartnerLinks": [
            {
              "soId": {
                "id": 16375001
              },
              "id": 16219001
            }
          ],
          "soItems": [
            {
              "soId": {
                "id": 16375001
              },
              "id": 16297001
            }
          ]
        },
        {
          "soCode": "SO001942",
          "soDocDate": 1744905600000,
          "soExtCode": null,
          "baseCurrId": {
            "id": 2000001
          },
          "slsCurrId": {
            "id": 2000001
          },
          "exchRate": 1.0,
          "grossBaseAmt": 862136.0,
          "netBaseAmt": 762952.212389,
          "taxAmt": 99183.787611,
          "soCreateSource": "TERP门户",
          "slsOrgId": {
            "id": 14579001
          },
          "slsTmId": null,
          "soTypeId": {
            "id": 2101001
          },
          "custId": {
            "id": 2059001
          },
          "custPersonName": "李月汝",
          "custPhone": "18378999655",
          "slsPersonName": "章昂",
          "slsPhone": "17376596912",
          "soStatus": "CANCELLED",
          "approveStatus": null,
          "soTitle": null,
          "soDesc": null,
          "soNotes": null,
          "isFixedExchRate": false,
          "slsComId": {
            "id": 14373001
          },
          "priceIdempotent": "7ce8bb24df34d8923e9436f5b1e2eea7",
          "freezeType": "NU_FREEZE",
          "soAssociationCode": null,
          "soBusinessStatus": "INIT",
          "bizRuleGroup": null,
          "addrDetail": "佛山市禅城区季华五路28号",
          "currExchangeRateType": {
            "id": 2000001
          },
          "slsDcId": {
            "id": 14378001
          },
          "btClass": "SALES",
          "effectiveAt": null,
          "slsPerson": {
            "id": 14094003
          },
          "reCalculate": null,
          "invOrg": null,
          "invLoc": null,
          "priceCalcDate": 1744955778000,
          "deliveryInterceptFail": null,
          "externalBuyerId": null,
          "addrId": {
            "id": 70002638
          },
          "totalAmt": 862136.0,
          "discountAmt": 0.0,
          "discountInfo": "",
          "platformDiscountAmt": null,
          "merchantDiscountAmt": null,
          "actualPaidAmt": null,
          "freightAmt": null,
          "buyerRemark": null,
          "sellerRemark": null,
          "id": 16373016,
          "createdBy": {
            "id": 540175374525637,
            "username": "zhangang",
            "email": "z**********@163.com",
            "mobile": "173****6912",
            "nickname": "章昂",
            "status": true,
            "avatar": "https://terminus-new-trantor.oss-cn-hangzhou.aliyuncs.com/iam/user/avatar/540175374525637/2025-03-10_14_44_32_7dbc5543-0152-4a67-9901-b7da94c6ba4f_%E5%A4%8D%E6%B4%BB%E5%B2%9B%E5%B7%A8%E4%BA%BA%E5%83%8F.png"
          },
          "updatedBy": {
            "id": 540175374525637,
            "username": "zhangang",
            "email": "z**********@163.com",
            "mobile": "173****6912",
            "nickname": "章昂",
            "status": true,
            "avatar": "https://terminus-new-trantor.oss-cn-hangzhou.aliyuncs.com/iam/user/avatar/540175374525637/2025-03-10_14_44_32_7dbc5543-0152-4a67-9901-b7da94c6ba4f_%E5%A4%8D%E6%B4%BB%E5%B2%9B%E5%B7%A8%E4%BA%BA%E5%83%8F.png"
          },
          "createdAt": 1744955779000,
          "updatedAt": 1744965449000,
          "version": 4,
          "deleted": 0,
          "originOrgId": 0,
          "soItems": [
            {
              "soId": {
                "id": 16373016
              },
              "id": 16295019
            }
          ]
        },
        {
          "soCode": "SO001759",
          "soDocDate": 1744819200000,
          "soExtCode": null,
          "baseCurrId": {
            "id": 2000001
          },
          "slsCurrId": {
            "id": 2000001
          },
          "exchRate": 1.0,
          "grossBaseAmt": 8888.0,
          "netBaseAmt": 7865.486726,
          "taxAmt": 1022.513274,
          "soCreateSource": "TERP门户",
          "slsOrgId": {
            "id": 14579001
          },
          "slsTmId": null,
          "soTypeId": {
            "id": 2101001
          },
          "custId": {
            "id": 2059001
          },
          "custPersonName": "李月汝",
          "custPhone": "18378999655",
          "slsPersonName": "章昂",
          "slsPhone": "17376596912",
          "soStatus": "CANCELLED",
          "approveStatus": null,
          "soTitle": null,
          "soDesc": null,
          "soNotes": null,
          "isFixedExchRate": false,
          "slsComId": {
            "id": 14373001
          },
          "priceIdempotent": "5e558bd95df65a321eb7e1626a833fbe",
          "freezeType": "NU_FREEZE",
          "soAssociationCode": null,
          "soBusinessStatus": "INIT",
          "bizRuleGroup": null,
          "addrDetail": "佛山市禅城区季华五路28号",
          "currExchangeRateType": {
            "id": 2000001
          },
          "slsDcId": {
            "id": 14378001
          },
          "btClass": "SALES",
          "effectiveAt": null,
          "slsPerson": {
            "id": 14094003
          },
          "reCalculate": null,
          "invOrg": null,
          "invLoc": null,
          "priceCalcDate": 1744861542000,
          "deliveryInterceptFail": null,
          "externalBuyerId": null,
          "addrId": {
            "id": 70002638
          },
          "totalAmt": 8888.0,
          "discountAmt": null,
          "discountInfo": null,
          "platformDiscountAmt": null,
          "merchantDiscountAmt": null,
          "actualPaidAmt": null,
          "freightAmt": null,
          "buyerRemark": null,
          "sellerRemark": null,
          "id": 16368094,
          "createdBy": {
            "id": 540175374525637,
            "username": "zhangang",
            "email": "z**********@163.com",
            "mobile": "173****6912",
            "nickname": "章昂",
            "status": true,
            "avatar": "https://terminus-new-trantor.oss-cn-hangzhou.aliyuncs.com/iam/user/avatar/540175374525637/2025-03-10_14_44_32_7dbc5543-0152-4a67-9901-b7da94c6ba4f_%E5%A4%8D%E6%B4%BB%E5%B2%9B%E5%B7%A8%E4%BA%BA%E5%83%8F.png"
          },
          "updatedBy": {
            "id": 540175374525637,
            "username": "zhangang",
            "email": "z**********@163.com",
            "mobile": "173****6912",
            "nickname": "章昂",
            "status": true,
            "avatar": "https://terminus-new-trantor.oss-cn-hangzhou.aliyuncs.com/iam/user/avatar/540175374525637/2025-03-10_14_44_32_7dbc5543-0152-4a67-9901-b7da94c6ba4f_%E5%A4%8D%E6%B4%BB%E5%B2%9B%E5%B7%A8%E4%BA%BA%E5%83%8F.png"
          },
          "createdAt": 1744861542000,
          "updatedAt": 1744861914000,
          "version": 4,
          "deleted": 0,
          "originOrgId": 0,
          "soItems": [
            {
              "soId": {
                "id": 16368094
              },
              "id": 16290101
            }
          ]
        },
        {
          "soCode": "SO001757",
          "soDocDate": 1744819200000,
          "soExtCode": null,
          "baseCurrId": {
            "id": 2000001
          },
          "slsCurrId": {
            "id": 2000001
          },
          "exchRate": 1.0,
          "grossBaseAmt": 8888.0,
          "netBaseAmt": 7865.486726,
          "taxAmt": 1022.513274,
          "soCreateSource": "TERP门户",
          "slsOrgId": {
            "id": 14579001
          },
          "slsTmId": null,
          "soTypeId": {
            "id": 2101001
          },
          "custId": {
            "id": 2059001
          },
          "custPersonName": "李月汝",
          "custPhone": "18378999655",
          "slsPersonName": "章昂",
          "slsPhone": "17376596912",
          "soStatus": "CANCELLED",
          "approveStatus": null,
          "soTitle": null,
          "soDesc": null,
          "soNotes": null,
          "isFixedExchRate": false,
          "slsComId": {
            "id": 14373001
          },
          "priceIdempotent": "133bbff456a5a6c5d1ce95ec5dc1ca56",
          "freezeType": "NU_FREEZE",
          "soAssociationCode": null,
          "soBusinessStatus": "INIT",
          "bizRuleGroup": null,
          "addrDetail": "佛山市禅城区季华五路28号",
          "currExchangeRateType": {
            "id": 2000001
          },
          "slsDcId": {
            "id": 14378001
          },
          "btClass": "SALES",
          "effectiveAt": null,
          "slsPerson": {
            "id": 14094003
          },
          "reCalculate": null,
          "invOrg": null,
          "invLoc": null,
          "priceCalcDate": 1744861541000,
          "deliveryInterceptFail": null,
          "externalBuyerId": null,
          "addrId": {
            "id": 70002638
          },
          "totalAmt": 8888.0,
          "discountAmt": null,
          "discountInfo": null,
          "platformDiscountAmt": null,
          "merchantDiscountAmt": null,
          "actualPaidAmt": null,
          "freightAmt": null,
          "buyerRemark": null,
          "sellerRemark": null,
          "id": 16368093,
          "createdBy": {
            "id": 540175374525637,
            "username": "zhangang",
            "email": "z**********@163.com",
            "mobile": "173****6912",
            "nickname": "章昂",
            "status": true,
            "avatar": "https://terminus-new-trantor.oss-cn-hangzhou.aliyuncs.com/iam/user/avatar/540175374525637/2025-03-10_14_44_32_7dbc5543-0152-4a67-9901-b7da94c6ba4f_%E5%A4%8D%E6%B4%BB%E5%B2%9B%E5%B7%A8%E4%BA%BA%E5%83%8F.png"
          },
          "updatedBy": {
            "id": 540175374525637,
            "username": "zhangang",
            "email": "z**********@163.com",
            "mobile": "173****6912",
            "nickname": "章昂",
            "status": true,
            "avatar": "https://terminus-new-trantor.oss-cn-hangzhou.aliyuncs.com/iam/user/avatar/540175374525637/2025-03-10_14_44_32_7dbc5543-0152-4a67-9901-b7da94c6ba4f_%E5%A4%8D%E6%B4%BB%E5%B2%9B%E5%B7%A8%E4%BA%BA%E5%83%8F.png"
          },
          "createdAt": 1744861541000,
          "updatedAt": 1744861920000,
          "version": 4,
          "deleted": 0,
          "originOrgId": 0,
          "soItems": [
            {
              "soId": {
                "id": 16368093
              },
              "id": 16290100
            }
          ]
        },
        {
          "soCode": "SO001752",
          "soDocDate": 1744819200000,
          "soExtCode": null,
          "baseCurrId": {
            "id": 2000001
          },
          "slsCurrId": {
            "id": 2000001
          },
          "exchRate": 1.0,
          "grossBaseAmt": 8888.0,
          "netBaseAmt": 7865.486726,
          "taxAmt": 1022.513274,
          "soCreateSource": "TERP门户",
          "slsOrgId": {
            "id": 14579001
          },
          "slsTmId": null,
          "soTypeId": {
            "id": 2101001
          },
          "custId": {
            "id": 2059001
          },
          "custPersonName": "李月汝",
          "custPhone": "18378999655",
          "slsPersonName": "章昂",
          "slsPhone": "17376596912",
          "soStatus": "CANCELLED",
          "approveStatus": null,
          "soTitle": null,
          "soDesc": null,
          "soNotes": null,
          "isFixedExchRate": false,
          "slsComId": {
            "id": 14373001
          },
          "priceIdempotent": "cd6073041046abab1fdff0d412a809f0",
          "freezeType": "NU_FREEZE",
          "soAssociationCode": null,
          "soBusinessStatus": "INIT",
          "bizRuleGroup": null,
          "addrDetail": "佛山市禅城区季华五路28号",
          "currExchangeRateType": {
            "id": 2000001
          },
          "slsDcId": {
            "id": 14378001
          },
          "btClass": "SALES",
          "effectiveAt": null,
          "slsPerson": {
            "id": 14094003
          },
          "reCalculate": null,
          "invOrg": null,
          "invLoc": null,
          "priceCalcDate": 1744861353000,
          "deliveryInterceptFail": null,
          "externalBuyerId": null,
          "addrId": {
            "id": 70002638
          },
          "totalAmt": 8888.0,
          "discountAmt": null,
          "discountInfo": null,
          "platformDiscountAmt": null,
          "merchantDiscountAmt": null,
          "actualPaidAmt": null,
          "freightAmt": null,
          "buyerRemark": null,
          "sellerRemark": null,
          "id": 16368091,
          "createdBy": {
            "id": 540175374525637,
            "username": "zhangang",
            "email": "z**********@163.com",
            "mobile": "173****6912",
            "nickname": "章昂",
            "status": true,
            "avatar": "https://terminus-new-trantor.oss-cn-hangzhou.aliyuncs.com/iam/user/avatar/540175374525637/2025-03-10_14_44_32_7dbc5543-0152-4a67-9901-b7da94c6ba4f_%E5%A4%8D%E6%B4%BB%E5%B2%9B%E5%B7%A8%E4%BA%BA%E5%83%8F.png"
          },
          "updatedBy": {
            "id": 540175374525637,
            "username": "zhangang",
            "email": "z**********@163.com",
            "mobile": "173****6912",
            "nickname": "章昂",
            "status": true,
            "avatar": "https://terminus-new-trantor.oss-cn-hangzhou.aliyuncs.com/iam/user/avatar/540175374525637/2025-03-10_14_44_32_7dbc5543-0152-4a67-9901-b7da94c6ba4f_%E5%A4%8D%E6%B4%BB%E5%B2%9B%E5%B7%A8%E4%BA%BA%E5%83%8F.png"
          },
          "createdAt": 1744861353000,
          "updatedAt": 1744861926000,
          "version": 4,
          "deleted": 0,
          "originOrgId": 0,
          "soItems": [
            {
              "soId": {
                "id": 16368091
              },
              "id": 16290098
            }
          ]
        },
        {
          "soCode": "SO001750",
          "soDocDate": 1744819200000,
          "soExtCode": null,
          "baseCurrId": {
            "id": 2000001
          },
          "slsCurrId": {
            "id": 2000001
          },
          "exchRate": 1.0,
          "grossBaseAmt": 8888.0,
          "netBaseAmt": 7865.486726,
          "taxAmt": 1022.513274,
          "soCreateSource": "TERP门户",
          "slsOrgId": {
            "id": 14579001
          },
          "slsTmId": null,
          "soTypeId": {
            "id": 2101001
          },
          "custId": {
            "id": 2059001
          },
          "custPersonName": "李月汝",
          "custPhone": "18378999655",
          "slsPersonName": "章昂",
          "slsPhone": "17376596912",
          "soStatus": "CANCELLED",
          "approveStatus": null,
          "soTitle": null,
          "soDesc": null,
          "soNotes": null,
          "isFixedExchRate": false,
          "slsComId": {
            "id": 14373001
          },
          "priceIdempotent": "d7f033247fe649fd0ebd889445a68293",
          "freezeType": "NU_FREEZE",
          "soAssociationCode": null,
          "soBusinessStatus": "INIT",
          "bizRuleGroup": null,
          "addrDetail": "佛山市禅城区季华五路28号",
          "currExchangeRateType": {
            "id": 2000001
          },
          "slsDcId": {
            "id": 14378001
          },
          "btClass": "SALES",
          "effectiveAt": null,
          "slsPerson": {
            "id": 14094003
          },
          "reCalculate": null,
          "invOrg": null,
          "invLoc": null,
          "priceCalcDate": 1744861352000,
          "deliveryInterceptFail": null,
          "externalBuyerId": null,
          "addrId": {
            "id": 70002638
          },
          "totalAmt": 8888.0,
          "discountAmt": null,
          "discountInfo": null,
          "platformDiscountAmt": null,
          "merchantDiscountAmt": null,
          "actualPaidAmt": null,
          "freightAmt": null,
          "buyerRemark": null,
          "sellerRemark": null,
          "id": 16368090,
          "createdBy": {
            "id": 540175374525637,
            "username": "zhangang",
            "email": "z**********@163.com",
            "mobile": "173****6912",
            "nickname": "章昂",
            "status": true,
            "avatar": "https://terminus-new-trantor.oss-cn-hangzhou.aliyuncs.com/iam/user/avatar/540175374525637/2025-03-10_14_44_32_7dbc5543-0152-4a67-9901-b7da94c6ba4f_%E5%A4%8D%E6%B4%BB%E5%B2%9B%E5%B7%A8%E4%BA%BA%E5%83%8F.png"
          },
          "updatedBy": {
            "id": 540175374525637,
            "username": "zhangang",
            "email": "z**********@163.com",
            "mobile": "173****6912",
            "nickname": "章昂",
            "status": true,
            "avatar": "https://terminus-new-trantor.oss-cn-hangzhou.aliyuncs.com/iam/user/avatar/540175374525637/2025-03-10_14_44_32_7dbc5543-0152-4a67-9901-b7da94c6ba4f_%E5%A4%8D%E6%B4%BB%E5%B2%9B%E5%B7%A8%E4%BA%BA%E5%83%8F.png"
          },
          "createdAt": 1744861352000,
          "updatedAt": 1744861931000,
          "version": 4,
          "deleted": 0,
          "originOrgId": 0,
          "soItems": [
            {
              "soId": {
                "id": 16368090
              },
              "id": 16290097
            }
          ]
        },
        {
          "soCode": "SO001236",
          "soDocDate": 1744560000000,
          "soExtCode": null,
          "baseCurrId": {
            "id": 2000001
          },
          "slsCurrId": {
            "id": 2000001
          },
          "exchRate": 1.0,
          "grossBaseAmt": 8888.0,
          "netBaseAmt": 7865.486726,
          "taxAmt": 1022.513274,
          "soCreateSource": "TERP门户",
          "slsOrgId": {
            "id": 14579001
          },
          "slsTmId": null,
          "soTypeId": {
            "id": 2101001
          },
          "custId": {
            "id": 2116001
          },
          "custPersonName": "章昂",
          "custPhone": "17376596912",
          "slsPersonName": "章昂",
          "slsPhone": "17376596912",
          "soStatus": "CANCELLED",
          "approveStatus": null,
          "soTitle": null,
          "soDesc": null,
          "soNotes": null,
          "isFixedExchRate": false,
          "slsComId": {
            "id": 14507001
          },
          "priceIdempotent": "c2b727675b5a1c9ad543d9bbf376a848",
          "freezeType": "NU_FREEZE",
          "soAssociationCode": null,
          "soBusinessStatus": "INIT",
          "bizRuleGroup": null,
          "addrDetail": "北京市朝阳区望京街道启阳路123号",
          "currExchangeRateType": {
            "id": 2000001
          },
          "slsDcId": {
            "id": 14378001
          },
          "btClass": "SALES",
          "effectiveAt": null,
          "slsPerson": {
            "id": 14094003
          },
          "reCalculate": null,
          "invOrg": null,
          "invLoc": null,
          "priceCalcDate": 1744596084000,
          "deliveryInterceptFail": null,
          "externalBuyerId": null,
          "addrId": {
            "id": 70035593
          },
          "totalAmt": 8888.0,
          "discountAmt": null,
          "discountInfo": null,
          "platformDiscountAmt": null,
          "merchantDiscountAmt": null,
          "actualPaidAmt": null,
          "freightAmt": null,
          "buyerRemark": null,
          "sellerRemark": null,
          "id": 16365003,
          "createdBy": {
            "id": 540175374525637,
            "username": "zhangang",
            "email": "z**********@163.com",
            "mobile": "173****6912",
            "nickname": "章昂",
            "status": true,
            "avatar": "https://terminus-new-trantor.oss-cn-hangzhou.aliyuncs.com/iam/user/avatar/540175374525637/2025-03-10_14_44_32_7dbc5543-0152-4a67-9901-b7da94c6ba4f_%E5%A4%8D%E6%B4%BB%E5%B2%9B%E5%B7%A8%E4%BA%BA%E5%83%8F.png"
          },
          "updatedBy": {
            "id": 540175374525637,
            "username": "zhangang",
            "email": "z**********@163.com",
            "mobile": "173****6912",
            "nickname": "章昂",
            "status": true,
            "avatar": "https://terminus-new-trantor.oss-cn-hangzhou.aliyuncs.com/iam/user/avatar/540175374525637/2025-03-10_14_44_32_7dbc5543-0152-4a67-9901-b7da94c6ba4f_%E5%A4%8D%E6%B4%BB%E5%B2%9B%E5%B7%A8%E4%BA%BA%E5%83%8F.png"
          },
          "createdAt": 1744598231000,
          "updatedAt": 1744598283000,
          "version": 6,
          "deleted": 0,
          "originOrgId": 0,
          "slsPartnerLinks": [
            {
              "soId": {
                "id": 16365003
              },
              "id": 16209005
            }
          ],
          "soItems": [
            {
              "soId": {
                "id": 16365003
              },
              "id": 16287010
            }
          ]
        },
        {
          "soCode": "SO20240918100000",
          "soDocDate": 1726588800000,
          "soExtCode": null,
          "baseCurrId": {
            "id": 2000001
          },
          "slsCurrId": {
            "id": 2000001
          },
          "exchRate": 1.0,
          "grossBaseAmt": 123000.0,
          "netBaseAmt": 108849.557522,
          "taxAmt": 14150.442478,
          "soCreateSource": "TERP门户",
          "slsOrgId": {
            "id": 14377001
          },
          "slsTmId": null,
          "soTypeId": {
            "id": 2101001
          },
          "custId": {
            "id": 2059001
          },
          "custPersonName": "封四",
          "custPhone": "18358106205",
          "slsPersonName": "章昂",
          "slsPhone": "17376596912",
          "soStatus": "CANCELLED",
          "approveStatus": null,
          "soTitle": null,
          "soDesc": null,
          "soNotes": null,
          "isFixedExchRate": false,
          "slsComId": {
            "id": 14507001
          },
          "priceIdempotent": "b81ee3f05da6d7cbb7a40d4110e9e263",
          "freezeType": "NU_FREEZE",
          "soAssociationCode": null,
          "soBusinessStatus": null,
          "bizRuleGroup": null,
          "addrDetail": null,
          "currExchangeRateType": {
            "id": 2000001
          },
          "slsDcId": {
            "id": 14378001
          },
          "btClass": "SALES",
          "effectiveAt": null,
          "slsPerson": {
            "id": 14094003
          },
          "reCalculate": null,
          "invOrg": {
            "id": 14375002
          },
          "invLoc": {
            "id": 14376002
          },
          "priceCalcDate": null,
          "deliveryInterceptFail": null,
          "externalBuyerId": null,
          "addrId": {
            "id": 125
          },
          "totalAmt": null,
          "discountAmt": null,
          "discountInfo": null,
          "platformDiscountAmt": null,
          "merchantDiscountAmt": null,
          "actualPaidAmt": null,
          "freightAmt": null,
          "buyerRemark": null,
          "sellerRemark": null,
          "id": 16319001,
          "createdBy": {
            "id": 540175374525637,
            "username": "zhangang",
            "email": "z**********@163.com",
            "mobile": "173****6912",
            "nickname": "章昂",
            "status": true,
            "avatar": "https://terminus-new-trantor.oss-cn-hangzhou.aliyuncs.com/iam/user/avatar/540175374525637/2025-03-10_14_44_32_7dbc5543-0152-4a67-9901-b7da94c6ba4f_%E5%A4%8D%E6%B4%BB%E5%B2%9B%E5%B7%A8%E4%BA%BA%E5%83%8F.png"
          },
          "updatedBy": {
            "id": 591883688897733,
            "username": "Anson",
            "email": null,
            "mobile": "151****2454",
            "nickname": null,
            "status": true,
            "avatar": null
          },
          "createdAt": 1726639187000,
          "updatedAt": 1726639807000,
          "version": 2,
          "deleted": 0,
          "originOrgId": 14507001,
          "slsPartnerLinks": [
            {
              "soId": {
                "id": 16319001
              },
              "id": 16159001
            }
          ],
          "soItems": [
            {
              "soId": {
                "id": 16319001
              },
              "id": 16241001
            }
          ]
        }
      ],
      "total": 17
    }
  }
}
2025-04-21 11:09:24|base_test._make_request line:135| 发送请求: 按单据状态 CANCELLED 查询销售订单列表
2025-04-21 11:09:24|test_02_orderlist_query.test_03_query_orders_by_status line:313| 
提取的嵌套数据: [
  {
    "soCode": "SO002047",
    "soDocDate": 1744968351000,
    "soExtCode": null,
    "baseCurrId": {
      "id": 2000001
    },
    "slsCurrId": {
      "id": 2000001
    },
    "exchRate": 1.0,
    "grossBaseAmt": 3.0,
    "netBaseAmt": 2.654867,
    "taxAmt": 0.345133,
    "soCreateSource": "TERP门户",
    "slsOrgId": {
      "id": 14139002
    },
    "slsTmId": null,
    "soTypeId": {
      "id": 14006001
    },
    "custId": {
      "id": 2059001
    },
    "custPersonName": "李月汝",
    "custPhone": "18378999655",
    "slsPersonName": "侯新雨",
    "slsPhone": "15825540081",
    "soStatus": "CANCELLED",
    "approveStatus": null,
    "soTitle": null,
    "soDesc": null,
    "soNotes": "234",
    "isFixedExchRate": false,
    "slsComId": {
      "id": 14139001
    },
    "priceIdempotent": "2a9fc89b88d4c165d8b423ea657a0628",
    "freezeType": "NU_FREEZE",
    "soAssociationCode": null,
    "soBusinessStatus": "INIT",
    "bizRuleGroup": null,
    "addrDetail": "佛山市禅城区季华五路28号",
    "currExchangeRateType": {
      "id": 2000001
    },
    "slsDcId": {
      "id": 2001001
    },
    "btClass": "ASS",
    "effectiveAt": null,
    "slsPerson": {
      "id": 14123089
    },
    "reCalculate": null,
    "invOrg": null,
    "invLoc": null,
    "priceCalcDate": 1744965199000,
    "deliveryInterceptFail": null,
    "externalBuyerId": null,
    "addrId": {
      "id": 70002638
    },
    "totalAmt": 6.0,
    "discountAmt": -3.0,
    "discountInfo": "订单总金额: 6.00\n\n优先级: 20\n活动名称: hxy回归测试\n是否为排他性活动: 否\n优惠工具描述: 单品-折扣\n依赖优先级: \n参加活动的商品金额: 6.00*1=6.00\n优惠金额: 3.00\n\n",
    "platformDiscountAmt": null,
    "merchantDiscountAmt": null,
    "actualPaidAmt": null,
    "freightAmt": null,
    "buyerRemark": null,
    "sellerRemark": null,
    "id": 16375010,
    "createdBy": {
      "id": 540175374525637,
      "username": "zhangang",
      "email": "z**********@163.com",
      "mobile": "173****6912",
      "nickname": "章昂",
      "status": true,
      "avatar": "https://terminus-new-trantor.oss-cn-hangzhou.aliyuncs.com/iam/user/avatar/540175374525637/2025-03-10_14_44_32_7dbc5543-0152-4a67-9901-b7da94c6ba4f_%E5%A4%8D%E6%B4%BB%E5%B2%9B%E5%B7%A8%E4%BA%BA%E5%83%8F.png"
    },
    "updatedBy": {
      "id": 540175374525637,
      "username": "zhangang",
      "email": "z**********@163.com",
      "mobile": "173****6912",
      "nickname": "章昂",
      "status": true,
      "avatar": "https://terminus-new-trantor.oss-cn-hangzhou.aliyuncs.com/iam/user/avatar/540175374525637/2025-03-10_14_44_32_7dbc5543-0152-4a67-9901-b7da94c6ba4f_%E5%A4%8D%E6%B4%BB%E5%B2%9B%E5%B7%A8%E4%BA%BA%E5%83%8F.png"
    },
    "createdAt": 1744968351000,
    "updatedAt": 1744968799000,
    "version": 11,
    "deleted": 0,
    "originOrgId": 14373001,
    "slsPartnerLinks": [
      {
        "soId": {
          "id": 16375010
        },
        "id": 16219010
      }
    ],
    "soItems": [
      {
        "soId": {
          "id": 16375010
        },
        "id": 16297010
      }
    ]
  },
  {
    "soCode": "SO002044",
    "soDocDate": 1744968255000,
    "soExtCode": null,
    "baseCurrId": {
      "id": 2000001
    },
    "slsCurrId": {
      "id": 2000001
    },
    "exchRate": 1.0,
    "grossBaseAmt": 3.0,
    "netBaseAmt": 2.654867,
    "taxAmt": 0.345133,
    "soCreateSource": "TERP门户",
    "slsOrgId": {
      "id": 14139002
    },
    "slsTmId": null,
    "soTypeId": {
      "id": 14006001
    },
    "custId": {
      "id": 2059001
    },
    "custPersonName": "李月汝",
    "custPhone": "18378999655",
    "slsPersonName": "侯新雨",
    "slsPhone": "15825540081",
    "soStatus": "CANCELLED",
    "approveStatus": null,
    "soTitle": null,
    "soDesc": null,
    "soNotes": "234",
    "isFixedExchRate": false,
    "slsComId": {
      "id": 14139001
    },
    "priceIdempotent": "5f9748d3e59334dc8b38ccc5758e4a7d",
    "freezeType": "NU_FREEZE",
    "soAssociationCode": null,
    "soBusinessStatus": "INIT",
    "bizRuleGroup": null,
    "addrDetail": "佛山市禅城区季华五路28号",
    "currExchangeRateType": {
      "id": 2000001
    },
    "slsDcId": {
      "id": 2001001
    },
    "btClass": "ASS",
    "effectiveAt": null,
    "slsPerson": {
      "id": 14123089
    },
    "reCalculate": null,
    "invOrg": null,
    "invLoc": null,
    "priceCalcDate": 1744965199000,
    "deliveryInterceptFail": null,
    "externalBuyerId": null,
    "addrId": {
      "id": 70002638
    },
    "totalAmt": 6.0,
    "discountAmt": -3.0,
    "discountInfo": "订单总金额: 6.00\n\n优先级: 20\n活动名称: hxy回归测试\n是否为排他性活动: 否\n优惠工具描述: 单品-折扣\n依赖优先级: \n参加活动的商品金额: 6.00*1=6.00\n优惠金额: 3.00\n\n",
    "platformDiscountAmt": null,
    "merchantDiscountAmt": null,
    "actualPaidAmt": null,
    "freightAmt": null,
    "buyerRemark": null,
    "sellerRemark": null,
    "id": 16375009,
    "createdBy": {
      "id": 540175374525637,
      "username": "zhangang",
      "email": "z**********@163.com",
      "mobile": "173****6912",
      "nickname": "章昂",
      "status": true,
      "avatar": "https://terminus-new-trantor.oss-cn-hangzhou.aliyuncs.com/iam/user/avatar/540175374525637/2025-03-10_14_44_32_7dbc5543-0152-4a67-9901-b7da94c6ba4f_%E5%A4%8D%E6%B4%BB%E5%B2%9B%E5%B7%A8%E4%BA%BA%E5%83%8F.png"
    },
    "updatedBy": {
      "id": 540175374525637,
      "username": "zhangang",
      "email": "z**********@163.com",
      "mobile": "173****6912",
      "nickname": "章昂",
      "status": true,
      "avatar": "https://terminus-new-trantor.oss-cn-hangzhou.aliyuncs.com/iam/user/avatar/540175374525637/2025-03-10_14_44_32_7dbc5543-0152-4a67-9901-b7da94c6ba4f_%E5%A4%8D%E6%B4%BB%E5%B2%9B%E5%B7%A8%E4%BA%BA%E5%83%8F.png"
    },
    "createdAt": 1744968255000,
    "updatedAt": 1744968374000,
    "version": 10,
    "deleted": 0,
    "originOrgId": 14373001,
    "slsPartnerLinks": [
      {
        "soId": {
          "id": 16375009
        },
        "id": 16219009
      }
    ],
    "soItems": [
      {
        "soId": {
          "id": 16375009
        },
        "id": 16297009
      }
    ]
  },
  {
    "soCode": "SO002040",
    "soDocDate": 1744968166000,
    "soExtCode": null,
    "baseCurrId": {
      "id": 2000001
    },
    "slsCurrId": {
      "id": 2000001
    },
    "exchRate": 1.0,
    "grossBaseAmt": 3.0,
    "netBaseAmt": 2.654867,
    "taxAmt": 0.345133,
    "soCreateSource": "TERP门户",
    "slsOrgId": {
      "id": 14139002
    },
    "slsTmId": null,
    "soTypeId": {
      "id": 14006001
    },
    "custId": {
      "id": 2059001
    },
    "custPersonName": "李月汝",
    "custPhone": "18378999655",
    "slsPersonName": "侯新雨",
    "slsPhone": "15825540081",
    "soStatus": "CANCELLED",
    "approveStatus": null,
    "soTitle": null,
    "soDesc": null,
    "soNotes": "234",
    "isFixedExchRate": false,
    "slsComId": {
      "id": 14139001
    },
    "priceIdempotent": "2a82d9f23120f1e0c35e8ebccd7c8e41",
    "freezeType": "NU_FREEZE",
    "soAssociationCode": null,
    "soBusinessStatus": "INIT",
    "bizRuleGroup": null,
    "addrDetail": "佛山市禅城区季华五路28号",
    "currExchangeRateType": {
      "id": 2000001
    },
    "slsDcId": {
      "id": 2001001
    },
    "btClass": "ASS",
    "effectiveAt": null,
    "slsPerson": {
      "id": 14123089
    },
    "reCalculate": null,
    "invOrg": null,
    "invLoc": null,
    "priceCalcDate": 1744965199000,
    "deliveryInterceptFail": null,
    "externalBuyerId": null,
    "addrId": {
      "id": 70002638
    },
    "totalAmt": 6.0,
    "discountAmt": -3.0,
    "discountInfo": "订单总金额: 6.00\n\n优先级: 20\n活动名称: hxy回归测试\n是否为排他性活动: 否\n优惠工具描述: 单品-折扣\n依赖优先级: \n参加活动的商品金额: 6.00*1=6.00\n优惠金额: 3.00\n\n",
    "platformDiscountAmt": null,
    "merchantDiscountAmt": null,
    "actualPaidAmt": null,
    "freightAmt": null,
    "buyerRemark": null,
    "sellerRemark": null,
    "id": 16375008,
    "createdBy": {
      "id": 540175374525637,
      "username": "zhangang",
      "email": "z**********@163.com",
      "mobile": "173****6912",
      "nickname": "章昂",
      "status": true,
      "avatar": "https://terminus-new-trantor.oss-cn-hangzhou.aliyuncs.com/iam/user/avatar/540175374525637/2025-03-10_14_44_32_7dbc5543-0152-4a67-9901-b7da94c6ba4f_%E5%A4%8D%E6%B4%BB%E5%B2%9B%E5%B7%A8%E4%BA%BA%E5%83%8F.png"
    },
    "updatedBy": {
      "id": 540175374525637,
      "username": "zhangang",
      "email": "z**********@163.com",
      "mobile": "173****6912",
      "nickname": "章昂",
      "status": true,
      "avatar": "https://terminus-new-trantor.oss-cn-hangzhou.aliyuncs.com/iam/user/avatar/540175374525637/2025-03-10_14_44_32_7dbc5543-0152-4a67-9901-b7da94c6ba4f_%E5%A4%8D%E6%B4%BB%E5%B2%9B%E5%B7%A8%E4%BA%BA%E5%83%8F.png"
    },
    "createdAt": 1744968166000,
    "updatedAt": 1744968350000,
    "version": 12,
    "deleted": 0,
    "originOrgId": 14373001,
    "slsPartnerLinks": [
      {
        "soId": {
          "id": 16375008
        },
        "id": 16219008
      }
    ],
    "soItems": [
      {
        "soId": {
          "id": 16375008
        },
        "id": 16297008
      }
    ]
  },
  {
    "soCode": "SO002038",
    "soDocDate": 1744968136000,
    "soExtCode": null,
    "baseCurrId": {
      "id": 2000001
    },
    "slsCurrId": {
      "id": 2000001
    },
    "exchRate": 1.0,
    "grossBaseAmt": 3.0,
    "netBaseAmt": 2.654867,
    "taxAmt": 0.345133,
    "soCreateSource": "TERP门户",
    "slsOrgId": {
      "id": 14139002
    },
    "slsTmId": null,
    "soTypeId": {
      "id": 14006001
    },
    "custId": {
      "id": 2059001
    },
    "custPersonName": "李月汝",
    "custPhone": "18378999655",
    "slsPersonName": "侯新雨",
    "slsPhone": "15825540081",
    "soStatus": "CANCELLED",
    "approveStatus": null,
    "soTitle": null,
    "soDesc": null,
    "soNotes": "234",
    "isFixedExchRate": false,
    "slsComId": {
      "id": 14139001
    },
    "priceIdempotent": "694065a36188cda95320eae1c89b1e84",
    "freezeType": "NU_FREEZE",
    "soAssociationCode": null,
    "soBusinessStatus": "INIT",
    "bizRuleGroup": null,
    "addrDetail": "佛山市禅城区季华五路28号",
    "currExchangeRateType": {
      "id": 2000001
    },
    "slsDcId": {
      "id": 2001001
    },
    "btClass": "ASS",
    "effectiveAt": null,
    "slsPerson": {
      "id": 14123089
    },
    "reCalculate": null,
    "invOrg": null,
    "invLoc": null,
    "priceCalcDate": 1744965199000,
    "deliveryInterceptFail": null,
    "externalBuyerId": null,
    "addrId": {
      "id": 70002638
    },
    "totalAmt": 6.0,
    "discountAmt": -3.0,
    "discountInfo": "订单总金额: 6.00\n\n优先级: 20\n活动名称: hxy回归测试\n是否为排他性活动: 否\n优惠工具描述: 单品-折扣\n依赖优先级: \n参加活动的商品金额: 6.00*1=6.00\n优惠金额: 3.00\n\n",
    "platformDiscountAmt": null,
    "merchantDiscountAmt": null,
    "actualPaidAmt": null,
    "freightAmt": null,
    "buyerRemark": null,
    "sellerRemark": null,
    "id": 16375007,
    "createdBy": {
      "id": 540175374525637,
      "username": "zhangang",
      "email": "z**********@163.com",
      "mobile": "173****6912",
      "nickname": "章昂",
      "status": true,
      "avatar": "https://terminus-new-trantor.oss-cn-hangzhou.aliyuncs.com/iam/user/avatar/540175374525637/2025-03-10_14_44_32_7dbc5543-0152-4a67-9901-b7da94c6ba4f_%E5%A4%8D%E6%B4%BB%E5%B2%9B%E5%B7%A8%E4%BA%BA%E5%83%8F.png"
    },
    "updatedBy": {
      "id": 540175374525637,
      "username": "zhangang",
      "email": "z**********@163.com",
      "mobile": "173****6912",
      "nickname": "章昂",
      "status": true,
      "avatar": "https://terminus-new-trantor.oss-cn-hangzhou.aliyuncs.com/iam/user/avatar/540175374525637/2025-03-10_14_44_32_7dbc5543-0152-4a67-9901-b7da94c6ba4f_%E5%A4%8D%E6%B4%BB%E5%B2%9B%E5%B7%A8%E4%BA%BA%E5%83%8F.png"
    },
    "createdAt": 1744968136000,
    "updatedAt": 1744968164000,
    "version": 7,
    "deleted": 0,
    "originOrgId": 14373001,
    "slsPartnerLinks": [
      {
        "soId": {
          "id": 16375007
        },
        "id": 16219007
      }
    ],
    "soItems": [
      {
        "soId": {
          "id": 16375007
        },
        "id": 16297007
      }
    ]
  },
  {
    "soCode": "SO002036",
    "soDocDate": 1744968130000,
    "soExtCode": null,
    "baseCurrId": {
      "id": 2000001
    },
    "slsCurrId": {
      "id": 2000001
    },
    "exchRate": 1.0,
    "grossBaseAmt": 3.0,
    "netBaseAmt": 2.654867,
    "taxAmt": 0.345133,
    "soCreateSource": "TERP门户",
    "slsOrgId": {
      "id": 14139002
    },
    "slsTmId": null,
    "soTypeId": {
      "id": 14006001
    },
    "custId": {
      "id": 2059001
    },
    "custPersonName": "李月汝",
    "custPhone": "18378999655",
    "slsPersonName": "侯新雨",
    "slsPhone": "15825540081",
    "soStatus": "CANCELLED",
    "approveStatus": null,
    "soTitle": null,
    "soDesc": null,
    "soNotes": "234",
    "isFixedExchRate": false,
    "slsComId": {
      "id": 14139001
    },
    "priceIdempotent": "239240c3e5d06aba53d7391eb34e3d94",
    "freezeType": "NU_FREEZE",
    "soAssociationCode": null,
    "soBusinessStatus": "INIT",
    "bizRuleGroup": null,
    "addrDetail": "佛山市禅城区季华五路28号",
    "currExchangeRateType": {
      "id": 2000001
    },
    "slsDcId": {
      "id": 2001001
    },
    "btClass": "ASS",
    "effectiveAt": null,
    "slsPerson": {
      "id": 14123089
    },
    "reCalculate": null,
    "invOrg": null,
    "invLoc": null,
    "priceCalcDate": 1744965199000,
    "deliveryInterceptFail": null,
    "externalBuyerId": null,
    "addrId": {
      "id": 70002638
    },
    "totalAmt": 6.0,
    "discountAmt": -3.0,
    "discountInfo": "订单总金额: 6.00\n\n优先级: 20\n活动名称: hxy回归测试\n是否为排他性活动: 否\n优惠工具描述: 单品-折扣\n依赖优先级: \n参加活动的商品金额: 6.00*1=6.00\n优惠金额: 3.00\n\n",
    "platformDiscountAmt": null,
    "merchantDiscountAmt": null,
    "actualPaidAmt": null,
    "freightAmt": null,
    "buyerRemark": null,
    "sellerRemark": null,
    "id": 16375006,
    "createdBy": {
      "id": 540175374525637,
      "username": "zhangang",
      "email": "z**********@163.com",
      "mobile": "173****6912",
      "nickname": "章昂",
      "status": true,
      "avatar": "https://terminus-new-trantor.oss-cn-hangzhou.aliyuncs.com/iam/user/avatar/540175374525637/2025-03-10_14_44_32_7dbc5543-0152-4a67-9901-b7da94c6ba4f_%E5%A4%8D%E6%B4%BB%E5%B2%9B%E5%B7%A8%E4%BA%BA%E5%83%8F.png"
    },
    "updatedBy": {
      "id": 540175374525637,
      "username": "zhangang",
      "email": "z**********@163.com",
      "mobile": "173****6912",
      "nickname": "章昂",
      "status": true,
      "avatar": "https://terminus-new-trantor.oss-cn-hangzhou.aliyuncs.com/iam/user/avatar/540175374525637/2025-03-10_14_44_32_7dbc5543-0152-4a67-9901-b7da94c6ba4f_%E5%A4%8D%E6%B4%BB%E5%B2%9B%E5%B7%A8%E4%BA%BA%E5%83%8F.png"
    },
    "createdAt": 1744968130000,
    "updatedAt": 1744968134000,
    "version": 7,
    "deleted": 0,
    "originOrgId": 14373001,
    "slsPartnerLinks": [
      {
        "soId": {
          "id": 16375006
        },
        "id": 16219006
      }
    ],
    "soItems": [
      {
        "soId": {
          "id": 16375006
        },
        "id": 16297006
      }
    ]
  },
  {
    "soCode": "SO002035",
    "soDocDate": 1744968102000,
    "soExtCode": null,
    "baseCurrId": {
      "id": 2000001
    },
    "slsCurrId": {
      "id": 2000001
    },
    "exchRate": 1.0,
    "grossBaseAmt": 3.0,
    "netBaseAmt": 2.654867,
    "taxAmt": 0.345133,
    "soCreateSource": "TERP门户",
    "slsOrgId": {
      "id": 14139002
    },
    "slsTmId": null,
    "soTypeId": {
      "id": 14006001
    },
    "custId": {
      "id": 2059001
    },
    "custPersonName": "李月汝",
    "custPhone": "18378999655",
    "slsPersonName": "侯新雨",
    "slsPhone": "15825540081",
    "soStatus": "CANCELLED",
    "approveStatus": null,
    "soTitle": null,
    "soDesc": null,
    "soNotes": "234",
    "isFixedExchRate": false,
    "slsComId": {
      "id": 14139001
    },
    "priceIdempotent": "4639a5cdaf642178bb22a2c1a7b28968",
    "freezeType": "NU_FREEZE",
    "soAssociationCode": null,
    "soBusinessStatus": "INIT",
    "bizRuleGroup": null,
    "addrDetail": "佛山市禅城区季华五路28号",
    "currExchangeRateType": {
      "id": 2000001
    },
    "slsDcId": {
      "id": 2001001
    },
    "btClass": "ASS",
    "effectiveAt": null,
    "slsPerson": {
      "id": 14123089
    },
    "reCalculate": null,
    "invOrg": null,
    "invLoc": null,
    "priceCalcDate": 1744965199000,
    "deliveryInterceptFail": null,
    "externalBuyerId": null,
    "addrId": {
      "id": 70002638
    },
    "totalAmt": 6.0,
    "discountAmt": -3.0,
    "discountInfo": "订单总金额: 6.00\n\n优先级: 20\n活动名称: hxy回归测试\n是否为排他性活动: 否\n优惠工具描述: 单品-折扣\n依赖优先级: \n参加活动的商品金额: 6.00*1=6.00\n优惠金额: 3.00\n\n",
    "platformDiscountAmt": null,
    "merchantDiscountAmt": null,
    "actualPaidAmt": null,
    "freightAmt": null,
    "buyerRemark": null,
    "sellerRemark": null,
    "id": 16375005,
    "createdBy": {
      "id": 540175374525637,
      "username": "zhangang",
      "email": "z**********@163.com",
      "mobile": "173****6912",
      "nickname": "章昂",
      "status": true,
      "avatar": "https://terminus-new-trantor.oss-cn-hangzhou.aliyuncs.com/iam/user/avatar/540175374525637/2025-03-10_14_44_32_7dbc5543-0152-4a67-9901-b7da94c6ba4f_%E5%A4%8D%E6%B4%BB%E5%B2%9B%E5%B7%A8%E4%BA%BA%E5%83%8F.png"
    },
    "updatedBy": {
      "id": 540175374525637,
      "username": "zhangang",
      "email": "z**********@163.com",
      "mobile": "173****6912",
      "nickname": "章昂",
      "status": true,
      "avatar": "https://terminus-new-trantor.oss-cn-hangzhou.aliyuncs.com/iam/user/avatar/540175374525637/2025-03-10_14_44_32_7dbc5543-0152-4a67-9901-b7da94c6ba4f_%E5%A4%8D%E6%B4%BB%E5%B2%9B%E5%B7%A8%E4%BA%BA%E5%83%8F.png"
    },
    "createdAt": 1744968102000,
    "updatedAt": 1744968129000,
    "version": 7,
    "deleted": 0,
    "originOrgId": 14373001,
    "slsPartnerLinks": [
      {
        "soId": {
          "id": 16375005
        },
        "id": 16219005
      }
    ],
    "soItems": [
      {
        "soId": {
          "id": 16375005
        },
        "id": 16297005
      }
    ]
  },
  {
    "soCode": "SO002033",
    "soDocDate": 1744967922000,
    "soExtCode": null,
    "baseCurrId": {
      "id": 2000001
    },
    "slsCurrId": {
      "id": 2000001
    },
    "exchRate": 1.0,
    "grossBaseAmt": 3.0,
    "netBaseAmt": 2.654867,
    "taxAmt": 0.345133,
    "soCreateSource": "TERP门户",
    "slsOrgId": {
      "id": 14139002
    },
    "slsTmId": null,
    "soTypeId": {
      "id": 14006001
    },
    "custId": {
      "id": 2059001
    },
    "custPersonName": "李月汝",
    "custPhone": "18378999655",
    "slsPersonName": "侯新雨",
    "slsPhone": "15825540081",
    "soStatus": "CANCELLED",
    "approveStatus": null,
    "soTitle": null,
    "soDesc": null,
    "soNotes": "234",
    "isFixedExchRate": false,
    "slsComId": {
      "id": 14139001
    },
    "priceIdempotent": "b04726b8dde684d5ef739e38fd67bc4e",
    "freezeType": "NU_FREEZE",
    "soAssociationCode": null,
    "soBusinessStatus": "INIT",
    "bizRuleGroup": null,
    "addrDetail": "佛山市禅城区季华五路28号",
    "currExchangeRateType": {
      "id": 2000001
    },
    "slsDcId": {
      "id": 2001001
    },
    "btClass": "ASS",
    "effectiveAt": null,
    "slsPerson": {
      "id": 14123089
    },
    "reCalculate": null,
    "invOrg": null,
    "invLoc": null,
    "priceCalcDate": 1744965199000,
    "deliveryInterceptFail": null,
    "externalBuyerId": null,
    "addrId": {
      "id": 70002638
    },
    "totalAmt": 6.0,
    "discountAmt": -3.0,
    "discountInfo": "订单总金额: 6.00\n\n优先级: 20\n活动名称: hxy回归测试\n是否为排他性活动: 否\n优惠工具描述: 单品-折扣\n依赖优先级: \n参加活动的商品金额: 6.00*1=6.00\n优惠金额: 3.00\n\n",
    "platformDiscountAmt": null,
    "merchantDiscountAmt": null,
    "actualPaidAmt": null,
    "freightAmt": null,
    "buyerRemark": null,
    "sellerRemark": null,
    "id": 16375004,
    "createdBy": {
      "id": 540175374525637,
      "username": "zhangang",
      "email": "z**********@163.com",
      "mobile": "173****6912",
      "nickname": "章昂",
      "status": true,
      "avatar": "https://terminus-new-trantor.oss-cn-hangzhou.aliyuncs.com/iam/user/avatar/540175374525637/2025-03-10_14_44_32_7dbc5543-0152-4a67-9901-b7da94c6ba4f_%E5%A4%8D%E6%B4%BB%E5%B2%9B%E5%B7%A8%E4%BA%BA%E5%83%8F.png"
    },
    "updatedBy": {
      "id": 540175374525637,
      "username": "zhangang",
      "email": "z**********@163.com",
      "mobile": "173****6912",
      "nickname": "章昂",
      "status": true,
      "avatar": "https://terminus-new-trantor.oss-cn-hangzhou.aliyuncs.com/iam/user/avatar/540175374525637/2025-03-10_14_44_32_7dbc5543-0152-4a67-9901-b7da94c6ba4f_%E5%A4%8D%E6%B4%BB%E5%B2%9B%E5%B7%A8%E4%BA%BA%E5%83%8F.png"
    },
    "createdAt": 1744967922000,
    "updatedAt": 1744968100000,
    "version": 7,
    "deleted": 0,
    "originOrgId": 14373001,
    "slsPartnerLinks": [
      {
        "soId": {
          "id": 16375004
        },
        "id": 16219004
      }
    ],
    "soItems": [
      {
        "soId": {
          "id": 16375004
        },
        "id": 16297004
      }
    ]
  },
  {
    "soCode": "SO002031",
    "soDocDate": 1744967874000,
    "soExtCode": null,
    "baseCurrId": {
      "id": 2000001
    },
    "slsCurrId": {
      "id": 2000001
    },
    "exchRate": 1.0,
    "grossBaseAmt": 3.0,
    "netBaseAmt": 2.654867,
    "taxAmt": 0.345133,
    "soCreateSource": "TERP门户",
    "slsOrgId": {
      "id": 14139002
    },
    "slsTmId": null,
    "soTypeId": {
      "id": 14006001
    },
    "custId": {
      "id": 2059001
    },
    "custPersonName": "李月汝",
    "custPhone": "18378999655",
    "slsPersonName": "侯新雨",
    "slsPhone": "15825540081",
    "soStatus": "CANCELLED",
    "approveStatus": null,
    "soTitle": null,
    "soDesc": null,
    "soNotes": "234",
    "isFixedExchRate": false,
    "slsComId": {
      "id": 14139001
    },
    "priceIdempotent": "d070d6598fb052a137527481e4fb9ac0",
    "freezeType": "NU_FREEZE",
    "soAssociationCode": null,
    "soBusinessStatus": "INIT",
    "bizRuleGroup": null,
    "addrDetail": "佛山市禅城区季华五路28号",
    "currExchangeRateType": {
      "id": 2000001
    },
    "slsDcId": {
      "id": 2001001
    },
    "btClass": "ASS",
    "effectiveAt": null,
    "slsPerson": {
      "id": 14123089
    },
    "reCalculate": null,
    "invOrg": null,
    "invLoc": null,
    "priceCalcDate": 1744965199000,
    "deliveryInterceptFail": null,
    "externalBuyerId": null,
    "addrId": {
      "id": 70002638
    },
    "totalAmt": 6.0,
    "discountAmt": -3.0,
    "discountInfo": "订单总金额: 6.00\n\n优先级: 20\n活动名称: hxy回归测试\n是否为排他性活动: 否\n优惠工具描述: 单品-折扣\n依赖优先级: \n参加活动的商品金额: 6.00*1=6.00\n优惠金额: 3.00\n\n",
    "platformDiscountAmt": null,
    "merchantDiscountAmt": null,
    "actualPaidAmt": null,
    "freightAmt": null,
    "buyerRemark": null,
    "sellerRemark": null,
    "id": 16375003,
    "createdBy": {
      "id": 540175374525637,
      "username": "zhangang",
      "email": "z**********@163.com",
      "mobile": "173****6912",
      "nickname": "章昂",
      "status": true,
      "avatar": "https://terminus-new-trantor.oss-cn-hangzhou.aliyuncs.com/iam/user/avatar/540175374525637/2025-03-10_14_44_32_7dbc5543-0152-4a67-9901-b7da94c6ba4f_%E5%A4%8D%E6%B4%BB%E5%B2%9B%E5%B7%A8%E4%BA%BA%E5%83%8F.png"
    },
    "updatedBy": {
      "id": 540175374525637,
      "username": "zhangang",
      "email": "z**********@163.com",
      "mobile": "173****6912",
      "nickname": "章昂",
      "status": true,
      "avatar": "https://terminus-new-trantor.oss-cn-hangzhou.aliyuncs.com/iam/user/avatar/540175374525637/2025-03-10_14_44_32_7dbc5543-0152-4a67-9901-b7da94c6ba4f_%E5%A4%8D%E6%B4%BB%E5%B2%9B%E5%B7%A8%E4%BA%BA%E5%83%8F.png"
    },
    "createdAt": 1744967874000,
    "updatedAt": 1744967920000,
    "version": 7,
    "deleted": 0,
    "originOrgId": 14373001,
    "slsPartnerLinks": [
      {
        "soId": {
          "id": 16375003
        },
        "id": 16219003
      }
    ],
    "soItems": [
      {
        "soId": {
          "id": 16375003
        },
        "id": 16297003
      }
    ]
  },
  {
    "soCode": "SO002029",
    "soDocDate": 1744967678000,
    "soExtCode": null,
    "baseCurrId": {
      "id": 2000001
    },
    "slsCurrId": {
      "id": 2000001
    },
    "exchRate": 1.0,
    "grossBaseAmt": 3.0,
    "netBaseAmt": 2.654867,
    "taxAmt": 0.345133,
    "soCreateSource": "TERP门户",
    "slsOrgId": {
      "id": 14139002
    },
    "slsTmId": null,
    "soTypeId": {
      "id": 14006001
    },
    "custId": {
      "id": 2059001
    },
    "custPersonName": "李月汝",
    "custPhone": "18378999655",
    "slsPersonName": "侯新雨",
    "slsPhone": "15825540081",
    "soStatus": "CANCELLED",
    "approveStatus": null,
    "soTitle": null,
    "soDesc": null,
    "soNotes": "234",
    "isFixedExchRate": false,
    "slsComId": {
      "id": 14139001
    },
    "priceIdempotent": "18f6feffdceafb79df40b2250c7deb03",
    "freezeType": "NU_FREEZE",
    "soAssociationCode": null,
    "soBusinessStatus": "INIT",
    "bizRuleGroup": null,
    "addrDetail": "佛山市禅城区季华五路28号",
    "currExchangeRateType": {
      "id": 2000001
    },
    "slsDcId": {
      "id": 2001001
    },
    "btClass": "ASS",
    "effectiveAt": null,
    "slsPerson": {
      "id": 14123089
    },
    "reCalculate": null,
    "invOrg": null,
    "invLoc": null,
    "priceCalcDate": 1744965199000,
    "deliveryInterceptFail": null,
    "externalBuyerId": null,
    "addrId": {
      "id": 70002638
    },
    "totalAmt": 6.0,
    "discountAmt": -3.0,
    "discountInfo": "订单总金额: 6.00\n\n优先级: 20\n活动名称: hxy回归测试\n是否为排他性活动: 否\n优惠工具描述: 单品-折扣\n依赖优先级: \n参加活动的商品金额: 6.00*1=6.00\n优惠金额: 3.00\n\n",
    "platformDiscountAmt": null,
    "merchantDiscountAmt": null,
    "actualPaidAmt": null,
    "freightAmt": null,
    "buyerRemark": null,
    "sellerRemark": null,
    "id": 16375002,
    "createdBy": {
      "id": 540175374525637,
      "username": "zhangang",
      "email": "z**********@163.com",
      "mobile": "173****6912",
      "nickname": "章昂",
      "status": true,
      "avatar": "https://terminus-new-trantor.oss-cn-hangzhou.aliyuncs.com/iam/user/avatar/540175374525637/2025-03-10_14_44_32_7dbc5543-0152-4a67-9901-b7da94c6ba4f_%E5%A4%8D%E6%B4%BB%E5%B2%9B%E5%B7%A8%E4%BA%BA%E5%83%8F.png"
    },
    "updatedBy": {
      "id": 540175374525637,
      "username": "zhangang",
      "email": "z**********@163.com",
      "mobile": "173****6912",
      "nickname": "章昂",
      "status": true,
      "avatar": "https://terminus-new-trantor.oss-cn-hangzhou.aliyuncs.com/iam/user/avatar/540175374525637/2025-03-10_14_44_32_7dbc5543-0152-4a67-9901-b7da94c6ba4f_%E5%A4%8D%E6%B4%BB%E5%B2%9B%E5%B7%A8%E4%BA%BA%E5%83%8F.png"
    },
    "createdAt": 1744967678000,
    "updatedAt": 1744967872000,
    "version": 6,
    "deleted": 0,
    "originOrgId": 14373001,
    "slsPartnerLinks": [
      {
        "soId": {
          "id": 16375002
        },
        "id": 16219002
      }
    ],
    "soItems": [
      {
        "soId": {
          "id": 16375002
        },
        "id": 16297002
      }
    ]
  },
  {
    "soCode": "SO002028",
    "soDocDate": 1744967612000,
    "soExtCode": null,
    "baseCurrId": {
      "id": 2000001
    },
    "slsCurrId": {
      "id": 2000001
    },
    "exchRate": 1.0,
    "grossBaseAmt": 3.0,
    "netBaseAmt": 2.654867,
    "taxAmt": 0.345133,
    "soCreateSource": "TERP门户",
    "slsOrgId": {
      "id": 14139002
    },
    "slsTmId": null,
    "soTypeId": {
      "id": 14006001
    },
    "custId": {
      "id": 2059001
    },
    "custPersonName": "李月汝",
    "custPhone": "18378999655",
    "slsPersonName": "侯新雨",
    "slsPhone": "15825540081",
    "soStatus": "CANCELLED",
    "approveStatus": null,
    "soTitle": null,
    "soDesc": null,
    "soNotes": "234",
    "isFixedExchRate": false,
    "slsComId": {
      "id": 14139001
    },
    "priceIdempotent": "261dc671be972ec5f43ba0ecbca173f9",
    "freezeType": "ALL_FREEZE",
    "soAssociationCode": null,
    "soBusinessStatus": "INIT",
    "bizRuleGroup": null,
    "addrDetail": "佛山市禅城区季华五路28号",
    "currExchangeRateType": {
      "id": 2000001
    },
    "slsDcId": {
      "id": 2001001
    },
    "btClass": "ASS",
    "effectiveAt": null,
    "slsPerson": {
      "id": 14123089
    },
    "reCalculate": null,
    "invOrg": null,
    "invLoc": null,
    "priceCalcDate": 1744965199000,
    "deliveryInterceptFail": null,
    "externalBuyerId": null,
    "addrId": {
      "id": 70002638
    },
    "totalAmt": 6.0,
    "discountAmt": -3.0,
    "discountInfo": "订单总金额: 6.00\n\n优先级: 20\n活动名称: hxy回归测试\n是否为排他性活动: 否\n优惠工具描述: 单品-折扣\n依赖优先级: \n参加活动的商品金额: 6.00*1=6.00\n优惠金额: 3.00\n\n",
    "platformDiscountAmt": null,
    "merchantDiscountAmt": null,
    "actualPaidAmt": null,
    "freightAmt": null,
    "buyerRemark": null,
    "sellerRemark": null,
    "id": 16375001,
    "createdBy": {
      "id": 540175374525637,
      "username": "zhangang",
      "email": "z**********@163.com",
      "mobile": "173****6912",
      "nickname": "章昂",
      "status": true,
      "avatar": "https://terminus-new-trantor.oss-cn-hangzhou.aliyuncs.com/iam/user/avatar/540175374525637/2025-03-10_14_44_32_7dbc5543-0152-4a67-9901-b7da94c6ba4f_%E5%A4%8D%E6%B4%BB%E5%B2%9B%E5%B7%A8%E4%BA%BA%E5%83%8F.png"
    },
    "updatedBy": {
      "id": 540175374525637,
      "username": "zhangang",
      "email": "z**********@163.com",
      "mobile": "173****6912",
      "nickname": "章昂",
      "status": true,
      "avatar": "https://terminus-new-trantor.oss-cn-hangzhou.aliyuncs.com/iam/user/avatar/540175374525637/2025-03-10_14_44_32_7dbc5543-0152-4a67-9901-b7da94c6ba4f_%E5%A4%8D%E6%B4%BB%E5%B2%9B%E5%B7%A8%E4%BA%BA%E5%83%8F.png"
    },
    "createdAt": 1744967612000,
    "updatedAt": 1744968253000,
    "version": 6,
    "deleted": 0,
    "originOrgId": 14373001,
    "slsPartnerLinks": [
      {
        "soId": {
          "id": 16375001
        },
        "id": 16219001
      }
    ],
    "soItems": [
      {
        "soId": {
          "id": 16375001
        },
        "id": 16297001
      }
    ]
  },
  {
    "soCode": "SO001942",
    "soDocDate": 1744905600000,
    "soExtCode": null,
    "baseCurrId": {
      "id": 2000001
    },
    "slsCurrId": {
      "id": 2000001
    },
    "exchRate": 1.0,
    "grossBaseAmt": 862136.0,
    "netBaseAmt": 762952.212389,
    "taxAmt": 99183.787611,
    "soCreateSource": "TERP门户",
    "slsOrgId": {
      "id": 14579001
    },
    "slsTmId": null,
    "soTypeId": {
      "id": 2101001
    },
    "custId": {
      "id": 2059001
    },
    "custPersonName": "李月汝",
    "custPhone": "18378999655",
    "slsPersonName": "章昂",
    "slsPhone": "17376596912",
    "soStatus": "CANCELLED",
    "approveStatus": null,
    "soTitle": null,
    "soDesc": null,
    "soNotes": null,
    "isFixedExchRate": false,
    "slsComId": {
      "id": 14373001
    },
    "priceIdempotent": "7ce8bb24df34d8923e9436f5b1e2eea7",
    "freezeType": "NU_FREEZE",
    "soAssociationCode": null,
    "soBusinessStatus": "INIT",
    "bizRuleGroup": null,
    "addrDetail": "佛山市禅城区季华五路28号",
    "currExchangeRateType": {
      "id": 2000001
    },
    "slsDcId": {
      "id": 14378001
    },
    "btClass": "SALES",
    "effectiveAt": null,
    "slsPerson": {
      "id": 14094003
    },
    "reCalculate": null,
    "invOrg": null,
    "invLoc": null,
    "priceCalcDate": 1744955778000,
    "deliveryInterceptFail": null,
    "externalBuyerId": null,
    "addrId": {
      "id": 70002638
    },
    "totalAmt": 862136.0,
    "discountAmt": 0.0,
    "discountInfo": "",
    "platformDiscountAmt": null,
    "merchantDiscountAmt": null,
    "actualPaidAmt": null,
    "freightAmt": null,
    "buyerRemark": null,
    "sellerRemark": null,
    "id": 16373016,
    "createdBy": {
      "id": 540175374525637,
      "username": "zhangang",
      "email": "z**********@163.com",
      "mobile": "173****6912",
      "nickname": "章昂",
      "status": true,
      "avatar": "https://terminus-new-trantor.oss-cn-hangzhou.aliyuncs.com/iam/user/avatar/540175374525637/2025-03-10_14_44_32_7dbc5543-0152-4a67-9901-b7da94c6ba4f_%E5%A4%8D%E6%B4%BB%E5%B2%9B%E5%B7%A8%E4%BA%BA%E5%83%8F.png"
    },
    "updatedBy": {
      "id": 540175374525637,
      "username": "zhangang",
      "email": "z**********@163.com",
      "mobile": "173****6912",
      "nickname": "章昂",
      "status": true,
      "avatar": "https://terminus-new-trantor.oss-cn-hangzhou.aliyuncs.com/iam/user/avatar/540175374525637/2025-03-10_14_44_32_7dbc5543-0152-4a67-9901-b7da94c6ba4f_%E5%A4%8D%E6%B4%BB%E5%B2%9B%E5%B7%A8%E4%BA%BA%E5%83%8F.png"
    },
    "createdAt": 1744955779000,
    "updatedAt": 1744965449000,
    "version": 4,
    "deleted": 0,
    "originOrgId": 0,
    "soItems": [
      {
        "soId": {
          "id": 16373016
        },
        "id": 16295019
      }
    ]
  },
  {
    "soCode": "SO001759",
    "soDocDate": 1744819200000,
    "soExtCode": null,
    "baseCurrId": {
      "id": 2000001
    },
    "slsCurrId": {
      "id": 2000001
    },
    "exchRate": 1.0,
    "grossBaseAmt": 8888.0,
    "netBaseAmt": 7865.486726,
    "taxAmt": 1022.513274,
    "soCreateSource": "TERP门户",
    "slsOrgId": {
      "id": 14579001
    },
    "slsTmId": null,
    "soTypeId": {
      "id": 2101001
    },
    "custId": {
      "id": 2059001
    },
    "custPersonName": "李月汝",
    "custPhone": "18378999655",
    "slsPersonName": "章昂",
    "slsPhone": "17376596912",
    "soStatus": "CANCELLED",
    "approveStatus": null,
    "soTitle": null,
    "soDesc": null,
    "soNotes": null,
    "isFixedExchRate": false,
    "slsComId": {
      "id": 14373001
    },
    "priceIdempotent": "5e558bd95df65a321eb7e1626a833fbe",
    "freezeType": "NU_FREEZE",
    "soAssociationCode": null,
    "soBusinessStatus": "INIT",
    "bizRuleGroup": null,
    "addrDetail": "佛山市禅城区季华五路28号",
    "currExchangeRateType": {
      "id": 2000001
    },
    "slsDcId": {
      "id": 14378001
    },
    "btClass": "SALES",
    "effectiveAt": null,
    "slsPerson": {
      "id": 14094003
    },
    "reCalculate": null,
    "invOrg": null,
    "invLoc": null,
    "priceCalcDate": 1744861542000,
    "deliveryInterceptFail": null,
    "externalBuyerId": null,
    "addrId": {
      "id": 70002638
    },
    "totalAmt": 8888.0,
    "discountAmt": null,
    "discountInfo": null,
    "platformDiscountAmt": null,
    "merchantDiscountAmt": null,
    "actualPaidAmt": null,
    "freightAmt": null,
    "buyerRemark": null,
    "sellerRemark": null,
    "id": 16368094,
    "createdBy": {
      "id": 540175374525637,
      "username": "zhangang",
      "email": "z**********@163.com",
      "mobile": "173****6912",
      "nickname": "章昂",
      "status": true,
      "avatar": "https://terminus-new-trantor.oss-cn-hangzhou.aliyuncs.com/iam/user/avatar/540175374525637/2025-03-10_14_44_32_7dbc5543-0152-4a67-9901-b7da94c6ba4f_%E5%A4%8D%E6%B4%BB%E5%B2%9B%E5%B7%A8%E4%BA%BA%E5%83%8F.png"
    },
    "updatedBy": {
      "id": 540175374525637,
      "username": "zhangang",
      "email": "z**********@163.com",
      "mobile": "173****6912",
      "nickname": "章昂",
      "status": true,
      "avatar": "https://terminus-new-trantor.oss-cn-hangzhou.aliyuncs.com/iam/user/avatar/540175374525637/2025-03-10_14_44_32_7dbc5543-0152-4a67-9901-b7da94c6ba4f_%E5%A4%8D%E6%B4%BB%E5%B2%9B%E5%B7%A8%E4%BA%BA%E5%83%8F.png"
    },
    "createdAt": 1744861542000,
    "updatedAt": 1744861914000,
    "version": 4,
    "deleted": 0,
    "originOrgId": 0,
    "soItems": [
      {
        "soId": {
          "id": 16368094
        },
        "id": 16290101
      }
    ]
  },
  {
    "soCode": "SO001757",
    "soDocDate": 1744819200000,
    "soExtCode": null,
    "baseCurrId": {
      "id": 2000001
    },
    "slsCurrId": {
      "id": 2000001
    },
    "exchRate": 1.0,
    "grossBaseAmt": 8888.0,
    "netBaseAmt": 7865.486726,
    "taxAmt": 1022.513274,
    "soCreateSource": "TERP门户",
    "slsOrgId": {
      "id": 14579001
    },
    "slsTmId": null,
    "soTypeId": {
      "id": 2101001
    },
    "custId": {
      "id": 2059001
    },
    "custPersonName": "李月汝",
    "custPhone": "18378999655",
    "slsPersonName": "章昂",
    "slsPhone": "17376596912",
    "soStatus": "CANCELLED",
    "approveStatus": null,
    "soTitle": null,
    "soDesc": null,
    "soNotes": null,
    "isFixedExchRate": false,
    "slsComId": {
      "id": 14373001
    },
    "priceIdempotent": "133bbff456a5a6c5d1ce95ec5dc1ca56",
    "freezeType": "NU_FREEZE",
    "soAssociationCode": null,
    "soBusinessStatus": "INIT",
    "bizRuleGroup": null,
    "addrDetail": "佛山市禅城区季华五路28号",
    "currExchangeRateType": {
      "id": 2000001
    },
    "slsDcId": {
      "id": 14378001
    },
    "btClass": "SALES",
    "effectiveAt": null,
    "slsPerson": {
      "id": 14094003
    },
    "reCalculate": null,
    "invOrg": null,
    "invLoc": null,
    "priceCalcDate": 1744861541000,
    "deliveryInterceptFail": null,
    "externalBuyerId": null,
    "addrId": {
      "id": 70002638
    },
    "totalAmt": 8888.0,
    "discountAmt": null,
    "discountInfo": null,
    "platformDiscountAmt": null,
    "merchantDiscountAmt": null,
    "actualPaidAmt": null,
    "freightAmt": null,
    "buyerRemark": null,
    "sellerRemark": null,
    "id": 16368093,
    "createdBy": {
      "id": 540175374525637,
      "username": "zhangang",
      "email": "z**********@163.com",
      "mobile": "173****6912",
      "nickname": "章昂",
      "status": true,
      "avatar": "https://terminus-new-trantor.oss-cn-hangzhou.aliyuncs.com/iam/user/avatar/540175374525637/2025-03-10_14_44_32_7dbc5543-0152-4a67-9901-b7da94c6ba4f_%E5%A4%8D%E6%B4%BB%E5%B2%9B%E5%B7%A8%E4%BA%BA%E5%83%8F.png"
    },
    "updatedBy": {
      "id": 540175374525637,
      "username": "zhangang",
      "email": "z**********@163.com",
      "mobile": "173****6912",
      "nickname": "章昂",
      "status": true,
      "avatar": "https://terminus-new-trantor.oss-cn-hangzhou.aliyuncs.com/iam/user/avatar/540175374525637/2025-03-10_14_44_32_7dbc5543-0152-4a67-9901-b7da94c6ba4f_%E5%A4%8D%E6%B4%BB%E5%B2%9B%E5%B7%A8%E4%BA%BA%E5%83%8F.png"
    },
    "createdAt": 1744861541000,
    "updatedAt": 1744861920000,
    "version": 4,
    "deleted": 0,
    "originOrgId": 0,
    "soItems": [
      {
        "soId": {
          "id": 16368093
        },
        "id": 16290100
      }
    ]
  },
  {
    "soCode": "SO001752",
    "soDocDate": 1744819200000,
    "soExtCode": null,
    "baseCurrId": {
      "id": 2000001
    },
    "slsCurrId": {
      "id": 2000001
    },
    "exchRate": 1.0,
    "grossBaseAmt": 8888.0,
    "netBaseAmt": 7865.486726,
    "taxAmt": 1022.513274,
    "soCreateSource": "TERP门户",
    "slsOrgId": {
      "id": 14579001
    },
    "slsTmId": null,
    "soTypeId": {
      "id": 2101001
    },
    "custId": {
      "id": 2059001
    },
    "custPersonName": "李月汝",
    "custPhone": "18378999655",
    "slsPersonName": "章昂",
    "slsPhone": "17376596912",
    "soStatus": "CANCELLED",
    "approveStatus": null,
    "soTitle": null,
    "soDesc": null,
    "soNotes": null,
    "isFixedExchRate": false,
    "slsComId": {
      "id": 14373001
    },
    "priceIdempotent": "cd6073041046abab1fdff0d412a809f0",
    "freezeType": "NU_FREEZE",
    "soAssociationCode": null,
    "soBusinessStatus": "INIT",
    "bizRuleGroup": null,
    "addrDetail": "佛山市禅城区季华五路28号",
    "currExchangeRateType": {
      "id": 2000001
    },
    "slsDcId": {
      "id": 14378001
    },
    "btClass": "SALES",
    "effectiveAt": null,
    "slsPerson": {
      "id": 14094003
    },
    "reCalculate": null,
    "invOrg": null,
    "invLoc": null,
    "priceCalcDate": 1744861353000,
    "deliveryInterceptFail": null,
    "externalBuyerId": null,
    "addrId": {
      "id": 70002638
    },
    "totalAmt": 8888.0,
    "discountAmt": null,
    "discountInfo": null,
    "platformDiscountAmt": null,
    "merchantDiscountAmt": null,
    "actualPaidAmt": null,
    "freightAmt": null,
    "buyerRemark": null,
    "sellerRemark": null,
    "id": 16368091,
    "createdBy": {
      "id": 540175374525637,
      "username": "zhangang",
      "email": "z**********@163.com",
      "mobile": "173****6912",
      "nickname": "章昂",
      "status": true,
      "avatar": "https://terminus-new-trantor.oss-cn-hangzhou.aliyuncs.com/iam/user/avatar/540175374525637/2025-03-10_14_44_32_7dbc5543-0152-4a67-9901-b7da94c6ba4f_%E5%A4%8D%E6%B4%BB%E5%B2%9B%E5%B7%A8%E4%BA%BA%E5%83%8F.png"
    },
    "updatedBy": {
      "id": 540175374525637,
      "username": "zhangang",
      "email": "z**********@163.com",
      "mobile": "173****6912",
      "nickname": "章昂",
      "status": true,
      "avatar": "https://terminus-new-trantor.oss-cn-hangzhou.aliyuncs.com/iam/user/avatar/540175374525637/2025-03-10_14_44_32_7dbc5543-0152-4a67-9901-b7da94c6ba4f_%E5%A4%8D%E6%B4%BB%E5%B2%9B%E5%B7%A8%E4%BA%BA%E5%83%8F.png"
    },
    "createdAt": 1744861353000,
    "updatedAt": 1744861926000,
    "version": 4,
    "deleted": 0,
    "originOrgId": 0,
    "soItems": [
      {
        "soId": {
          "id": 16368091
        },
        "id": 16290098
      }
    ]
  },
  {
    "soCode": "SO001750",
    "soDocDate": 1744819200000,
    "soExtCode": null,
    "baseCurrId": {
      "id": 2000001
    },
    "slsCurrId": {
      "id": 2000001
    },
    "exchRate": 1.0,
    "grossBaseAmt": 8888.0,
    "netBaseAmt": 7865.486726,
    "taxAmt": 1022.513274,
    "soCreateSource": "TERP门户",
    "slsOrgId": {
      "id": 14579001
    },
    "slsTmId": null,
    "soTypeId": {
      "id": 2101001
    },
    "custId": {
      "id": 2059001
    },
    "custPersonName": "李月汝",
    "custPhone": "18378999655",
    "slsPersonName": "章昂",
    "slsPhone": "17376596912",
    "soStatus": "CANCELLED",
    "approveStatus": null,
    "soTitle": null,
    "soDesc": null,
    "soNotes": null,
    "isFixedExchRate": false,
    "slsComId": {
      "id": 14373001
    },
    "priceIdempotent": "d7f033247fe649fd0ebd889445a68293",
    "freezeType": "NU_FREEZE",
    "soAssociationCode": null,
    "soBusinessStatus": "INIT",
    "bizRuleGroup": null,
    "addrDetail": "佛山市禅城区季华五路28号",
    "currExchangeRateType": {
      "id": 2000001
    },
    "slsDcId": {
      "id": 14378001
    },
    "btClass": "SALES",
    "effectiveAt": null,
    "slsPerson": {
      "id": 14094003
    },
    "reCalculate": null,
    "invOrg": null,
    "invLoc": null,
    "priceCalcDate": 1744861352000,
    "deliveryInterceptFail": null,
    "externalBuyerId": null,
    "addrId": {
      "id": 70002638
    },
    "totalAmt": 8888.0,
    "discountAmt": null,
    "discountInfo": null,
    "platformDiscountAmt": null,
    "merchantDiscountAmt": null,
    "actualPaidAmt": null,
    "freightAmt": null,
    "buyerRemark": null,
    "sellerRemark": null,
    "id": 16368090,
    "createdBy": {
      "id": 540175374525637,
      "username": "zhangang",
      "email": "z**********@163.com",
      "mobile": "173****6912",
      "nickname": "章昂",
      "status": true,
      "avatar": "https://terminus-new-trantor.oss-cn-hangzhou.aliyuncs.com/iam/user/avatar/540175374525637/2025-03-10_14_44_32_7dbc5543-0152-4a67-9901-b7da94c6ba4f_%E5%A4%8D%E6%B4%BB%E5%B2%9B%E5%B7%A8%E4%BA%BA%E5%83%8F.png"
    },
    "updatedBy": {
      "id": 540175374525637,
      "username": "zhangang",
      "email": "z**********@163.com",
      "mobile": "173****6912",
      "nickname": "章昂",
      "status": true,
      "avatar": "https://terminus-new-trantor.oss-cn-hangzhou.aliyuncs.com/iam/user/avatar/540175374525637/2025-03-10_14_44_32_7dbc5543-0152-4a67-9901-b7da94c6ba4f_%E5%A4%8D%E6%B4%BB%E5%B2%9B%E5%B7%A8%E4%BA%BA%E5%83%8F.png"
    },
    "createdAt": 1744861352000,
    "updatedAt": 1744861931000,
    "version": 4,
    "deleted": 0,
    "originOrgId": 0,
    "soItems": [
      {
        "soId": {
          "id": 16368090
        },
        "id": 16290097
      }
    ]
  },
  {
    "soCode": "SO001236",
    "soDocDate": 1744560000000,
    "soExtCode": null,
    "baseCurrId": {
      "id": 2000001
    },
    "slsCurrId": {
      "id": 2000001
    },
    "exchRate": 1.0,
    "grossBaseAmt": 8888.0,
    "netBaseAmt": 7865.486726,
    "taxAmt": 1022.513274,
    "soCreateSource": "TERP门户",
    "slsOrgId": {
      "id": 14579001
    },
    "slsTmId": null,
    "soTypeId": {
      "id": 2101001
    },
    "custId": {
      "id": 2116001
    },
    "custPersonName": "章昂",
    "custPhone": "17376596912",
    "slsPersonName": "章昂",
    "slsPhone": "17376596912",
    "soStatus": "CANCELLED",
    "approveStatus": null,
    "soTitle": null,
    "soDesc": null,
    "soNotes": null,
    "isFixedExchRate": false,
    "slsComId": {
      "id": 14507001
    },
    "priceIdempotent": "c2b727675b5a1c9ad543d9bbf376a848",
    "freezeType": "NU_FREEZE",
    "soAssociationCode": null,
    "soBusinessStatus": "INIT",
    "bizRuleGroup": null,
    "addrDetail": "北京市朝阳区望京街道启阳路123号",
    "currExchangeRateType": {
      "id": 2000001
    },
    "slsDcId": {
      "id": 14378001
    },
    "btClass": "SALES",
    "effectiveAt": null,
    "slsPerson": {
      "id": 14094003
    },
    "reCalculate": null,
    "invOrg": null,
    "invLoc": null,
    "priceCalcDate": 1744596084000,
    "deliveryInterceptFail": null,
    "externalBuyerId": null,
    "addrId": {
      "id": 70035593
    },
    "totalAmt": 8888.0,
    "discountAmt": null,
    "discountInfo": null,
    "platformDiscountAmt": null,
    "merchantDiscountAmt": null,
    "actualPaidAmt": null,
    "freightAmt": null,
    "buyerRemark": null,
    "sellerRemark": null,
    "id": 16365003,
    "createdBy": {
      "id": 540175374525637,
      "username": "zhangang",
      "email": "z**********@163.com",
      "mobile": "173****6912",
      "nickname": "章昂",
      "status": true,
      "avatar": "https://terminus-new-trantor.oss-cn-hangzhou.aliyuncs.com/iam/user/avatar/540175374525637/2025-03-10_14_44_32_7dbc5543-0152-4a67-9901-b7da94c6ba4f_%E5%A4%8D%E6%B4%BB%E5%B2%9B%E5%B7%A8%E4%BA%BA%E5%83%8F.png"
    },
    "updatedBy": {
      "id": 540175374525637,
      "username": "zhangang",
      "email": "z**********@163.com",
      "mobile": "173****6912",
      "nickname": "章昂",
      "status": true,
      "avatar": "https://terminus-new-trantor.oss-cn-hangzhou.aliyuncs.com/iam/user/avatar/540175374525637/2025-03-10_14_44_32_7dbc5543-0152-4a67-9901-b7da94c6ba4f_%E5%A4%8D%E6%B4%BB%E5%B2%9B%E5%B7%A8%E4%BA%BA%E5%83%8F.png"
    },
    "createdAt": 1744598231000,
    "updatedAt": 1744598283000,
    "version": 6,
    "deleted": 0,
    "originOrgId": 0,
    "slsPartnerLinks": [
      {
        "soId": {
          "id": 16365003
        },
        "id": 16209005
      }
    ],
    "soItems": [
      {
        "soId": {
          "id": 16365003
        },
        "id": 16287010
      }
    ]
  },
  {
    "soCode": "SO20240918100000",
    "soDocDate": 1726588800000,
    "soExtCode": null,
    "baseCurrId": {
      "id": 2000001
    },
    "slsCurrId": {
      "id": 2000001
    },
    "exchRate": 1.0,
    "grossBaseAmt": 123000.0,
    "netBaseAmt": 108849.557522,
    "taxAmt": 14150.442478,
    "soCreateSource": "TERP门户",
    "slsOrgId": {
      "id": 14377001
    },
    "slsTmId": null,
    "soTypeId": {
      "id": 2101001
    },
    "custId": {
      "id": 2059001
    },
    "custPersonName": "封四",
    "custPhone": "18358106205",
    "slsPersonName": "章昂",
    "slsPhone": "17376596912",
    "soStatus": "CANCELLED",
    "approveStatus": null,
    "soTitle": null,
    "soDesc": null,
    "soNotes": null,
    "isFixedExchRate": false,
    "slsComId": {
      "id": 14507001
    },
    "priceIdempotent": "b81ee3f05da6d7cbb7a40d4110e9e263",
    "freezeType": "NU_FREEZE",
    "soAssociationCode": null,
    "soBusinessStatus": null,
    "bizRuleGroup": null,
    "addrDetail": null,
    "currExchangeRateType": {
      "id": 2000001
    },
    "slsDcId": {
      "id": 14378001
    },
    "btClass": "SALES",
    "effectiveAt": null,
    "slsPerson": {
      "id": 14094003
    },
    "reCalculate": null,
    "invOrg": {
      "id": 14375002
    },
    "invLoc": {
      "id": 14376002
    },
    "priceCalcDate": null,
    "deliveryInterceptFail": null,
    "externalBuyerId": null,
    "addrId": {
      "id": 125
    },
    "totalAmt": null,
    "discountAmt": null,
    "discountInfo": null,
    "platformDiscountAmt": null,
    "merchantDiscountAmt": null,
    "actualPaidAmt": null,
    "freightAmt": null,
    "buyerRemark": null,
    "sellerRemark": null,
    "id": 16319001,
    "createdBy": {
      "id": 540175374525637,
      "username": "zhangang",
      "email": "z**********@163.com",
      "mobile": "173****6912",
      "nickname": "章昂",
      "status": true,
      "avatar": "https://terminus-new-trantor.oss-cn-hangzhou.aliyuncs.com/iam/user/avatar/540175374525637/2025-03-10_14_44_32_7dbc5543-0152-4a67-9901-b7da94c6ba4f_%E5%A4%8D%E6%B4%BB%E5%B2%9B%E5%B7%A8%E4%BA%BA%E5%83%8F.png"
    },
    "updatedBy": {
      "id": 591883688897733,
      "username": "Anson",
      "email": null,
      "mobile": "151****2454",
      "nickname": null,
      "status": true,
      "avatar": null
    },
    "createdAt": 1726639187000,
    "updatedAt": 1726639807000,
    "version": 2,
    "deleted": 0,
    "originOrgId": 14507001,
    "slsPartnerLinks": [
      {
        "soId": {
          "id": 16319001
        },
        "id": 16159001
      }
    ],
    "soItems": [
      {
        "soId": {
          "id": 16319001
        },
        "id": 16241001
      }
    ]
  }
]
2025-04-21 11:09:24|test_02_orderlist_query.test_03_query_orders_by_status line:324| 
成功查询到 17 条状态为 CANCELLED 的订单数据
2025-04-21 11:09:24|base_test.setup_method line:116| 开始测试: test_04_query_orders_by_so_type
2025-04-21 11:09:24|test_02_orderlist_query.setup_method line:46| 使用类属性中的测试数据
2025-04-21 11:09:24|test_02_orderlist_query.setup_method line:60| 开始执行测试方法: test_04_query_orders_by_so_type
2025-04-21 11:09:24|test_02_orderlist_query.setup_method line:64| 初始化测试数据完成
2025-04-21 11:09:24|test_02_orderlist_query.test_04_query_orders_by_so_type line:389| 
准备发送请求...
2025-04-21 11:09:24|test_02_orderlist_query.test_04_query_orders_by_so_type line:390| 查询条件: 订单类型ID = 2101001
2025-04-21 11:09:24|base_test._make_request line:135| 发送请求: 按单据类型查询销售订单列表
2025-04-21 11:09:24|test_02_orderlist_query.test_04_query_orders_by_so_type line:419| 
成功查询到 20 条匹配的订单数据
2025-04-21 11:09:24|base_test.setup_method line:116| 开始测试: test_05_query_orders_by_customer
2025-04-21 11:09:24|test_02_orderlist_query.setup_method line:46| 使用类属性中的测试数据
2025-04-21 11:09:24|test_02_orderlist_query.setup_method line:60| 开始执行测试方法: test_05_query_orders_by_customer
2025-04-21 11:09:24|test_02_orderlist_query.setup_method line:64| 初始化测试数据完成
2025-04-21 11:09:24|test_02_orderlist_query.test_05_query_orders_by_customer line:484| 
准备发送请求...
2025-04-21 11:09:24|test_02_orderlist_query.test_05_query_orders_by_customer line:485| 查询条件: 客户ID = 2059001
2025-04-21 11:09:24|base_test._make_request line:135| 发送请求: 按客户查询销售订单列表
2025-04-21 11:09:24|test_02_orderlist_query.test_05_query_orders_by_customer line:514| 
成功查询到 20 条匹配的订单数据
2025-04-21 11:09:24|base_test.setup_method line:116| 开始测试: test_06_query_orders_by_ext_code
2025-04-21 11:09:24|test_02_orderlist_query.setup_method line:46| 使用类属性中的测试数据
2025-04-21 11:09:24|test_02_orderlist_query.setup_method line:60| 开始执行测试方法: test_06_query_orders_by_ext_code
2025-04-21 11:09:24|test_02_orderlist_query.setup_method line:64| 初始化测试数据完成
2025-04-21 11:09:24|test_02_orderlist_query.test_06_query_orders_by_ext_code line:571| 
准备发送请求...
2025-04-21 11:09:24|test_02_orderlist_query.test_06_query_orders_by_ext_code line:572| 查询条件: 外部单号包含 '123'
2025-04-21 11:09:24|base_test._make_request line:135| 发送请求: 按外部单号查询销售订单列表
2025-04-21 11:09:25|test_02_orderlist_query.test_06_query_orders_by_ext_code line:579| 
警告：未查询到匹配的订单数据
2025-04-21 11:09:25|MysqlUtil.__init__ line:42| 数据库管理器初始化完成，运行时模式: False
2025-04-21 11:09:25|MysqlUtil.__init__ line:42| 数据库管理器初始化完成，运行时模式: False
2025-04-21 11:09:25|LogUtil.info line:33| 内存缓存命中：使用缓存的SCM初始化数据
2025-04-21 11:09:25|base_test.setup_class line:49| 初始化数据: {'user_info': {'id': 540175374525637, 'username': 'zhangang', 'mobile': '17376596912', 'nickname': '章昂'}, 'base_info': {'user_info': {'id': 540175374525637, 'username': 'zhangang', 'mobile': '17376596912', 'nickname': '章昂'}, 'country_info': {'coun_id': 14037001, 'coun_code': 'CHINA', 'coun_name': '中国'}, 'currency_info': {'curr_id': 2000001, 'curr_code': 'CNY', 'curr_name': '人民币'}, 'language_info': {'language_id': 2000001, 'language_code': 'CHINESE', 'language_name': '中文'}, 'timezone_info': {'timezone_id': 2000001, 'timezone_code': 'UTC-8', 'timezone_desc': '东八区'}, 'exchange_rate_type_info': {'exchange_rate_type_id': 2000001, 'exchange_rate_type_code': 'HR', 'exchange_rate_type_name': '固定汇率'}, 'tax_type_info': {'tax_type_id': 2002001, 'tax_code': 'CN_PUR_01', 'tax': 13.0, 'taxcate': 'J'}, 'coun_tax_type_info': {'coun_tax_type_id': 2000001, 'tax_type_code': 'TAX_CN', 'tax_type_name': '中国税收类别'}, 'uom_info': {'uom_id': 2000001, 'uom_code': 'PC', 'uom_type': 'QTY', 'uom_desc': '个'}, 'bank_info': {'bank_id': 1000001, 'bank_code': 'HB', 'bank_name': '湖北银行', 'bank_mne_code': None}, 'work_calendar_info': {'wc_id': 2001004, 'wc_head_code': 'GZRL001', 'wc_head_name': '标准工作日历', 'enable_status': 'ENABLED'}, 'calendar_info': {'calendar_id': 14014001, 'calendar_code': '2024Y', 'calendar_name': '勿删勿改-标准会计期间', 'status': 'ENABLED'}, 'employee_info': {'id': 14082001, 'name': 'admin'}, 'sales_channel_info': {'id': 14378001, 'code': 'AUTOTEST_SLS_DC_ORG', 'name': '销售渠道(自动化)'}, 'so_type_info': {'id': 2101001, 'so_type_code': 'STND', 'so_type_name': '标准销售'}}, 'org_info': {'group_org_info': {'id': 14507001, 'org_code': 'AUTOTEST_GR_ORG', 'org_name': '集团(自动化)', 'org_status': 'ENABLED', 'org_dimension_code': 'SCM_ORG_GRP', 'org_business_type_code': None}, 'adm_org_info': {'id': 14432002, 'org_code': 'AUTOTEST_ADM_ORG', 'org_name': '行政组织(自动化)', 'org_status': 'ENABLED', 'org_dimension_code': 'ADM_ORG_GRP', 'org_business_type_codes': '["ADM_ORG"]'}, 'com_org_info': {'id': 14373001, 'org_code': 'AUTOTEST_COM_ORG', 'org_name': '公司组织(自动化)', 'org_status': 'ENABLED', 'org_dimension_code': 'SCM_ORG_GRP', 'org_business_type_code': 'COM_ORG'}, 'pur_org_info': {'id': 14376001, 'org_code': 'AUTOTEST_PUR_ORG', 'org_name': '采购组织(自动化)', 'org_status': 'ENABLED', 'org_dimension_code': 'SCM_ORG_GRP', 'org_business_type_code': 'PUR_ORG'}, 'inv_org_info': {'id': 14375002, 'org_code': 'AUTOTEST_INV_ORG', 'org_name': '库存组织(自动化)', 'org_status': 'ENABLED', 'org_dimension_code': 'SCM_ORG_GRP', 'org_business_type_code': 'INV_ORG'}, 'sls_org_info': {'id': 14377001, 'org_code': 'AUTOTEST_SLS_ORG', 'org_name': '销售组织(自动化)', 'org_status': 'ENABLED', 'org_dimension_code': 'SCM_ORG_GRP', 'org_business_type_code': 'SLS_ORG'}, 'dept_org_info': {'id': 14420004}, 'pln_org_info': {'id': 88884}}, 'partner_info': {'cust_tax_type_info': {'cust_tax_type_id': 2000001, 'tax_class_code': 'SMB', 'tax_class_desc': '小规模纳税人'}, 'vend_info': {'id': 2058001, 'code': 'AUTOTEST_VEND', 'name': '供应商(自动化)', 'status': 'ENABLED'}, 'cust_info': {'id': 2059001, 'code': 'AUTOTEST_CUST', 'name': '客户(自动化)', 'status': 'ENABLED'}}, 'material_info': {'mat_tax_type_info': {'mat_tax_type_id': 2001001, 'tax_class_code': 'NORM', 'tax_class_desc': '销售或者进口货物'}, 'inv_loc_info': {'id': 14376002, 'org_code': 'AUTOTEST_INV_LOC_ORG', 'org_name': '库存地点(自动化)', 'org_status': 'ENABLED', 'org_dimension_code': 'SCM_ORG_GRP', 'org_business_type_code': 'INV_LOC'}, 'atp_group_info': {'id': 2000001}, 'inv_type_info': {'id': 2000001, 'name': '非限制', 'code': '10'}}}
2025-04-21 11:09:25|LogUtil.info line:33| 测试类初始化完成
2025-04-21 11:09:25|base_test.setup_method line:116| 开始测试: test_01_query_orders
2025-04-21 11:09:25|test_03_delete.setup_method line:44| 初始化新的测试数据
2025-04-21 11:09:25|test_03_delete.setup_method line:48| 开始执行测试方法: test_01_query_orders
2025-04-21 11:09:25|test_03_delete.setup_method line:52| 初始化测试数据完成
2025-04-21 11:09:25|test_03_delete.test_01_query_orders line:191| 
准备发送请求...
2025-04-21 11:09:25|test_03_delete.test_01_query_orders line:192| 查询条件: 订单状态 = DRAFT, 创建人 = 540175374525637
2025-04-21 11:09:25|base_test._make_request line:135| 发送请求: 查询销售订单列表
2025-04-21 11:09:26|test_03_delete.test_01_query_orders line:213| 
提取的测试数据: {
  "so_id": 16377005,
  "so_code": "SO002091",
  "orders": [
    {
      "soCode": "SO002091",
      "soDocDate": 1745164800000,
      "soExtCode": null,
      "baseCurrId": {
        "id": 2000001
      },
      "slsCurrId": {
        "id": 2000001
      },
      "exchRate": 1.0,
      "grossBaseAmt": 275528.0,
      "netBaseAmt": 243830.088496,
      "taxAmt": 31697.911504,
      "soCreateSource": "TERP门户",
      "slsOrgId": {
        "id": 14579001
      },
      "slsTmId": null,
      "soTypeId": {
        "id": 2101001
      },
      "custId": {
        "id": 2059001
      },
      "custPersonName": "李月汝",
      "custPhone": "18378999655",
      "slsPersonName": "章昂",
      "slsPhone": "17376596912",
      "soStatus": "DRAFT",
      "approveStatus": null,
      "soTitle": null,
      "soDesc": null,
      "soNotes": null,
      "isFixedExchRate": false,
      "slsComId": {
        "id": 14373001
      },
      "priceIdempotent": "5bde42a651500f38fde11fbe19359702",
      "freezeType": "NU_FREEZE",
      "soAssociationCode": null,
      "soBusinessStatus": null,
      "bizRuleGroup": null,
      "addrDetail": "佛山市禅城区季华五路28号",
      "currExchangeRateType": {
        "id": 2000001
      },
      "slsDcId": {
        "id": 14378001
      },
      "btClass": "SALES",
      "effectiveAt": null,
      "slsPerson": {
        "id": 14094003
      },
      "reCalculate": null,
      "invOrg": null,
      "invLoc": null,
      "priceCalcDate": 1745204961000,
      "deliveryInterceptFail": null,
      "externalBuyerId": null,
      "addrId": {
        "id": 70002638
      },
      "totalAmt": 275528.0,
      "discountAmt": 0.0,
      "discountInfo": "",
      "platformDiscountAmt": null,
      "merchantDiscountAmt": null,
      "actualPaidAmt": null,
      "freightAmt": null,
      "buyerRemark": null,
      "sellerRemark": null,
      "id": 16377005,
      "createdBy": {
        "id": 540175374525637,
        "username": "zhangang",
        "email": "z**********@163.com",
        "mobile": "173****6912",
        "nickname": "章昂",
        "status": true,
        "avatar": "https://terminus-new-trantor.oss-cn-hangzhou.aliyuncs.com/iam/user/avatar/540175374525637/2025-03-10_14_44_32_7dbc5543-0152-4a67-9901-b7da94c6ba4f_%E5%A4%8D%E6%B4%BB%E5%B2%9B%E5%B7%A8%E4%BA%BA%E5%83%8F.png"
      },
      "updatedBy": {
        "id": 540175374525637,
        "username": "zhangang",
        "email": "z**********@163.com",
        "mobile": "173****6912",
        "nickname": "章昂",
        "status": true,
        "avatar": "https://terminus-new-trantor.oss-cn-hangzhou.aliyuncs.com/iam/user/avatar/540175374525637/2025-03-10_14_44_32_7dbc5543-0152-4a67-9901-b7da94c6ba4f_%E5%A4%8D%E6%B4%BB%E5%B2%9B%E5%B7%A8%E4%BA%BA%E5%83%8F.png"
      },
      "createdAt": 1745204961000,
      "updatedAt": 1745204961000,
      "version": 1,
      "deleted": 0,
      "originOrgId": 0,
      "soItems": [
        {
          "soId": {
            "id": 16377005
          },
          "id": 16299009
        }
      ]
    },
    {
      "soCode": "SO002052",
      "soDocDate": 1744970103000,
      "soExtCode": null,
      "baseCurrId": {
        "id": 2000001
      },
      "slsCurrId": {
        "id": 2000001
      },
      "exchRate": 1.0,
      "grossBaseAmt": 99.0,
      "netBaseAmt": 87.610619,
      "taxAmt": 11.389381,
      "soCreateSource": "TERP门户",
      "slsOrgId": {
        "id": 14139002
      },
      "slsTmId": null,
      "soTypeId": {
        "id": 2101001
      },
      "custId": {
        "id": 2059001
      },
      "custPersonName": "李月汝",
      "custPhone": "18378999655",
      "slsPersonName": "侯新雨",
      "slsPhone": "15825540081",
      "soStatus": "DRAFT",
      "approveStatus": null,
      "soTitle": null,
      "soDesc": null,
      "soNotes": null,
      "isFixedExchRate": false,
      "slsComId": {
        "id": 14139001
      },
      "priceIdempotent": "b871653015e1f45400f03fd53b350081",
      "freezeType": "NU_FREEZE",
      "soAssociationCode": null,
      "soBusinessStatus": "INIT",
      "bizRuleGroup": null,
      "addrDetail": "佛山市禅城区季华五路28号",
      "currExchangeRateType": {
        "id": 2000001
      },
      "slsDcId": {
        "id": 2001001
      },
      "btClass": "SALES",
      "effectiveAt": null,
      "slsPerson": {
        "id": 14123089
      },
      "reCalculate": null,
      "invOrg": null,
      "invLoc": null,
      "priceCalcDate": 1744956599000,
      "deliveryInterceptFail": null,
      "externalBuyerId": null,
      "addrId": {
        "id": 70002638
      },
      "totalAmt": 99.0,
      "discountAmt": null,
      "discountInfo": null,
      "platformDiscountAmt": null,
      "merchantDiscountAmt": null,
      "actualPaidAmt": null,
      "freightAmt": null,
      "buyerRemark": null,
      "sellerRemark": null,
      "id": 16375013,
      "createdBy": {
        "id": 540175374525637,
        "username": "zhangang",
        "email": "z**********@163.com",
        "mobile": "173****6912",
        "nickname": "章昂",
        "status": true,
        "avatar": "https://terminus-new-trantor.oss-cn-hangzhou.aliyuncs.com/iam/user/avatar/540175374525637/2025-03-10_14_44_32_7dbc5543-0152-4a67-9901-b7da94c6ba4f_%E5%A4%8D%E6%B4%BB%E5%B2%9B%E5%B7%A8%E4%BA%BA%E5%83%8F.png"
      },
      "updatedBy": {
        "id": 540175374525637,
        "username": "zhangang",
        "email": "z**********@163.com",
        "mobile": "173****6912",
        "nickname": "章昂",
        "status": true,
        "avatar": "https://terminus-new-trantor.oss-cn-hangzhou.aliyuncs.com/iam/user/avatar/540175374525637/2025-03-10_14_44_32_7dbc5543-0152-4a67-9901-b7da94c6ba4f_%E5%A4%8D%E6%B4%BB%E5%B2%9B%E5%B7%A8%E4%BA%BA%E5%83%8F.png"
      },
      "createdAt": 1744970103000,
      "updatedAt": 1744970119000,
      "version": 6,
      "deleted": 0,
      "originOrgId": 0,
      "slsPartnerLinks": [
        {
          "soId": {
            "id": 16375013
          },
          "id": 16219013
        }
      ],
      "soItems": [
        {
          "soId": {
            "id": 16375013
          },
          "id": 16297014
        },
        {
          "soId": {
            "id": 16375013
          },
          "id": 16297013
        },
        {
          "soId": {
            "id": 16375013
          },
          "id": 16297015
        }
      ]
    },
    {
      "soCode": "SO001911",
      "soDocDate": 1744905600000,
      "soExtCode": null,
      "baseCurrId": {
        "id": 2000001
      },
      "slsCurrId": {
        "id": 2000001
      },
      "exchRate": 1.0,
      "grossBaseAmt": 17776.0,
      "netBaseAmt": 15730.973451,
      "taxAmt": 2045.026549,
      "soCreateSource": "TERP门户",
      "slsOrgId": {
        "id": 14579001
      },
      "slsTmId": null,
      "soTypeId": {
        "id": 2101001
      },
      "custId": {
        "id": 2059001
      },
      "custPersonName": "李月汝",
      "custPhone": "18378999655",
      "slsPersonName": "章昂",
      "slsPhone": "17376596912",
      "soStatus": "DRAFT",
      "approveStatus": null,
      "soTitle": null,
      "soDesc": null,
      "soNotes": null,
      "isFixedExchRate": false,
      "slsComId": {
        "id": 14373001
      },
      "priceIdempotent": "f60c4b1c0600d1638ce4a59094b92075",
      "freezeType": "NU_FREEZE",
      "soAssociationCode": null,
      "soBusinessStatus": null,
      "bizRuleGroup": null,
      "addrDetail": "佛山市禅城区季华五路28号",
      "currExchangeRateType": {
        "id": 2000001
      },
      "slsDcId": {
        "id": 14378001
      },
      "btClass": "SALES",
      "effectiveAt": null,
      "slsPerson": {
        "id": 14094003
      },
      "reCalculate": null,
      "invOrg": null,
      "invLoc": null,
      "priceCalcDate": 1744955538000,
      "deliveryInterceptFail": null,
      "externalBuyerId": null,
      "addrId": {
        "id": 70002638
      },
      "totalAmt": 17776.0,
      "discountAmt": null,
      "discountInfo": null,
      "platformDiscountAmt": null,
      "merchantDiscountAmt": null,
      "actualPaidAmt": null,
      "freightAmt": null,
      "buyerRemark": null,
      "sellerRemark": null,
      "id": 16373003,
      "createdBy": {
        "id": 540175374525637,
        "username": "zhangang",
        "email": "z**********@163.com",
        "mobile": "173****6912",
        "nickname": "章昂",
        "status": true,
        "avatar": "https://terminus-new-trantor.oss-cn-hangzhou.aliyuncs.com/iam/user/avatar/540175374525637/2025-03-10_14_44_32_7dbc5543-0152-4a67-9901-b7da94c6ba4f_%E5%A4%8D%E6%B4%BB%E5%B2%9B%E5%B7%A8%E4%BA%BA%E5%83%8F.png"
      },
      "updatedBy": {
        "id": 540175374525637,
        "username": "zhangang",
        "email": "z**********@163.com",
        "mobile": "173****6912",
        "nickname": "章昂",
        "status": true,
        "avatar": "https://terminus-new-trantor.oss-cn-hangzhou.aliyuncs.com/iam/user/avatar/540175374525637/2025-03-10_14_44_32_7dbc5543-0152-4a67-9901-b7da94c6ba4f_%E5%A4%8D%E6%B4%BB%E5%B2%9B%E5%B7%A8%E4%BA%BA%E5%83%8F.png"
      },
      "createdAt": 1744955539000,
      "updatedAt": 1744955539000,
      "version": 1,
      "deleted": 0,
      "originOrgId": 0,
      "soItems": [
        {
          "soId": {
            "id": 16373003
          },
          "id": 16295003
        }
      ]
    },
    {
      "soCode": "SO001906",
      "soDocDate": 1744905600000,
      "soExtCode": null,
      "baseCurrId": {
        "id": 2000001
      },
      "slsCurrId": {
        "id": 2000001
      },
      "exchRate": 1.0,
      "grossBaseAmt": 17776.0,
      "netBaseAmt": 15730.973451,
      "taxAmt": 2045.026549,
      "soCreateSource": "TERP门户",
      "slsOrgId": {
        "id": 14579001
      },
      "slsTmId": null,
      "soTypeId": {
        "id": 2101001
      },
      "custId": {
        "id": 2059001
      },
      "custPersonName": "李月汝",
      "custPhone": "18378999655",
      "slsPersonName": "章昂",
      "slsPhone": "17376596912",
      "soStatus": "DRAFT",
      "approveStatus": null,
      "soTitle": null,
      "soDesc": null,
      "soNotes": null,
      "isFixedExchRate": false,
      "slsComId": {
        "id": 14373001
      },
      "priceIdempotent": "8580e254c7d6312754cd2d6d535a6439",
      "freezeType": "NU_FREEZE",
      "soAssociationCode": null,
      "soBusinessStatus": "INIT",
      "bizRuleGroup": null,
      "addrDetail": "佛山市禅城区季华五路28号",
      "currExchangeRateType": {
        "id": 2000001
      },
      "slsDcId": {
        "id": 14378001
      },
      "btClass": "SALES",
      "effectiveAt": null,
      "slsPerson": {
        "id": 14094003
      },
      "reCalculate": null,
      "invOrg": null,
      "invLoc": null,
      "priceCalcDate": 1744955522000,
      "deliveryInterceptFail": null,
      "externalBuyerId": null,
      "addrId": {
        "id": 70002638
      },
      "totalAmt": 17776.0,
      "discountAmt": null,
      "discountInfo": null,
      "platformDiscountAmt": null,
      "merchantDiscountAmt": null,
      "actualPaidAmt": null,
      "freightAmt": null,
      "buyerRemark": null,
      "sellerRemark": null,
      "id": 16373001,
      "createdBy": {
        "id": 540175374525637,
        "username": "zhangang",
        "email": "z**********@163.com",
        "mobile": "173****6912",
        "nickname": "章昂",
        "status": true,
        "avatar": "https://terminus-new-trantor.oss-cn-hangzhou.aliyuncs.com/iam/user/avatar/540175374525637/2025-03-10_14_44_32_7dbc5543-0152-4a67-9901-b7da94c6ba4f_%E5%A4%8D%E6%B4%BB%E5%B2%9B%E5%B7%A8%E4%BA%BA%E5%83%8F.png"
      },
      "updatedBy": {
        "id": 540175374525637,
        "username": "zhangang",
        "email": "z**********@163.com",
        "mobile": "173****6912",
        "nickname": "章昂",
        "status": true,
        "avatar": "https://terminus-new-trantor.oss-cn-hangzhou.aliyuncs.com/iam/user/avatar/540175374525637/2025-03-10_14_44_32_7dbc5543-0152-4a67-9901-b7da94c6ba4f_%E5%A4%8D%E6%B4%BB%E5%B2%9B%E5%B7%A8%E4%BA%BA%E5%83%8F.png"
      },
      "createdAt": 1744955523000,
      "updatedAt": 1744967790000,
      "version": 56,
      "deleted": 0,
      "originOrgId": 0,
      "soItems": [
        {
          "soId": {
            "id": 16373001
          },
          "id": 16295001
        }
      ]
    }
  ]
}
2025-04-21 11:09:26|test_03_delete.test_01_query_orders line:217| 
已将测试数据保存到类属性
2025-04-21 11:09:26|base_test.setup_method line:116| 开始测试: test_02_delete_order
2025-04-21 11:09:26|test_03_delete.setup_method line:38| 使用类属性中的测试数据
2025-04-21 11:09:26|test_03_delete.setup_method line:48| 开始执行测试方法: test_02_delete_order
2025-04-21 11:09:26|test_03_delete.setup_method line:52| 初始化测试数据完成
2025-04-21 11:09:26|test_03_delete.test_02_delete_order line:237| 
准备发送请求...
2025-04-21 11:09:26|test_03_delete.test_02_delete_order line:238| 删除订单: ID = 16377005, 编号 = SO002091
2025-04-21 11:09:26|base_test._make_request line:135| 发送请求: 删除销售订单
2025-04-21 11:09:26|test_03_delete.test_02_delete_order line:246| 
成功删除订单: SO002091
2025-04-21 11:09:26|base_test.setup_method line:116| 开始测试: test_03_verify_order_deleted
2025-04-21 11:09:26|test_03_delete.setup_method line:38| 使用类属性中的测试数据
2025-04-21 11:09:26|test_03_delete.setup_method line:48| 开始执行测试方法: test_03_verify_order_deleted
2025-04-21 11:09:26|test_03_delete.setup_method line:52| 初始化测试数据完成
2025-04-21 11:09:26|test_03_delete.test_03_verify_order_deleted line:346| 
准备发送请求...
2025-04-21 11:09:26|test_03_delete.test_03_verify_order_deleted line:347| 查询条件: 订单编号 = SO002091
2025-04-21 11:09:26|base_test._make_request line:135| 发送请求: 验证订单删除结果
2025-04-21 11:09:26|test_03_delete.test_03_verify_order_deleted line:355| 
验证成功: 订单 SO002091 已成功删除
2025-04-21 11:09:26|base_test.setup_method line:116| 开始测试: test_04_batch_delete_orders
2025-04-21 11:09:26|test_03_delete.setup_method line:38| 使用类属性中的测试数据
2025-04-21 11:09:26|test_03_delete.setup_method line:48| 开始执行测试方法: test_04_batch_delete_orders
2025-04-21 11:09:26|test_03_delete.setup_method line:52| 初始化测试数据完成
2025-04-21 11:09:26|test_03_delete.test_04_batch_delete_orders line:362| 调用 test_01_query_orders 获取订单ID
2025-04-21 11:09:26|test_03_delete.test_01_query_orders line:191| 
准备发送请求...
2025-04-21 11:09:26|test_03_delete.test_01_query_orders line:192| 查询条件: 订单状态 = DRAFT, 创建人 = 540175374525637
2025-04-21 11:09:26|base_test._make_request line:135| 发送请求: 查询销售订单列表
2025-04-21 11:09:26|test_03_delete.test_01_query_orders line:213| 
提取的测试数据: {
  "so_id": 16375013,
  "so_code": "SO002052",
  "orders": [
    {
      "soCode": "SO002052",
      "soDocDate": 1744970103000,
      "soExtCode": null,
      "baseCurrId": {
        "id": 2000001
      },
      "slsCurrId": {
        "id": 2000001
      },
      "exchRate": 1.0,
      "grossBaseAmt": 99.0,
      "netBaseAmt": 87.610619,
      "taxAmt": 11.389381,
      "soCreateSource": "TERP门户",
      "slsOrgId": {
        "id": 14139002
      },
      "slsTmId": null,
      "soTypeId": {
        "id": 2101001
      },
      "custId": {
        "id": 2059001
      },
      "custPersonName": "李月汝",
      "custPhone": "18378999655",
      "slsPersonName": "侯新雨",
      "slsPhone": "15825540081",
      "soStatus": "DRAFT",
      "approveStatus": null,
      "soTitle": null,
      "soDesc": null,
      "soNotes": null,
      "isFixedExchRate": false,
      "slsComId": {
        "id": 14139001
      },
      "priceIdempotent": "b871653015e1f45400f03fd53b350081",
      "freezeType": "NU_FREEZE",
      "soAssociationCode": null,
      "soBusinessStatus": "INIT",
      "bizRuleGroup": null,
      "addrDetail": "佛山市禅城区季华五路28号",
      "currExchangeRateType": {
        "id": 2000001
      },
      "slsDcId": {
        "id": 2001001
      },
      "btClass": "SALES",
      "effectiveAt": null,
      "slsPerson": {
        "id": 14123089
      },
      "reCalculate": null,
      "invOrg": null,
      "invLoc": null,
      "priceCalcDate": 1744956599000,
      "deliveryInterceptFail": null,
      "externalBuyerId": null,
      "addrId": {
        "id": 70002638
      },
      "totalAmt": 99.0,
      "discountAmt": null,
      "discountInfo": null,
      "platformDiscountAmt": null,
      "merchantDiscountAmt": null,
      "actualPaidAmt": null,
      "freightAmt": null,
      "buyerRemark": null,
      "sellerRemark": null,
      "id": 16375013,
      "createdBy": {
        "id": 540175374525637,
        "username": "zhangang",
        "email": "z**********@163.com",
        "mobile": "173****6912",
        "nickname": "章昂",
        "status": true,
        "avatar": "https://terminus-new-trantor.oss-cn-hangzhou.aliyuncs.com/iam/user/avatar/540175374525637/2025-03-10_14_44_32_7dbc5543-0152-4a67-9901-b7da94c6ba4f_%E5%A4%8D%E6%B4%BB%E5%B2%9B%E5%B7%A8%E4%BA%BA%E5%83%8F.png"
      },
      "updatedBy": {
        "id": 540175374525637,
        "username": "zhangang",
        "email": "z**********@163.com",
        "mobile": "173****6912",
        "nickname": "章昂",
        "status": true,
        "avatar": "https://terminus-new-trantor.oss-cn-hangzhou.aliyuncs.com/iam/user/avatar/540175374525637/2025-03-10_14_44_32_7dbc5543-0152-4a67-9901-b7da94c6ba4f_%E5%A4%8D%E6%B4%BB%E5%B2%9B%E5%B7%A8%E4%BA%BA%E5%83%8F.png"
      },
      "createdAt": 1744970103000,
      "updatedAt": 1744970119000,
      "version": 6,
      "deleted": 0,
      "originOrgId": 0,
      "slsPartnerLinks": [
        {
          "soId": {
            "id": 16375013
          },
          "id": 16219013
        }
      ],
      "soItems": [
        {
          "soId": {
            "id": 16375013
          },
          "id": 16297014
        },
        {
          "soId": {
            "id": 16375013
          },
          "id": 16297013
        },
        {
          "soId": {
            "id": 16375013
          },
          "id": 16297015
        }
      ]
    },
    {
      "soCode": "SO001911",
      "soDocDate": 1744905600000,
      "soExtCode": null,
      "baseCurrId": {
        "id": 2000001
      },
      "slsCurrId": {
        "id": 2000001
      },
      "exchRate": 1.0,
      "grossBaseAmt": 17776.0,
      "netBaseAmt": 15730.973451,
      "taxAmt": 2045.026549,
      "soCreateSource": "TERP门户",
      "slsOrgId": {
        "id": 14579001
      },
      "slsTmId": null,
      "soTypeId": {
        "id": 2101001
      },
      "custId": {
        "id": 2059001
      },
      "custPersonName": "李月汝",
      "custPhone": "18378999655",
      "slsPersonName": "章昂",
      "slsPhone": "17376596912",
      "soStatus": "DRAFT",
      "approveStatus": null,
      "soTitle": null,
      "soDesc": null,
      "soNotes": null,
      "isFixedExchRate": false,
      "slsComId": {
        "id": 14373001
      },
      "priceIdempotent": "f60c4b1c0600d1638ce4a59094b92075",
      "freezeType": "NU_FREEZE",
      "soAssociationCode": null,
      "soBusinessStatus": null,
      "bizRuleGroup": null,
      "addrDetail": "佛山市禅城区季华五路28号",
      "currExchangeRateType": {
        "id": 2000001
      },
      "slsDcId": {
        "id": 14378001
      },
      "btClass": "SALES",
      "effectiveAt": null,
      "slsPerson": {
        "id": 14094003
      },
      "reCalculate": null,
      "invOrg": null,
      "invLoc": null,
      "priceCalcDate": 1744955538000,
      "deliveryInterceptFail": null,
      "externalBuyerId": null,
      "addrId": {
        "id": 70002638
      },
      "totalAmt": 17776.0,
      "discountAmt": null,
      "discountInfo": null,
      "platformDiscountAmt": null,
      "merchantDiscountAmt": null,
      "actualPaidAmt": null,
      "freightAmt": null,
      "buyerRemark": null,
      "sellerRemark": null,
      "id": 16373003,
      "createdBy": {
        "id": 540175374525637,
        "username": "zhangang",
        "email": "z**********@163.com",
        "mobile": "173****6912",
        "nickname": "章昂",
        "status": true,
        "avatar": "https://terminus-new-trantor.oss-cn-hangzhou.aliyuncs.com/iam/user/avatar/540175374525637/2025-03-10_14_44_32_7dbc5543-0152-4a67-9901-b7da94c6ba4f_%E5%A4%8D%E6%B4%BB%E5%B2%9B%E5%B7%A8%E4%BA%BA%E5%83%8F.png"
      },
      "updatedBy": {
        "id": 540175374525637,
        "username": "zhangang",
        "email": "z**********@163.com",
        "mobile": "173****6912",
        "nickname": "章昂",
        "status": true,
        "avatar": "https://terminus-new-trantor.oss-cn-hangzhou.aliyuncs.com/iam/user/avatar/540175374525637/2025-03-10_14_44_32_7dbc5543-0152-4a67-9901-b7da94c6ba4f_%E5%A4%8D%E6%B4%BB%E5%B2%9B%E5%B7%A8%E4%BA%BA%E5%83%8F.png"
      },
      "createdAt": 1744955539000,
      "updatedAt": 1744955539000,
      "version": 1,
      "deleted": 0,
      "originOrgId": 0,
      "soItems": [
        {
          "soId": {
            "id": 16373003
          },
          "id": 16295003
        }
      ]
    },
    {
      "soCode": "SO001906",
      "soDocDate": 1744905600000,
      "soExtCode": null,
      "baseCurrId": {
        "id": 2000001
      },
      "slsCurrId": {
        "id": 2000001
      },
      "exchRate": 1.0,
      "grossBaseAmt": 17776.0,
      "netBaseAmt": 15730.973451,
      "taxAmt": 2045.026549,
      "soCreateSource": "TERP门户",
      "slsOrgId": {
        "id": 14579001
      },
      "slsTmId": null,
      "soTypeId": {
        "id": 2101001
      },
      "custId": {
        "id": 2059001
      },
      "custPersonName": "李月汝",
      "custPhone": "18378999655",
      "slsPersonName": "章昂",
      "slsPhone": "17376596912",
      "soStatus": "DRAFT",
      "approveStatus": null,
      "soTitle": null,
      "soDesc": null,
      "soNotes": null,
      "isFixedExchRate": false,
      "slsComId": {
        "id": 14373001
      },
      "priceIdempotent": "8580e254c7d6312754cd2d6d535a6439",
      "freezeType": "NU_FREEZE",
      "soAssociationCode": null,
      "soBusinessStatus": "INIT",
      "bizRuleGroup": null,
      "addrDetail": "佛山市禅城区季华五路28号",
      "currExchangeRateType": {
        "id": 2000001
      },
      "slsDcId": {
        "id": 14378001
      },
      "btClass": "SALES",
      "effectiveAt": null,
      "slsPerson": {
        "id": 14094003
      },
      "reCalculate": null,
      "invOrg": null,
      "invLoc": null,
      "priceCalcDate": 1744955522000,
      "deliveryInterceptFail": null,
      "externalBuyerId": null,
      "addrId": {
        "id": 70002638
      },
      "totalAmt": 17776.0,
      "discountAmt": null,
      "discountInfo": null,
      "platformDiscountAmt": null,
      "merchantDiscountAmt": null,
      "actualPaidAmt": null,
      "freightAmt": null,
      "buyerRemark": null,
      "sellerRemark": null,
      "id": 16373001,
      "createdBy": {
        "id": 540175374525637,
        "username": "zhangang",
        "email": "z**********@163.com",
        "mobile": "173****6912",
        "nickname": "章昂",
        "status": true,
        "avatar": "https://terminus-new-trantor.oss-cn-hangzhou.aliyuncs.com/iam/user/avatar/540175374525637/2025-03-10_14_44_32_7dbc5543-0152-4a67-9901-b7da94c6ba4f_%E5%A4%8D%E6%B4%BB%E5%B2%9B%E5%B7%A8%E4%BA%BA%E5%83%8F.png"
      },
      "updatedBy": {
        "id": 540175374525637,
        "username": "zhangang",
        "email": "z**********@163.com",
        "mobile": "173****6912",
        "nickname": "章昂",
        "status": true,
        "avatar": "https://terminus-new-trantor.oss-cn-hangzhou.aliyuncs.com/iam/user/avatar/540175374525637/2025-03-10_14_44_32_7dbc5543-0152-4a67-9901-b7da94c6ba4f_%E5%A4%8D%E6%B4%BB%E5%B2%9B%E5%B7%A8%E4%BA%BA%E5%83%8F.png"
      },
      "createdAt": 1744955523000,
      "updatedAt": 1744967790000,
      "version": 56,
      "deleted": 0,
      "originOrgId": 0,
      "soItems": [
        {
          "soId": {
            "id": 16373001
          },
          "id": 16295001
        }
      ]
    }
  ]
}
2025-04-21 11:09:26|test_03_delete.test_01_query_orders line:217| 
已将测试数据保存到类属性
2025-04-21 11:09:26|test_03_delete.test_04_batch_delete_orders line:369| 查询到 3 条订单
2025-04-21 11:09:26|test_03_delete.test_04_batch_delete_orders line:373| 订单ID: 16375013, 订单编号: SO002052
2025-04-21 11:09:26|test_03_delete.test_04_batch_delete_orders line:373| 订单ID: 16373003, 订单编号: SO001911
2025-04-21 11:09:26|test_03_delete.test_04_batch_delete_orders line:391| 
准备批量删除订单，订单ID: [16375013, 16373003]
2025-04-21 11:09:26|base_test._make_request line:135| 发送请求: 批量删除销售订单
2025-04-21 11:09:26|test_03_delete.test_04_batch_delete_orders line:396| 成功批量删除订单，订单ID: [16375013, 16373003]
2025-04-21 11:09:26|MysqlUtil.__init__ line:42| 数据库管理器初始化完成，运行时模式: False
2025-04-21 11:09:26|MysqlUtil.__init__ line:42| 数据库管理器初始化完成，运行时模式: False
2025-04-21 11:09:26|LogUtil.info line:33| 内存缓存命中：使用缓存的SCM初始化数据
2025-04-21 11:09:26|base_test.setup_class line:49| 初始化数据: {'user_info': {'id': 540175374525637, 'username': 'zhangang', 'mobile': '17376596912', 'nickname': '章昂'}, 'base_info': {'user_info': {'id': 540175374525637, 'username': 'zhangang', 'mobile': '17376596912', 'nickname': '章昂'}, 'country_info': {'coun_id': 14037001, 'coun_code': 'CHINA', 'coun_name': '中国'}, 'currency_info': {'curr_id': 2000001, 'curr_code': 'CNY', 'curr_name': '人民币'}, 'language_info': {'language_id': 2000001, 'language_code': 'CHINESE', 'language_name': '中文'}, 'timezone_info': {'timezone_id': 2000001, 'timezone_code': 'UTC-8', 'timezone_desc': '东八区'}, 'exchange_rate_type_info': {'exchange_rate_type_id': 2000001, 'exchange_rate_type_code': 'HR', 'exchange_rate_type_name': '固定汇率'}, 'tax_type_info': {'tax_type_id': 2002001, 'tax_code': 'CN_PUR_01', 'tax': 13.0, 'taxcate': 'J'}, 'coun_tax_type_info': {'coun_tax_type_id': 2000001, 'tax_type_code': 'TAX_CN', 'tax_type_name': '中国税收类别'}, 'uom_info': {'uom_id': 2000001, 'uom_code': 'PC', 'uom_type': 'QTY', 'uom_desc': '个'}, 'bank_info': {'bank_id': 1000001, 'bank_code': 'HB', 'bank_name': '湖北银行', 'bank_mne_code': None}, 'work_calendar_info': {'wc_id': 2001004, 'wc_head_code': 'GZRL001', 'wc_head_name': '标准工作日历', 'enable_status': 'ENABLED'}, 'calendar_info': {'calendar_id': 14014001, 'calendar_code': '2024Y', 'calendar_name': '勿删勿改-标准会计期间', 'status': 'ENABLED'}, 'employee_info': {'id': 14082001, 'name': 'admin'}, 'sales_channel_info': {'id': 14378001, 'code': 'AUTOTEST_SLS_DC_ORG', 'name': '销售渠道(自动化)'}, 'so_type_info': {'id': 2101001, 'so_type_code': 'STND', 'so_type_name': '标准销售'}}, 'org_info': {'group_org_info': {'id': 14507001, 'org_code': 'AUTOTEST_GR_ORG', 'org_name': '集团(自动化)', 'org_status': 'ENABLED', 'org_dimension_code': 'SCM_ORG_GRP', 'org_business_type_code': None}, 'adm_org_info': {'id': 14432002, 'org_code': 'AUTOTEST_ADM_ORG', 'org_name': '行政组织(自动化)', 'org_status': 'ENABLED', 'org_dimension_code': 'ADM_ORG_GRP', 'org_business_type_codes': '["ADM_ORG"]'}, 'com_org_info': {'id': 14373001, 'org_code': 'AUTOTEST_COM_ORG', 'org_name': '公司组织(自动化)', 'org_status': 'ENABLED', 'org_dimension_code': 'SCM_ORG_GRP', 'org_business_type_code': 'COM_ORG'}, 'pur_org_info': {'id': 14376001, 'org_code': 'AUTOTEST_PUR_ORG', 'org_name': '采购组织(自动化)', 'org_status': 'ENABLED', 'org_dimension_code': 'SCM_ORG_GRP', 'org_business_type_code': 'PUR_ORG'}, 'inv_org_info': {'id': 14375002, 'org_code': 'AUTOTEST_INV_ORG', 'org_name': '库存组织(自动化)', 'org_status': 'ENABLED', 'org_dimension_code': 'SCM_ORG_GRP', 'org_business_type_code': 'INV_ORG'}, 'sls_org_info': {'id': 14377001, 'org_code': 'AUTOTEST_SLS_ORG', 'org_name': '销售组织(自动化)', 'org_status': 'ENABLED', 'org_dimension_code': 'SCM_ORG_GRP', 'org_business_type_code': 'SLS_ORG'}, 'dept_org_info': {'id': 14420004}, 'pln_org_info': {'id': 88884}}, 'partner_info': {'cust_tax_type_info': {'cust_tax_type_id': 2000001, 'tax_class_code': 'SMB', 'tax_class_desc': '小规模纳税人'}, 'vend_info': {'id': 2058001, 'code': 'AUTOTEST_VEND', 'name': '供应商(自动化)', 'status': 'ENABLED'}, 'cust_info': {'id': 2059001, 'code': 'AUTOTEST_CUST', 'name': '客户(自动化)', 'status': 'ENABLED'}}, 'material_info': {'mat_tax_type_info': {'mat_tax_type_id': 2001001, 'tax_class_code': 'NORM', 'tax_class_desc': '销售或者进口货物'}, 'inv_loc_info': {'id': 14376002, 'org_code': 'AUTOTEST_INV_LOC_ORG', 'org_name': '库存地点(自动化)', 'org_status': 'ENABLED', 'org_dimension_code': 'SCM_ORG_GRP', 'org_business_type_code': 'INV_LOC'}, 'atp_group_info': {'id': 2000001}, 'inv_type_info': {'id': 2000001, 'name': '非限制', 'code': '10'}}}
2025-04-21 11:09:27|LogUtil.info line:33| 测试类初始化完成
2025-04-21 11:09:27|LogUtil.info line:33| 测试类初始化完成
2025-04-21 11:09:27|base_test.setup_method line:116| 开始测试: test_01_query_order_detail
2025-04-21 11:09:27|test_04_operator.test_01_query_order_detail line:90| 未找到订单ID，尝试从数据库查询
2025-04-21 11:09:27|LogUtil.info line:33| 执行查询: 
         select id,so_code,so_status 
        from sls_so_head_tr 
        where created_by = 540175374525637
        and so_status = 'DRAFT'
        and deleted=0 order by created_at desc
        limit 1
        
2025-04-21 11:09:27|MysqlUtil.connect line:65| 数据库连接成功: rm-bp1f14585v00oh99t.mysql.rds.aliyuncs.com:3306/terp_test
2025-04-21 11:09:27|MysqlUtil.execute_query line:118| 
==================================================
执行SQL查询:

         select id,so_code,so_status 
        from sls_so_head_tr 
        where created_by = 540175374525637
        and so_status = 'DRAFT'
        and deleted=0 order by created_at desc
        limit 1
        
参数: None
结果:
[
  {
    "id": 16373001,
    "so_code": "SO001906",
    "so_status": "DRAFT"
  }
]
==================================================
2025-04-21 11:09:27|MysqlUtil.disconnect line:72| 数据库连接已关闭
2025-04-21 11:09:27|LogUtil.info line:33| 
查询到的草稿态订单数据: {
  "so_id": "16373001",
  "so_code": "SO001906",
  "so_status": "DRAFT"
}
2025-04-21 11:09:27|test_04_operator.test_01_query_order_detail line:95| 从数据库获取到订单ID: 16373001
2025-04-21 11:09:27|test_04_operator.test_01_query_order_detail line:112| 查询订单详情请求数据: {
  "params": {
    "request": {
      "id": "16373001"
    }
  }
}
2025-04-21 11:09:27|base_test._make_request line:135| 发送请求: 订单详情查询
2025-04-21 11:09:27|test_04_operator.test_01_query_order_detail line:115| {
  "id": 16373001,
  "context": {},
  "originOrgId": 0,
  "version": 56,
  "deleted": 0,
  "createdAt": 1744955523000,
  "updatedAt": 1744967790000,
  "createdBy": {
    "id": 540175374525637
  },
  "updatedBy": {
    "id": 540175374525637
  },
  "soCode": "SO001906",
  "soDocDate": 1744905600000,
  "baseCurrId": {
    "id": 2000001,
    "context": {},
    "currCode": "CNY",
    "currName": "人民币"
  },
  "slsCurrId": {
    "id": 2000001,
    "context": {},
    "currCode": "CNY",
    "currName": "人民币"
  },
  "exchRate": 1.0,
  "grossBaseAmt": 17776.0,
  "netBaseAmt": 15730.973451,
  "totalAmt": 17776.0,
  "taxAmt": 2045.026549,
  "soCreateSource": "TERP门户",
  "slsOrgId": {
    "id": 14579001,
    "context": {},
    "orgCode": "AUTOTEST_SLS_ORG",
    "orgName": "销售组织(自动化)"
  },
  "slsComId": {
    "id": 14373001,
    "context": {}
  },
  "slsDcId": {
    "id": 14378001,
    "context": {},
    "code": "AUTOTEST_SLS_DC_ORG",
    "name": "销售渠道(自动化)"
  },
  "soTypeId": {
    "id": 2101001,
    "context": {}
  },
  "custId": {
    "id": 2059001,
    "context": {},
    "custCode": "AUTOTEST_CUST",
    "custName": "客户(自动化)"
  },
  "addrId": {
    "id": 70002638,
    "context": {}
  },
  "custPersonName": "李月汝",
  "custPhone": "18378999655",
  "slsPerson": {
    "id": 14094003,
    "context": {}
  },
  "slsPersonName": "章昂",
  "slsPhone": "17376596912",
  "soStatus": "DRAFT",
  "soBusinessStatus": "INIT",
  "currExchangeRateType": 2000001,
  "soItems": [
    {
      "id": 16295001,
      "context": {},
      "originOrgId": 0,
      "version": 56,
      "deleted": 0,
      "createdAt": 1744955523000,
      "updatedAt": 1744967790000,
      "createdBy": 540175374525637,
      "updatedBy": 540175374525637,
      "soItemCode": "SOI20250418100040",
      "soId": 16373001,
      "soCode": "SO001906",
      "matId": {
        "id": 900000001,
        "context": {}
      },
      "matCode": "TESTMAT1",
      "matName": "测试物料1",
      "soItemSlsQty": 2.0,
      "soItemDelQty": 0.0,
      "soItemTransferQty": 0.0,
      "soItemSettQty": 0.0,
      "soItemOutstandingQty": 2.0,
      "soItemPrice": 7865.486726,
      "soItemGrossPrice": 8888.0,
      "taxRateId": {
        "id": 2002002,
        "context": {}
      },
      "taxRate": 0.13,
      "taxAmt": 2045.026549,
      "grossTradeAmt": 17776.0,
      "netTradeAmt": 15730.973451,
      "soDocDate": 1744955523000,
      "soSchlDelDate": 1744905600000,
      "soItemStatus": "DRAFT",
      "soItemBusinessStatus": "INIT",
      "soItemTypeId": {
        "id": 2103001,
        "context": {}
      },
      "uomSlsId": {
        "id": 2004001,
        "context": {}
      },
      "uomBaseId": {
        "id": 2004001,
        "context": {}
      },
      "soItemBaseQty": 2.0,
      "invOrgId": {
        "id": 14375002,
        "context": {}
      },
      "invLocId": {
        "id": 14376002,
        "context": {}
      },
      "bomWhether": false,
      "bomId": {
        "context": {}
      },
      "weightUomId": {
        "id": 2002011,
        "context": {}
      },
      "grossWeight": 1.11,
      "netWeight": 1.11,
      "volumUomId": {
        "id": 14049001,
        "context": {}
      },
      "matVolum": 1.0,
      "delAddrId": {
        "id": 70002638,
        "context": {}
      },
      "itemNumber": 1,
      "atpCheck": true,
      "parentItemType": {
        "context": {}
      },
      "deliveryModeId": {
        "context": {}
      },
      "serviceVendId": {
        "context": {}
      },
      "expressComId": {
        "context": {}
      },
      "salesPrice": 8888.0,
      "soSchedules": [
        {
          "id": 16306001,
          "context": {},
          "originOrgId": 0,
          "version": 45,
          "deleted": 0,
          "createdAt": 1744955523000,
          "updatedAt": 1744967790000,
          "createdBy": 540175374525637,
          "updatedBy": 540175374525637,
          "soSchlCode": "SOS20250418100017",
          "soId": 16373001,
          "soCode": "SO001906",
          "soItemId": 16295001,
          "soItemCode": "SOI20250418100040",
          "soSchlExptDate": 1744905600000,
          "uomSlsId": {
            "id": 2004001
          },
          "uomBaseId": {
            "id": 2004001
          },
          "soSchlSlsQty": 2.0,
          "soSchlDelQty": 2.0,
          "soSchlConfirmedQty": 2.0,
          "soSchlDelSubQty": 0.0,
          "soSchlTransferQty": 0.0,
          "soSchlSettQty": 0.0,
          "soSchlOutstandingQty": 2.0,
          "soSchlStatus": "DRAFT",
          "soSchlTypeId": {
            "id": 2103001
          }
        }
      ],
      "children": null,
      "slsSoItemTypeCfDTO": {
        "id": 2103001,
        "context": {},
        "originOrgId": 0,
        "version": 201,
        "deleted": 0,
        "createdAt": 1685108592000,
        "updatedAt": 1723441727000,
        "createdBy": 27,
        "updatedBy": 477142386786949,
        "soItemTypeCode": "NORM",
        "soItemTypeName": "常规销售",
        "delRelv": true,
        "autoDelivery": false,
        "checkInvLocRelv": true,
        "status": "ENABLED",
        "isAutomaticComplete": false,
        "isCompletePickControl": false,
        "autoPr": false,
        "autoOutDnPost": false,
        "settlement": true,
        "priceControlType": "STAND"
      },
      "isCompleteSet": false,
      "salesAmt": 17776.0
    }
  ],
  "slsSoTypeCf": {
    "id": 2101001,
    "context": {},
    "originOrgId": 0,
    "version": 65,
    "deleted": 0,
    "createdAt": 1685108645000,
    "updatedAt": 1744178454000,
    "createdBy": 27,
    "updatedBy": 618373053188357,
    "soTypeCode": "STND",
    "soTypeName": "标准销售",
    "soTypeDesc": "标准销售",
    "partnerProcedureHeadRef": {
      "id": 14005002
    },
    "status": "ENABLED",
    "submitApproval": true,
    "modifyApproval": false,
    "currExchangeRateType": 2000001,
    "btClass": "SALES",
    "syncPrice": false
  },
  "slsPartnerLinks": [],
  "slsTextLinks": [],
  "slsAttachmentLinks": [],
  "invOrg": {
    "context": {}
  },
  "invLoc": {
    "context": {}
  },
  "priceIdempotent": "8580e254c7d6312754cd2d6d535a6439",
  "addrDetail": "佛山市禅城区季华五路28号",
  "partnerCheck": false,
  "matQualificationCheck": false,
  "whetherPrice": false,
  "priceCalcDate": 1744955522000,
  "btClass": "SALES",
  "isFixedExchRate": false,
  "isFreezeType": "NU_FREEZE"
}
2025-04-21 11:09:27|test_04_operator.test_01_query_order_detail line:119| {
  "id": 16373001,
  "context": {},
  "originOrgId": 0,
  "version": 56,
  "deleted": 0,
  "createdAt": 1744955523000,
  "updatedAt": 1744967790000,
  "createdBy": {
    "id": 540175374525637
  },
  "updatedBy": {
    "id": 540175374525637
  },
  "soCode": "SO001906",
  "soDocDate": 1744905600000,
  "baseCurrId": {
    "id": 2000001,
    "context": {},
    "currCode": "CNY",
    "currName": "人民币"
  },
  "slsCurrId": {
    "id": 2000001,
    "context": {},
    "currCode": "CNY",
    "currName": "人民币"
  },
  "exchRate": 1.0,
  "grossBaseAmt": 17776.0,
  "netBaseAmt": 15730.973451,
  "totalAmt": 17776.0,
  "taxAmt": 2045.026549,
  "soCreateSource": "TERP门户",
  "slsOrgId": {
    "id": 14579001,
    "context": {},
    "orgCode": "AUTOTEST_SLS_ORG",
    "orgName": "销售组织(自动化)"
  },
  "slsComId": {
    "id": 14373001,
    "context": {}
  },
  "slsDcId": {
    "id": 14378001,
    "context": {},
    "code": "AUTOTEST_SLS_DC_ORG",
    "name": "销售渠道(自动化)"
  },
  "soTypeId": {
    "id": 2101001,
    "context": {}
  },
  "custId": {
    "id": 2059001,
    "context": {},
    "custCode": "AUTOTEST_CUST",
    "custName": "客户(自动化)"
  },
  "addrId": {
    "id": 70002638,
    "context": {}
  },
  "custPersonName": "李月汝",
  "custPhone": "18378999655",
  "slsPerson": {
    "id": 14094003,
    "context": {}
  },
  "slsPersonName": "章昂",
  "slsPhone": "17376596912",
  "soStatus": "DRAFT",
  "soBusinessStatus": "INIT",
  "currExchangeRateType": 2000001,
  "soItems": [
    {
      "id": 16295001,
      "context": {},
      "originOrgId": 0,
      "version": 56,
      "deleted": 0,
      "createdAt": 1744955523000,
      "updatedAt": 1744967790000,
      "createdBy": 540175374525637,
      "updatedBy": 540175374525637,
      "soItemCode": "SOI20250418100040",
      "soId": 16373001,
      "soCode": "SO001906",
      "matId": {
        "id": 900000001,
        "context": {}
      },
      "matCode": "TESTMAT1",
      "matName": "测试物料1",
      "soItemSlsQty": 2.0,
      "soItemDelQty": 0.0,
      "soItemTransferQty": 0.0,
      "soItemSettQty": 0.0,
      "soItemOutstandingQty": 2.0,
      "soItemPrice": 7865.486726,
      "soItemGrossPrice": 8888.0,
      "taxRateId": {
        "id": 2002002,
        "context": {}
      },
      "taxRate": 0.13,
      "taxAmt": 2045.026549,
      "grossTradeAmt": 17776.0,
      "netTradeAmt": 15730.973451,
      "soDocDate": 1744955523000,
      "soSchlDelDate": 1744905600000,
      "soItemStatus": "DRAFT",
      "soItemBusinessStatus": "INIT",
      "soItemTypeId": {
        "id": 2103001,
        "context": {}
      },
      "uomSlsId": {
        "id": 2004001,
        "context": {}
      },
      "uomBaseId": {
        "id": 2004001,
        "context": {}
      },
      "soItemBaseQty": 2.0,
      "invOrgId": {
        "id": 14375002,
        "context": {}
      },
      "invLocId": {
        "id": 14376002,
        "context": {}
      },
      "bomWhether": false,
      "bomId": {
        "context": {}
      },
      "weightUomId": {
        "id": 2002011,
        "context": {}
      },
      "grossWeight": 1.11,
      "netWeight": 1.11,
      "volumUomId": {
        "id": 14049001,
        "context": {}
      },
      "matVolum": 1.0,
      "delAddrId": {
        "id": 70002638,
        "context": {}
      },
      "itemNumber": 1,
      "atpCheck": true,
      "parentItemType": {
        "context": {}
      },
      "deliveryModeId": {
        "context": {}
      },
      "serviceVendId": {
        "context": {}
      },
      "expressComId": {
        "context": {}
      },
      "salesPrice": 8888.0,
      "soSchedules": [
        {
          "id": 16306001,
          "context": {},
          "originOrgId": 0,
          "version": 45,
          "deleted": 0,
          "createdAt": 1744955523000,
          "updatedAt": 1744967790000,
          "createdBy": 540175374525637,
          "updatedBy": 540175374525637,
          "soSchlCode": "SOS20250418100017",
          "soId": 16373001,
          "soCode": "SO001906",
          "soItemId": 16295001,
          "soItemCode": "SOI20250418100040",
          "soSchlExptDate": 1744905600000,
          "uomSlsId": {
            "id": 2004001
          },
          "uomBaseId": {
            "id": 2004001
          },
          "soSchlSlsQty": 2.0,
          "soSchlDelQty": 2.0,
          "soSchlConfirmedQty": 2.0,
          "soSchlDelSubQty": 0.0,
          "soSchlTransferQty": 0.0,
          "soSchlSettQty": 0.0,
          "soSchlOutstandingQty": 2.0,
          "soSchlStatus": "DRAFT",
          "soSchlTypeId": {
            "id": 2103001
          }
        }
      ],
      "children": null,
      "slsSoItemTypeCfDTO": {
        "id": 2103001,
        "context": {},
        "originOrgId": 0,
        "version": 201,
        "deleted": 0,
        "createdAt": 1685108592000,
        "updatedAt": 1723441727000,
        "createdBy": 27,
        "updatedBy": 477142386786949,
        "soItemTypeCode": "NORM",
        "soItemTypeName": "常规销售",
        "delRelv": true,
        "autoDelivery": false,
        "checkInvLocRelv": true,
        "status": "ENABLED",
        "isAutomaticComplete": false,
        "isCompletePickControl": false,
        "autoPr": false,
        "autoOutDnPost": false,
        "settlement": true,
        "priceControlType": "STAND"
      },
      "isCompleteSet": false,
      "salesAmt": 17776.0
    }
  ],
  "slsSoTypeCf": {
    "id": 2101001,
    "context": {},
    "originOrgId": 0,
    "version": 65,
    "deleted": 0,
    "createdAt": 1685108645000,
    "updatedAt": 1744178454000,
    "createdBy": 27,
    "updatedBy": 618373053188357,
    "soTypeCode": "STND",
    "soTypeName": "标准销售",
    "soTypeDesc": "标准销售",
    "partnerProcedureHeadRef": {
      "id": 14005002
    },
    "status": "ENABLED",
    "submitApproval": true,
    "modifyApproval": false,
    "currExchangeRateType": 2000001,
    "btClass": "SALES",
    "syncPrice": false
  },
  "slsPartnerLinks": [],
  "slsTextLinks": [],
  "slsAttachmentLinks": [],
  "invOrg": {
    "context": {}
  },
  "invLoc": {
    "context": {}
  },
  "priceIdempotent": "8580e254c7d6312754cd2d6d535a6439",
  "addrDetail": "佛山市禅城区季华五路28号",
  "partnerCheck": false,
  "matQualificationCheck": false,
  "whetherPrice": false,
  "priceCalcDate": 1744955522000,
  "btClass": "SALES",
  "isFixedExchRate": false,
  "isFreezeType": "NU_FREEZE"
}
2025-04-21 11:09:27|base_test.setup_method line:116| 开始测试: test_02_submit_sales_order_edit
2025-04-21 11:09:27|test_04_operator.test_01_query_order_detail line:90| 未找到订单ID，尝试从数据库查询
2025-04-21 11:09:27|LogUtil.info line:33| 执行查询: 
         select id,so_code,so_status 
        from sls_so_head_tr 
        where created_by = 540175374525637
        and so_status = 'DRAFT'
        and deleted=0 order by created_at desc
        limit 1
        
2025-04-21 11:09:28|MysqlUtil.connect line:65| 数据库连接成功: rm-bp1f14585v00oh99t.mysql.rds.aliyuncs.com:3306/terp_test
2025-04-21 11:09:28|MysqlUtil.execute_query line:118| 
==================================================
执行SQL查询:

         select id,so_code,so_status 
        from sls_so_head_tr 
        where created_by = 540175374525637
        and so_status = 'DRAFT'
        and deleted=0 order by created_at desc
        limit 1
        
参数: None
结果:
[
  {
    "id": 16373001,
    "so_code": "SO001906",
    "so_status": "DRAFT"
  }
]
==================================================
2025-04-21 11:09:28|MysqlUtil.disconnect line:72| 数据库连接已关闭
2025-04-21 11:09:28|LogUtil.info line:33| 
查询到的草稿态订单数据: {
  "so_id": "16373001",
  "so_code": "SO001906",
  "so_status": "DRAFT"
}
2025-04-21 11:09:28|test_04_operator.test_01_query_order_detail line:95| 从数据库获取到订单ID: 16373001
2025-04-21 11:09:28|test_04_operator.test_01_query_order_detail line:112| 查询订单详情请求数据: {
  "params": {
    "request": {
      "id": "16373001"
    }
  }
}
2025-04-21 11:09:28|base_test._make_request line:135| 发送请求: 订单详情查询
2025-04-21 11:09:28|test_04_operator.test_01_query_order_detail line:115| {
  "id": 16373001,
  "context": {},
  "originOrgId": 0,
  "version": 56,
  "deleted": 0,
  "createdAt": 1744955523000,
  "updatedAt": 1744967790000,
  "createdBy": {
    "id": 540175374525637
  },
  "updatedBy": {
    "id": 540175374525637
  },
  "soCode": "SO001906",
  "soDocDate": 1744905600000,
  "baseCurrId": {
    "id": 2000001,
    "context": {},
    "currCode": "CNY",
    "currName": "人民币"
  },
  "slsCurrId": {
    "id": 2000001,
    "context": {},
    "currCode": "CNY",
    "currName": "人民币"
  },
  "exchRate": 1.0,
  "grossBaseAmt": 17776.0,
  "netBaseAmt": 15730.973451,
  "totalAmt": 17776.0,
  "taxAmt": 2045.026549,
  "soCreateSource": "TERP门户",
  "slsOrgId": {
    "id": 14579001,
    "context": {},
    "orgCode": "AUTOTEST_SLS_ORG",
    "orgName": "销售组织(自动化)"
  },
  "slsComId": {
    "id": 14373001,
    "context": {}
  },
  "slsDcId": {
    "id": 14378001,
    "context": {},
    "code": "AUTOTEST_SLS_DC_ORG",
    "name": "销售渠道(自动化)"
  },
  "soTypeId": {
    "id": 2101001,
    "context": {}
  },
  "custId": {
    "id": 2059001,
    "context": {},
    "custCode": "AUTOTEST_CUST",
    "custName": "客户(自动化)"
  },
  "addrId": {
    "id": 70002638,
    "context": {}
  },
  "custPersonName": "李月汝",
  "custPhone": "18378999655",
  "slsPerson": {
    "id": 14094003,
    "context": {}
  },
  "slsPersonName": "章昂",
  "slsPhone": "17376596912",
  "soStatus": "DRAFT",
  "soBusinessStatus": "INIT",
  "currExchangeRateType": 2000001,
  "soItems": [
    {
      "id": 16295001,
      "context": {},
      "originOrgId": 0,
      "version": 56,
      "deleted": 0,
      "createdAt": 1744955523000,
      "updatedAt": 1744967790000,
      "createdBy": 540175374525637,
      "updatedBy": 540175374525637,
      "soItemCode": "SOI20250418100040",
      "soId": 16373001,
      "soCode": "SO001906",
      "matId": {
        "id": 900000001,
        "context": {}
      },
      "matCode": "TESTMAT1",
      "matName": "测试物料1",
      "soItemSlsQty": 2.0,
      "soItemDelQty": 0.0,
      "soItemTransferQty": 0.0,
      "soItemSettQty": 0.0,
      "soItemOutstandingQty": 2.0,
      "soItemPrice": 7865.486726,
      "soItemGrossPrice": 8888.0,
      "taxRateId": {
        "id": 2002002,
        "context": {}
      },
      "taxRate": 0.13,
      "taxAmt": 2045.026549,
      "grossTradeAmt": 17776.0,
      "netTradeAmt": 15730.973451,
      "soDocDate": 1744955523000,
      "soSchlDelDate": 1744905600000,
      "soItemStatus": "DRAFT",
      "soItemBusinessStatus": "INIT",
      "soItemTypeId": {
        "id": 2103001,
        "context": {}
      },
      "uomSlsId": {
        "id": 2004001,
        "context": {}
      },
      "uomBaseId": {
        "id": 2004001,
        "context": {}
      },
      "soItemBaseQty": 2.0,
      "invOrgId": {
        "id": 14375002,
        "context": {}
      },
      "invLocId": {
        "id": 14376002,
        "context": {}
      },
      "bomWhether": false,
      "bomId": {
        "context": {}
      },
      "weightUomId": {
        "id": 2002011,
        "context": {}
      },
      "grossWeight": 1.11,
      "netWeight": 1.11,
      "volumUomId": {
        "id": 14049001,
        "context": {}
      },
      "matVolum": 1.0,
      "delAddrId": {
        "id": 70002638,
        "context": {}
      },
      "itemNumber": 1,
      "atpCheck": true,
      "parentItemType": {
        "context": {}
      },
      "deliveryModeId": {
        "context": {}
      },
      "serviceVendId": {
        "context": {}
      },
      "expressComId": {
        "context": {}
      },
      "salesPrice": 8888.0,
      "soSchedules": [
        {
          "id": 16306001,
          "context": {},
          "originOrgId": 0,
          "version": 45,
          "deleted": 0,
          "createdAt": 1744955523000,
          "updatedAt": 1744967790000,
          "createdBy": 540175374525637,
          "updatedBy": 540175374525637,
          "soSchlCode": "SOS20250418100017",
          "soId": 16373001,
          "soCode": "SO001906",
          "soItemId": 16295001,
          "soItemCode": "SOI20250418100040",
          "soSchlExptDate": 1744905600000,
          "uomSlsId": {
            "id": 2004001
          },
          "uomBaseId": {
            "id": 2004001
          },
          "soSchlSlsQty": 2.0,
          "soSchlDelQty": 2.0,
          "soSchlConfirmedQty": 2.0,
          "soSchlDelSubQty": 0.0,
          "soSchlTransferQty": 0.0,
          "soSchlSettQty": 0.0,
          "soSchlOutstandingQty": 2.0,
          "soSchlStatus": "DRAFT",
          "soSchlTypeId": {
            "id": 2103001
          }
        }
      ],
      "children": null,
      "slsSoItemTypeCfDTO": {
        "id": 2103001,
        "context": {},
        "originOrgId": 0,
        "version": 201,
        "deleted": 0,
        "createdAt": 1685108592000,
        "updatedAt": 1723441727000,
        "createdBy": 27,
        "updatedBy": 477142386786949,
        "soItemTypeCode": "NORM",
        "soItemTypeName": "常规销售",
        "delRelv": true,
        "autoDelivery": false,
        "checkInvLocRelv": true,
        "status": "ENABLED",
        "isAutomaticComplete": false,
        "isCompletePickControl": false,
        "autoPr": false,
        "autoOutDnPost": false,
        "settlement": true,
        "priceControlType": "STAND"
      },
      "isCompleteSet": false,
      "salesAmt": 17776.0
    }
  ],
  "slsSoTypeCf": {
    "id": 2101001,
    "context": {},
    "originOrgId": 0,
    "version": 65,
    "deleted": 0,
    "createdAt": 1685108645000,
    "updatedAt": 1744178454000,
    "createdBy": 27,
    "updatedBy": 618373053188357,
    "soTypeCode": "STND",
    "soTypeName": "标准销售",
    "soTypeDesc": "标准销售",
    "partnerProcedureHeadRef": {
      "id": 14005002
    },
    "status": "ENABLED",
    "submitApproval": true,
    "modifyApproval": false,
    "currExchangeRateType": 2000001,
    "btClass": "SALES",
    "syncPrice": false
  },
  "slsPartnerLinks": [],
  "slsTextLinks": [],
  "slsAttachmentLinks": [],
  "invOrg": {
    "context": {}
  },
  "invLoc": {
    "context": {}
  },
  "priceIdempotent": "8580e254c7d6312754cd2d6d535a6439",
  "addrDetail": "佛山市禅城区季华五路28号",
  "partnerCheck": false,
  "matQualificationCheck": false,
  "whetherPrice": false,
  "priceCalcDate": 1744955522000,
  "btClass": "SALES",
  "isFixedExchRate": false,
  "isFreezeType": "NU_FREEZE"
}
2025-04-21 11:09:28|test_04_operator.test_01_query_order_detail line:119| {
  "id": 16373001,
  "context": {},
  "originOrgId": 0,
  "version": 56,
  "deleted": 0,
  "createdAt": 1744955523000,
  "updatedAt": 1744967790000,
  "createdBy": {
    "id": 540175374525637
  },
  "updatedBy": {
    "id": 540175374525637
  },
  "soCode": "SO001906",
  "soDocDate": 1744905600000,
  "baseCurrId": {
    "id": 2000001,
    "context": {},
    "currCode": "CNY",
    "currName": "人民币"
  },
  "slsCurrId": {
    "id": 2000001,
    "context": {},
    "currCode": "CNY",
    "currName": "人民币"
  },
  "exchRate": 1.0,
  "grossBaseAmt": 17776.0,
  "netBaseAmt": 15730.973451,
  "totalAmt": 17776.0,
  "taxAmt": 2045.026549,
  "soCreateSource": "TERP门户",
  "slsOrgId": {
    "id": 14579001,
    "context": {},
    "orgCode": "AUTOTEST_SLS_ORG",
    "orgName": "销售组织(自动化)"
  },
  "slsComId": {
    "id": 14373001,
    "context": {}
  },
  "slsDcId": {
    "id": 14378001,
    "context": {},
    "code": "AUTOTEST_SLS_DC_ORG",
    "name": "销售渠道(自动化)"
  },
  "soTypeId": {
    "id": 2101001,
    "context": {}
  },
  "custId": {
    "id": 2059001,
    "context": {},
    "custCode": "AUTOTEST_CUST",
    "custName": "客户(自动化)"
  },
  "addrId": {
    "id": 70002638,
    "context": {}
  },
  "custPersonName": "李月汝",
  "custPhone": "18378999655",
  "slsPerson": {
    "id": 14094003,
    "context": {}
  },
  "slsPersonName": "章昂",
  "slsPhone": "17376596912",
  "soStatus": "DRAFT",
  "soBusinessStatus": "INIT",
  "currExchangeRateType": 2000001,
  "soItems": [
    {
      "id": 16295001,
      "context": {},
      "originOrgId": 0,
      "version": 56,
      "deleted": 0,
      "createdAt": 1744955523000,
      "updatedAt": 1744967790000,
      "createdBy": 540175374525637,
      "updatedBy": 540175374525637,
      "soItemCode": "SOI20250418100040",
      "soId": 16373001,
      "soCode": "SO001906",
      "matId": {
        "id": 900000001,
        "context": {}
      },
      "matCode": "TESTMAT1",
      "matName": "测试物料1",
      "soItemSlsQty": 2.0,
      "soItemDelQty": 0.0,
      "soItemTransferQty": 0.0,
      "soItemSettQty": 0.0,
      "soItemOutstandingQty": 2.0,
      "soItemPrice": 7865.486726,
      "soItemGrossPrice": 8888.0,
      "taxRateId": {
        "id": 2002002,
        "context": {}
      },
      "taxRate": 0.13,
      "taxAmt": 2045.026549,
      "grossTradeAmt": 17776.0,
      "netTradeAmt": 15730.973451,
      "soDocDate": 1744955523000,
      "soSchlDelDate": 1744905600000,
      "soItemStatus": "DRAFT",
      "soItemBusinessStatus": "INIT",
      "soItemTypeId": {
        "id": 2103001,
        "context": {}
      },
      "uomSlsId": {
        "id": 2004001,
        "context": {}
      },
      "uomBaseId": {
        "id": 2004001,
        "context": {}
      },
      "soItemBaseQty": 2.0,
      "invOrgId": {
        "id": 14375002,
        "context": {}
      },
      "invLocId": {
        "id": 14376002,
        "context": {}
      },
      "bomWhether": false,
      "bomId": {
        "context": {}
      },
      "weightUomId": {
        "id": 2002011,
        "context": {}
      },
      "grossWeight": 1.11,
      "netWeight": 1.11,
      "volumUomId": {
        "id": 14049001,
        "context": {}
      },
      "matVolum": 1.0,
      "delAddrId": {
        "id": 70002638,
        "context": {}
      },
      "itemNumber": 1,
      "atpCheck": true,
      "parentItemType": {
        "context": {}
      },
      "deliveryModeId": {
        "context": {}
      },
      "serviceVendId": {
        "context": {}
      },
      "expressComId": {
        "context": {}
      },
      "salesPrice": 8888.0,
      "soSchedules": [
        {
          "id": 16306001,
          "context": {},
          "originOrgId": 0,
          "version": 45,
          "deleted": 0,
          "createdAt": 1744955523000,
          "updatedAt": 1744967790000,
          "createdBy": 540175374525637,
          "updatedBy": 540175374525637,
          "soSchlCode": "SOS20250418100017",
          "soId": 16373001,
          "soCode": "SO001906",
          "soItemId": 16295001,
          "soItemCode": "SOI20250418100040",
          "soSchlExptDate": 1744905600000,
          "uomSlsId": {
            "id": 2004001
          },
          "uomBaseId": {
            "id": 2004001
          },
          "soSchlSlsQty": 2.0,
          "soSchlDelQty": 2.0,
          "soSchlConfirmedQty": 2.0,
          "soSchlDelSubQty": 0.0,
          "soSchlTransferQty": 0.0,
          "soSchlSettQty": 0.0,
          "soSchlOutstandingQty": 2.0,
          "soSchlStatus": "DRAFT",
          "soSchlTypeId": {
            "id": 2103001
          }
        }
      ],
      "children": null,
      "slsSoItemTypeCfDTO": {
        "id": 2103001,
        "context": {},
        "originOrgId": 0,
        "version": 201,
        "deleted": 0,
        "createdAt": 1685108592000,
        "updatedAt": 1723441727000,
        "createdBy": 27,
        "updatedBy": 477142386786949,
        "soItemTypeCode": "NORM",
        "soItemTypeName": "常规销售",
        "delRelv": true,
        "autoDelivery": false,
        "checkInvLocRelv": true,
        "status": "ENABLED",
        "isAutomaticComplete": false,
        "isCompletePickControl": false,
        "autoPr": false,
        "autoOutDnPost": false,
        "settlement": true,
        "priceControlType": "STAND"
      },
      "isCompleteSet": false,
      "salesAmt": 17776.0
    }
  ],
  "slsSoTypeCf": {
    "id": 2101001,
    "context": {},
    "originOrgId": 0,
    "version": 65,
    "deleted": 0,
    "createdAt": 1685108645000,
    "updatedAt": 1744178454000,
    "createdBy": 27,
    "updatedBy": 618373053188357,
    "soTypeCode": "STND",
    "soTypeName": "标准销售",
    "soTypeDesc": "标准销售",
    "partnerProcedureHeadRef": {
      "id": 14005002
    },
    "status": "ENABLED",
    "submitApproval": true,
    "modifyApproval": false,
    "currExchangeRateType": 2000001,
    "btClass": "SALES",
    "syncPrice": false
  },
  "slsPartnerLinks": [],
  "slsTextLinks": [],
  "slsAttachmentLinks": [],
  "invOrg": {
    "context": {}
  },
  "invLoc": {
    "context": {}
  },
  "priceIdempotent": "8580e254c7d6312754cd2d6d535a6439",
  "addrDetail": "佛山市禅城区季华五路28号",
  "partnerCheck": false,
  "matQualificationCheck": false,
  "whetherPrice": false,
  "priceCalcDate": 1744955522000,
  "btClass": "SALES",
  "isFixedExchRate": false,
  "isFreezeType": "NU_FREEZE"
}
2025-04-21 11:09:28|base_test._make_request line:135| 发送请求: 销售订单编辑提交
2025-04-21 11:09:28|test_04_operator.test_02_submit_sales_order_edit line:145| {
  "id": 16373001,
  "context": {},
  "originOrgId": 0,
  "version": 56,
  "deleted": 0,
  "createdAt": 1744955523000,
  "updatedAt": 1744967790000,
  "createdBy": {
    "id": 540175374525637
  },
  "updatedBy": {
    "id": 540175374525637
  },
  "soCode": "SO001906",
  "soDocDate": 1744905600000,
  "baseCurrId": {
    "id": 2000001
  },
  "slsCurrId": {
    "id": 2000001
  },
  "exchRate": 1.0,
  "grossBaseAmt": 17776.0,
  "netBaseAmt": 15730.973451327434,
  "totalAmt": 17776.0,
  "taxAmt": 2045.026548672566,
  "soCreateSource": "TERP门户",
  "slsOrgId": {
    "id": 14579001
  },
  "slsComId": {
    "id": 14373001
  },
  "slsDcId": {
    "id": 14378001
  },
  "soTypeId": {
    "id": 2101001
  },
  "custId": {
    "id": 2059001
  },
  "addrId": {
    "id": 70002638
  },
  "custPersonName": "李月汝",
  "custPhone": "18378999655",
  "slsPerson": {
    "id": 14094003
  },
  "slsPersonName": "章昂",
  "slsPhone": "17376596912",
  "soStatus": "DRAFT",
  "soBusinessStatus": "INIT",
  "currExchangeRateType": 2000001,
  "btClass": "SALES",
  "priceCalcDate": 1744955522000,
  "discountAmt": 0,
  "discountInfo": "",
  "slsSoTypeCf": {
    "id": 2101001,
    "context": {},
    "originOrgId": 0,
    "version": 65,
    "deleted": 0,
    "createdAt": 1685108645000,
    "updatedAt": 1744178454000,
    "createdBy": 27,
    "updatedBy": 618373053188357,
    "soTypeCode": "STND",
    "soTypeName": "标准销售",
    "soTypeDesc": "标准销售",
    "partnerProcedureHeadRef": {
      "id": 14005002
    },
    "status": "ENABLED",
    "submitApproval": true,
    "modifyApproval": false,
    "currExchangeRateType": 2000001,
    "btClass": "SALES",
    "syncPrice": false
  },
  "soItems": [
    {
      "id": 16295001,
      "context": {},
      "originOrgId": 0,
      "version": 57,
      "deleted": 0,
      "createdAt": 1744955523000,
      "updatedAt": 1745204969000,
      "createdBy": 540175374525637,
      "updatedBy": 540175374525637,
      "soItemCode": "SOI20250418100040",
      "soId": {
        "id": 16373001
      },
      "soCode": "SO001906",
      "matId": {
        "id": 900000001
      },
      "matCode": "TESTMAT1",
      "matName": "测试物料1",
      "soItemSlsQty": 2.0,
      "soItemDelQty": 0.0,
      "soItemTransferQty": 0.0,
      "soItemSettQty": 0.0,
      "soItemOutstandingQty": 2.0,
      "soItemPrice": 7865.486726,
      "soItemGrossPrice": 8888.0,
      "taxRateId": {
        "id": 2002002
      },
      "taxRate": 0.13,
      "taxAmt": 2045.026549,
      "grossTradeAmt": 17776.0,
      "netTradeAmt": 15730.973451,
      "soDocDate": 1744955523000,
      "soSchlDelDate": 1744905600000,
      "soItemStatus": "DRAFT",
      "soItemBusinessStatus": "INIT",
      "soItemTypeId": {
        "id": 2103001
      },
      "uomSlsId": {
        "id": 2004001
      },
      "uomBaseId": {
        "id": 2004001
      },
      "soItemBaseQty": 2.0,
      "invOrgId": {
        "id": 14375002
      },
      "invLocId": {
        "id": 14376002
      },
      "bomWhether": false,
      "weightUomId": {
        "id": 2002011
      },
      "grossWeight": 1.11,
      "netWeight": 1.11,
      "volumUomId": {
        "id": 14049001
      },
      "matVolum": 1.0,
      "delAddrId": {
        "id": 70002638
      },
      "itemNumber": 1,
      "atpCheck": true,
      "isCompleteSet": false,
      "salesPrice": 8888.0,
      "salesAmt": 17776.0,
      "soSchedules": [
        {
          "id": 16306001,
          "context": {},
          "originOrgId": 0,
          "version": 46,
          "deleted": 0,
          "createdAt": 1744955523000,
          "updatedAt": 1745204969000,
          "createdBy": {
            "id": 540175374525637
          },
          "updatedBy": {
            "id": 540175374525637
          },
          "soSchlCode": "SOS20250418100017",
          "soId": 16373001,
          "soCode": "SO001906",
          "soItemId": {
            "id": 16295001
          },
          "soItemCode": "SOI20250418100040",
          "soSchlExptDate": 1744905600000,
          "uomSlsId": {
            "id": 2004001
          },
          "uomBaseId": {
            "id": 2004001
          },
          "soSchlSlsQty": 2.0,
          "soSchlDelQty": 2.0,
          "soSchlConfirmedQty": 2.0,
          "soSchlDelSubQty": 0.0,
          "soSchlTransferQty": 0.0,
          "soSchlSettQty": 0.0,
          "soSchlOutstandingQty": 2.0,
          "soSchlStatus": "DRAFT",
          "soSchlTypeId": {
            "id": 2103001
          }
        }
      ],
      "slsSoItemTypeCfDTO": {
        "id": 2103001,
        "context": {},
        "originOrgId": 0,
        "version": 201,
        "deleted": 0,
        "createdAt": 1685108592000,
        "updatedAt": 1723441727000,
        "createdBy": 27,
        "updatedBy": 477142386786949,
        "soItemTypeCode": "NORM",
        "soItemTypeName": "常规销售",
        "delRelv": true,
        "autoDelivery": false,
        "checkInvLocRelv": true,
        "status": "ENABLED",
        "isAutomaticComplete": false,
        "isCompletePickControl": false,
        "autoPr": false,
        "autoOutDnPost": false,
        "settlement": true,
        "priceControlType": "STAND"
      },
      "delAddrDetail": "佛山市禅城区季华五路28号",
      "discountAmt": 0.0,
      "discountInfo": ""
    }
  ],
  "slsPartnerLinks": [],
  "slsTextLinks": [],
  "slsAttachmentLinks": [],
  "priceIdempotent": "8580e254c7d6312754cd2d6d535a6439",
  "preCalculate": false,
  "reCalculate": false,
  "addrDetail": "佛山市禅城区季华五路28号",
  "partnerCheck": false,
  "matQualificationCheck": false,
  "whetherPrice": false,
  "submitCheckType": "STANDARD",
  "isFixedExchRate": false
}
2025-04-21 11:09:29|MysqlUtil.connect line:65| 数据库连接成功: rm-bp1f14585v00oh99t.mysql.rds.aliyuncs.com:3306/terp_test
2025-04-21 11:09:29|MysqlUtil.execute_query line:118| 
==================================================
执行SQL查询:
select id,so_code,so_status from sls_so_head_tr where id=16373001
参数: None
结果:
[
  {
    "id": 16373001,
    "so_code": "SO001906",
    "so_status": "EFFECT"
  }
]
==================================================
2025-04-21 11:09:29|MysqlUtil.disconnect line:72| 数据库连接已关闭
2025-04-21 11:09:29|test_04_operator.test_02_submit_sales_order_edit line:150| 销售订单编辑提交成功
2025-04-21 11:09:29|base_test.setup_method line:116| 开始测试: test_03_manual_submit_sales_order
2025-04-21 11:09:29|test_04_operator.test_03_manual_submit_sales_order line:165| 执行查询: 
            SELECT id, so_code, so_status 
            FROM sls_so_head_tr 
            WHERE so_status = 'EFFECT' 
                and so_type_id = 2101001
                AND deleted = 0 order by created_at desc
                LIMIT 1
            
2025-04-21 11:09:29|MysqlUtil.connect line:65| 数据库连接成功: rm-bp1f14585v00oh99t.mysql.rds.aliyuncs.com:3306/terp_test
2025-04-21 11:09:29|MysqlUtil.execute_query line:118| 
==================================================
执行SQL查询:

            SELECT id, so_code, so_status 
            FROM sls_so_head_tr 
            WHERE so_status = 'EFFECT' 
                and so_type_id = 2101001
                AND deleted = 0 order by created_at desc
                LIMIT 1
            
参数: None
结果:
[
  {
    "id": 16377006,
    "so_code": "SO002093",
    "so_status": "EFFECT"
  }
]
==================================================
2025-04-21 11:09:29|MysqlUtil.disconnect line:72| 数据库连接已关闭
2025-04-21 11:09:29|test_04_operator.test_03_manual_submit_sales_order line:171| 找到可提交订单: ID=16377006, 订单号=SO002093
2025-04-21 11:09:29|base_test._make_request line:135| 发送请求: 销售订单手动提交
2025-04-21 11:09:29|test_04_operator.test_03_manual_submit_sales_order line:186| 销售订单列表提交成功
2025-04-21 11:09:29|base_test.setup_method line:116| 开始测试: test_04_cancel_submit_sales_order
2025-04-21 11:09:29|test_04_operator.test_04_cancel_submit_sales_order line:204| 执行查询: 
               SELECT id, so_code, so_status 
            FROM sls_so_head_tr 
            WHERE so_status = 'EFFECT' 
            and so_type_id = 2101001
            and  id not in (select doc_id from del_dn_item_tr  where deleted=0 and doc_id is not null)
            AND deleted = 0 order by created_at desc
            LIMIT 1
        
            
2025-04-21 11:09:29|MysqlUtil.connect line:65| 数据库连接成功: rm-bp1f14585v00oh99t.mysql.rds.aliyuncs.com:3306/terp_test
2025-04-21 11:09:29|MysqlUtil.execute_query line:118| 
==================================================
执行SQL查询:

               SELECT id, so_code, so_status 
            FROM sls_so_head_tr 
            WHERE so_status = 'EFFECT' 
            and so_type_id = 2101001
            and  id not in (select doc_id from del_dn_item_tr  where deleted=0 and doc_id is not null)
            AND deleted = 0 order by created_at desc
            LIMIT 1
        
            
参数: None
结果:
[
  {
    "id": 16377006,
    "so_code": "SO002093",
    "so_status": "EFFECT"
  }
]
==================================================
2025-04-21 11:09:29|MysqlUtil.disconnect line:72| 数据库连接已关闭
2025-04-21 11:09:29|test_04_operator.test_04_cancel_submit_sales_order line:212| 找到已提交订单: ID=16377006, 订单号=SO002093
2025-04-21 11:09:30|test_04_operator.test_04_cancel_submit_sales_order line:231| 取消提交订单响应数据: {
  "requestId": "6e933aa1-983207",
  "success": true,
  "data": {
    "data": {
      "id": 16377006,
      "context": {},
      "partnerCheck": false,
      "matQualificationCheck": false,
      "whetherPrice": false
    }
  }
}
2025-04-21 11:09:30|MysqlUtil.connect line:65| 数据库连接成功: rm-bp1f14585v00oh99t.mysql.rds.aliyuncs.com:3306/terp_test
2025-04-21 11:09:30|MysqlUtil.execute_query line:118| 
==================================================
执行SQL查询:
select id,so_code,so_status from sls_so_head_tr where id=16377006
参数: None
结果:
[
  {
    "id": 16377006,
    "so_code": "SO002093",
    "so_status": "DRAFT"
  }
]
==================================================
2025-04-21 11:09:30|MysqlUtil.disconnect line:72| 数据库连接已关闭
2025-04-21 11:09:30|test_04_operator.test_04_cancel_submit_sales_order line:241| 订单 None 取消提交成功
2025-04-21 11:09:30|base_test.setup_method line:116| 开始测试: test_05_repeal_sales_order
2025-04-21 11:09:30|test_04_operator.test_05_repeal_sales_order line:261| 执行查询: 
            SELECT id, so_code, so_status 
            FROM sls_so_head_tr 
            WHERE so_status = 'EFFECT' 
            and so_type_id = 2101001
            AND deleted = 0 order by created_at desc
            LIMIT 1
            
2025-04-21 11:09:30|MysqlUtil.connect line:65| 数据库连接成功: rm-bp1f14585v00oh99t.mysql.rds.aliyuncs.com:3306/terp_test
2025-04-21 11:09:30|MysqlUtil.execute_query line:118| 
==================================================
执行SQL查询:

            SELECT id, so_code, so_status 
            FROM sls_so_head_tr 
            WHERE so_status = 'EFFECT' 
            and so_type_id = 2101001
            AND deleted = 0 order by created_at desc
            LIMIT 1
            
参数: None
结果:
[
  {
    "id": 16377002,
    "so_code": "SO002079",
    "so_status": "EFFECT"
  }
]
==================================================
2025-04-21 11:09:30|MysqlUtil.disconnect line:72| 数据库连接已关闭
2025-04-21 11:09:30|test_04_operator.test_05_repeal_sales_order line:269| 找到已提交订单: ID=16377002, 订单号=SO002079
2025-04-21 11:09:30|test_04_operator.test_05_repeal_sales_order line:282| 作废订单请求URL: https://t-erp-portal-test.app.terminus.io/api/trantor/service/engine/execute/ERP_SCM$SLS_REPEAL_EVENT_SERVICE?tmodule=ERP_SCM
2025-04-21 11:09:30|test_04_operator.test_05_repeal_sales_order line:283| 作废订单请求数据: {
  "params": {
    "request": {
      "id": 16377002
    }
  }
}
2025-04-21 11:09:30|test_04_operator.test_05_repeal_sales_order line:288| 作废订单响应数据: {
  "requestId": "486d262b-983209",
  "success": true,
  "data": {
    "data": null
  }
}
2025-04-21 11:09:31|MysqlUtil.connect line:65| 数据库连接成功: rm-bp1f14585v00oh99t.mysql.rds.aliyuncs.com:3306/terp_test
2025-04-21 11:09:31|MysqlUtil.execute_query line:118| 
==================================================
执行SQL查询:

            SELECT id, so_code, so_status 
            FROM sls_so_head_tr 
            WHERE id = 16377002
            
参数: None
结果:
[
  {
    "id": 16377002,
    "so_code": "SO002079",
    "so_status": "CANCELLED"
  }
]
==================================================
2025-04-21 11:09:31|MysqlUtil.disconnect line:72| 数据库连接已关闭
2025-04-21 11:09:31|test_04_operator.test_05_repeal_sales_order line:303| 订单 16377002 作废成功
2025-04-21 11:09:31|base_test.setup_method line:116| 开始测试: test_06_freeze_sales_order
2025-04-21 11:09:31|test_04_operator.test_06_freeze_sales_order line:324| 执行查询: 
            SELECT id, so_code, so_status, freeze_type 
            FROM sls_so_head_tr 
            WHERE so_status = 'EFFECT' 
            and so_type_id = 2101001
            AND freeze_type = 'NU_FREEZE'
            AND deleted = 0 order by created_at desc
            LIMIT 1
            
2025-04-21 11:09:31|MysqlUtil.connect line:65| 数据库连接成功: rm-bp1f14585v00oh99t.mysql.rds.aliyuncs.com:3306/terp_test
2025-04-21 11:09:31|MysqlUtil.execute_query line:118| 
==================================================
执行SQL查询:

            SELECT id, so_code, so_status, freeze_type 
            FROM sls_so_head_tr 
            WHERE so_status = 'EFFECT' 
            and so_type_id = 2101001
            AND freeze_type = 'NU_FREEZE'
            AND deleted = 0 order by created_at desc
            LIMIT 1
            
参数: None
结果:
[
  {
    "id": 16376002,
    "so_code": "SO002063",
    "so_status": "EFFECT",
    "freeze_type": "NU_FREEZE"
  }
]
==================================================
2025-04-21 11:09:31|MysqlUtil.disconnect line:72| 数据库连接已关闭
2025-04-21 11:09:31|test_04_operator.test_06_freeze_sales_order line:335| 找到可冻结订单: ID=16376002, 订单号=SO002063
2025-04-21 11:09:31|test_04_operator.test_06_freeze_sales_order line:349| 冻结订单请求URL: https://t-erp-portal-test.app.terminus.io/api/trantor/service/engine/execute/ERP_SCM$SLS_SO_HEAD_FREEZE_EVENT_SERVICE?tmodule=ERP_SCM
2025-04-21 11:09:31|test_04_operator.test_06_freeze_sales_order line:350| 冻结订单请求数据: {
  "params": {
    "request": {
      "id": 16376002
    }
  }
}
2025-04-21 11:09:31|test_04_operator.test_06_freeze_sales_order line:355| 冻结订单响应数据: {
  "requestId": "2a73c26a-983210",
  "success": true,
  "data": {
    "data": null
  }
}
2025-04-21 11:09:31|MysqlUtil.connect line:65| 数据库连接成功: rm-bp1f14585v00oh99t.mysql.rds.aliyuncs.com:3306/terp_test
2025-04-21 11:09:32|MysqlUtil.execute_query line:118| 
==================================================
执行SQL查询:

            SELECT id, so_code, so_status, freeze_type 
            FROM sls_so_head_tr 
            WHERE id = 16376002
            
参数: None
结果:
[
  {
    "id": 16376002,
    "so_code": "SO002063",
    "so_status": "EFFECT",
    "freeze_type": "ALL_FREEZE"
  }
]
==================================================
2025-04-21 11:09:32|MysqlUtil.disconnect line:72| 数据库连接已关闭
2025-04-21 11:09:32|test_04_operator.test_06_freeze_sales_order line:371| 订单 16376002 冻结成功
2025-04-21 11:09:32|base_test.setup_method line:116| 开始测试: test_07_copy_sales_order
2025-04-21 11:09:32|test_04_operator.test_07_copy_sales_order line:391| 执行查询: 
            SELECT id, so_code, so_status 
            FROM sls_so_head_tr 
            WHERE so_status = 'EFFECT' 
            and so_type_id = 2101001
            AND deleted = 0 order by created_at desc
            LIMIT 1
            
2025-04-21 11:09:32|MysqlUtil.connect line:65| 数据库连接成功: rm-bp1f14585v00oh99t.mysql.rds.aliyuncs.com:3306/terp_test
2025-04-21 11:09:32|MysqlUtil.execute_query line:118| 
==================================================
执行SQL查询:

            SELECT id, so_code, so_status 
            FROM sls_so_head_tr 
            WHERE so_status = 'EFFECT' 
            and so_type_id = 2101001
            AND deleted = 0 order by created_at desc
            LIMIT 1
            
参数: None
结果:
[
  {
    "id": 16376002,
    "so_code": "SO002063",
    "so_status": "EFFECT"
  }
]
==================================================
2025-04-21 11:09:32|MysqlUtil.disconnect line:72| 数据库连接已关闭
2025-04-21 11:09:32|test_04_operator.test_07_copy_sales_order line:403| 找到可复制订单: ID=16376002, 订单号=SO002063
2025-04-21 11:09:32|test_04_operator.test_07_copy_sales_order line:417| 复制订单请求URL: https://t-erp-portal-test.app.terminus.io/api/trantor/service/engine/execute/ERP_SCM$SLS_SO_DATA_COPY_EVENT_SERVICE?tmodule=ERP_SCM
2025-04-21 11:09:32|test_04_operator.test_07_copy_sales_order line:418| 复制订单请求数据: {
  "params": {
    "request": {
      "id": "16376002"
    }
  }
}
2025-04-21 11:09:32|test_04_operator.test_07_copy_sales_order line:423| 复制订单响应数据: {
  "requestId": "2a73c26a-983211",
  "success": true,
  "data": {
    "data": {
      "context": {},
      "originOrgId": 0,
      "version": 5,
      "deleted": 0,
      "soCode": "SO002094",
      "soDocDate": 1745204972768,
      "baseCurrId": {
        "id": 2000001,
        "context": {}
      },
      "slsCurrId": {
        "id": 2000001,
        "context": {}
      },
      "exchRate": 1.0,
      "grossBaseAmt": 80.0,
      "netBaseAmt": 70.79646,
      "totalAmt": 80.0,
      "taxAmt": 9.20354,
      "soCreateSource": "TERP门户",
      "slsOrgId": {
        "id": 14579001,
        "context": {}
      },
      "slsComId": {
        "id": 14507001,
        "context": {}
      },
      "slsDcId": {
        "id": 14378001,
        "context": {}
      },
      "soTypeId": {
        "id": 2101001,
        "context": {}
      },
      "custId": {
        "id": 2068001,
        "context": {}
      },
      "addrId": {
        "id": 70035560,
        "context": {}
      },
      "custPersonName": "发货人",
      "custPhone": "18750342567",
      "slsPerson": {
        "id": 14081002,
        "context": {}
      },
      "slsPersonName": "侨威",
      "slsPhone": "13732327438",
      "currExchangeRateType": 2000001,
      "soItems": [
        {
          "context": {},
          "originOrgId": 0,
          "version": 22,
          "deleted": 0,
          "soItemCode": "SOI20250421100051",
          "soCode": "SO002094",
          "matId": {
            "id": 14646001,
            "context": {}
          },
          "matCode": "BF0449Z1_SQW",
          "matName": "北欧表情BOBA棉花糖布艺沙发ASIADES原版复古简约羊羔绒灰三人白G",
          "matBasePrice": 11.0,
          "soItemSlsQty": 4.0,
          "soItemOutstandingQty": 4.0,
          "soItemPrice": 17.699115,
          "soItemGrossPrice": 20.0,
          "taxRateId": {
            "id": 2002002,
            "context": {}
          },
          "taxRate": 0.13,
          "taxAmt": 9.20354,
          "grossTradeAmt": 80.0,
          "netTradeAmt": 70.79646,
          "soDocDate": 1744271629000,
          "soSchlDelDate": 1745164800000,
          "soItemTypeId": {
            "id": 2103001,
            "context": {}
          },
          "uomSlsId": {
            "id": 2000001,
            "context": {}
          },
          "uomBaseId": {
            "id": 2000001,
            "context": {}
          },
          "soItemBaseQty": 4.0,
          "invOrgId": {
            "id": 2127004,
            "context": {}
          },
          "invLocId": {
            "id": 2127005,
            "context": {}
          },
          "bomWhether": false,
          "bomId": {
            "context": {}
          },
          "weightUomId": {
            "id": 2002012,
            "context": {}
          },
          "grossWeight": 11.0,
          "netWeight": 11.0,
          "volumUomId": {
            "id": 14049001,
            "context": {}
          },
          "matVolum": 11.0,
          "delAddrId": {
            "id": 70035560,
            "context": {}
          },
          "delPersonName": "发货人",
          "delPhone": "18750342567",
          "itemNumber": 1,
          "atpCheck": true,
          "parentItemType": {
            "context": {}
          },
          "deliveryModeId": {
            "id": 2001001,
            "context": {}
          },
          "serviceVendId": {
            "id": 2009005,
            "context": {}
          },
          "expressComId": {
            "id": 2000001,
            "context": {}
          },
          "salesPrice": 20.0,
          "children": null,
          "freeze": false,
          "deliveryCompleted": false,
          "delAddrDetail": "合作伙伴发货详细地址",
          "soItemTypeGroupId": 2002001,
          "isCompleteSet": false,
          "discountAmt": 0.0,
          "discountInfo": "",
          "salesAmt": 80.0
        }
      ],
      "slsPartnerLinks": [
        {
          "context": {},
          "originOrgId": 0,
          "version": 1,
          "deleted": 0,
          "createdAt": 1745201154000,
          "updatedAt": 1745201154000,
          "createdBy": 517511681572997,
          "updatedBy": 517511681572997,
          "partnerTypeId": {
            "id": 2000001
          },
          "partnerClass": "CUSTOMER",
          "partnerId": {
            "id": 2068001
          }
        }
      ],
      "invOrg": {
        "id": 2127004,
        "context": {}
      },
      "invLoc": {
        "id": 2127005,
        "context": {}
      },
      "priceIdempotent": "377330a07d04355c4935349c761febf7",
      "addrDetail": "合作伙伴发货详细地址",
      "partnerCheck": false,
      "matQualificationCheck": false,
      "whetherPrice": false,
      "priceCalcDate": 1744271568000,
      "discountAmt": 0.0,
      "discountInfo": "",
      "btClass": "SALES",
      "isFixedExchRate": false,
      "isFreezeType": "NU_FREEZE"
    }
  }
}
2025-04-21 11:09:32|test_04_operator.test_07_copy_sales_order line:435| 订单复制成功，原订单号: SO002063, 新订单号: SO002094
2025-04-21 11:09:32|base_test.setup_method line:116| 开始测试: test_08_submit_copied_sales_order
2025-04-21 11:09:32|test_04_operator.test_07_copy_sales_order line:391| 执行查询: 
            SELECT id, so_code, so_status 
            FROM sls_so_head_tr 
            WHERE so_status = 'EFFECT' 
            and so_type_id = 2101001
            AND deleted = 0 order by created_at desc
            LIMIT 1
            
2025-04-21 11:09:32|MysqlUtil.connect line:65| 数据库连接成功: rm-bp1f14585v00oh99t.mysql.rds.aliyuncs.com:3306/terp_test
2025-04-21 11:09:32|MysqlUtil.execute_query line:118| 
==================================================
执行SQL查询:

            SELECT id, so_code, so_status 
            FROM sls_so_head_tr 
            WHERE so_status = 'EFFECT' 
            and so_type_id = 2101001
            AND deleted = 0 order by created_at desc
            LIMIT 1
            
参数: None
结果:
[
  {
    "id": 16376002,
    "so_code": "SO002063",
    "so_status": "EFFECT"
  }
]
==================================================
2025-04-21 11:09:32|MysqlUtil.disconnect line:72| 数据库连接已关闭
2025-04-21 11:09:32|test_04_operator.test_07_copy_sales_order line:403| 找到可复制订单: ID=16376002, 订单号=SO002063
2025-04-21 11:09:32|test_04_operator.test_07_copy_sales_order line:417| 复制订单请求URL: https://t-erp-portal-test.app.terminus.io/api/trantor/service/engine/execute/ERP_SCM$SLS_SO_DATA_COPY_EVENT_SERVICE?tmodule=ERP_SCM
2025-04-21 11:09:32|test_04_operator.test_07_copy_sales_order line:418| 复制订单请求数据: {
  "params": {
    "request": {
      "id": "16376002"
    }
  }
}
2025-04-21 11:09:32|test_04_operator.test_07_copy_sales_order line:423| 复制订单响应数据: {
  "requestId": "486d262b-983213",
  "success": true,
  "data": {
    "data": {
      "context": {},
      "originOrgId": 0,
      "version": 5,
      "deleted": 0,
      "soCode": "SO002095",
      "soDocDate": 1745204973241,
      "baseCurrId": {
        "id": 2000001,
        "context": {}
      },
      "slsCurrId": {
        "id": 2000001,
        "context": {}
      },
      "exchRate": 1.0,
      "grossBaseAmt": 80.0,
      "netBaseAmt": 70.79646,
      "totalAmt": 80.0,
      "taxAmt": 9.20354,
      "soCreateSource": "TERP门户",
      "slsOrgId": {
        "id": 14579001,
        "context": {}
      },
      "slsComId": {
        "id": 14507001,
        "context": {}
      },
      "slsDcId": {
        "id": 14378001,
        "context": {}
      },
      "soTypeId": {
        "id": 2101001,
        "context": {}
      },
      "custId": {
        "id": 2068001,
        "context": {}
      },
      "addrId": {
        "id": 70035560,
        "context": {}
      },
      "custPersonName": "发货人",
      "custPhone": "18750342567",
      "slsPerson": {
        "id": 14081002,
        "context": {}
      },
      "slsPersonName": "侨威",
      "slsPhone": "13732327438",
      "currExchangeRateType": 2000001,
      "soItems": [
        {
          "context": {},
          "originOrgId": 0,
          "version": 22,
          "deleted": 0,
          "soItemCode": "SOI20250421100052",
          "soCode": "SO002095",
          "matId": {
            "id": 14646001,
            "context": {}
          },
          "matCode": "BF0449Z1_SQW",
          "matName": "北欧表情BOBA棉花糖布艺沙发ASIADES原版复古简约羊羔绒灰三人白G",
          "matBasePrice": 11.0,
          "soItemSlsQty": 4.0,
          "soItemOutstandingQty": 4.0,
          "soItemPrice": 17.699115,
          "soItemGrossPrice": 20.0,
          "taxRateId": {
            "id": 2002002,
            "context": {}
          },
          "taxRate": 0.13,
          "taxAmt": 9.20354,
          "grossTradeAmt": 80.0,
          "netTradeAmt": 70.79646,
          "soDocDate": 1744271629000,
          "soSchlDelDate": 1745164800000,
          "soItemTypeId": {
            "id": 2103001,
            "context": {}
          },
          "uomSlsId": {
            "id": 2000001,
            "context": {}
          },
          "uomBaseId": {
            "id": 2000001,
            "context": {}
          },
          "soItemBaseQty": 4.0,
          "invOrgId": {
            "id": 2127004,
            "context": {}
          },
          "invLocId": {
            "id": 2127005,
            "context": {}
          },
          "bomWhether": false,
          "bomId": {
            "context": {}
          },
          "weightUomId": {
            "id": 2002012,
            "context": {}
          },
          "grossWeight": 11.0,
          "netWeight": 11.0,
          "volumUomId": {
            "id": 14049001,
            "context": {}
          },
          "matVolum": 11.0,
          "delAddrId": {
            "id": 70035560,
            "context": {}
          },
          "delPersonName": "发货人",
          "delPhone": "18750342567",
          "itemNumber": 1,
          "atpCheck": true,
          "parentItemType": {
            "context": {}
          },
          "deliveryModeId": {
            "id": 2001001,
            "context": {}
          },
          "serviceVendId": {
            "id": 2009005,
            "context": {}
          },
          "expressComId": {
            "id": 2000001,
            "context": {}
          },
          "salesPrice": 20.0,
          "children": null,
          "freeze": false,
          "deliveryCompleted": false,
          "delAddrDetail": "合作伙伴发货详细地址",
          "soItemTypeGroupId": 2002001,
          "isCompleteSet": false,
          "discountAmt": 0.0,
          "discountInfo": "",
          "salesAmt": 80.0
        }
      ],
      "slsPartnerLinks": [
        {
          "context": {},
          "originOrgId": 0,
          "version": 1,
          "deleted": 0,
          "createdAt": 1745201154000,
          "updatedAt": 1745201154000,
          "createdBy": 517511681572997,
          "updatedBy": 517511681572997,
          "partnerTypeId": {
            "id": 2000001
          },
          "partnerClass": "CUSTOMER",
          "partnerId": {
            "id": 2068001
          }
        }
      ],
      "invOrg": {
        "id": 2127004,
        "context": {}
      },
      "invLoc": {
        "id": 2127005,
        "context": {}
      },
      "priceIdempotent": "377330a07d04355c4935349c761febf7",
      "addrDetail": "合作伙伴发货详细地址",
      "partnerCheck": false,
      "matQualificationCheck": false,
      "whetherPrice": false,
      "priceCalcDate": 1744271568000,
      "discountAmt": 0.0,
      "discountInfo": "",
      "btClass": "SALES",
      "isFixedExchRate": false,
      "isFreezeType": "NU_FREEZE"
    }
  }
}
2025-04-21 11:09:32|test_04_operator.test_07_copy_sales_order line:435| 订单复制成功，原订单号: SO002063, 新订单号: SO002095
2025-04-21 11:09:32|test_04_operator.test_08_submit_copied_sales_order line:463| 提交复制订单请求URL: https://t-erp-portal-test.app.terminus.io/api/trantor/service/engine/execute/ERP_SCM$SLS_SALES_MANUAL_SAVE_EVENT?tmodule=ERP_SCM
2025-04-21 11:09:32|test_04_operator.test_08_submit_copied_sales_order line:464| 提交复制订单请求数据: {
  "params": {
    "request": {
      "context": {},
      "originOrgId": 0,
      "version": 5,
      "deleted": 0,
      "soCode": "SO002095",
      "soDocDate": 1745204973241,
      "baseCurrId": {
        "id": 2000001,
        "context": {}
      },
      "slsCurrId": {
        "id": 2000001,
        "context": {}
      },
      "exchRate": 1.0,
      "grossBaseAmt": 80.0,
      "netBaseAmt": 70.79646,
      "totalAmt": 80.0,
      "taxAmt": 9.20354,
      "soCreateSource": "TERP门户",
      "slsOrgId": {
        "id": 14579001,
        "context": {}
      },
      "slsComId": {
        "id": 14507001,
        "context": {}
      },
      "slsDcId": {
        "id": 14378001,
        "context": {}
      },
      "soTypeId": {
        "id": 2101001,
        "context": {}
      },
      "custId": {
        "id": 2068001,
        "context": {}
      },
      "addrId": {
        "id": 70035560,
        "context": {}
      },
      "custPersonName": "发货人",
      "custPhone": "18750342567",
      "slsPerson": {
        "id": 14081002,
        "context": {}
      },
      "slsPersonName": "侨威",
      "slsPhone": "13732327438",
      "currExchangeRateType": 2000001,
      "soItems": [
        {
          "context": {},
          "originOrgId": 0,
          "version": 22,
          "deleted": 0,
          "soItemCode": "SOI20250421100052",
          "soCode": "SO002095",
          "matId": {
            "id": 14646001,
            "context": {}
          },
          "matCode": "BF0449Z1_SQW",
          "matName": "北欧表情BOBA棉花糖布艺沙发ASIADES原版复古简约羊羔绒灰三人白G",
          "matBasePrice": 11.0,
          "soItemSlsQty": 4.0,
          "soItemOutstandingQty": 4.0,
          "soItemPrice": 17.699115,
          "soItemGrossPrice": 20.0,
          "taxRateId": {
            "id": 2002002,
            "context": {}
          },
          "taxRate": 0.13,
          "taxAmt": 9.20354,
          "grossTradeAmt": 80.0,
          "netTradeAmt": 70.79646,
          "soDocDate": 1744271629000,
          "soSchlDelDate": 1745164800000,
          "soItemTypeId": {
            "id": 2103001,
            "context": {}
          },
          "uomSlsId": {
            "id": 2000001,
            "context": {}
          },
          "uomBaseId": {
            "id": 2000001,
            "context": {}
          },
          "soItemBaseQty": 4.0,
          "invOrgId": {
            "id": 2127004,
            "context": {}
          },
          "invLocId": {
            "id": 2127005,
            "context": {}
          },
          "bomWhether": false,
          "bomId": {
            "context": {}
          },
          "weightUomId": {
            "id": 2002012,
            "context": {}
          },
          "grossWeight": 11.0,
          "netWeight": 11.0,
          "volumUomId": {
            "id": 14049001,
            "context": {}
          },
          "matVolum": 11.0,
          "delAddrId": {
            "id": 70035560,
            "context": {}
          },
          "delPersonName": "发货人",
          "delPhone": "18750342567",
          "itemNumber": 1,
          "atpCheck": true,
          "parentItemType": {
            "context": {}
          },
          "deliveryModeId": {
            "id": 2001001,
            "context": {}
          },
          "serviceVendId": {
            "id": 2009005,
            "context": {}
          },
          "expressComId": {
            "id": 2000001,
            "context": {}
          },
          "salesPrice": 20.0,
          "children": null,
          "freeze": false,
          "deliveryCompleted": false,
          "delAddrDetail": "合作伙伴发货详细地址",
          "soItemTypeGroupId": 2002001,
          "isCompleteSet": false,
          "discountAmt": 0.0,
          "discountInfo": "",
          "salesAmt": 80.0
        }
      ],
      "slsPartnerLinks": [
        {
          "context": {},
          "originOrgId": 0,
          "version": 1,
          "deleted": 0,
          "createdAt": 1745201154000,
          "updatedAt": 1745201154000,
          "createdBy": 517511681572997,
          "updatedBy": 517511681572997,
          "partnerTypeId": {
            "id": 2000001
          },
          "partnerClass": "CUSTOMER",
          "partnerId": {
            "id": 2068001
          }
        }
      ],
      "invOrg": {
        "id": 2127004,
        "context": {}
      },
      "invLoc": {
        "id": 2127005,
        "context": {}
      },
      "priceIdempotent": "377330a07d04355c4935349c761febf7",
      "addrDetail": "合作伙伴发货详细地址",
      "partnerCheck": false,
      "matQualificationCheck": false,
      "whetherPrice": false,
      "priceCalcDate": 1744271568000,
      "discountAmt": 0.0,
      "discountInfo": "",
      "btClass": "SALES",
      "isFixedExchRate": false,
      "isFreezeType": "NU_FREEZE",
      "syncSubmit": true
    }
  }
}
2025-04-21 11:09:33|test_04_operator.test_08_submit_copied_sales_order line:469| 提交复制订单响应数据: {
  "requestId": "486d262b-983214",
  "success": true,
  "data": {
    "data": {
      "id": 16377007,
      "context": {},
      "originOrgId": 0,
      "version": 5,
      "deleted": 0,
      "soCode": "SO002095",
      "soDocDate": 1745204973241,
      "baseCurrId": {
        "id": 2000001
      },
      "slsCurrId": {
        "id": 2000001
      },
      "exchRate": 1.0,
      "grossBaseAmt": 80.0,
      "netBaseAmt": 70.796460176991,
      "totalAmt": 80.0,
      "taxAmt": 9.203539823009,
      "soCreateSource": "TERP门户",
      "slsOrgId": {
        "id": 14579001
      },
      "slsComId": {
        "id": 14507001
      },
      "slsDcId": {
        "id": 14378001
      },
      "soTypeId": {
        "id": 2101001
      },
      "custId": {
        "id": 2068001
      },
      "addrId": {
        "id": 70035560
      },
      "custPersonName": "发货人",
      "custPhone": "18750342567",
      "slsPerson": {
        "id": 14081002
      },
      "slsPersonName": "侨威",
      "slsPhone": "13732327438",
      "currExchangeRateType": 2000001,
      "btClass": "SALES",
      "invOrg": {
        "id": 2127004
      },
      "invLoc": {
        "id": 2127005
      },
      "priceCalcDate": 1744271568000,
      "discountAmt": 0,
      "discountInfo": "",
      "slsSoTypeCf": {
        "id": 2101001,
        "context": {},
        "originOrgId": 0,
        "version": 65,
        "deleted": 0,
        "createdAt": 1685108645000,
        "updatedAt": 1744178454000,
        "createdBy": 27,
        "updatedBy": 618373053188357,
        "soTypeCode": "STND",
        "soTypeName": "标准销售",
        "soTypeDesc": "标准销售",
        "partnerProcedureHeadRef": {
          "id": 14005002
        },
        "status": "ENABLED",
        "submitApproval": true,
        "modifyApproval": false,
        "currExchangeRateType": 2000001,
        "btClass": "SALES",
        "syncPrice": false
      },
      "soItems": [
        {
          "id": 16299011,
          "context": {},
          "originOrgId": 0,
          "version": 22,
          "deleted": 0,
          "soItemCode": "SOI20250421100052",
          "soId": {
            "id": 16377007
          },
          "soCode": "SO002095",
          "matId": {
            "id": 14646001
          },
          "matCode": "BF0449Z1_SQW",
          "matName": "北欧表情BOBA棉花糖布艺沙发ASIADES原版复古简约羊羔绒灰三人白G",
          "matBasePrice": 11.0,
          "soItemSlsQty": 4.0,
          "soItemDelQty": 0.0,
          "soItemTransferQty": 0.0,
          "soItemSettQty": 0.0,
          "soItemOutstandingQty": 4.0,
          "soItemPrice": 17.699115,
          "soItemGrossPrice": 20.0,
          "taxRateId": {
            "id": 2002002
          },
          "taxRate": 0.13,
          "taxAmt": 9.20354,
          "grossTradeAmt": 80.0,
          "netTradeAmt": 70.79646,
          "soDocDate": 1744271629000,
          "soSchlDelDate": 1745164800000,
          "soItemTypeId": {
            "id": 2103001
          },
          "uomSlsId": {
            "id": 2000001
          },
          "uomBaseId": {
            "id": 2000001
          },
          "soItemBaseQty": 4.0,
          "invOrgId": {
            "id": 2127004
          },
          "invLocId": {
            "id": 2127005
          },
          "bomWhether": false,
          "weightUomId": {
            "id": 2002012
          },
          "grossWeight": 11.0,
          "netWeight": 11.0,
          "volumUomId": {
            "id": 14049001
          },
          "matVolum": 11.0,
          "delAddrId": {
            "id": 70035560
          },
          "delPersonName": "发货人",
          "delPhone": "18750342567",
          "itemNumber": 1,
          "atpCheck": true,
          "isCompleteSet": false,
          "deliveryModeId": {
            "id": 2001001
          },
          "serviceVendId": {
            "id": 2009005
          },
          "expressComId": {
            "id": 2000001
          },
          "salesPrice": 20.0,
          "salesAmt": 80.0,
          "soSchedules": [
            {
              "id": 16310011,
              "context": {},
              "soSchlCode": "SOS20250421100027",
              "soId": 16377007,
              "soCode": "SO002095",
              "soItemId": {
                "id": 16299011
              },
              "soItemCode": "SOI20250421100052",
              "soSchlExptDate": 1745164800000,
              "uomSlsId": {
                "id": 2000001
              },
              "uomBaseId": {
                "id": 2000001
              },
              "soSchlSlsQty": 4.0,
              "soSchlDelQty": 4.0,
              "soSchlConfirmedQty": 4.0,
              "soSchlDelSubQty": 0.0,
              "soSchlTransferQty": 0.0,
              "soSchlSettQty": 0.0,
              "soSchlOutstandingQty": 4.0,
              "soSchlTypeId": {
                "id": 2103001
              },
              "originOrgId": 0,
              "version": 1,
              "deleted": 0,
              "createdAt": 1745204974000,
              "updatedAt": 1745204974000,
              "createdBy": {
                "id": 540175374525637
              },
              "updatedBy": {
                "id": 540175374525637
              },
              "soSchlStatus": "DRAFT"
            }
          ],
          "slsSoItemTypeCfDTO": {
            "id": 2103001,
            "context": {},
            "originOrgId": 0,
            "version": 201,
            "deleted": 0,
            "createdAt": 1685108592000,
            "updatedAt": 1723441727000,
            "createdBy": 27,
            "updatedBy": 477142386786949,
            "soItemTypeCode": "NORM",
            "soItemTypeName": "常规销售",
            "delRelv": true,
            "autoDelivery": false,
            "checkInvLocRelv": true,
            "status": "ENABLED",
            "isAutomaticComplete": false,
            "isCompletePickControl": false,
            "autoPr": false,
            "autoOutDnPost": false,
            "settlement": true,
            "priceControlType": "STAND"
          },
          "freeze": false,
          "deliveryCompleted": false,
          "delAddrDetail": "合作伙伴发货详细地址",
          "soItemTypeGroupId": 2002001,
          "discountAmt": 0.0,
          "discountInfo": "",
          "createdAt": 1745204974000,
          "updatedAt": 1745204974000,
          "createdBy": 540175374525637,
          "updatedBy": 540175374525637,
          "soItemStatus": "DRAFT"
        }
      ],
      "slsPartnerLinks": [
        {
          "id": 16221006,
          "context": {},
          "originOrgId": 0,
          "version": 1,
          "deleted": 0,
          "createdAt": 1745201154000,
          "updatedAt": 1745201154000,
          "createdBy": 517511681572997,
          "updatedBy": 517511681572997,
          "soId": 16377007,
          "partnerTypeId": {
            "id": 2000001
          },
          "partnerClass": "CUSTOMER",
          "partnerId": {
            "id": 2068001
          }
        }
      ],
      "preDocIdempotent": "377330a07d04355c4935349c761febf7",
      "priceIdempotent": "2dff752f14ea4414b5753bae3140deb5",
      "preCalculate": false,
      "reCalculate": false,
      "addrDetail": "合作伙伴发货详细地址",
      "partnerCheck": false,
      "matQualificationCheck": false,
      "whetherPrice": false,
      "submitCheckType": "STANDARD",
      "isFixedExchRate": false,
      "isFreezeType": "NU_FREEZE",
      "slsTextLinks": [],
      "slsAttachmentLinks": []
    }
  }
}
2025-04-21 11:09:33|test_04_operator.test_08_submit_copied_sales_order line:479| 复制订单提交成功，订单号: SO002095
2025-04-21 11:10:07|MysqlUtil.__init__ line:42| 数据库管理器初始化完成，运行时模式: False
2025-04-21 11:10:07|MysqlUtil.__init__ line:42| 数据库管理器初始化完成，运行时模式: False
2025-04-21 11:10:07|LogUtil.info line:33| 文件缓存命中：使用缓存的SCM初始化数据
2025-04-21 11:10:07|base_test.setup_class line:49| 初始化数据: {'user_info': {'id': 540175374525637, 'username': 'zhangang', 'mobile': '17376596912', 'nickname': '章昂'}, 'base_info': {'user_info': {'id': 540175374525637, 'username': 'zhangang', 'mobile': '17376596912', 'nickname': '章昂'}, 'country_info': {'coun_id': 14037001, 'coun_code': 'CHINA', 'coun_name': '中国'}, 'currency_info': {'curr_id': 2000001, 'curr_code': 'CNY', 'curr_name': '人民币'}, 'language_info': {'language_id': 2000001, 'language_code': 'CHINESE', 'language_name': '中文'}, 'timezone_info': {'timezone_id': 2000001, 'timezone_code': 'UTC-8', 'timezone_desc': '东八区'}, 'exchange_rate_type_info': {'exchange_rate_type_id': 2000001, 'exchange_rate_type_code': 'HR', 'exchange_rate_type_name': '固定汇率'}, 'tax_type_info': {'tax_type_id': 2002001, 'tax_code': 'CN_PUR_01', 'tax': 13.0, 'taxcate': 'J'}, 'coun_tax_type_info': {'coun_tax_type_id': 2000001, 'tax_type_code': 'TAX_CN', 'tax_type_name': '中国税收类别'}, 'uom_info': {'uom_id': 2000001, 'uom_code': 'PC', 'uom_type': 'QTY', 'uom_desc': '个'}, 'bank_info': {'bank_id': 1000001, 'bank_code': 'HB', 'bank_name': '湖北银行', 'bank_mne_code': None}, 'work_calendar_info': {'wc_id': 2001004, 'wc_head_code': 'GZRL001', 'wc_head_name': '标准工作日历', 'enable_status': 'ENABLED'}, 'calendar_info': {'calendar_id': 14014001, 'calendar_code': '2024Y', 'calendar_name': '勿删勿改-标准会计期间', 'status': 'ENABLED'}, 'employee_info': {'id': 14082001, 'name': 'admin'}, 'sales_channel_info': {'id': 14378001, 'code': 'AUTOTEST_SLS_DC_ORG', 'name': '销售渠道(自动化)'}, 'so_type_info': {'id': 2101001, 'so_type_code': 'STND', 'so_type_name': '标准销售'}}, 'org_info': {'group_org_info': {'id': 14507001, 'org_code': 'AUTOTEST_GR_ORG', 'org_name': '集团(自动化)', 'org_status': 'ENABLED', 'org_dimension_code': 'SCM_ORG_GRP', 'org_business_type_code': None}, 'adm_org_info': {'id': 14432002, 'org_code': 'AUTOTEST_ADM_ORG', 'org_name': '行政组织(自动化)', 'org_status': 'ENABLED', 'org_dimension_code': 'ADM_ORG_GRP', 'org_business_type_codes': '["ADM_ORG"]'}, 'com_org_info': {'id': 14373001, 'org_code': 'AUTOTEST_COM_ORG', 'org_name': '公司组织(自动化)', 'org_status': 'ENABLED', 'org_dimension_code': 'SCM_ORG_GRP', 'org_business_type_code': 'COM_ORG'}, 'pur_org_info': {'id': 14376001, 'org_code': 'AUTOTEST_PUR_ORG', 'org_name': '采购组织(自动化)', 'org_status': 'ENABLED', 'org_dimension_code': 'SCM_ORG_GRP', 'org_business_type_code': 'PUR_ORG'}, 'inv_org_info': {'id': 14375002, 'org_code': 'AUTOTEST_INV_ORG', 'org_name': '库存组织(自动化)', 'org_status': 'ENABLED', 'org_dimension_code': 'SCM_ORG_GRP', 'org_business_type_code': 'INV_ORG'}, 'sls_org_info': {'id': 14377001, 'org_code': 'AUTOTEST_SLS_ORG', 'org_name': '销售组织(自动化)', 'org_status': 'ENABLED', 'org_dimension_code': 'SCM_ORG_GRP', 'org_business_type_code': 'SLS_ORG'}, 'dept_org_info': {'id': 14420004}, 'pln_org_info': {'id': 88884}}, 'partner_info': {'cust_tax_type_info': {'cust_tax_type_id': 2000001, 'tax_class_code': 'SMB', 'tax_class_desc': '小规模纳税人'}, 'vend_info': {'id': 2058001, 'code': 'AUTOTEST_VEND', 'name': '供应商(自动化)', 'status': 'ENABLED'}, 'cust_info': {'id': 2059001, 'code': 'AUTOTEST_CUST', 'name': '客户(自动化)', 'status': 'ENABLED'}}, 'material_info': {'mat_tax_type_info': {'mat_tax_type_id': 2001001, 'tax_class_code': 'NORM', 'tax_class_desc': '销售或者进口货物'}, 'inv_loc_info': {'id': 14376002, 'org_code': 'AUTOTEST_INV_LOC_ORG', 'org_name': '库存地点(自动化)', 'org_status': 'ENABLED', 'org_dimension_code': 'SCM_ORG_GRP', 'org_business_type_code': 'INV_LOC'}, 'atp_group_info': {'id': 2000001}, 'inv_type_info': {'id': 2000001, 'name': '非限制', 'code': '10'}}}
2025-04-21 11:10:07|LogUtil.info line:33| 测试类初始化完成
2025-04-21 11:10:07|base_test.setup_method line:116| 开始测试: test_01_query_order_type
2025-04-21 11:10:07|test_00_config_check.setup_method line:35| 开始执行测试方法: test_01_query_order_type
2025-04-21 11:10:07|test_00_config_check.test_01_query_order_type line:59| 
准备发送请求...
2025-04-21 11:10:07|base_test._make_request line:135| 发送请求: 查询订单类型配置
2025-04-21 11:10:07|base_test._make_request line:151| 请求失败: 500 Server Error: Internal Server Error for url: https://t-erp-portal-test.app.terminus.io/api/trantor/service/engine/execute/ERP_SCM$SYS_PagingDataService
2025-04-21 11:10:07|base_test.setup_method line:116| 开始测试: test_02_query_order_type_detail
2025-04-21 11:10:07|test_00_config_check.setup_method line:35| 开始执行测试方法: test_02_query_order_type_detail
2025-04-21 11:10:07|test_00_config_check.test_02_query_order_type_detail line:90| 未获取到STND记录的ID，无法执行详情查询测试
2025-04-21 11:11:56|MysqlUtil.__init__ line:42| 数据库管理器初始化完成，运行时模式: False
2025-04-21 11:11:56|MysqlUtil.__init__ line:42| 数据库管理器初始化完成，运行时模式: False
2025-04-21 11:11:56|LogUtil.info line:33| 文件缓存命中：使用缓存的SCM初始化数据
2025-04-21 11:11:56|base_test.setup_class line:49| 初始化数据: {'user_info': {'id': 540175374525637, 'username': 'zhangang', 'mobile': '17376596912', 'nickname': '章昂'}, 'base_info': {'user_info': {'id': 540175374525637, 'username': 'zhangang', 'mobile': '17376596912', 'nickname': '章昂'}, 'country_info': {'coun_id': 14037001, 'coun_code': 'CHINA', 'coun_name': '中国'}, 'currency_info': {'curr_id': 2000001, 'curr_code': 'CNY', 'curr_name': '人民币'}, 'language_info': {'language_id': 2000001, 'language_code': 'CHINESE', 'language_name': '中文'}, 'timezone_info': {'timezone_id': 2000001, 'timezone_code': 'UTC-8', 'timezone_desc': '东八区'}, 'exchange_rate_type_info': {'exchange_rate_type_id': 2000001, 'exchange_rate_type_code': 'HR', 'exchange_rate_type_name': '固定汇率'}, 'tax_type_info': {'tax_type_id': 2002001, 'tax_code': 'CN_PUR_01', 'tax': 13.0, 'taxcate': 'J'}, 'coun_tax_type_info': {'coun_tax_type_id': 2000001, 'tax_type_code': 'TAX_CN', 'tax_type_name': '中国税收类别'}, 'uom_info': {'uom_id': 2000001, 'uom_code': 'PC', 'uom_type': 'QTY', 'uom_desc': '个'}, 'bank_info': {'bank_id': 1000001, 'bank_code': 'HB', 'bank_name': '湖北银行', 'bank_mne_code': None}, 'work_calendar_info': {'wc_id': 2001004, 'wc_head_code': 'GZRL001', 'wc_head_name': '标准工作日历', 'enable_status': 'ENABLED'}, 'calendar_info': {'calendar_id': 14014001, 'calendar_code': '2024Y', 'calendar_name': '勿删勿改-标准会计期间', 'status': 'ENABLED'}, 'employee_info': {'id': 14082001, 'name': 'admin'}, 'sales_channel_info': {'id': 14378001, 'code': 'AUTOTEST_SLS_DC_ORG', 'name': '销售渠道(自动化)'}, 'so_type_info': {'id': 2101001, 'so_type_code': 'STND', 'so_type_name': '标准销售'}}, 'org_info': {'group_org_info': {'id': 14507001, 'org_code': 'AUTOTEST_GR_ORG', 'org_name': '集团(自动化)', 'org_status': 'ENABLED', 'org_dimension_code': 'SCM_ORG_GRP', 'org_business_type_code': None}, 'adm_org_info': {'id': 14432002, 'org_code': 'AUTOTEST_ADM_ORG', 'org_name': '行政组织(自动化)', 'org_status': 'ENABLED', 'org_dimension_code': 'ADM_ORG_GRP', 'org_business_type_codes': '["ADM_ORG"]'}, 'com_org_info': {'id': 14373001, 'org_code': 'AUTOTEST_COM_ORG', 'org_name': '公司组织(自动化)', 'org_status': 'ENABLED', 'org_dimension_code': 'SCM_ORG_GRP', 'org_business_type_code': 'COM_ORG'}, 'pur_org_info': {'id': 14376001, 'org_code': 'AUTOTEST_PUR_ORG', 'org_name': '采购组织(自动化)', 'org_status': 'ENABLED', 'org_dimension_code': 'SCM_ORG_GRP', 'org_business_type_code': 'PUR_ORG'}, 'inv_org_info': {'id': 14375002, 'org_code': 'AUTOTEST_INV_ORG', 'org_name': '库存组织(自动化)', 'org_status': 'ENABLED', 'org_dimension_code': 'SCM_ORG_GRP', 'org_business_type_code': 'INV_ORG'}, 'sls_org_info': {'id': 14377001, 'org_code': 'AUTOTEST_SLS_ORG', 'org_name': '销售组织(自动化)', 'org_status': 'ENABLED', 'org_dimension_code': 'SCM_ORG_GRP', 'org_business_type_code': 'SLS_ORG'}, 'dept_org_info': {'id': 14420004}, 'pln_org_info': {'id': 88884}}, 'partner_info': {'cust_tax_type_info': {'cust_tax_type_id': 2000001, 'tax_class_code': 'SMB', 'tax_class_desc': '小规模纳税人'}, 'vend_info': {'id': 2058001, 'code': 'AUTOTEST_VEND', 'name': '供应商(自动化)', 'status': 'ENABLED'}, 'cust_info': {'id': 2059001, 'code': 'AUTOTEST_CUST', 'name': '客户(自动化)', 'status': 'ENABLED'}}, 'material_info': {'mat_tax_type_info': {'mat_tax_type_id': 2001001, 'tax_class_code': 'NORM', 'tax_class_desc': '销售或者进口货物'}, 'inv_loc_info': {'id': 14376002, 'org_code': 'AUTOTEST_INV_LOC_ORG', 'org_name': '库存地点(自动化)', 'org_status': 'ENABLED', 'org_dimension_code': 'SCM_ORG_GRP', 'org_business_type_code': 'INV_LOC'}, 'atp_group_info': {'id': 2000001}, 'inv_type_info': {'id': 2000001, 'name': '非限制', 'code': '10'}}}
2025-04-21 11:11:56|LogUtil.info line:33| 测试类初始化完成
2025-04-21 11:11:56|test_00_config_check.test_01_query_order_type line:59| 
准备发送请求...
2025-04-21 11:11:56|base_test._make_request line:135| 发送请求: 查询订单类型配置
2025-04-21 11:11:56|base_test._make_request line:151| 请求失败: 500 Server Error: Internal Server Error for url: https://t-erp-portal-test.app.terminus.io/api/trantor/service/engine/execute/ERP_SCM$SYS_PagingDataService
2025-04-21 11:16:12|MysqlUtil.__init__ line:42| 数据库管理器初始化完成，运行时模式: False
2025-04-21 11:16:12|MysqlUtil.__init__ line:42| 数据库管理器初始化完成，运行时模式: False
2025-04-21 11:16:12|LogUtil.info line:33| 文件缓存命中：使用缓存的SCM初始化数据
2025-04-21 11:16:12|ExceptionUtil.wrapper line:196| 类方法 setup_class 执行出错: type object 'TestOrderTypeConfig' has no attribute 'base_url'
2025-04-21 11:16:12|ExceptionUtil.wrapper line:197| 异常堆栈:
Traceback (most recent call last):
  File "/Users/anson/Documents/Erda-project/erp-autoest/utils/ExceptionUtil.py", line 190, in wrapper
    return func(cls, *args, **kwargs)
           ^^^^^^^^^^^^^^^^^^^^^^^^^^
  File "/Users/anson/Documents/Erda-project/erp-autoest/testcases/SCM/base_test.py", line 78, in setup_class
    'Referer': f"{cls.base_url}/TERP_PORTAL-TERP",
                  ^^^^^^^^^^^^
AttributeError: type object 'TestOrderTypeConfig' has no attribute 'base_url'

2025-04-21 11:17:06|MysqlUtil.__init__ line:42| 数据库管理器初始化完成，运行时模式: False
2025-04-21 11:17:06|MysqlUtil.__init__ line:42| 数据库管理器初始化完成，运行时模式: False
2025-04-21 11:17:06|LogUtil.info line:33| 文件缓存命中：使用缓存的SCM初始化数据
2025-04-21 11:17:06|LogUtil.info line:33| 测试类初始化完成
2025-04-21 11:17:06|test_00_config_check.test_01_query_order_type line:59| 
准备发送请求...
2025-04-21 11:17:06|base_test._make_request line:146| 发送请求: 查询订单类型配置
2025-04-21 11:17:06|base_test._make_request line:162| 请求失败: 500 Server Error: Internal Server Error for url: https://t-erp-portal-test.app.terminus.io/api/trantor/service/engine/execute/ERP_SCM$SYS_PagingDataService
2025-04-21 11:17:16|MysqlUtil.__init__ line:42| 数据库管理器初始化完成，运行时模式: False
2025-04-21 11:17:16|MysqlUtil.__init__ line:42| 数据库管理器初始化完成，运行时模式: False
2025-04-21 11:17:16|LogUtil.info line:33| 文件缓存命中：使用缓存的SCM初始化数据
2025-04-21 11:17:17|LogUtil.info line:33| 测试类初始化完成
2025-04-21 11:17:17|test_00_config_check.test_01_query_order_type line:59| 
准备发送请求...
2025-04-21 11:17:17|base_test._make_request line:146| 发送请求: 查询订单类型配置
2025-04-21 11:17:17|base_test._make_request line:162| 请求失败: 500 Server Error: Internal Server Error for url: https://t-erp-portal-test.app.terminus.io/api/trantor/service/engine/execute/ERP_SCM$SYS_PagingDataService
2025-04-21 11:17:54|MysqlUtil.__init__ line:42| 数据库管理器初始化完成，运行时模式: False
2025-04-21 11:17:54|MysqlUtil.__init__ line:42| 数据库管理器初始化完成，运行时模式: False
2025-04-21 11:17:54|LogUtil.info line:33| 文件缓存命中：使用缓存的SCM初始化数据
2025-04-21 11:17:55|LogUtil.info line:33| 测试类初始化完成
2025-04-21 11:17:55|test_00_config_check.test_01_query_order_type line:59| 
准备发送请求...
2025-04-21 11:17:55|base_test._make_request line:146| 发送请求: 查询订单类型配置
2025-04-21 11:17:55|base_test._make_request line:162| 请求失败: 500 Server Error: Internal Server Error for url: https://t-erp-portal-test.app.terminus.io/api/trantor/service/engine/execute/ERP_SCM$SYS_PagingDataService
2025-04-21 11:18:28|MysqlUtil.__init__ line:42| 数据库管理器初始化完成，运行时模式: False
2025-04-21 11:18:28|MysqlUtil.__init__ line:42| 数据库管理器初始化完成，运行时模式: False
2025-04-21 11:18:28|LogUtil.info line:33| 文件缓存命中：使用缓存的SCM初始化数据
2025-04-21 11:18:29|LogUtil.info line:33| 测试类初始化完成
2025-04-21 11:18:29|test_00_config_check.test_01_query_order_type line:59| 
准备发送请求...
2025-04-21 11:18:29|base_test._make_request line:146| 发送请求: 查询订单类型配置
2025-04-21 11:18:29|base_test._make_request line:162| 请求失败: 500 Server Error: Internal Server Error for url: https://t-erp-portal-test.app.terminus.io/api/trantor/service/engine/execute/ERP_SCM$SYS_PagingDataService
2025-04-21 11:29:48|MysqlUtil.__init__ line:42| 数据库管理器初始化完成，运行时模式: False
2025-04-21 11:29:48|MysqlUtil.__init__ line:42| 数据库管理器初始化完成，运行时模式: False
2025-04-21 11:29:48|LogUtil.info line:33| 文件缓存命中：使用缓存的SCM初始化数据
2025-04-21 11:29:48|LogUtil.info line:33| 测试类初始化完成
2025-04-21 11:29:48|test_00_config_check.test_01_query_order_type line:59| 
准备发送请求...
2025-04-21 11:29:48|base_test._make_request line:156| 发送请求: 查询订单类型配置
2025-04-21 11:29:48|base_test._make_request line:172| 请求失败: 500 Server Error: Internal Server Error for url: https://t-erp-portal-test.app.terminus.io/api/trantor/service/engine/execute/ERP_SCM$SYS_PagingDataService
2025-04-21 11:31:19|MysqlUtil.__init__ line:42| 数据库管理器初始化完成，运行时模式: False
2025-04-21 11:31:19|MysqlUtil.__init__ line:42| 数据库管理器初始化完成，运行时模式: False
2025-04-21 11:31:19|LogUtil.info line:33| 文件缓存命中：使用缓存的SCM初始化数据
2025-04-21 11:31:19|LogUtil.info line:33| 测试类初始化完成
2025-04-21 11:31:19|test_00_config_check.test_01_query_order_type line:59| 
准备发送请求...
2025-04-21 11:31:19|base_test._make_request line:156| 发送请求: 查询订单类型配置
2025-04-21 11:31:19|base_test._make_request line:172| 请求失败: 500 Server Error: Internal Server Error for url: https://t-erp-portal-test.app.terminus.io/api/trantor/service/engine/execute/ERP_SCM$SYS_PagingDataService
2025-04-21 11:47:41|MysqlUtil.__init__ line:42| 数据库管理器初始化完成，运行时模式: False
2025-04-21 11:47:41|MysqlUtil.__init__ line:42| 数据库管理器初始化完成，运行时模式: False
2025-04-21 11:47:41|LogUtil.info line:33| 文件缓存命中：使用缓存的SCM初始化数据
2025-04-21 11:47:42|LogUtil.info line:33| 测试类初始化完成
2025-04-21 11:47:42|test_00_config_check.test_01_query_order_type line:59| 
准备发送请求...
2025-04-21 11:47:42|base_test._make_request line:156| 发送请求: 查询订单类型配置
2025-04-21 11:47:42|base_test._make_request line:172| 请求失败: 500 Server Error: Internal Server Error for url: https://t-erp-portal-test.app.terminus.io/api/trantor/service/engine/execute/ERP_SCM$SYS_PagingDataService
2025-04-21 11:49:12|MysqlUtil.__init__ line:42| 数据库管理器初始化完成，运行时模式: False
2025-04-21 11:49:12|MysqlUtil.__init__ line:42| 数据库管理器初始化完成，运行时模式: False
2025-04-21 11:49:12|LogUtil.info line:33| 文件缓存命中：使用缓存的SCM初始化数据
2025-04-21 11:49:14|LogUtil.info line:33| 测试类初始化完成
2025-04-21 11:49:14|test_00_config_check.test_01_query_order_type line:65| 
准备发送请求...
2025-04-21 11:49:14|base_test._make_request line:156| 发送请求: 查询订单类型配置
2025-04-21 11:49:14|base_test._make_request line:172| 请求失败: 500 Server Error: Internal Server Error for url: https://t-erp-portal-test.app.terminus.io/api/trantor/service/engine/execute/ERP_SCM$SYS_PagingDataService
2025-04-21 11:53:36|MysqlUtil.__init__ line:42| 数据库管理器初始化完成，运行时模式: False
2025-04-21 11:53:36|MysqlUtil.__init__ line:42| 数据库管理器初始化完成，运行时模式: False
2025-04-21 11:53:36|LogUtil.info line:33| 文件缓存命中：使用缓存的SCM初始化数据
2025-04-21 11:53:37|LogUtil.info line:33| 测试类初始化完成
2025-04-21 11:53:37|test_00_config_check.test_01_query_order_type line:59| 
准备发送请求...
2025-04-21 11:53:37|base_test._make_request line:155| 发送请求: 查询订单类型配置
2025-04-21 11:54:45|MysqlUtil.__init__ line:42| 数据库管理器初始化完成，运行时模式: False
2025-04-21 11:54:45|MysqlUtil.__init__ line:42| 数据库管理器初始化完成，运行时模式: False
2025-04-21 11:54:45|LogUtil.info line:33| 文件缓存命中：使用缓存的SCM初始化数据
2025-04-21 11:54:47|LogUtil.info line:33| 测试类初始化完成
2025-04-21 11:54:47|test_00_config_check.test_01_query_order_type line:59| 
准备发送请求...
2025-04-21 11:54:47|base_test._make_request line:155| 发送请求: 查询订单类型配置
2025-04-21 11:56:57|MysqlUtil.__init__ line:42| 数据库管理器初始化完成，运行时模式: False
2025-04-21 11:56:57|MysqlUtil.__init__ line:42| 数据库管理器初始化完成，运行时模式: False
2025-04-21 11:56:57|LogUtil.info line:33| 文件缓存命中：使用缓存的SCM初始化数据
2025-04-21 11:56:58|LogUtil.info line:33| 测试类初始化完成
2025-04-21 11:56:58|test_00_config_check.test_01_query_order_type line:59| 
准备发送请求...
2025-04-21 11:56:58|base_test._make_request line:155| 发送请求: 查询订单类型配置
2025-04-21 11:58:00|MysqlUtil.__init__ line:42| 数据库管理器初始化完成，运行时模式: False
2025-04-21 11:58:00|MysqlUtil.__init__ line:42| 数据库管理器初始化完成，运行时模式: False
2025-04-21 11:58:00|LogUtil.info line:33| 文件缓存命中：使用缓存的SCM初始化数据
2025-04-21 11:58:00|LogUtil.info line:33| 测试类初始化完成
2025-04-21 11:58:00|test_00_config_check.test_01_query_order_type line:59| 
准备发送请求...
2025-04-21 11:58:00|base_test._make_request line:155| 发送请求: 查询订单类型配置
2025-04-21 11:58:01|test_00_config_check.test_01_query_order_type line:70| 找到STND记录: {"soTypeCode": "STND", "soTypeName": "标准销售", "partnerProcedureHeadRef": {"id": 14005002}, "attachmentProcedureHeadRef": null, "status": "ENABLED", "soTypeDesc": "标准销售", "genTextTypeRef": null, "isRev": false, "isSubmitApproval": true, "isModifyApproval": false, "currExchangeRateType": {"id": 2000001}, "btClass": "SALES", "effectiveDays": null, "syncPrice": false, "isDefault": false, "id": 2101001, "createdBy": {"id": 27}, "updatedBy": {"id": 618373053188357}, "createdAt": 1685108645000, "updatedAt": 1744178454000, "version": 65, "deleted": 0, "originOrgId": 0}
2025-04-21 11:58:01|test_00_config_check.test_01_query_order_type line:81| 
找到STND记录：{
  "soTypeCode": "STND",
  "soTypeName": "标准销售",
  "partnerProcedureHeadRef": {
    "id": 14005002
  },
  "attachmentProcedureHeadRef": null,
  "status": "ENABLED",
  "soTypeDesc": "标准销售",
  "genTextTypeRef": null,
  "isRev": false,
  "isSubmitApproval": true,
  "isModifyApproval": false,
  "currExchangeRateType": {
    "id": 2000001
  },
  "btClass": "SALES",
  "effectiveDays": null,
  "syncPrice": false,
  "isDefault": false,
  "id": 2101001,
  "createdBy": {
    "id": 27
  },
  "updatedBy": {
    "id": 618373053188357
  },
  "createdAt": 1685108645000,
  "updatedAt": 1744178454000,
  "version": 65,
  "deleted": 0,
  "originOrgId": 0
}
2025-04-21 11:58:45|MysqlUtil.__init__ line:42| 数据库管理器初始化完成，运行时模式: False
2025-04-21 11:58:45|MysqlUtil.__init__ line:42| 数据库管理器初始化完成，运行时模式: False
2025-04-21 11:58:45|LogUtil.info line:33| 文件缓存命中：使用缓存的SCM初始化数据
2025-04-21 11:58:46|LogUtil.info line:33| 测试类初始化完成
2025-04-21 11:58:46|test_00_config_check.test_01_query_order_type line:59| 
准备发送请求...
2025-04-21 11:58:46|base_test._make_request line:155| 发送请求: 查询订单类型配置
2025-04-21 11:58:46|test_00_config_check.test_01_query_order_type line:70| 找到STND记录: {"soTypeCode": "STND", "soTypeName": "标准销售", "partnerProcedureHeadRef": {"id": 14005002}, "attachmentProcedureHeadRef": null, "status": "ENABLED", "soTypeDesc": "标准销售", "genTextTypeRef": null, "isRev": false, "isSubmitApproval": true, "isModifyApproval": false, "currExchangeRateType": {"id": 2000001}, "btClass": "SALES", "effectiveDays": null, "syncPrice": false, "isDefault": false, "id": 2101001, "createdBy": {"id": 27}, "updatedBy": {"id": 618373053188357}, "createdAt": 1685108645000, "updatedAt": 1744178454000, "version": 65, "deleted": 0, "originOrgId": 0}
2025-04-21 11:58:46|test_00_config_check.test_01_query_order_type line:81| 
找到STND记录：{
  "soTypeCode": "STND",
  "soTypeName": "标准销售",
  "partnerProcedureHeadRef": {
    "id": 14005002
  },
  "attachmentProcedureHeadRef": null,
  "status": "ENABLED",
  "soTypeDesc": "标准销售",
  "genTextTypeRef": null,
  "isRev": false,
  "isSubmitApproval": true,
  "isModifyApproval": false,
  "currExchangeRateType": {
    "id": 2000001
  },
  "btClass": "SALES",
  "effectiveDays": null,
  "syncPrice": false,
  "isDefault": false,
  "id": 2101001,
  "createdBy": {
    "id": 27
  },
  "updatedBy": {
    "id": 618373053188357
  },
  "createdAt": 1685108645000,
  "updatedAt": 1744178454000,
  "version": 65,
  "deleted": 0,
  "originOrgId": 0
}
2025-04-21 11:58:46|test_00_config_check.test_02_query_order_type_detail line:103| 
准备发送请求...
2025-04-21 11:58:46|base_test._make_request line:155| 发送请求: 查询订单类型详情
2025-04-21 11:58:46|base_test._make_request line:171| 请求失败: 400 Client Error: Bad Request for url: https://t-erp-portal-test.app.terminus.io/api/trantor/service/engine/execute/ERP_SCM$SYS_FindDataByIdService?tmodule=ERP_SCM&modelKey=ERP_SCM%24sls_so_type_cf
2025-04-21 11:59:51|MysqlUtil.__init__ line:42| 数据库管理器初始化完成，运行时模式: False
2025-04-21 11:59:51|MysqlUtil.__init__ line:42| 数据库管理器初始化完成，运行时模式: False
2025-04-21 11:59:51|LogUtil.info line:33| 文件缓存命中：使用缓存的SCM初始化数据
2025-04-21 11:59:52|LogUtil.info line:33| 测试类初始化完成
2025-04-21 11:59:52|test_00_config_check.test_01_query_order_type line:59| 
准备发送请求...
2025-04-21 11:59:52|base_test._make_request line:155| 发送请求: 查询订单类型配置
2025-04-21 11:59:52|test_00_config_check.test_01_query_order_type line:70| 找到STND记录: {"soTypeCode": "STND", "soTypeName": "标准销售", "partnerProcedureHeadRef": {"id": 14005002}, "attachmentProcedureHeadRef": null, "status": "ENABLED", "soTypeDesc": "标准销售", "genTextTypeRef": null, "isRev": false, "isSubmitApproval": true, "isModifyApproval": false, "currExchangeRateType": {"id": 2000001}, "btClass": "SALES", "effectiveDays": null, "syncPrice": false, "isDefault": false, "id": 2101001, "createdBy": {"id": 27}, "updatedBy": {"id": 618373053188357}, "createdAt": 1685108645000, "updatedAt": 1744178454000, "version": 65, "deleted": 0, "originOrgId": 0}
2025-04-21 11:59:52|test_00_config_check.test_01_query_order_type line:81| 
找到STND记录：{
  "soTypeCode": "STND",
  "soTypeName": "标准销售",
  "partnerProcedureHeadRef": {
    "id": 14005002
  },
  "attachmentProcedureHeadRef": null,
  "status": "ENABLED",
  "soTypeDesc": "标准销售",
  "genTextTypeRef": null,
  "isRev": false,
  "isSubmitApproval": true,
  "isModifyApproval": false,
  "currExchangeRateType": {
    "id": 2000001
  },
  "btClass": "SALES",
  "effectiveDays": null,
  "syncPrice": false,
  "isDefault": false,
  "id": 2101001,
  "createdBy": {
    "id": 27
  },
  "updatedBy": {
    "id": 618373053188357
  },
  "createdAt": 1685108645000,
  "updatedAt": 1744178454000,
  "version": 65,
  "deleted": 0,
  "originOrgId": 0
}
2025-04-21 11:59:52|test_00_config_check.test_02_query_order_type_detail line:103| 
准备发送请求...
2025-04-21 11:59:52|base_test._make_request line:155| 发送请求: 查询订单类型详情
2025-04-21 11:59:52|base_test._make_request line:171| 请求失败: 400 Client Error: Bad Request for url: https://t-erp-portal-test.app.terminus.io/api/trantor/service/engine/execute/ERP_SCM$SYS_FindDataByIdService?tmodule=ERP_SCM&modelKey=ERP_SCM%24sls_so_type_cf
2025-04-21 12:01:29|MysqlUtil.__init__ line:42| 数据库管理器初始化完成，运行时模式: False
2025-04-21 12:01:29|MysqlUtil.__init__ line:42| 数据库管理器初始化完成，运行时模式: False
2025-04-21 12:01:29|LogUtil.info line:33| 文件缓存命中：使用缓存的SCM初始化数据
2025-04-21 12:01:30|LogUtil.info line:33| 测试类初始化完成
2025-04-21 12:01:30|test_00_config_check.test_01_query_order_type line:59| 
准备发送请求...
2025-04-21 12:01:30|base_test._make_request line:155| 发送请求: 查询订单类型配置
2025-04-21 12:01:30|test_00_config_check.test_01_query_order_type line:74| 找到STND记录: {"soTypeCode": "STND", "soTypeName": "标准销售", "partnerProcedureHeadRef": {"id": 14005002}, "attachmentProcedureHeadRef": null, "status": "ENABLED", "soTypeDesc": "标准销售", "genTextTypeRef": null, "isRev": false, "isSubmitApproval": true, "isModifyApproval": false, "currExchangeRateType": {"id": 2000001}, "btClass": "SALES", "effectiveDays": null, "syncPrice": false, "isDefault": false, "id": 2101001, "createdBy": {"id": 27}, "updatedBy": {"id": 618373053188357}, "createdAt": 1685108645000, "updatedAt": 1744178454000, "version": 65, "deleted": 0, "originOrgId": 0}
2025-04-21 12:01:30|test_00_config_check.test_01_query_order_type line:85| 
找到STND记录：{
  "soTypeCode": "STND",
  "soTypeName": "标准销售",
  "partnerProcedureHeadRef": {
    "id": 14005002
  },
  "attachmentProcedureHeadRef": null,
  "status": "ENABLED",
  "soTypeDesc": "标准销售",
  "genTextTypeRef": null,
  "isRev": false,
  "isSubmitApproval": true,
  "isModifyApproval": false,
  "currExchangeRateType": {
    "id": 2000001
  },
  "btClass": "SALES",
  "effectiveDays": null,
  "syncPrice": false,
  "isDefault": false,
  "id": 2101001,
  "createdBy": {
    "id": 27
  },
  "updatedBy": {
    "id": 618373053188357
  },
  "createdAt": 1685108645000,
  "updatedAt": 1744178454000,
  "version": 65,
  "deleted": 0,
  "originOrgId": 0
}
2025-04-21 12:01:30|test_00_config_check.test_02_query_order_type_detail line:107| 
准备发送请求...
2025-04-21 12:01:30|base_test._make_request line:155| 发送请求: 查询订单类型详情
2025-04-21 12:01:30|base_test._make_request line:171| 请求失败: 400 Client Error: Bad Request for url: https://t-erp-portal-test.app.terminus.io/api/trantor/service/engine/execute/ERP_SCM$SYS_FindDataByIdService?tmodule=ERP_SCM&modelKey=ERP_SCM%24sls_so_type_cf
2025-04-21 12:03:34|MysqlUtil.__init__ line:42| 数据库管理器初始化完成，运行时模式: False
2025-04-21 12:03:34|MysqlUtil.__init__ line:42| 数据库管理器初始化完成，运行时模式: False
2025-04-21 12:03:34|LogUtil.info line:33| 文件缓存命中：使用缓存的SCM初始化数据
2025-04-21 12:03:35|LogUtil.info line:33| 测试类初始化完成
2025-04-21 12:03:35|test_00_config_check.test_01_query_order_type line:59| 
准备发送请求...
2025-04-21 12:03:35|base_test._make_request line:155| 发送请求: 查询订单类型配置
2025-04-21 12:03:35|test_00_config_check.test_01_query_order_type line:74| 找到STND记录: {"soTypeCode": "STND", "soTypeName": "标准销售", "partnerProcedureHeadRef": {"id": 14005002}, "attachmentProcedureHeadRef": null, "status": "ENABLED", "soTypeDesc": "标准销售", "genTextTypeRef": null, "isRev": false, "isSubmitApproval": true, "isModifyApproval": false, "currExchangeRateType": {"id": 2000001}, "btClass": "SALES", "effectiveDays": null, "syncPrice": false, "isDefault": false, "id": 2101001, "createdBy": {"id": 27}, "updatedBy": {"id": 618373053188357}, "createdAt": 1685108645000, "updatedAt": 1744178454000, "version": 65, "deleted": 0, "originOrgId": 0}
2025-04-21 12:03:35|test_00_config_check.test_01_query_order_type line:85| 
找到STND记录：{
  "soTypeCode": "STND",
  "soTypeName": "标准销售",
  "partnerProcedureHeadRef": {
    "id": 14005002
  },
  "attachmentProcedureHeadRef": null,
  "status": "ENABLED",
  "soTypeDesc": "标准销售",
  "genTextTypeRef": null,
  "isRev": false,
  "isSubmitApproval": true,
  "isModifyApproval": false,
  "currExchangeRateType": {
    "id": 2000001
  },
  "btClass": "SALES",
  "effectiveDays": null,
  "syncPrice": false,
  "isDefault": false,
  "id": 2101001,
  "createdBy": {
    "id": 27
  },
  "updatedBy": {
    "id": 618373053188357
  },
  "createdAt": 1685108645000,
  "updatedAt": 1744178454000,
  "version": 65,
  "deleted": 0,
  "originOrgId": 0
}
2025-04-21 12:03:35|test_00_config_check.test_02_query_order_type_detail line:107| 
准备发送请求...
2025-04-21 12:03:35|base_test._make_request line:155| 发送请求: 查询订单类型详情
2025-04-21 12:03:35|base_test._make_request line:171| 请求失败: 400 Client Error: Bad Request for url: https://t-erp-portal-test.app.terminus.io/api/trantor/service/engine/execute/ERP_SCM$SYS_FindDataByIdService?tmodule=ERP_SCM&modelKey=ERP_SCM%24sls_so_type_cf
2025-04-21 12:04:36|MysqlUtil.__init__ line:42| 数据库管理器初始化完成，运行时模式: False
2025-04-21 12:04:36|MysqlUtil.__init__ line:42| 数据库管理器初始化完成，运行时模式: False
2025-04-21 12:04:36|LogUtil.info line:33| 文件缓存命中：使用缓存的SCM初始化数据
2025-04-21 12:04:37|LogUtil.info line:33| 测试类初始化完成
2025-04-21 12:04:37|test_00_config_check.test_01_query_order_type line:86| 
Curl命令：
2025-04-21 12:04:37|test_00_config_check.test_01_query_order_type line:87| curl -X POST 'https://t-erp-portal-test.app.terminus.io/api/trantor/service/engine/execute/ERP_SCM$SYS_PagingDataService?tmodule=ERP_SCM&modelKey=ERP_SCM%24sls_so_type_cf' \
  -H 'Accept: application/json, text/plain, */*' \
  -H 'Accept-Language: zh-CN' \
  -H 'Cache-Control: no-cache' \
  -H 'Connection: keep-alive' \
  -H 'Content-Type: application/json' \
  -H 'Origin: https://t-erp-portal-test.app.terminus.io' \
  -H 'Pragma: no-cache' \
  -H 'Referer: https://t-erp-portal-test.app.terminus.io/TERP_PORTAL-TERP' \
  -H 'Sec-Fetch-Dest: empty' \
  -H 'Sec-Fetch-Mode: cors' \
  -H 'Sec-Fetch-Site: same-origin' \
  -H 'User-Agent: Mozilla/5.0 (Linux; Android 3.2.5) AppleWebKit/536.1 (KHTML, like Gecko) Chrome/26.0.820.0 Safari/536.1' \
  -d '{"params": {"request": {"pageable": {"pageNo": 1, "pageSize": 20, "conditionItems": null}}, "modelKey": "ERP_SCM$sls_so_type_cf"}}'
2025-04-21 12:04:37|test_00_config_check.test_01_query_order_type line:90| 
准备发送请求...
2025-04-21 12:04:37|base_test._make_request line:155| 发送请求: 查询订单类型配置
2025-04-21 12:04:37|test_00_config_check.test_01_query_order_type line:105| 找到STND记录: {"soTypeCode": "STND", "soTypeName": "标准销售", "partnerProcedureHeadRef": {"id": 14005002}, "attachmentProcedureHeadRef": null, "status": "ENABLED", "soTypeDesc": "标准销售", "genTextTypeRef": null, "isRev": false, "isSubmitApproval": true, "isModifyApproval": false, "currExchangeRateType": {"id": 2000001}, "btClass": "SALES", "effectiveDays": null, "syncPrice": false, "isDefault": false, "id": 2101001, "createdBy": {"id": 27}, "updatedBy": {"id": 618373053188357}, "createdAt": 1685108645000, "updatedAt": 1744178454000, "version": 65, "deleted": 0, "originOrgId": 0}
2025-04-21 12:04:37|test_00_config_check.test_01_query_order_type line:116| 
找到STND记录：{
  "soTypeCode": "STND",
  "soTypeName": "标准销售",
  "partnerProcedureHeadRef": {
    "id": 14005002
  },
  "attachmentProcedureHeadRef": null,
  "status": "ENABLED",
  "soTypeDesc": "标准销售",
  "genTextTypeRef": null,
  "isRev": false,
  "isSubmitApproval": true,
  "isModifyApproval": false,
  "currExchangeRateType": {
    "id": 2000001
  },
  "btClass": "SALES",
  "effectiveDays": null,
  "syncPrice": false,
  "isDefault": false,
  "id": 2101001,
  "createdBy": {
    "id": 27
  },
  "updatedBy": {
    "id": 618373053188357
  },
  "createdAt": 1685108645000,
  "updatedAt": 1744178454000,
  "version": 65,
  "deleted": 0,
  "originOrgId": 0
}
2025-04-21 12:04:37|test_00_config_check.test_02_query_order_type_detail line:139| 
Curl命令：
2025-04-21 12:04:37|test_00_config_check.test_02_query_order_type_detail line:140| curl -X POST 'https://t-erp-portal-test.app.terminus.io/api/trantor/service/engine/execute/ERP_SCM$SYS_FindDataByIdService?tmodule=ERP_SCM&modelKey=ERP_SCM%24sls_so_type_cf' \
  -H 'Accept: application/json, text/plain, */*' \
  -H 'Accept-Language: zh-CN' \
  -H 'Cache-Control: no-cache' \
  -H 'Connection: keep-alive' \
  -H 'Content-Type: application/json' \
  -H 'Origin: https://t-erp-portal-test.app.terminus.io' \
  -H 'Pragma: no-cache' \
  -H 'Referer: https://t-erp-portal-test.app.terminus.io/TERP_PORTAL-TERP' \
  -H 'Sec-Fetch-Dest: empty' \
  -H 'Sec-Fetch-Mode: cors' \
  -H 'Sec-Fetch-Site: same-origin' \
  -H 'User-Agent: Mozilla/5.0 (Linux; Android 3.2.5) AppleWebKit/536.1 (KHTML, like Gecko) Chrome/26.0.820.0 Safari/536.1' \
  -d '{"request": {"id": 2101001}, "modelKey": "ERP_SCM$sls_so_type_cf"}'
2025-04-21 12:04:37|test_00_config_check.test_02_query_order_type_detail line:143| 
准备发送请求...
2025-04-21 12:04:37|base_test._make_request line:155| 发送请求: 查询订单类型详情
2025-04-21 12:04:37|base_test._make_request line:171| 请求失败: 400 Client Error: Bad Request for url: https://t-erp-portal-test.app.terminus.io/api/trantor/service/engine/execute/ERP_SCM$SYS_FindDataByIdService?tmodule=ERP_SCM&modelKey=ERP_SCM%24sls_so_type_cf
2025-04-21 12:07:28|MysqlUtil.__init__ line:42| 数据库管理器初始化完成，运行时模式: False
2025-04-21 12:07:28|MysqlUtil.__init__ line:42| 数据库管理器初始化完成，运行时模式: False
2025-04-21 12:07:28|LogUtil.info line:33| 文件缓存命中：使用缓存的SCM初始化数据
2025-04-21 12:07:29|LogUtil.info line:33| 测试类初始化完成
2025-04-21 12:07:29|test_00_config_check.test_01_query_order_type line:86| 
Curl命令：
2025-04-21 12:07:29|test_00_config_check.test_01_query_order_type line:87| curl -X POST 'https://t-erp-portal-test.app.terminus.io/api/trantor/service/engine/execute/ERP_SCM$SYS_PagingDataService?tmodule=ERP_SCM&modelKey=ERP_SCM%24sls_so_type_cf' \
  -H 'Accept: application/json, text/plain, */*' \
  -H 'Accept-Language: zh-CN' \
  -H 'Cache-Control: no-cache' \
  -H 'Connection: keep-alive' \
  -H 'Content-Type: application/json' \
  -H 'Origin: https://t-erp-portal-test.app.terminus.io' \
  -H 'Pragma: no-cache' \
  -H 'Referer: https://t-erp-portal-test.app.terminus.io/TERP_PORTAL-TERP' \
  -H 'Sec-Fetch-Dest: empty' \
  -H 'Sec-Fetch-Mode: cors' \
  -H 'Sec-Fetch-Site: same-origin' \
  -H 'User-Agent: Mozilla/5.0 (compatible; MSIE 9.0; Windows NT 5.2; Trident/4.1)' \
  -d '{"params": {"request": {"pageable": {"pageNo": 1, "pageSize": 20, "conditionItems": null}}, "modelKey": "ERP_SCM$sls_so_type_cf"}}'
2025-04-21 12:07:29|test_00_config_check.test_01_query_order_type line:90| 
准备发送请求...
2025-04-21 12:07:29|base_test._make_request line:155| 发送请求: 查询订单类型配置
2025-04-21 12:07:29|test_00_config_check.test_01_query_order_type line:105| 找到STND记录: {"soTypeCode": "STND", "soTypeName": "标准销售", "partnerProcedureHeadRef": {"id": 14005002}, "attachmentProcedureHeadRef": null, "status": "ENABLED", "soTypeDesc": "标准销售", "genTextTypeRef": null, "isRev": false, "isSubmitApproval": true, "isModifyApproval": false, "currExchangeRateType": {"id": 2000001}, "btClass": "SALES", "effectiveDays": null, "syncPrice": false, "isDefault": false, "id": 2101001, "createdBy": {"id": 27}, "updatedBy": {"id": 618373053188357}, "createdAt": 1685108645000, "updatedAt": 1744178454000, "version": 65, "deleted": 0, "originOrgId": 0}
2025-04-21 12:07:29|test_00_config_check.test_01_query_order_type line:116| 
找到STND记录：{
  "soTypeCode": "STND",
  "soTypeName": "标准销售",
  "partnerProcedureHeadRef": {
    "id": 14005002
  },
  "attachmentProcedureHeadRef": null,
  "status": "ENABLED",
  "soTypeDesc": "标准销售",
  "genTextTypeRef": null,
  "isRev": false,
  "isSubmitApproval": true,
  "isModifyApproval": false,
  "currExchangeRateType": {
    "id": 2000001
  },
  "btClass": "SALES",
  "effectiveDays": null,
  "syncPrice": false,
  "isDefault": false,
  "id": 2101001,
  "createdBy": {
    "id": 27
  },
  "updatedBy": {
    "id": 618373053188357
  },
  "createdAt": 1685108645000,
  "updatedAt": 1744178454000,
  "version": 65,
  "deleted": 0,
  "originOrgId": 0
}
2025-04-21 12:07:29|test_00_config_check.test_02_query_order_type_detail line:139| 
Curl命令：
2025-04-21 12:07:29|test_00_config_check.test_02_query_order_type_detail line:140| curl -X POST 'https://t-erp-portal-test.app.terminus.io/api/trantor/service/engine/execute/ERP_SCM$SYS_FindDataByIdService?modelKey=ERP_SCM%24sls_so_type_cf' \
  -H 'Accept: application/json, text/plain, */*' \
  -H 'Accept-Language: zh-CN' \
  -H 'Cache-Control: no-cache' \
  -H 'Connection: keep-alive' \
  -H 'Content-Type: application/json' \
  -H 'Origin: https://t-erp-portal-test.app.terminus.io' \
  -H 'Pragma: no-cache' \
  -H 'Referer: https://t-erp-portal-test.app.terminus.io/TERP_PORTAL-TERP' \
  -H 'Sec-Fetch-Dest: empty' \
  -H 'Sec-Fetch-Mode: cors' \
  -H 'Sec-Fetch-Site: same-origin' \
  -H 'User-Agent: Mozilla/5.0 (compatible; MSIE 9.0; Windows NT 5.2; Trident/4.1)' \
  -d '{"request": {"id": 2101001}, "modelKey": "ERP_SCM$sls_so_type_cf"}'
2025-04-21 12:07:29|test_00_config_check.test_02_query_order_type_detail line:143| 
准备发送请求...
2025-04-21 12:07:29|base_test._make_request line:155| 发送请求: 查询订单类型详情
2025-04-21 12:07:29|base_test._make_request line:171| 请求失败: 400 Client Error: Bad Request for url: https://t-erp-portal-test.app.terminus.io/api/trantor/service/engine/execute/ERP_SCM$SYS_FindDataByIdService?modelKey=ERP_SCM%24sls_so_type_cf
2025-04-21 12:12:00|MysqlUtil.__init__ line:42| 数据库管理器初始化完成，运行时模式: False
2025-04-21 12:12:00|MysqlUtil.__init__ line:42| 数据库管理器初始化完成，运行时模式: False
2025-04-21 12:12:00|LogUtil.info line:33| 文件缓存命中：使用缓存的SCM初始化数据
2025-04-21 12:12:01|LogUtil.info line:33| 测试类初始化完成
2025-04-21 12:12:01|test_00_config_check.test_01_query_order_type line:60| 
准备发送请求...
2025-04-21 12:12:01|base_test._make_request line:155| 发送请求: 查询订单类型配置
2025-04-21 12:12:01|test_00_config_check.test_01_query_order_type line:75| 找到STND记录: {"soTypeCode": "STND", "soTypeName": "标准销售", "partnerProcedureHeadRef": {"id": 14005002}, "attachmentProcedureHeadRef": null, "status": "ENABLED", "soTypeDesc": "标准销售", "genTextTypeRef": null, "isRev": false, "isSubmitApproval": true, "isModifyApproval": false, "currExchangeRateType": {"id": 2000001}, "btClass": "SALES", "effectiveDays": null, "syncPrice": false, "isDefault": false, "id": 2101001, "createdBy": {"id": 27}, "updatedBy": {"id": 618373053188357}, "createdAt": 1685108645000, "updatedAt": 1744178454000, "version": 65, "deleted": 0, "originOrgId": 0}
2025-04-21 12:12:01|test_00_config_check.test_01_query_order_type line:86| 
找到STND记录：{
  "soTypeCode": "STND",
  "soTypeName": "标准销售",
  "partnerProcedureHeadRef": {
    "id": 14005002
  },
  "attachmentProcedureHeadRef": null,
  "status": "ENABLED",
  "soTypeDesc": "标准销售",
  "genTextTypeRef": null,
  "isRev": false,
  "isSubmitApproval": true,
  "isModifyApproval": false,
  "currExchangeRateType": {
    "id": 2000001
  },
  "btClass": "SALES",
  "effectiveDays": null,
  "syncPrice": false,
  "isDefault": false,
  "id": 2101001,
  "createdBy": {
    "id": 27
  },
  "updatedBy": {
    "id": 618373053188357
  },
  "createdAt": 1685108645000,
  "updatedAt": 1744178454000,
  "version": 65,
  "deleted": 0,
  "originOrgId": 0
}
2025-04-21 12:12:01|test_00_config_check.test_02_query_order_type_detail line:108| 
准备发送请求...
2025-04-21 12:12:01|base_test._make_request line:155| 发送请求: 查询订单类型详情
2025-04-21 12:12:01|base_test._make_request line:171| 请求失败: 400 Client Error: Bad Request for url: https://t-erp-portal-test.app.terminus.io/api/trantor/service/engine/execute/ERP_SCM$SYS_FindDataByIdService?tmodule=ERP_SCM&modelKey=ERP_SCM%24sls_so_type_cf
2025-04-21 12:15:40|MysqlUtil.__init__ line:42| 数据库管理器初始化完成，运行时模式: False
2025-04-21 12:15:40|MysqlUtil.__init__ line:42| 数据库管理器初始化完成，运行时模式: False
2025-04-21 12:15:40|LogUtil.info line:33| 文件缓存命中：使用缓存的SCM初始化数据
2025-04-21 12:15:41|LogUtil.info line:33| 测试类初始化完成
2025-04-21 12:15:41|test_00_config_check.test_01_query_order_type line:59| 
请求URL: https://t-erp-portal-test.app.terminus.io/api/trantor/service/engine/execute/ERP_SCM$SYS_PagingDataService?tmodule=ERP_SCM&modelKey=ERP_SCM%24sls_so_type_cf
2025-04-21 12:15:41|test_00_config_check.test_01_query_order_type line:60| 请求数据: {"params": {"request": {"pageable": {"pageNo": 1, "pageSize": 20, "conditionItems": null}}, "modelKey": "ERP_SCM$sls_so_type_cf"}}
2025-04-21 12:15:41|base_test._make_request line:155| 发送请求: 查询订单类型配置
2025-04-21 12:15:41|test_00_config_check.test_01_query_order_type line:77| 找到STND记录: {"soTypeCode": "STND", "soTypeName": "标准销售", "partnerProcedureHeadRef": {"id": 14005002}, "attachmentProcedureHeadRef": null, "status": "ENABLED", "soTypeDesc": "标准销售", "genTextTypeRef": null, "isRev": false, "isSubmitApproval": true, "isModifyApproval": false, "currExchangeRateType": {"id": 2000001}, "btClass": "SALES", "effectiveDays": null, "syncPrice": false, "isDefault": false, "id": 2101001, "createdBy": {"id": 27}, "updatedBy": {"id": 618373053188357}, "createdAt": 1685108645000, "updatedAt": 1744178454000, "version": 65, "deleted": 0, "originOrgId": 0}
2025-04-21 12:15:41|test_00_config_check.test_02_query_order_type_detail line:107| 
请求URL: https://t-erp-portal-test.app.terminus.io/api/trantor/service/engine/execute/ERP_SCM$SYS_FindDataByIdService?tmodule=ERP_SCM&modelKey=ERP_SCM%24sls_so_type_cf
2025-04-21 12:15:41|test_00_config_check.test_02_query_order_type_detail line:108| 请求数据: {"request": {"id": 2101001}, "modelKey": "ERP_SCM$sls_so_type_cf"}
2025-04-21 12:15:41|base_test._make_request line:155| 发送请求: 查询订单类型详情
2025-04-21 12:15:41|base_test._make_request line:171| 请求失败: 400 Client Error: Bad Request for url: https://t-erp-portal-test.app.terminus.io/api/trantor/service/engine/execute/ERP_SCM$SYS_FindDataByIdService?tmodule=ERP_SCM&modelKey=ERP_SCM%24sls_so_type_cf
2025-04-21 12:17:11|MysqlUtil.__init__ line:42| 数据库管理器初始化完成，运行时模式: False
2025-04-21 12:17:11|MysqlUtil.__init__ line:42| 数据库管理器初始化完成，运行时模式: False
2025-04-21 12:17:11|LogUtil.info line:33| 文件缓存命中：使用缓存的SCM初始化数据
2025-04-21 12:17:11|LogUtil.info line:33| 测试类初始化完成
2025-04-21 12:17:11|test_00_config_check.test_01_query_order_type line:60| 
请求URL: https://t-erp-portal-test.app.terminus.io/api/trantor/service/engine/execute/ERP_SCM$SYS_PagingDataService?tmodule=ERP_SCM&modelKey=ERP_SCM%24sls_so_type_cf
2025-04-21 12:17:11|test_00_config_check.test_01_query_order_type line:61| 请求数据: {"params": {"request": {"pageable": {"pageNo": 1, "pageSize": 20, "conditionItems": null}}, "modelKey": "ERP_SCM$sls_so_type_cf"}}
2025-04-21 12:17:11|base_test._make_request line:155| 发送请求: 查询订单类型配置
2025-04-21 12:17:11|test_00_config_check.test_01_query_order_type line:84| 找到STND记录: {"soTypeCode": "STND", "soTypeName": "标准销售", "partnerProcedureHeadRef": {"id": 14005002}, "attachmentProcedureHeadRef": null, "status": "ENABLED", "soTypeDesc": "标准销售", "genTextTypeRef": null, "isRev": false, "isSubmitApproval": true, "isModifyApproval": false, "currExchangeRateType": {"id": 2000001}, "btClass": "SALES", "effectiveDays": null, "syncPrice": false, "isDefault": false, "id": 2101001, "createdBy": {"id": 27}, "updatedBy": {"id": 618373053188357}, "createdAt": 1685108645000, "updatedAt": 1744178454000, "version": 65, "deleted": 0, "originOrgId": 0}
2025-04-21 12:17:11|test_00_config_check.test_02_query_order_type_detail line:124| 
请求URL: https://t-erp-portal-test.app.terminus.io/api/trantor/service/engine/execute/ERP_SCM$SYS_FindDataByIdService?tmodule=ERP_SCM&modelKey=ERP_SCM%24sls_so_type_cf
2025-04-21 12:17:11|test_00_config_check.test_02_query_order_type_detail line:125| 请求数据: {"request": {"id": 2101001}, "modelKey": "ERP_SCM$sls_so_type_cf"}
2025-04-21 12:17:11|base_test._make_request line:155| 发送请求: 查询订单类型详情
2025-04-21 12:17:11|base_test._make_request line:171| 请求失败: 400 Client Error: Bad Request for url: https://t-erp-portal-test.app.terminus.io/api/trantor/service/engine/execute/ERP_SCM$SYS_FindDataByIdService?tmodule=ERP_SCM&modelKey=ERP_SCM%24sls_so_type_cf
2025-04-21 12:17:11|test_00_config_check.test_02_query_order_type_detail line:162| 
请求异常:
URL: https://t-erp-portal-test.app.terminus.io/api/trantor/service/engine/execute/ERP_SCM$SYS_FindDataByIdService?tmodule=ERP_SCM&modelKey=ERP_SCM%24sls_so_type_cf
异常类型: HTTPError
异常信息: 400 Client Error: Bad Request for url: https://t-erp-portal-test.app.terminus.io/api/trantor/service/engine/execute/ERP_SCM$SYS_FindDataByIdService?tmodule=ERP_SCM&modelKey=ERP_SCM%24sls_so_type_cf

2025-04-21 12:17:15|MysqlUtil.__init__ line:42| 数据库管理器初始化完成，运行时模式: False
2025-04-21 12:17:15|MysqlUtil.__init__ line:42| 数据库管理器初始化完成，运行时模式: False
2025-04-21 12:17:15|LogUtil.info line:33| 文件缓存命中：使用缓存的SCM初始化数据
2025-04-21 12:17:16|LogUtil.info line:33| 测试类初始化完成
2025-04-21 12:17:16|test_00_config_check.test_01_query_order_type line:60| 
请求URL: https://t-erp-portal-test.app.terminus.io/api/trantor/service/engine/execute/ERP_SCM$SYS_PagingDataService?tmodule=ERP_SCM&modelKey=ERP_SCM%24sls_so_type_cf
2025-04-21 12:17:16|test_00_config_check.test_01_query_order_type line:61| 请求数据: {"params": {"request": {"pageable": {"pageNo": 1, "pageSize": 20, "conditionItems": null}}, "modelKey": "ERP_SCM$sls_so_type_cf"}}
2025-04-21 12:17:16|base_test._make_request line:155| 发送请求: 查询订单类型配置
2025-04-21 12:17:16|test_00_config_check.test_01_query_order_type line:84| 找到STND记录: {"soTypeCode": "STND", "soTypeName": "标准销售", "partnerProcedureHeadRef": {"id": 14005002}, "attachmentProcedureHeadRef": null, "status": "ENABLED", "soTypeDesc": "标准销售", "genTextTypeRef": null, "isRev": false, "isSubmitApproval": true, "isModifyApproval": false, "currExchangeRateType": {"id": 2000001}, "btClass": "SALES", "effectiveDays": null, "syncPrice": false, "isDefault": false, "id": 2101001, "createdBy": {"id": 27}, "updatedBy": {"id": 618373053188357}, "createdAt": 1685108645000, "updatedAt": 1744178454000, "version": 65, "deleted": 0, "originOrgId": 0}
2025-04-21 12:17:16|test_00_config_check.test_02_query_order_type_detail line:124| 
请求URL: https://t-erp-portal-test.app.terminus.io/api/trantor/service/engine/execute/ERP_SCM$SYS_FindDataByIdService?tmodule=ERP_SCM&modelKey=ERP_SCM%24sls_so_type_cf
2025-04-21 12:17:16|test_00_config_check.test_02_query_order_type_detail line:125| 请求数据: {"request": {"id": 2101001}, "modelKey": "ERP_SCM$sls_so_type_cf"}
2025-04-21 12:17:16|base_test._make_request line:155| 发送请求: 查询订单类型详情
2025-04-21 12:17:16|base_test._make_request line:171| 请求失败: 400 Client Error: Bad Request for url: https://t-erp-portal-test.app.terminus.io/api/trantor/service/engine/execute/ERP_SCM$SYS_FindDataByIdService?tmodule=ERP_SCM&modelKey=ERP_SCM%24sls_so_type_cf
2025-04-21 12:17:16|test_00_config_check.test_02_query_order_type_detail line:162| 
请求异常:
URL: https://t-erp-portal-test.app.terminus.io/api/trantor/service/engine/execute/ERP_SCM$SYS_FindDataByIdService?tmodule=ERP_SCM&modelKey=ERP_SCM%24sls_so_type_cf
异常类型: HTTPError
异常信息: 400 Client Error: Bad Request for url: https://t-erp-portal-test.app.terminus.io/api/trantor/service/engine/execute/ERP_SCM$SYS_FindDataByIdService?tmodule=ERP_SCM&modelKey=ERP_SCM%24sls_so_type_cf

2025-04-21 12:22:28|MysqlUtil.__init__ line:42| 数据库管理器初始化完成，运行时模式: False
2025-04-21 12:22:28|MysqlUtil.__init__ line:42| 数据库管理器初始化完成，运行时模式: False
2025-04-21 12:22:28|LogUtil.info line:33| 文件缓存命中：使用缓存的SCM初始化数据
2025-04-21 12:22:29|LogUtil.info line:33| 测试类初始化完成
2025-04-21 12:22:29|test_00_config_check.test_01_query_order_type line:59| 
请求URL: https://t-erp-portal-test.app.terminus.io/api/trantor/service/engine/execute/ERP_SCM$SYS_PagingDataService?tmodule=ERP_SCM&modelKey=ERP_SCM%24sls_so_type_cf
2025-04-21 12:22:29|test_00_config_check.test_01_query_order_type line:60| 请求数据: {"params": {"request": {"pageable": {"pageNo": 1, "pageSize": 20, "conditionItems": null}}, "modelKey": "ERP_SCM$sls_so_type_cf"}}
2025-04-21 12:22:29|base_test._make_request line:155| 发送请求: 查询订单类型配置
2025-04-21 12:22:29|test_00_config_check.test_01_query_order_type line:77| 找到STND记录: {"soTypeCode": "STND", "soTypeName": "标准销售", "partnerProcedureHeadRef": {"id": 14005002}, "attachmentProcedureHeadRef": null, "status": "ENABLED", "soTypeDesc": "标准销售", "genTextTypeRef": null, "isRev": false, "isSubmitApproval": true, "isModifyApproval": false, "currExchangeRateType": {"id": 2000001}, "btClass": "SALES", "effectiveDays": null, "syncPrice": false, "isDefault": false, "id": 2101001, "createdBy": {"id": 27}, "updatedBy": {"id": 618373053188357}, "createdAt": 1685108645000, "updatedAt": 1744178454000, "version": 65, "deleted": 0, "originOrgId": 0}
2025-04-21 12:22:29|test_00_config_check.test_02_query_order_type_detail line:108| 
请求URL: https://t-erp-portal-test.app.terminus.io/api/trantor/service/engine/execute/ERP_SCM$SYS_FindDataByIdService?tmodule=ERP_SCM&modelKey=ERP_SCM%24sls_so_type_cf
2025-04-21 12:22:29|test_00_config_check.test_02_query_order_type_detail line:109| 请求数据: {"params": {"request": {"id": 2101001}, "modelKey": "ERP_SCM$sls_so_type_cf"}}
2025-04-21 12:22:29|base_test._make_request line:155| 发送请求: 查询订单类型详情
2025-04-21 12:22:47|MysqlUtil.__init__ line:42| 数据库管理器初始化完成，运行时模式: False
2025-04-21 12:22:47|MysqlUtil.__init__ line:42| 数据库管理器初始化完成，运行时模式: False
2025-04-21 12:22:47|LogUtil.info line:33| 文件缓存命中：使用缓存的SCM初始化数据
2025-04-21 12:22:48|LogUtil.info line:33| 测试类初始化完成
2025-04-21 12:22:48|test_00_config_check.test_01_query_order_type line:59| 
请求URL: https://t-erp-portal-test.app.terminus.io/api/trantor/service/engine/execute/ERP_SCM$SYS_PagingDataService?tmodule=ERP_SCM&modelKey=ERP_SCM%24sls_so_type_cf
2025-04-21 12:22:48|test_00_config_check.test_01_query_order_type line:60| 请求数据: {"params": {"request": {"pageable": {"pageNo": 1, "pageSize": 20, "conditionItems": null}}, "modelKey": "ERP_SCM$sls_so_type_cf"}}
2025-04-21 12:22:48|base_test._make_request line:155| 发送请求: 查询订单类型配置
2025-04-21 12:22:48|test_00_config_check.test_01_query_order_type line:77| 找到STND记录: {"soTypeCode": "STND", "soTypeName": "标准销售", "partnerProcedureHeadRef": {"id": 14005002}, "attachmentProcedureHeadRef": null, "status": "ENABLED", "soTypeDesc": "标准销售", "genTextTypeRef": null, "isRev": false, "isSubmitApproval": true, "isModifyApproval": false, "currExchangeRateType": {"id": 2000001}, "btClass": "SALES", "effectiveDays": null, "syncPrice": false, "isDefault": false, "id": 2101001, "createdBy": {"id": 27}, "updatedBy": {"id": 618373053188357}, "createdAt": 1685108645000, "updatedAt": 1744178454000, "version": 65, "deleted": 0, "originOrgId": 0}
2025-04-21 12:22:48|test_00_config_check.test_02_query_order_type_detail line:108| 
请求URL: https://t-erp-portal-test.app.terminus.io/api/trantor/service/engine/execute/ERP_SCM$SYS_FindDataByIdService?tmodule=ERP_SCM&modelKey=ERP_SCM%24sls_so_type_cf
2025-04-21 12:22:48|test_00_config_check.test_02_query_order_type_detail line:109| 请求数据: {"params": {"request": {"id": 2101001}, "modelKey": "ERP_SCM$sls_so_type_cf"}}
2025-04-21 12:22:48|base_test._make_request line:155| 发送请求: 查询订单类型详情
2025-04-21 12:23:17|MysqlUtil.__init__ line:42| 数据库管理器初始化完成，运行时模式: False
2025-04-21 12:23:17|MysqlUtil.__init__ line:42| 数据库管理器初始化完成，运行时模式: False
2025-04-21 12:23:17|LogUtil.info line:33| 文件缓存命中：使用缓存的SCM初始化数据
2025-04-21 12:23:18|LogUtil.info line:33| 测试类初始化完成
2025-04-21 12:23:18|test_00_config_check.test_01_query_order_type line:59| 
请求URL: https://t-erp-portal-test.app.terminus.io/api/trantor/service/engine/execute/ERP_SCM$SYS_PagingDataService?tmodule=ERP_SCM&modelKey=ERP_SCM%24sls_so_type_cf
2025-04-21 12:23:18|test_00_config_check.test_01_query_order_type line:60| 请求数据: {"params": {"request": {"pageable": {"pageNo": 1, "pageSize": 20, "conditionItems": null}}, "modelKey": "ERP_SCM$sls_so_type_cf"}}
2025-04-21 12:23:18|base_test._make_request line:155| 发送请求: 查询订单类型配置
2025-04-21 12:23:18|test_00_config_check.test_01_query_order_type line:77| 找到STND记录: {"soTypeCode": "STND", "soTypeName": "标准销售", "partnerProcedureHeadRef": {"id": 14005002}, "attachmentProcedureHeadRef": null, "status": "ENABLED", "soTypeDesc": "标准销售", "genTextTypeRef": null, "isRev": false, "isSubmitApproval": true, "isModifyApproval": false, "currExchangeRateType": {"id": 2000001}, "btClass": "SALES", "effectiveDays": null, "syncPrice": false, "isDefault": false, "id": 2101001, "createdBy": {"id": 27}, "updatedBy": {"id": 618373053188357}, "createdAt": 1685108645000, "updatedAt": 1744178454000, "version": 65, "deleted": 0, "originOrgId": 0}
2025-04-21 12:23:18|test_00_config_check.test_02_query_order_type_detail line:108| 
请求URL: https://t-erp-portal-test.app.terminus.io/api/trantor/service/engine/execute/ERP_SCM$SYS_FindDataByIdService?tmodule=ERP_SCM&modelKey=ERP_SCM%24sls_so_type_cf
2025-04-21 12:23:18|test_00_config_check.test_02_query_order_type_detail line:109| 请求数据: {"params": {"request": {"id": 2101001}, "modelKey": "ERP_SCM$sls_so_type_cf"}}
2025-04-21 12:23:18|base_test._make_request line:155| 发送请求: 查询订单类型详情
2025-04-21 12:23:18|test_00_config_check.test_02_query_order_type_detail line:112| 响应数据: {"requestId": "cdb9e331-985281", "success": true, "data": {"data": {"soTypeCode": "STND", "soTypeName": "标准销售", "partnerProcedureHeadRef": {"id": 14005002}, "attachmentProcedureHeadRef": null, "status": "ENABLED", "soTypeDesc": "标准销售", "genTextTypeRef": null, "isRev": false, "isSubmitApproval": true, "isModifyApproval": false, "currExchangeRateType": {"id": 2000001}, "btClass": "SALES", "effectiveDays": null, "syncPrice": false, "isDefault": false, "id": 2101001, "createdBy": {"id": 27}, "updatedBy": {"id": 618373053188357}, "createdAt": 1685108645000, "updatedAt": 1744178454000, "version": 65, "deleted": 0, "originOrgId": 0}}}
2025-04-21 12:23:54|MysqlUtil.__init__ line:42| 数据库管理器初始化完成，运行时模式: False
2025-04-21 12:23:54|MysqlUtil.__init__ line:42| 数据库管理器初始化完成，运行时模式: False
2025-04-21 12:23:54|LogUtil.info line:33| 文件缓存命中：使用缓存的SCM初始化数据
2025-04-21 12:23:54|LogUtil.info line:33| 测试类初始化完成
2025-04-21 12:23:54|test_00_config_check.test_01_query_order_type line:59| 
请求URL: https://t-erp-portal-test.app.terminus.io/api/trantor/service/engine/execute/ERP_SCM$SYS_PagingDataService?tmodule=ERP_SCM&modelKey=ERP_SCM%24sls_so_type_cf
2025-04-21 12:23:54|test_00_config_check.test_01_query_order_type line:60| 请求数据: {"params": {"request": {"pageable": {"pageNo": 1, "pageSize": 20, "conditionItems": null}}, "modelKey": "ERP_SCM$sls_so_type_cf"}}
2025-04-21 12:23:54|base_test._make_request line:155| 发送请求: 查询订单类型配置
2025-04-21 12:23:55|test_00_config_check.test_01_query_order_type line:77| 找到STND记录: {"soTypeCode": "STND", "soTypeName": "标准销售", "partnerProcedureHeadRef": {"id": 14005002}, "attachmentProcedureHeadRef": null, "status": "ENABLED", "soTypeDesc": "标准销售", "genTextTypeRef": null, "isRev": false, "isSubmitApproval": true, "isModifyApproval": false, "currExchangeRateType": {"id": 2000001}, "btClass": "SALES", "effectiveDays": null, "syncPrice": false, "isDefault": false, "id": 2101001, "createdBy": {"id": 27}, "updatedBy": {"id": 618373053188357}, "createdAt": 1685108645000, "updatedAt": 1744178454000, "version": 65, "deleted": 0, "originOrgId": 0}
2025-04-21 12:23:55|test_00_config_check.test_02_query_order_type_detail line:108| 
请求URL: https://t-erp-portal-test.app.terminus.io/api/trantor/service/engine/execute/ERP_SCM$SYS_FindDataByIdService?tmodule=ERP_SCM&modelKey=ERP_SCM%24sls_so_type_cf
2025-04-21 12:23:55|test_00_config_check.test_02_query_order_type_detail line:109| 请求数据: {"params": {"request": {"id": 2101001}, "modelKey": "ERP_SCM$sls_so_type_cf"}}
2025-04-21 12:23:55|base_test._make_request line:155| 发送请求: 查询订单类型详情
2025-04-21 12:23:55|test_00_config_check.test_02_query_order_type_detail line:112| 响应数据: {"soTypeCode": "STND", "soTypeName": "标准销售", "partnerProcedureHeadRef": {"id": 14005002}, "attachmentProcedureHeadRef": null, "status": "ENABLED", "soTypeDesc": "标准销售", "genTextTypeRef": null, "isRev": false, "isSubmitApproval": true, "isModifyApproval": false, "currExchangeRateType": {"id": 2000001}, "btClass": "SALES", "effectiveDays": null, "syncPrice": false, "isDefault": false, "id": 2101001, "createdBy": {"id": 27}, "updatedBy": {"id": 618373053188357}, "createdAt": 1685108645000, "updatedAt": 1744178454000, "version": 65, "deleted": 0, "originOrgId": 0}
