2025-04-14 15:59:03|MysqlUtil.__init__ line:42| 数据库管理器初始化完成，运行时模式: False
2025-04-14 15:59:03|MysqlUtil.__init__ line:42| 数据库管理器初始化完成，运行时模式: False
2025-04-14 15:59:03|LogUtil.info line:33| 文件缓存命中：使用缓存的SCM初始化数据
2025-04-14 15:59:03|LogUtil.info line:33| 测试类初始化完成
2025-04-14 15:59:03|LogUtil.info line:33| 销售订单创建初始化测试通过
2025-04-14 15:59:03|LogUtil.info line:33| 客户信息查询测试通过
2025-04-14 15:59:04|LogUtil.info line:33| 相关方查询测试通过
2025-04-14 15:59:04|LogUtil.info line:33| 销售组织列表查询测试通过
2025-04-14 15:59:04|LogUtil.info line:33| 物料列表查询测试通过
2025-04-14 15:59:43|MysqlUtil.__init__ line:42| 数据库管理器初始化完成，运行时模式: False
2025-04-14 15:59:43|MysqlUtil.__init__ line:42| 数据库管理器初始化完成，运行时模式: False
2025-04-14 15:59:43|LogUtil.info line:33| 文件缓存命中：使用缓存的SCM初始化数据
2025-04-14 15:59:43|LogUtil.info line:33| 测试类初始化完成
2025-04-14 15:59:43|LogUtil.info line:33| 销售订单创建初始化测试通过
2025-04-14 15:59:43|LogUtil.info line:33| 客户信息查询测试通过
2025-04-14 15:59:43|LogUtil.info line:33| 相关方查询测试通过
2025-04-14 15:59:43|LogUtil.info line:33| 销售组织列表查询测试通过
2025-04-14 15:59:43|LogUtil.info line:33| 物料列表查询测试通过
2025-04-14 16:03:31|MysqlUtil.__init__ line:42| 数据库管理器初始化完成，运行时模式: False
2025-04-14 16:03:31|MysqlUtil.__init__ line:42| 数据库管理器初始化完成，运行时模式: False
2025-04-14 16:03:31|LogUtil.info line:33| 文件缓存命中：使用缓存的SCM初始化数据
2025-04-14 16:03:31|LogUtil.info line:33| 测试类初始化完成
2025-04-14 16:03:31|LogUtil.info line:33| 销售订单创建初始化测试通过
2025-04-14 16:03:31|LogUtil.info line:33| 客户信息查询测试通过
2025-04-14 16:03:31|LogUtil.info line:33| 相关方查询测试通过
2025-04-14 16:03:31|LogUtil.info line:33| 销售组织列表查询测试通过
2025-04-14 16:03:32|LogUtil.info line:33| 物料列表查询测试通过
2025-04-14 16:04:46|MysqlUtil.__init__ line:42| 数据库管理器初始化完成，运行时模式: False
2025-04-14 16:04:46|MysqlUtil.__init__ line:42| 数据库管理器初始化完成，运行时模式: False
2025-04-14 16:04:46|LogUtil.info line:33| 文件缓存命中：使用缓存的SCM初始化数据
2025-04-14 16:04:46|LogUtil.info line:33| 测试类初始化完成
2025-04-14 16:04:46|LogUtil.info line:33| 销售订单创建初始化测试通过
2025-04-14 16:04:46|LogUtil.info line:33| 客户信息查询测试通过
2025-04-14 16:04:47|LogUtil.info line:33| 相关方查询测试通过
2025-04-14 16:04:47|LogUtil.info line:33| 销售组织列表查询测试通过
2025-04-14 16:04:47|LogUtil.info line:33| 物料列表查询测试通过
2025-04-14 16:04:47|LogUtil.info line:33| 订单行渲染测试通过
2025-04-14 16:07:00|MysqlUtil.__init__ line:42| 数据库管理器初始化完成，运行时模式: False
2025-04-14 16:07:00|MysqlUtil.__init__ line:42| 数据库管理器初始化完成，运行时模式: False
2025-04-14 16:07:00|LogUtil.info line:33| 文件缓存命中：使用缓存的SCM初始化数据
2025-04-14 16:07:01|LogUtil.info line:33| 测试类初始化完成
2025-04-14 16:07:01|LogUtil.info line:33| 销售订单创建初始化测试通过
2025-04-14 16:07:01|LogUtil.info line:33| 客户信息查询测试通过
2025-04-14 16:07:01|LogUtil.info line:33| 相关方查询测试通过
2025-04-14 16:07:01|LogUtil.info line:33| 销售组织列表查询测试通过
2025-04-14 16:07:01|LogUtil.info line:33| 物料列表查询测试通过
2025-04-14 16:07:01|LogUtil.info line:33| 订单行渲染测试通过
2025-04-14 16:21:29|MysqlUtil.__init__ line:42| 数据库管理器初始化完成，运行时模式: False
2025-04-14 16:21:29|MysqlUtil.__init__ line:42| 数据库管理器初始化完成，运行时模式: False
2025-04-14 16:21:29|LogUtil.info line:33| 文件缓存命中：使用缓存的SCM初始化数据
2025-04-14 16:21:30|LogUtil.info line:33| 测试类初始化完成
2025-04-14 16:21:30|LogUtil.info line:33| 销售订单创建初始化测试通过
2025-04-14 16:21:30|LogUtil.info line:33| 客户信息查询测试通过
2025-04-14 16:21:30|LogUtil.info line:33| 相关方查询测试通过
2025-04-14 16:21:30|LogUtil.info line:33| 销售组织列表查询测试通过
2025-04-14 16:21:30|LogUtil.info line:33| 物料列表查询测试通过
2025-04-14 16:21:30|LogUtil.info line:33| 订单行渲染测试通过
2025-04-14 16:29:04|MysqlUtil.__init__ line:42| 数据库管理器初始化完成，运行时模式: False
2025-04-14 16:29:04|MysqlUtil.__init__ line:42| 数据库管理器初始化完成，运行时模式: False
2025-04-14 16:29:04|LogUtil.info line:33| 文件缓存命中：使用缓存的SCM初始化数据
2025-04-14 16:29:04|LogUtil.info line:33| 测试类初始化完成
2025-04-14 16:29:05|LogUtil.info line:33| 销售订单创建初始化测试通过
2025-04-14 16:29:05|LogUtil.info line:33| 客户信息查询测试通过
2025-04-14 16:29:05|LogUtil.info line:33| 相关方查询测试通过
2025-04-14 16:29:05|LogUtil.info line:33| 销售组织列表查询测试通过
2025-04-14 16:29:05|LogUtil.info line:33| 物料列表查询测试通过
2025-04-14 16:29:05|LogUtil.info line:33| 订单行渲染测试通过
2025-04-14 16:30:57|MysqlUtil.__init__ line:42| 数据库管理器初始化完成，运行时模式: False
2025-04-14 16:30:57|MysqlUtil.__init__ line:42| 数据库管理器初始化完成，运行时模式: False
2025-04-14 16:30:57|LogUtil.info line:33| 文件缓存命中：使用缓存的SCM初始化数据
2025-04-14 16:30:57|LogUtil.info line:33| 测试类初始化完成
2025-04-14 16:30:57|LogUtil.info line:33| 销售订单创建初始化测试通过
2025-04-14 16:30:57|LogUtil.info line:33| 客户信息查询测试通过
2025-04-14 16:30:57|LogUtil.info line:33| 相关方查询测试通过
2025-04-14 16:30:57|LogUtil.info line:33| 销售组织列表查询测试通过
2025-04-14 16:30:57|LogUtil.info line:33| 物料列表查询测试通过
2025-04-14 16:30:57|LogUtil.info line:33| 订单行渲染测试通过
2025-04-14 16:30:58|LogUtil.info line:33| 自动定价测试通过
2025-04-14 16:33:29|MysqlUtil.__init__ line:42| 数据库管理器初始化完成，运行时模式: False
2025-04-14 16:33:29|MysqlUtil.__init__ line:42| 数据库管理器初始化完成，运行时模式: False
2025-04-14 16:33:29|LogUtil.info line:33| 文件缓存命中：使用缓存的SCM初始化数据
2025-04-14 16:33:29|LogUtil.info line:33| 测试类初始化完成
2025-04-14 16:33:29|LogUtil.info line:33| 销售订单创建初始化测试通过
2025-04-14 16:33:29|LogUtil.info line:33| 客户信息查询测试通过
2025-04-14 16:33:29|LogUtil.info line:33| 相关方查询测试通过
2025-04-14 16:33:29|LogUtil.info line:33| 销售组织列表查询测试通过
2025-04-14 16:33:29|LogUtil.info line:33| 物料列表查询测试通过
2025-04-14 16:33:30|LogUtil.info line:33| 订单行渲染测试通过
2025-04-14 16:33:30|LogUtil.info line:33| 自动定价测试通过
2025-04-14 16:34:00|MysqlUtil.__init__ line:42| 数据库管理器初始化完成，运行时模式: False
2025-04-14 16:34:00|MysqlUtil.__init__ line:42| 数据库管理器初始化完成，运行时模式: False
2025-04-14 16:34:00|LogUtil.info line:33| 文件缓存命中：使用缓存的SCM初始化数据
2025-04-14 16:34:00|LogUtil.info line:33| 测试类初始化完成
2025-04-14 16:34:00|LogUtil.info line:33| 销售订单创建初始化测试通过
2025-04-14 16:34:00|LogUtil.info line:33| 客户信息查询测试通过
2025-04-14 16:34:00|LogUtil.info line:33| 相关方查询测试通过
2025-04-14 16:34:00|LogUtil.info line:33| 销售组织列表查询测试通过
2025-04-14 16:34:01|LogUtil.info line:33| 物料列表查询测试通过
2025-04-14 16:34:01|LogUtil.info line:33| 订单行渲染测试通过
2025-04-14 16:34:01|LogUtil.info line:33| 自动定价测试通过
2025-04-14 16:36:13|MysqlUtil.__init__ line:42| 数据库管理器初始化完成，运行时模式: False
2025-04-14 16:36:13|MysqlUtil.__init__ line:42| 数据库管理器初始化完成，运行时模式: False
2025-04-14 16:36:13|LogUtil.info line:33| 文件缓存命中：使用缓存的SCM初始化数据
2025-04-14 16:36:13|LogUtil.info line:33| 测试类初始化完成
2025-04-14 16:36:13|LogUtil.info line:33| 销售订单创建初始化测试通过
2025-04-14 16:36:13|LogUtil.info line:33| 客户信息查询测试通过
2025-04-14 16:36:13|LogUtil.info line:33| 相关方查询测试通过
2025-04-14 16:36:13|LogUtil.info line:33| 销售组织列表查询测试通过
2025-04-14 16:36:14|LogUtil.info line:33| 物料列表查询测试通过
2025-04-14 16:36:14|LogUtil.info line:33| 订单行渲染测试通过
2025-04-14 16:36:14|LogUtil.info line:33| 自动定价测试通过
2025-04-14 16:37:26|MysqlUtil.__init__ line:42| 数据库管理器初始化完成，运行时模式: False
2025-04-14 16:37:26|MysqlUtil.__init__ line:42| 数据库管理器初始化完成，运行时模式: False
2025-04-14 16:37:26|LogUtil.info line:33| 文件缓存命中：使用缓存的SCM初始化数据
2025-04-14 16:37:27|LogUtil.info line:33| 测试类初始化完成
2025-04-14 16:37:27|LogUtil.info line:33| 销售订单创建初始化测试通过
2025-04-14 16:37:27|LogUtil.info line:33| 客户信息查询测试通过
2025-04-14 16:37:27|LogUtil.info line:33| 相关方查询测试通过
2025-04-14 16:37:27|LogUtil.info line:33| 销售组织列表查询测试通过
2025-04-14 16:37:27|LogUtil.info line:33| 物料列表查询测试通过
2025-04-14 16:37:27|LogUtil.info line:33| 订单行渲染测试通过
2025-04-14 16:37:27|LogUtil.info line:33| 自动定价测试通过
2025-04-14 16:51:15|MysqlUtil.__init__ line:42| 数据库管理器初始化完成，运行时模式: False
2025-04-14 16:51:15|MysqlUtil.__init__ line:42| 数据库管理器初始化完成，运行时模式: False
2025-04-14 16:51:15|LogUtil.info line:33| 文件缓存命中：使用缓存的SCM初始化数据
2025-04-14 16:51:15|LogUtil.info line:33| 测试类初始化完成
2025-04-14 16:51:16|LogUtil.info line:33| 销售订单创建初始化测试通过
2025-04-14 16:51:16|LogUtil.info line:33| 客户信息查询测试通过
2025-04-14 16:51:16|LogUtil.info line:33| 相关方查询测试通过
2025-04-14 16:51:16|LogUtil.info line:33| 销售组织列表查询测试通过
2025-04-14 16:51:16|LogUtil.info line:33| 物料列表查询测试通过
2025-04-14 16:51:16|LogUtil.info line:33| 订单行渲染测试通过
2025-04-14 16:51:16|LogUtil.info line:33| 自动定价测试通过
2025-04-14 16:51:17|MysqlUtil.__init__ line:42| 数据库管理器初始化完成，运行时模式: False
2025-04-14 16:51:17|MysqlUtil.__init__ line:42| 数据库管理器初始化完成，运行时模式: False
2025-04-14 16:51:17|LogUtil.info line:33| 文件缓存命中：使用缓存的SCM初始化数据
2025-04-14 16:51:18|LogUtil.info line:33| 测试类初始化完成
2025-04-14 16:51:18|LogUtil.info line:33| 销售订单创建初始化测试通过
2025-04-14 16:51:18|LogUtil.info line:33| 客户信息查询测试通过
2025-04-14 16:51:18|LogUtil.info line:33| 相关方查询测试通过
2025-04-14 16:51:18|LogUtil.info line:33| 销售组织列表查询测试通过
2025-04-14 16:51:18|LogUtil.info line:33| 物料列表查询测试通过
2025-04-14 16:51:18|LogUtil.info line:33| 订单行渲染测试通过
2025-04-14 16:51:18|LogUtil.info line:33| 自动定价测试通过
2025-04-14 16:52:14|MysqlUtil.__init__ line:42| 数据库管理器初始化完成，运行时模式: False
2025-04-14 16:52:14|MysqlUtil.__init__ line:42| 数据库管理器初始化完成，运行时模式: False
2025-04-14 16:52:14|LogUtil.info line:33| 文件缓存命中：使用缓存的SCM初始化数据
2025-04-14 16:52:15|LogUtil.info line:33| 测试类初始化完成
2025-04-14 16:52:15|LogUtil.info line:33| 销售订单创建初始化测试通过
2025-04-14 16:52:15|LogUtil.info line:33| 客户信息查询测试通过
2025-04-14 16:52:15|LogUtil.info line:33| 相关方查询测试通过
2025-04-14 16:52:15|LogUtil.info line:33| 销售组织列表查询测试通过
2025-04-14 16:52:15|LogUtil.info line:33| 物料列表查询测试通过
2025-04-14 16:52:15|LogUtil.info line:33| 订单行渲染测试通过
2025-04-14 16:52:15|LogUtil.info line:33| 自动定价测试通过
2025-04-14 16:53:20|MysqlUtil.__init__ line:42| 数据库管理器初始化完成，运行时模式: False
2025-04-14 16:53:20|MysqlUtil.__init__ line:42| 数据库管理器初始化完成，运行时模式: False
2025-04-14 16:53:20|LogUtil.info line:33| 文件缓存命中：使用缓存的SCM初始化数据
2025-04-14 16:53:20|ExceptionUtil.wrapper line:56| 函数 setup_class 执行出错: Get current user failed: {"timestamp":"2025-04-14T08:53:21.026+00:00","path":"/api/trantor/portal/user/current","status":503,"error":"Service Unavailable","requestId":"73728951-694987"}
2025-04-14 16:53:20|ExceptionUtil.wrapper line:57| 异常堆栈:
Traceback (most recent call last):
  File "/Users/zhangang/Documents/PyFile/erp_autotest/utils/ExceptionUtil.py", line 49, in wrapper
    return func(*args, **kwargs)
           ^^^^^^^^^^^^^^^^^^^^^
  File "/Users/zhangang/Documents/PyFile/erp_autotest/testcases/SCM/SO/test_create.py", line 79, in setup_class
    cls.session = cls.login_manager.login()
                  ^^^^^^^^^^^^^^^^^^^^^^^^^
  File "/Users/zhangang/Documents/PyFile/erp_autotest/common/login_manager.py", line 68, in login
    user_info = self.get_current_user()
                ^^^^^^^^^^^^^^^^^^^^^^^
  File "/Users/zhangang/Documents/PyFile/erp_autotest/common/login_manager.py", line 97, in get_current_user
    raise Exception(f"Get current user failed: {response.text}")
Exception: Get current user failed: {"timestamp":"2025-04-14T08:53:21.026+00:00","path":"/api/trantor/portal/user/current","status":503,"error":"Service Unavailable","requestId":"73728951-694987"}

2025-04-14 16:53:33|MysqlUtil.__init__ line:42| 数据库管理器初始化完成，运行时模式: False
2025-04-14 16:53:33|MysqlUtil.__init__ line:42| 数据库管理器初始化完成，运行时模式: False
2025-04-14 16:53:33|LogUtil.info line:33| 文件缓存命中：使用缓存的SCM初始化数据
2025-04-14 16:53:34|ExceptionUtil.wrapper line:56| 函数 setup_class 执行出错: Get current user failed: {"timestamp":"2025-04-14T08:53:34.308+00:00","path":"/api/trantor/portal/user/current","status":404,"error":"Not Found","message":null,"requestId":"73728951-694995"}
2025-04-14 16:53:34|ExceptionUtil.wrapper line:57| 异常堆栈:
Traceback (most recent call last):
  File "/Users/zhangang/Documents/PyFile/erp_autotest/utils/ExceptionUtil.py", line 49, in wrapper
    return func(*args, **kwargs)
           ^^^^^^^^^^^^^^^^^^^^^
  File "/Users/zhangang/Documents/PyFile/erp_autotest/testcases/SCM/SO/test_create.py", line 79, in setup_class
    cls.session = cls.login_manager.login()
                  ^^^^^^^^^^^^^^^^^^^^^^^^^
  File "/Users/zhangang/Documents/PyFile/erp_autotest/common/login_manager.py", line 68, in login
    user_info = self.get_current_user()
                ^^^^^^^^^^^^^^^^^^^^^^^
  File "/Users/zhangang/Documents/PyFile/erp_autotest/common/login_manager.py", line 97, in get_current_user
    raise Exception(f"Get current user failed: {response.text}")
Exception: Get current user failed: {"timestamp":"2025-04-14T08:53:34.308+00:00","path":"/api/trantor/portal/user/current","status":404,"error":"Not Found","message":null,"requestId":"73728951-694995"}

2025-04-14 16:54:10|MysqlUtil.__init__ line:42| 数据库管理器初始化完成，运行时模式: False
2025-04-14 16:54:10|MysqlUtil.__init__ line:42| 数据库管理器初始化完成，运行时模式: False
2025-04-14 16:54:10|LogUtil.info line:33| 文件缓存命中：使用缓存的SCM初始化数据
2025-04-14 16:54:10|LogUtil.info line:33| 测试类初始化完成
2025-04-14 16:54:10|LogUtil.info line:33| 销售订单创建初始化测试通过
2025-04-14 16:54:11|LogUtil.info line:33| 客户信息查询测试通过
2025-04-14 16:54:11|LogUtil.info line:33| 相关方查询测试通过
2025-04-14 16:54:11|LogUtil.info line:33| 销售组织列表查询测试通过
2025-04-14 16:54:11|LogUtil.info line:33| 物料列表查询测试通过
2025-04-14 16:54:11|LogUtil.info line:33| 订单行渲染测试通过
2025-04-14 16:54:11|LogUtil.info line:33| 自动定价测试通过
2025-04-14 16:54:12|MysqlUtil.__init__ line:42| 数据库管理器初始化完成，运行时模式: False
2025-04-14 16:54:12|MysqlUtil.__init__ line:42| 数据库管理器初始化完成，运行时模式: False
2025-04-14 16:54:12|LogUtil.info line:33| 文件缓存命中：使用缓存的SCM初始化数据
2025-04-14 16:54:13|LogUtil.info line:33| 测试类初始化完成
2025-04-14 16:54:13|LogUtil.info line:33| 销售订单创建初始化测试通过
2025-04-14 16:54:13|LogUtil.info line:33| 客户信息查询测试通过
2025-04-14 16:54:13|LogUtil.info line:33| 相关方查询测试通过
2025-04-14 16:54:13|LogUtil.info line:33| 销售组织列表查询测试通过
2025-04-14 16:54:13|LogUtil.info line:33| 物料列表查询测试通过
2025-04-14 16:54:13|LogUtil.info line:33| 订单行渲染测试通过
2025-04-14 16:54:13|LogUtil.info line:33| 自动定价测试通过
2025-04-14 16:56:59|MysqlUtil.__init__ line:42| 数据库管理器初始化完成，运行时模式: False
2025-04-14 16:56:59|MysqlUtil.__init__ line:42| 数据库管理器初始化完成，运行时模式: False
2025-04-14 16:56:59|LogUtil.info line:33| 文件缓存命中：使用缓存的SCM初始化数据
2025-04-14 16:56:59|LogUtil.info line:33| 测试类初始化完成
2025-04-14 16:56:59|LogUtil.info line:33| 销售订单创建初始化测试通过
2025-04-14 16:56:59|LogUtil.info line:33| 客户信息查询测试通过
2025-04-14 16:56:59|LogUtil.info line:33| 相关方查询测试通过
2025-04-14 16:57:00|LogUtil.info line:33| 销售组织列表查询测试通过
2025-04-14 16:57:00|LogUtil.info line:33| 物料列表查询测试通过
2025-04-14 16:57:00|LogUtil.info line:33| 订单行渲染测试通过
2025-04-14 16:57:00|LogUtil.info line:33| 自动定价测试通过
2025-04-14 16:58:20|MysqlUtil.__init__ line:42| 数据库管理器初始化完成，运行时模式: False
2025-04-14 16:58:20|MysqlUtil.__init__ line:42| 数据库管理器初始化完成，运行时模式: False
2025-04-14 16:58:20|LogUtil.info line:33| 文件缓存命中：使用缓存的SCM初始化数据
2025-04-14 16:58:20|LogUtil.info line:33| 测试类初始化完成
2025-04-14 16:58:20|LogUtil.info line:33| 销售订单创建初始化测试通过
2025-04-14 16:58:20|LogUtil.info line:33| 客户信息查询测试通过
2025-04-14 16:58:20|LogUtil.info line:33| 相关方查询测试通过
2025-04-14 16:58:20|LogUtil.info line:33| 销售组织列表查询测试通过
2025-04-14 16:58:20|LogUtil.info line:33| 物料列表查询测试通过
2025-04-14 16:58:21|LogUtil.info line:33| 订单行渲染测试通过
2025-04-14 16:58:21|LogUtil.info line:33| 自动定价测试通过
2025-04-14 16:58:21|LogUtil.info line:33| 销售订单保存测试通过
2025-04-14 17:04:26|MysqlUtil.__init__ line:42| 数据库管理器初始化完成，运行时模式: False
2025-04-14 17:04:26|MysqlUtil.__init__ line:42| 数据库管理器初始化完成，运行时模式: False
2025-04-14 17:04:26|LogUtil.info line:33| 文件缓存命中：使用缓存的SCM初始化数据
2025-04-14 17:04:27|LogUtil.info line:33| 测试类初始化完成
2025-04-14 17:04:27|LogUtil.info line:33| 销售订单创建初始化测试通过
2025-04-14 17:04:27|LogUtil.info line:33| 客户信息查询测试通过
2025-04-14 17:04:27|LogUtil.info line:33| 相关方查询测试通过
2025-04-14 17:05:27|MysqlUtil.__init__ line:42| 数据库管理器初始化完成，运行时模式: False
2025-04-14 17:05:27|MysqlUtil.__init__ line:42| 数据库管理器初始化完成，运行时模式: False
2025-04-14 17:05:27|LogUtil.info line:33| 文件缓存命中：使用缓存的SCM初始化数据
2025-04-14 17:05:27|LogUtil.info line:33| 测试类初始化完成
2025-04-14 17:05:27|LogUtil.info line:33| 销售订单创建初始化测试通过
2025-04-14 17:05:27|LogUtil.info line:33| 客户信息查询测试通过
2025-04-14 17:05:27|LogUtil.info line:33| 相关方查询测试通过
2025-04-14 17:05:28|LogUtil.info line:33| 销售组织列表查询测试通过
2025-04-14 17:05:34|MysqlUtil.__init__ line:42| 数据库管理器初始化完成，运行时模式: False
2025-04-14 17:05:34|MysqlUtil.__init__ line:42| 数据库管理器初始化完成，运行时模式: False
2025-04-14 17:05:34|LogUtil.info line:33| 文件缓存命中：使用缓存的SCM初始化数据
2025-04-14 17:05:34|LogUtil.info line:33| 测试类初始化完成
2025-04-14 17:05:34|LogUtil.info line:33| 销售订单创建初始化测试通过
2025-04-14 17:05:34|LogUtil.info line:33| 客户信息查询测试通过
2025-04-14 17:05:34|LogUtil.info line:33| 相关方查询测试通过
2025-04-14 17:05:38|MysqlUtil.__init__ line:42| 数据库管理器初始化完成，运行时模式: False
2025-04-14 17:05:38|MysqlUtil.__init__ line:42| 数据库管理器初始化完成，运行时模式: False
2025-04-14 17:05:38|LogUtil.info line:33| 文件缓存命中：使用缓存的SCM初始化数据
2025-04-14 17:05:38|LogUtil.info line:33| 测试类初始化完成
2025-04-14 17:05:38|LogUtil.info line:33| 销售订单创建初始化测试通过
2025-04-14 17:05:38|LogUtil.info line:33| 客户信息查询测试通过
2025-04-14 17:05:38|LogUtil.info line:33| 相关方查询测试通过
2025-04-14 17:05:38|LogUtil.info line:33| 销售组织列表查询测试通过
2025-04-14 17:05:38|LogUtil.info line:33| 物料列表查询测试通过
2025-04-14 17:05:39|LogUtil.info line:33| 订单行渲染测试通过
2025-04-14 17:05:39|LogUtil.info line:33| 自动定价测试通过
2025-04-14 17:05:39|LogUtil.info line:33| 销售订单保存测试通过
2025-04-14 17:13:29|MysqlUtil.__init__ line:42| 数据库管理器初始化完成，运行时模式: False
2025-04-14 17:13:29|MysqlUtil.__init__ line:42| 数据库管理器初始化完成，运行时模式: False
2025-04-14 17:13:29|LogUtil.info line:33| 文件缓存命中：使用缓存的SCM初始化数据
2025-04-14 17:13:29|LogUtil.info line:33| 测试类初始化完成
2025-04-14 17:13:30|LogUtil.info line:33| 销售订单创建初始化测试通过
2025-04-14 17:13:30|LogUtil.info line:33| 客户信息查询测试通过
2025-04-14 17:13:30|LogUtil.info line:33| 相关方查询测试通过
2025-04-14 17:13:30|LogUtil.info line:33| 销售组织列表查询测试通过
2025-04-14 17:13:30|LogUtil.info line:33| 物料列表查询测试通过
2025-04-14 17:13:30|LogUtil.info line:33| 订单行渲染测试通过
2025-04-14 17:13:30|LogUtil.info line:33| 自动定价测试通过
2025-04-14 17:23:11|MysqlUtil.__init__ line:42| 数据库管理器初始化完成，运行时模式: False
2025-04-14 17:23:11|MysqlUtil.__init__ line:42| 数据库管理器初始化完成，运行时模式: False
2025-04-14 17:23:11|LogUtil.info line:33| 文件缓存命中：使用缓存的SCM初始化数据
2025-04-14 17:23:11|LogUtil.info line:33| 测试类初始化完成
2025-04-14 17:23:11|LogUtil.info line:33| 销售订单创建初始化测试通过
2025-04-14 17:23:11|LogUtil.info line:33| 客户信息查询测试通过
2025-04-14 17:23:11|LogUtil.info line:33| 相关方查询测试通过
2025-04-14 17:23:28|MysqlUtil.__init__ line:42| 数据库管理器初始化完成，运行时模式: False
2025-04-14 17:23:28|MysqlUtil.__init__ line:42| 数据库管理器初始化完成，运行时模式: False
2025-04-14 17:23:28|LogUtil.info line:33| 文件缓存命中：使用缓存的SCM初始化数据
2025-04-14 17:23:28|LogUtil.info line:33| 测试类初始化完成
2025-04-14 17:23:28|LogUtil.info line:33| 销售订单创建初始化测试通过
2025-04-14 17:23:29|LogUtil.info line:33| 客户信息查询测试通过
2025-04-14 17:23:29|LogUtil.info line:33| 相关方查询测试通过
2025-04-14 17:24:10|MysqlUtil.__init__ line:42| 数据库管理器初始化完成，运行时模式: False
2025-04-14 17:24:10|MysqlUtil.__init__ line:42| 数据库管理器初始化完成，运行时模式: False
2025-04-14 17:24:10|LogUtil.info line:33| 文件缓存命中：使用缓存的SCM初始化数据
2025-04-14 17:24:10|LogUtil.info line:33| 测试类初始化完成
2025-04-14 17:24:10|LogUtil.info line:33| 销售订单创建初始化测试通过
2025-04-14 17:24:10|LogUtil.info line:33| 客户信息查询测试通过
2025-04-14 17:24:10|LogUtil.info line:33| 相关方查询测试通过
2025-04-14 17:24:28|MysqlUtil.__init__ line:42| 数据库管理器初始化完成，运行时模式: False
2025-04-14 17:24:28|MysqlUtil.__init__ line:42| 数据库管理器初始化完成，运行时模式: False
2025-04-14 17:24:28|LogUtil.info line:33| 文件缓存命中：使用缓存的SCM初始化数据
2025-04-14 17:24:28|LogUtil.info line:33| 测试类初始化完成
2025-04-14 17:24:28|LogUtil.info line:33| 销售订单创建初始化测试通过
2025-04-14 17:24:29|LogUtil.info line:33| 客户信息查询测试通过
2025-04-14 17:24:29|LogUtil.info line:33| 相关方查询测试通过
2025-04-14 17:25:05|MysqlUtil.__init__ line:42| 数据库管理器初始化完成，运行时模式: False
2025-04-14 17:25:05|MysqlUtil.__init__ line:42| 数据库管理器初始化完成，运行时模式: False
2025-04-14 17:25:05|LogUtil.info line:33| 文件缓存命中：使用缓存的SCM初始化数据
2025-04-14 17:25:06|LogUtil.info line:33| 测试类初始化完成
2025-04-14 17:25:06|LogUtil.info line:33| 销售订单创建初始化测试通过
2025-04-14 17:25:06|LogUtil.info line:33| 客户信息查询测试通过
2025-04-14 17:25:06|LogUtil.info line:33| 相关方查询测试通过
2025-04-14 17:25:06|LogUtil.info line:33| 销售组织列表查询测试通过
2025-04-14 17:25:06|LogUtil.info line:33| 物料列表查询测试通过
2025-04-14 17:25:07|LogUtil.info line:33| 订单行渲染测试通过
2025-04-14 17:25:35|MysqlUtil.__init__ line:42| 数据库管理器初始化完成，运行时模式: False
2025-04-14 17:25:35|MysqlUtil.__init__ line:42| 数据库管理器初始化完成，运行时模式: False
2025-04-14 17:25:35|LogUtil.info line:33| 文件缓存命中：使用缓存的SCM初始化数据
2025-04-14 17:25:35|LogUtil.info line:33| 测试类初始化完成
2025-04-14 17:25:35|LogUtil.info line:33| 销售订单创建初始化测试通过
2025-04-14 17:25:35|LogUtil.info line:33| 客户信息查询测试通过
2025-04-14 17:25:35|LogUtil.info line:33| 相关方查询测试通过
2025-04-14 17:25:35|LogUtil.info line:33| 销售组织列表查询测试通过
2025-04-14 17:25:35|LogUtil.info line:33| 物料列表查询测试通过
2025-04-14 17:25:36|LogUtil.info line:33| 订单行渲染测试通过
2025-04-14 17:25:36|LogUtil.info line:33| 自动定价测试通过
2025-04-14 17:25:44|MysqlUtil.__init__ line:42| 数据库管理器初始化完成，运行时模式: False
2025-04-14 17:25:44|MysqlUtil.__init__ line:42| 数据库管理器初始化完成，运行时模式: False
2025-04-14 17:25:44|LogUtil.info line:33| 文件缓存命中：使用缓存的SCM初始化数据
2025-04-14 17:25:44|LogUtil.info line:33| 测试类初始化完成
2025-04-14 17:25:44|LogUtil.info line:33| 销售订单创建初始化测试通过
2025-04-14 17:25:44|LogUtil.info line:33| 客户信息查询测试通过
2025-04-14 17:25:45|LogUtil.info line:33| 相关方查询测试通过
2025-04-14 17:25:45|LogUtil.info line:33| 销售组织列表查询测试通过
2025-04-14 17:25:45|LogUtil.info line:33| 物料列表查询测试通过
2025-04-14 17:25:45|LogUtil.info line:33| 订单行渲染测试通过
2025-04-14 17:25:45|LogUtil.info line:33| 自动定价测试通过
2025-04-14 17:25:45|LogUtil.info line:33| 销售订单保存测试通过
2025-04-14 17:26:21|ExceptionUtil.wrapper line:56| 函数 setup_class 执行出错: TestSalesOrderCreate.setup_class() missing 1 required positional argument: 'cls'
2025-04-14 17:26:21|ExceptionUtil.wrapper line:57| 异常堆栈:
Traceback (most recent call last):
  File "/Users/zhangang/Documents/PyFile/erp_autotest/utils/ExceptionUtil.py", line 49, in wrapper
    return func(*args, **kwargs)
           ^^^^^^^^^^^^^^^^^^^^^
TypeError: TestSalesOrderCreate.setup_class() missing 1 required positional argument: 'cls'

2025-04-14 17:28:26|ExceptionUtil.wrapper line:50| 函数 setup_class 执行出错: TestSalesOrderCreate.setup_class() missing 1 required positional argument: 'cls'
2025-04-14 17:28:26|ExceptionUtil.wrapper line:51| 异常堆栈:
Traceback (most recent call last):
  File "/Users/zhangang/Documents/PyFile/erp_autotest/utils/ExceptionUtil.py", line 44, in wrapper
    return func(*args, **kwargs)
           ^^^^^^^^^^^^^^^^^^^^^
TypeError: TestSalesOrderCreate.setup_class() missing 1 required positional argument: 'cls'

2025-04-14 17:28:34|ExceptionUtil.wrapper line:50| 函数 setup_class 执行出错: TestSalesOrderCreate.setup_class() missing 1 required positional argument: 'cls'
2025-04-14 17:28:34|ExceptionUtil.wrapper line:51| 异常堆栈:
Traceback (most recent call last):
  File "/Users/zhangang/Documents/PyFile/erp_autotest/utils/ExceptionUtil.py", line 44, in wrapper
    return func(*args, **kwargs)
           ^^^^^^^^^^^^^^^^^^^^^
TypeError: TestSalesOrderCreate.setup_class() missing 1 required positional argument: 'cls'

2025-04-14 17:28:47|MysqlUtil.__init__ line:42| 数据库管理器初始化完成，运行时模式: False
2025-04-14 17:28:47|LogUtil.info line:33| 文件缓存命中：使用缓存的SCM初始化数据
2025-04-14 17:28:47|ExceptionUtil.wrapper line:50| 函数 setup_class 执行出错: 'cust_info'
2025-04-14 17:28:47|ExceptionUtil.wrapper line:51| 异常堆栈:
Traceback (most recent call last):
  File "/Users/zhangang/Documents/PyFile/erp_autotest/utils/ExceptionUtil.py", line 44, in wrapper
    return func(*args, **kwargs)
           ^^^^^^^^^^^^^^^^^^^^^
  File "/Users/zhangang/Documents/PyFile/erp_autotest/testcases/SCM/SO/test_create.py", line 48, in setup_class
    'cust_info': init_data['base_info']['cust_info'],
                 ~~~~~~~~~~~~~~~~~~~~~~^^^^^^^^^^^^^
KeyError: 'cust_info'

2025-04-14 17:29:02|MysqlUtil.__init__ line:42| 数据库管理器初始化完成，运行时模式: False
2025-04-14 17:29:02|LogUtil.info line:33| 文件缓存命中：使用缓存的SCM初始化数据
2025-04-14 17:29:02|ExceptionUtil.wrapper line:50| 函数 setup_class 执行出错: 'cust_info'
2025-04-14 17:29:02|ExceptionUtil.wrapper line:51| 异常堆栈:
Traceback (most recent call last):
  File "/Users/zhangang/Documents/PyFile/erp_autotest/utils/ExceptionUtil.py", line 44, in wrapper
    return func(*args, **kwargs)
           ^^^^^^^^^^^^^^^^^^^^^
  File "/Users/zhangang/Documents/PyFile/erp_autotest/testcases/SCM/SO/test_create.py", line 48, in setup_class
    'cust_info': init_data['base_info']['cust_info'],
                 ~~~~~~~~~~~~~~~~~~~~~~^^^^^^^^^^^^^
KeyError: 'cust_info'

2025-04-14 17:29:24|MysqlUtil.__init__ line:42| 数据库管理器初始化完成，运行时模式: False
2025-04-14 17:29:24|MysqlUtil.__init__ line:42| 数据库管理器初始化完成，运行时模式: False
2025-04-14 17:29:24|LogUtil.info line:33| 文件缓存命中：使用缓存的SCM初始化数据
2025-04-14 17:29:25|LogUtil.info line:33| 测试类初始化完成
2025-04-14 17:29:25|LogUtil.info line:33| 销售订单创建初始化测试通过
2025-04-14 17:29:25|LogUtil.info line:33| 客户信息查询测试通过
2025-04-14 17:29:25|LogUtil.info line:33| 相关方查询测试通过
2025-04-14 17:29:25|LogUtil.info line:33| 销售组织列表查询测试通过
2025-04-14 17:29:25|LogUtil.info line:33| 物料列表查询测试通过
2025-04-14 17:29:26|LogUtil.info line:33| 订单行渲染测试通过
2025-04-14 17:29:26|LogUtil.info line:33| 自动定价测试通过
2025-04-14 17:29:26|LogUtil.info line:33| 销售订单保存测试通过
2025-04-14 17:30:35|ExceptionUtil.wrapper line:50| 函数 setup_class 执行出错: TestSalesOrderCreate.setup_class() missing 1 required positional argument: 'cls'
2025-04-14 17:30:35|ExceptionUtil.wrapper line:51| 异常堆栈:
Traceback (most recent call last):
  File "/Users/zhangang/Documents/PyFile/erp_autotest/utils/ExceptionUtil.py", line 44, in wrapper
    return func(*args, **kwargs)
           ^^^^^^^^^^^^^^^^^^^^^
TypeError: TestSalesOrderCreate.setup_class() missing 1 required positional argument: 'cls'

2025-04-14 17:33:08|ExceptionUtil.wrapper line:56| 函数 setup_class 执行出错: TestSalesOrderCreate.setup_class() missing 1 required positional argument: 'cls'
2025-04-14 17:33:08|ExceptionUtil.wrapper line:57| 异常堆栈:
Traceback (most recent call last):
  File "/Users/zhangang/Documents/PyFile/erp_autotest/utils/ExceptionUtil.py", line 50, in wrapper
    return func(*args, **kwargs)
           ^^^^^^^^^^^^^^^^^^^^^
TypeError: TestSalesOrderCreate.setup_class() missing 1 required positional argument: 'cls'

2025-04-14 17:34:51|ExceptionUtil.wrapper line:56| 函数 setup_class 执行出错: 'classmethod' object is not callable
2025-04-14 17:34:51|ExceptionUtil.wrapper line:57| 异常堆栈:
Traceback (most recent call last):
  File "/Users/zhangang/Documents/PyFile/erp_autotest/utils/ExceptionUtil.py", line 50, in wrapper
    return func(*args, **kwargs)
           ^^^^^^^^^^^^^^^^^^^^^
TypeError: 'classmethod' object is not callable

2025-04-14 17:36:16|ExceptionUtil.wrapper line:72| 函数 setup_class 执行出错: TestSalesOrderCreate.setup_class() missing 1 required positional argument: 'cls'
2025-04-14 17:36:16|ExceptionUtil.wrapper line:73| 异常堆栈:
Traceback (most recent call last):
  File "/Users/zhangang/Documents/PyFile/erp_autotest/utils/ExceptionUtil.py", line 66, in wrapper
    return func(*args, **kwargs)
           ^^^^^^^^^^^^^^^^^^^^^
TypeError: TestSalesOrderCreate.setup_class() missing 1 required positional argument: 'cls'

2025-04-14 17:37:25|ExceptionUtil.wrapper line:54| 函数 setup_class 执行出错: TestSalesOrderCreate.setup_class() missing 1 required positional argument: 'cls'
2025-04-14 17:37:25|ExceptionUtil.wrapper line:55| 异常堆栈:
Traceback (most recent call last):
  File "/Users/zhangang/Documents/PyFile/erp_autotest/utils/ExceptionUtil.py", line 48, in wrapper
    return func(*args, **kwargs)
           ^^^^^^^^^^^^^^^^^^^^^
TypeError: TestSalesOrderCreate.setup_class() missing 1 required positional argument: 'cls'

2025-04-14 17:38:14|ExceptionUtil.wrapper line:54| 函数 setup_class 执行出错: TestSalesOrderCreate.setup_class() missing 1 required positional argument: 'cls'
2025-04-14 17:38:14|ExceptionUtil.wrapper line:55| 异常堆栈:
Traceback (most recent call last):
  File "/Users/zhangang/Documents/PyFile/erp_autotest/utils/ExceptionUtil.py", line 48, in wrapper
    return func(*args, **kwargs)
           ^^^^^^^^^^^^^^^^^^^^^
TypeError: TestSalesOrderCreate.setup_class() missing 1 required positional argument: 'cls'

2025-04-14 17:42:11|MysqlUtil.__init__ line:42| 数据库管理器初始化完成，运行时模式: False
2025-04-14 17:42:11|MysqlUtil.__init__ line:42| 数据库管理器初始化完成，运行时模式: False
2025-04-14 17:42:11|LogUtil.info line:33| 文件缓存命中：使用缓存的SCM初始化数据
2025-04-14 17:42:11|LogUtil.info line:33| 测试类初始化完成
2025-04-14 17:42:12|LogUtil.info line:33| 销售订单创建初始化测试通过
2025-04-14 17:42:12|LogUtil.info line:33| 客户信息查询测试通过
2025-04-14 17:42:12|LogUtil.info line:33| 相关方查询测试通过
2025-04-14 17:42:12|LogUtil.info line:33| 销售组织列表查询测试通过
2025-04-14 17:42:36|MysqlUtil.__init__ line:42| 数据库管理器初始化完成，运行时模式: False
2025-04-14 17:42:36|MysqlUtil.__init__ line:42| 数据库管理器初始化完成，运行时模式: False
2025-04-14 17:42:36|LogUtil.info line:33| 文件缓存命中：使用缓存的SCM初始化数据
2025-04-14 17:42:37|LogUtil.info line:33| 测试类初始化完成
2025-04-14 17:42:37|LogUtil.info line:33| 销售订单创建初始化测试通过
2025-04-14 17:42:37|LogUtil.info line:33| 客户信息查询测试通过
2025-04-14 17:42:37|LogUtil.info line:33| 相关方查询测试通过
2025-04-14 17:42:37|LogUtil.info line:33| 销售组织列表查询测试通过
2025-04-14 17:42:37|LogUtil.info line:33| 物料列表查询测试通过
2025-04-14 17:42:37|LogUtil.info line:33| 订单行渲染测试通过
2025-04-14 17:42:37|LogUtil.info line:33| 自动定价测试通过
2025-04-14 17:42:38|LogUtil.info line:33| 销售订单保存测试通过
2025-04-14 17:42:48|MysqlUtil.__init__ line:42| 数据库管理器初始化完成，运行时模式: False
2025-04-14 17:42:48|MysqlUtil.__init__ line:42| 数据库管理器初始化完成，运行时模式: False
2025-04-14 17:42:48|LogUtil.info line:33| 文件缓存命中：使用缓存的SCM初始化数据
2025-04-14 17:42:48|LogUtil.info line:33| 测试类初始化完成
2025-04-14 17:42:48|LogUtil.info line:33| 销售订单创建初始化测试通过
2025-04-14 17:42:48|LogUtil.info line:33| 客户信息查询测试通过
2025-04-14 17:42:48|LogUtil.info line:33| 相关方查询测试通过
2025-04-14 17:42:48|LogUtil.info line:33| 销售组织列表查询测试通过
2025-04-14 17:45:03|MysqlUtil.__init__ line:42| 数据库管理器初始化完成，运行时模式: False
2025-04-14 17:45:03|MysqlUtil.__init__ line:42| 数据库管理器初始化完成，运行时模式: False
2025-04-14 17:45:03|LogUtil.info line:33| 文件缓存命中：使用缓存的SCM初始化数据
2025-04-14 17:45:03|LogUtil.info line:33| 测试类初始化完成
2025-04-14 17:45:03|LogUtil.info line:33| 销售订单创建初始化测试通过
2025-04-14 17:45:03|LogUtil.info line:33| 客户信息查询测试通过
2025-04-14 17:45:03|LogUtil.info line:33| 相关方查询测试通过
2025-04-14 17:45:03|LogUtil.info line:33| 销售组织列表查询测试通过
2025-04-14 17:45:03|LogUtil.info line:33| 物料列表查询测试通过
2025-04-14 18:09:59|MysqlUtil.__init__ line:42| 数据库管理器初始化完成，运行时模式: False
2025-04-14 18:09:59|MysqlUtil.__init__ line:42| 数据库管理器初始化完成，运行时模式: False
2025-04-14 18:09:59|LogUtil.info line:33| 文件缓存命中：使用缓存的SCM初始化数据
2025-04-14 18:09:59|LogUtil.info line:33| 测试类初始化完成
2025-04-14 18:09:59|LogUtil.info line:33| 销售订单创建初始化测试通过
2025-04-14 18:09:59|LogUtil.info line:33| 客户信息查询测试通过
2025-04-14 18:10:00|LogUtil.info line:33| 相关方查询测试通过
2025-04-14 18:10:00|LogUtil.info line:33| 销售组织列表查询测试通过
2025-04-14 18:10:00|LogUtil.info line:33| 物料列表查询测试通过
2025-04-14 18:10:48|MysqlUtil.__init__ line:42| 数据库管理器初始化完成，运行时模式: False
2025-04-14 18:10:48|MysqlUtil.__init__ line:42| 数据库管理器初始化完成，运行时模式: False
2025-04-14 18:10:48|LogUtil.info line:33| 文件缓存命中：使用缓存的SCM初始化数据
2025-04-14 18:10:49|LogUtil.info line:33| 测试类初始化完成
2025-04-14 18:10:49|LogUtil.info line:33| 销售订单创建初始化测试通过
2025-04-14 18:10:49|LogUtil.info line:33| 客户信息查询测试通过
2025-04-14 18:10:49|LogUtil.info line:33| 相关方查询测试通过
2025-04-14 18:10:49|LogUtil.info line:33| 销售组织列表查询测试通过
2025-04-14 18:10:49|LogUtil.info line:33| 物料列表查询测试通过
2025-04-14 18:14:18|MysqlUtil.__init__ line:42| 数据库管理器初始化完成，运行时模式: False
2025-04-14 18:14:18|MysqlUtil.__init__ line:42| 数据库管理器初始化完成，运行时模式: False
2025-04-14 18:14:18|LogUtil.info line:33| 文件缓存命中：使用缓存的SCM初始化数据
2025-04-14 18:14:18|LogUtil.info line:33| 测试类初始化完成
2025-04-14 18:14:18|LogUtil.info line:33| 开始执行测试方法: test_init_sales_order
2025-04-14 18:14:18|LogUtil.info line:33| 销售订单创建初始化测试通过
2025-04-14 18:15:13|MysqlUtil.__init__ line:42| 数据库管理器初始化完成，运行时模式: False
2025-04-14 18:15:13|MysqlUtil.__init__ line:42| 数据库管理器初始化完成，运行时模式: False
2025-04-14 18:15:13|LogUtil.info line:33| 文件缓存命中：使用缓存的SCM初始化数据
2025-04-14 18:15:14|LogUtil.info line:33| 测试类初始化完成
2025-04-14 18:15:14|LogUtil.info line:33| 开始执行测试方法: test_init_sales_order
2025-04-14 18:15:14|LogUtil.info line:33| 销售订单创建初始化测试通过
2025-04-14 18:15:33|MysqlUtil.__init__ line:42| 数据库管理器初始化完成，运行时模式: False
2025-04-14 18:15:33|MysqlUtil.__init__ line:42| 数据库管理器初始化完成，运行时模式: False
2025-04-14 18:15:33|LogUtil.info line:33| 文件缓存命中：使用缓存的SCM初始化数据
2025-04-14 18:15:33|LogUtil.info line:33| 测试类初始化完成
2025-04-14 18:15:33|LogUtil.info line:33| 开始执行测试方法: test_init_sales_order
2025-04-14 18:15:34|LogUtil.info line:33| 销售订单创建初始化测试通过
2025-04-14 18:15:34|LogUtil.info line:33| 开始执行测试方法: test_query_customer_info
2025-04-14 18:15:34|LogUtil.info line:33| 客户信息查询测试通过
2025-04-14 18:15:34|LogUtil.info line:33| 开始执行测试方法: test_query_partner
2025-04-14 18:15:34|LogUtil.info line:33| 客户信息查询测试通过
2025-04-14 18:15:34|LogUtil.info line:33| 相关方查询测试通过
2025-04-14 18:15:34|LogUtil.info line:33| 开始执行测试方法: test_query_sales_organization
2025-04-14 18:15:34|LogUtil.info line:33| 销售组织列表查询测试通过
2025-04-14 18:15:34|LogUtil.info line:33| 开始执行测试方法: test_query_materials
2025-04-14 18:15:34|LogUtil.info line:33| 开始执行测试方法: test_render_order_line
2025-04-14 18:15:34|LogUtil.info line:33| 客户信息查询测试通过
2025-04-14 18:15:34|LogUtil.info line:33| 相关方查询测试通过
2025-04-14 18:15:34|LogUtil.info line:33| 开始执行测试方法: test_calculate_pricing
2025-04-14 18:15:34|LogUtil.info line:33| 客户信息查询测试通过
2025-04-14 18:15:34|LogUtil.info line:33| 相关方查询测试通过
2025-04-14 18:15:34|LogUtil.info line:33| 开始执行测试方法: test_save_sales_order
2025-04-14 18:15:34|LogUtil.info line:33| 客户信息查询测试通过
2025-04-14 18:15:34|LogUtil.info line:33| 相关方查询测试通过
2025-04-14 18:21:21|MysqlUtil.__init__ line:42| 数据库管理器初始化完成，运行时模式: False
2025-04-14 18:21:21|MysqlUtil.__init__ line:42| 数据库管理器初始化完成，运行时模式: False
2025-04-14 18:21:21|LogUtil.info line:33| 文件缓存命中：使用缓存的SCM初始化数据
2025-04-14 18:21:22|LogUtil.info line:33| 测试类初始化完成
2025-04-14 18:21:22|LogUtil.info line:33| 开始执行测试方法: test_init_sales_order
2025-04-14 18:21:22|LogUtil.info line:33| 销售订单创建初始化测试通过
2025-04-14 18:21:22|LogUtil.info line:33| 开始执行测试方法: test_query_customer_info
2025-04-14 18:21:22|LogUtil.info line:33| 客户信息查询测试通过
2025-04-14 18:21:22|LogUtil.info line:33| 开始执行测试方法: test_query_partner
2025-04-14 18:21:22|LogUtil.info line:33| 相关方查询测试通过
2025-04-14 18:21:22|LogUtil.info line:33| 开始执行测试方法: test_query_sales_organization
2025-04-14 18:21:22|LogUtil.info line:33| 销售组织列表查询测试通过
2025-04-14 18:21:22|LogUtil.info line:33| 开始执行测试方法: test_query_materials
2025-04-14 18:21:22|LogUtil.info line:33| 物料列表查询测试通过
2025-04-14 18:21:22|LogUtil.info line:33| 开始执行测试方法: test_render_order_line
2025-04-14 18:21:22|LogUtil.info line:33| 开始执行测试方法: test_calculate_pricing
2025-04-14 18:21:22|LogUtil.info line:33| 开始执行测试方法: test_save_sales_order
2025-04-14 18:22:38|MysqlUtil.__init__ line:42| 数据库管理器初始化完成，运行时模式: False
2025-04-14 18:22:38|MysqlUtil.__init__ line:42| 数据库管理器初始化完成，运行时模式: False
2025-04-14 18:22:38|LogUtil.info line:33| 文件缓存命中：使用缓存的SCM初始化数据
2025-04-14 18:22:38|LogUtil.info line:33| 测试类初始化完成
2025-04-14 18:22:38|LogUtil.info line:33| 开始执行测试方法: test_init_sales_order
2025-04-14 18:22:38|LogUtil.info line:33| 销售订单创建初始化测试通过
2025-04-14 18:22:38|LogUtil.info line:33| 开始执行测试方法: test_query_customer_info
2025-04-14 18:22:38|LogUtil.info line:33| 客户信息查询测试通过
2025-04-14 18:22:38|LogUtil.info line:33| 开始执行测试方法: test_query_partner
2025-04-14 18:22:38|LogUtil.info line:33| 相关方查询测试通过
2025-04-14 18:22:38|LogUtil.info line:33| 开始执行测试方法: test_query_sales_organization
2025-04-14 18:22:38|LogUtil.info line:33| 销售组织列表查询测试通过
2025-04-14 18:22:38|LogUtil.info line:33| 开始执行测试方法: test_query_materials
2025-04-14 18:22:38|LogUtil.info line:33| 物料列表查询测试通过
2025-04-14 18:22:38|LogUtil.info line:33| 开始执行测试方法: test_render_order_line
2025-04-14 18:22:38|LogUtil.info line:33| 物料列表查询测试通过
2025-04-14 18:22:39|LogUtil.info line:33| 开始执行测试方法: test_calculate_pricing
2025-04-14 18:22:39|LogUtil.info line:33| 开始执行测试方法: test_save_sales_order
2025-04-14 18:23:51|MysqlUtil.__init__ line:42| 数据库管理器初始化完成，运行时模式: False
2025-04-14 18:23:51|MysqlUtil.__init__ line:42| 数据库管理器初始化完成，运行时模式: False
2025-04-14 18:23:51|LogUtil.info line:33| 文件缓存命中：使用缓存的SCM初始化数据
2025-04-14 18:23:52|LogUtil.info line:33| 测试类初始化完成
2025-04-14 18:23:52|LogUtil.info line:33| 开始执行测试方法: test_init_sales_order
2025-04-14 18:23:52|LogUtil.info line:33| 销售订单创建初始化测试通过
2025-04-14 18:23:52|LogUtil.info line:33| 开始执行测试方法: test_query_customer_info
2025-04-14 18:23:52|LogUtil.info line:33| 客户信息查询测试通过
2025-04-14 18:23:52|LogUtil.info line:33| 开始执行测试方法: test_query_partner
2025-04-14 18:23:52|LogUtil.info line:33| 相关方查询测试通过
2025-04-14 18:23:52|LogUtil.info line:33| 开始执行测试方法: test_query_sales_organization
2025-04-14 18:23:52|LogUtil.info line:33| 销售组织列表查询测试通过
2025-04-14 18:23:52|LogUtil.info line:33| 开始执行测试方法: test_query_materials
2025-04-14 18:23:52|LogUtil.info line:33| 物料列表查询测试通过
2025-04-14 18:23:52|LogUtil.info line:33| 开始执行测试方法: test_render_order_line
2025-04-14 18:23:52|LogUtil.info line:33| 客户信息查询测试通过
2025-04-14 18:23:52|LogUtil.info line:33| 物料列表查询测试通过
2025-04-14 18:23:52|LogUtil.info line:33| 开始执行测试方法: test_calculate_pricing
2025-04-14 18:23:52|LogUtil.info line:33| 开始执行测试方法: test_save_sales_order
2025-04-14 18:23:54|MysqlUtil.__init__ line:42| 数据库管理器初始化完成，运行时模式: False
2025-04-14 18:23:54|MysqlUtil.__init__ line:42| 数据库管理器初始化完成，运行时模式: False
2025-04-14 18:23:54|LogUtil.info line:33| 文件缓存命中：使用缓存的SCM初始化数据
2025-04-14 18:23:54|LogUtil.info line:33| 测试类初始化完成
2025-04-14 18:23:54|LogUtil.info line:33| 开始执行测试方法: test_init_sales_order
2025-04-14 18:23:54|LogUtil.info line:33| 销售订单创建初始化测试通过
2025-04-14 18:23:54|LogUtil.info line:33| 开始执行测试方法: test_query_customer_info
2025-04-14 18:23:54|LogUtil.info line:33| 客户信息查询测试通过
2025-04-14 18:23:54|LogUtil.info line:33| 开始执行测试方法: test_query_partner
2025-04-14 18:23:54|LogUtil.info line:33| 相关方查询测试通过
2025-04-14 18:23:54|LogUtil.info line:33| 开始执行测试方法: test_query_sales_organization
2025-04-14 18:23:54|LogUtil.info line:33| 销售组织列表查询测试通过
2025-04-14 18:23:54|LogUtil.info line:33| 开始执行测试方法: test_query_materials
2025-04-14 18:23:54|LogUtil.info line:33| 物料列表查询测试通过
2025-04-14 18:23:54|LogUtil.info line:33| 开始执行测试方法: test_render_order_line
2025-04-14 18:23:54|LogUtil.info line:33| 客户信息查询测试通过
2025-04-14 18:23:55|LogUtil.info line:33| 物料列表查询测试通过
2025-04-14 18:23:55|LogUtil.info line:33| 开始执行测试方法: test_calculate_pricing
2025-04-14 18:23:55|LogUtil.info line:33| 开始执行测试方法: test_save_sales_order
2025-04-14 18:27:50|MysqlUtil.__init__ line:42| 数据库管理器初始化完成，运行时模式: False
2025-04-14 18:27:50|MysqlUtil.__init__ line:42| 数据库管理器初始化完成，运行时模式: False
2025-04-14 18:27:50|LogUtil.info line:33| 文件缓存命中：使用缓存的SCM初始化数据
2025-04-14 18:27:51|LogUtil.info line:33| 测试类初始化完成
2025-04-14 18:27:51|LogUtil.info line:33| 开始执行测试方法: test_init_sales_order
2025-04-14 18:27:51|LogUtil.info line:33| 销售订单创建初始化测试通过
2025-04-14 18:27:51|LogUtil.info line:33| 开始执行测试方法: test_query_customer_info
2025-04-14 18:27:51|LogUtil.info line:33| 客户信息查询测试通过
2025-04-14 18:27:51|LogUtil.info line:33| 开始执行测试方法: test_query_partner
2025-04-14 18:27:51|LogUtil.info line:33| 相关方查询测试通过
2025-04-14 18:27:51|LogUtil.info line:33| 开始执行测试方法: test_query_sales_organization
2025-04-14 18:27:51|LogUtil.info line:33| 销售组织列表查询测试通过
2025-04-14 18:27:51|LogUtil.info line:33| 开始执行测试方法: test_query_materials
2025-04-14 18:27:51|LogUtil.info line:33| 物料列表查询测试通过
2025-04-14 18:27:51|LogUtil.info line:33| 开始执行测试方法: test_render_order_line
2025-04-14 18:27:51|LogUtil.info line:33| 客户信息查询测试通过
2025-04-14 18:27:51|LogUtil.info line:33| 物料列表查询测试通过
2025-04-14 18:27:52|LogUtil.info line:33| 开始执行测试方法: test_calculate_pricing
2025-04-14 18:27:52|LogUtil.info line:33| 开始执行测试方法: test_save_sales_order
2025-04-14 18:30:58|MysqlUtil.__init__ line:42| 数据库管理器初始化完成，运行时模式: False
2025-04-14 18:30:58|MysqlUtil.__init__ line:42| 数据库管理器初始化完成，运行时模式: False
2025-04-14 18:30:58|LogUtil.info line:33| 文件缓存命中：使用缓存的SCM初始化数据
2025-04-14 18:30:58|LogUtil.info line:33| 测试类初始化完成
2025-04-14 18:30:58|LogUtil.info line:33| 开始执行测试方法: test_init_sales_order
2025-04-14 18:30:58|LogUtil.info line:33| 销售订单创建初始化测试通过
2025-04-14 18:30:58|LogUtil.info line:33| 开始执行测试方法: test_query_customer_info
2025-04-14 18:30:58|LogUtil.info line:33| 客户信息查询测试通过
2025-04-14 18:30:58|LogUtil.info line:33| 开始执行测试方法: test_query_partner
2025-04-14 18:30:58|LogUtil.info line:33| 相关方查询测试通过
2025-04-14 18:30:58|LogUtil.info line:33| 开始执行测试方法: test_query_sales_organization
2025-04-14 18:30:58|LogUtil.info line:33| 销售组织列表查询测试通过
2025-04-14 18:30:58|LogUtil.info line:33| 开始执行测试方法: test_query_materials
2025-04-14 18:30:58|LogUtil.info line:33| 开始执行测试方法: test_render_order_line
2025-04-14 18:30:58|LogUtil.info line:33| 开始执行测试方法: test_calculate_pricing
2025-04-14 18:30:58|LogUtil.info line:33| 开始执行测试方法: test_save_sales_order
2025-04-14 18:31:10|MysqlUtil.__init__ line:42| 数据库管理器初始化完成，运行时模式: False
2025-04-14 18:31:10|MysqlUtil.__init__ line:42| 数据库管理器初始化完成，运行时模式: False
2025-04-14 18:31:10|LogUtil.info line:33| 文件缓存命中：使用缓存的SCM初始化数据
2025-04-14 18:31:10|LogUtil.info line:33| 测试类初始化完成
2025-04-14 18:31:10|LogUtil.info line:33| 销售订单创建初始化测试通过
2025-04-14 18:31:10|LogUtil.info line:33| 客户信息查询测试通过
2025-04-14 18:31:10|LogUtil.info line:33| 相关方查询测试通过
2025-04-14 18:31:10|LogUtil.info line:33| 销售组织列表查询测试通过
2025-04-14 18:31:10|LogUtil.info line:33| 物料列表查询测试通过
2025-04-14 18:31:11|LogUtil.info line:33| 订单行渲染测试通过
2025-04-14 18:31:11|LogUtil.info line:33| 自动定价测试通过
2025-04-14 18:31:11|LogUtil.info line:33| 销售订单保存测试通过
2025-04-14 18:35:15|MysqlUtil.__init__ line:42| 数据库管理器初始化完成，运行时模式: False
2025-04-14 18:35:15|MysqlUtil.__init__ line:42| 数据库管理器初始化完成，运行时模式: False
2025-04-14 18:35:15|LogUtil.info line:33| 文件缓存命中：使用缓存的SCM初始化数据
2025-04-14 18:35:15|LogUtil.info line:33| 测试类初始化完成
2025-04-14 18:35:15|LogUtil.info line:33| 开始执行测试方法: test_init_sales_order
2025-04-14 18:35:16|LogUtil.info line:33| 销售订单创建初始化测试通过
2025-04-14 18:35:16|LogUtil.info line:33| 开始执行测试方法: test_query_customer_info
2025-04-14 18:35:16|LogUtil.info line:33| 客户信息查询测试通过
2025-04-14 18:35:16|LogUtil.info line:33| 开始执行测试方法: test_query_partner
2025-04-14 18:35:16|LogUtil.info line:33| 相关方查询测试通过
2025-04-14 18:35:16|LogUtil.info line:33| 开始执行测试方法: test_query_sales_organization
2025-04-14 18:35:16|LogUtil.info line:33| 销售组织列表查询测试通过
2025-04-14 18:35:16|LogUtil.info line:33| 开始执行测试方法: test_query_materials
2025-04-14 18:35:16|LogUtil.info line:33| 开始执行测试方法: test_render_order_line
2025-04-14 18:35:16|LogUtil.info line:33| 开始执行测试方法: test_calculate_pricing
2025-04-14 18:35:16|LogUtil.info line:33| 开始执行测试方法: test_save_sales_order
2025-04-14 18:39:08|MysqlUtil.__init__ line:42| 数据库管理器初始化完成，运行时模式: False
2025-04-14 18:39:08|MysqlUtil.__init__ line:42| 数据库管理器初始化完成，运行时模式: False
2025-04-14 18:39:08|LogUtil.info line:33| 文件缓存命中：使用缓存的SCM初始化数据
2025-04-14 18:39:08|LogUtil.info line:33| 测试类初始化完成
2025-04-14 18:39:08|LogUtil.info line:33| 开始执行测试方法: test_init_sales_order
2025-04-14 18:39:08|LogUtil.info line:33| 销售订单创建初始化测试通过
2025-04-14 18:39:08|LogUtil.info line:33| 开始执行测试方法: test_query_customer_info
2025-04-14 18:39:08|LogUtil.info line:33| 客户信息查询测试通过
2025-04-14 18:39:08|LogUtil.info line:33| 开始执行测试方法: test_query_partner
2025-04-14 18:39:08|LogUtil.info line:33| 相关方查询测试通过
2025-04-14 18:39:08|LogUtil.info line:33| 开始执行测试方法: test_query_sales_organization
2025-04-14 18:39:08|LogUtil.info line:33| 销售组织列表查询测试通过
2025-04-14 18:39:08|LogUtil.info line:33| 开始执行测试方法: test_query_materials
2025-04-14 18:39:08|LogUtil.info line:33| 开始执行测试方法: test_render_order_line
2025-04-14 18:39:08|LogUtil.info line:33| 开始执行测试方法: test_calculate_pricing
2025-04-14 18:39:08|LogUtil.info line:33| 开始执行测试方法: test_save_sales_order
2025-04-14 18:42:58|MysqlUtil.__init__ line:42| 数据库管理器初始化完成，运行时模式: False
2025-04-14 18:42:58|MysqlUtil.__init__ line:42| 数据库管理器初始化完成，运行时模式: False
2025-04-14 18:42:58|LogUtil.info line:33| 文件缓存命中：使用缓存的SCM初始化数据
2025-04-14 18:42:58|LogUtil.info line:33| 测试类初始化完成
2025-04-14 18:42:58|LogUtil.info line:33| 开始执行测试方法: test_init_sales_order
2025-04-14 18:42:59|LogUtil.info line:33| 销售订单创建初始化测试通过
2025-04-14 18:42:59|LogUtil.info line:33| 开始执行测试方法: test_query_customer_info
2025-04-14 18:42:59|LogUtil.info line:33| 客户信息查询测试通过
2025-04-14 18:42:59|LogUtil.info line:33| 开始执行测试方法: test_query_partner
2025-04-14 18:42:59|LogUtil.info line:33| 相关方查询测试通过
2025-04-14 18:42:59|LogUtil.info line:33| 开始执行测试方法: test_query_sales_organization
2025-04-14 18:42:59|LogUtil.info line:33| 销售组织列表查询测试通过
2025-04-14 18:42:59|LogUtil.info line:33| 开始执行测试方法: test_query_materials
2025-04-14 18:42:59|LogUtil.info line:33| 开始执行测试方法: test_render_order_line
2025-04-14 18:42:59|LogUtil.info line:33| 开始执行测试方法: test_calculate_pricing
2025-04-14 18:42:59|LogUtil.info line:33| 开始执行测试方法: test_save_sales_order
2025-04-14 18:43:43|MysqlUtil.__init__ line:42| 数据库管理器初始化完成，运行时模式: False
2025-04-14 18:43:43|MysqlUtil.__init__ line:42| 数据库管理器初始化完成，运行时模式: False
2025-04-14 18:43:43|LogUtil.info line:33| 文件缓存命中：使用缓存的SCM初始化数据
2025-04-14 18:43:43|LogUtil.info line:33| 测试类初始化完成
2025-04-14 18:43:43|LogUtil.info line:33| 开始执行测试方法: test_init_sales_order
2025-04-14 18:43:43|LogUtil.info line:33| 销售订单创建初始化测试通过
2025-04-14 18:43:43|LogUtil.info line:33| 开始执行测试方法: test_query_customer_info
2025-04-14 18:43:43|LogUtil.info line:33| 客户信息查询测试通过
2025-04-14 18:43:43|LogUtil.info line:33| 开始执行测试方法: test_query_partner
2025-04-14 18:43:43|LogUtil.info line:33| 相关方查询测试通过
2025-04-14 18:43:43|LogUtil.info line:33| 开始执行测试方法: test_query_sales_organization
2025-04-14 18:43:43|LogUtil.info line:33| 销售组织列表查询测试通过
2025-04-14 18:43:43|LogUtil.info line:33| 开始执行测试方法: test_query_materials
2025-04-14 18:43:43|LogUtil.info line:33| 开始执行测试方法: test_render_order_line
2025-04-14 18:43:43|LogUtil.info line:33| 开始执行测试方法: test_calculate_pricing
2025-04-14 18:43:43|LogUtil.info line:33| 开始执行测试方法: test_save_sales_order
2025-04-14 18:44:15|MysqlUtil.__init__ line:42| 数据库管理器初始化完成，运行时模式: False
2025-04-14 18:44:15|MysqlUtil.__init__ line:42| 数据库管理器初始化完成，运行时模式: False
2025-04-14 18:44:15|LogUtil.info line:33| 文件缓存命中：使用缓存的SCM初始化数据
2025-04-14 18:44:15|LogUtil.info line:33| 测试类初始化完成
2025-04-14 18:44:15|LogUtil.info line:33| 开始执行测试方法: test_init_sales_order
2025-04-14 18:44:15|LogUtil.info line:33| 销售订单创建初始化测试通过
2025-04-14 18:44:15|LogUtil.info line:33| 开始执行测试方法: test_query_customer_info
2025-04-14 18:44:15|LogUtil.info line:33| 客户信息查询测试通过
2025-04-14 18:44:15|LogUtil.info line:33| 开始执行测试方法: test_query_partner
2025-04-14 18:44:15|LogUtil.info line:33| 相关方查询测试通过
2025-04-14 18:44:15|LogUtil.info line:33| 开始执行测试方法: test_query_sales_organization
2025-04-14 18:44:15|LogUtil.info line:33| 销售组织列表查询测试通过
2025-04-14 18:44:15|LogUtil.info line:33| 开始执行测试方法: test_query_materials
2025-04-14 18:44:15|LogUtil.info line:33| 开始执行测试方法: test_render_order_line
2025-04-14 18:44:15|LogUtil.info line:33| 开始执行测试方法: test_calculate_pricing
2025-04-14 18:44:15|LogUtil.info line:33| 开始执行测试方法: test_save_sales_order
2025-04-14 18:45:03|MysqlUtil.__init__ line:42| 数据库管理器初始化完成，运行时模式: False
2025-04-14 18:45:03|MysqlUtil.__init__ line:42| 数据库管理器初始化完成，运行时模式: False
2025-04-14 18:45:03|LogUtil.info line:33| 文件缓存命中：使用缓存的SCM初始化数据
2025-04-14 18:45:03|LogUtil.info line:33| 测试类初始化完成
2025-04-14 18:45:03|LogUtil.info line:33| 开始执行测试方法: test_init_sales_order
2025-04-14 18:45:03|LogUtil.info line:33| 销售订单创建初始化测试通过
2025-04-14 18:45:03|LogUtil.info line:33| 开始执行测试方法: test_query_customer_info
2025-04-14 18:45:04|LogUtil.info line:33| 客户信息查询测试通过
2025-04-14 18:45:04|LogUtil.info line:33| 开始执行测试方法: test_query_partner
2025-04-14 18:45:04|LogUtil.info line:33| 相关方查询测试通过
2025-04-14 18:45:04|LogUtil.info line:33| 开始执行测试方法: test_query_sales_organization
2025-04-14 18:45:04|LogUtil.info line:33| 销售组织列表查询测试通过
2025-04-14 18:45:04|LogUtil.info line:33| 开始执行测试方法: test_query_materials
2025-04-14 18:45:04|LogUtil.info line:33| 开始执行测试方法: test_render_order_line
2025-04-14 18:45:04|LogUtil.info line:33| 开始执行测试方法: test_calculate_pricing
2025-04-14 18:45:04|LogUtil.info line:33| 开始执行测试方法: test_save_sales_order
2025-04-14 18:46:01|MysqlUtil.__init__ line:42| 数据库管理器初始化完成，运行时模式: False
2025-04-14 18:46:01|MysqlUtil.__init__ line:42| 数据库管理器初始化完成，运行时模式: False
2025-04-14 18:46:01|LogUtil.info line:33| 文件缓存命中：使用缓存的SCM初始化数据
2025-04-14 18:46:01|LogUtil.info line:33| 测试类初始化完成
2025-04-14 18:46:01|LogUtil.info line:33| 开始执行测试方法: test_init_sales_order
2025-04-14 18:46:01|LogUtil.info line:33| 销售订单创建初始化测试通过
2025-04-14 18:46:01|LogUtil.info line:33| 开始执行测试方法: test_query_customer_info
2025-04-14 18:46:01|LogUtil.info line:33| 客户信息查询测试通过
2025-04-14 18:46:01|LogUtil.info line:33| 开始执行测试方法: test_query_partner
2025-04-14 18:46:02|LogUtil.info line:33| 相关方查询测试通过
2025-04-14 18:46:02|LogUtil.info line:33| 开始执行测试方法: test_query_sales_organization
2025-04-14 18:46:02|LogUtil.info line:33| 销售组织列表查询测试通过
2025-04-14 18:46:02|LogUtil.info line:33| 开始执行测试方法: test_query_materials
2025-04-14 18:46:02|LogUtil.info line:33| 物料列表查询测试通过
2025-04-14 18:46:02|LogUtil.info line:33| 开始执行测试方法: test_render_order_line
2025-04-14 18:46:02|LogUtil.info line:33| 客户信息查询测试通过
2025-04-14 18:46:02|LogUtil.info line:33| 物料列表查询测试通过
2025-04-14 18:46:02|LogUtil.info line:33| 开始执行测试方法: test_calculate_pricing
2025-04-14 18:46:02|LogUtil.info line:33| 开始执行测试方法: test_save_sales_order
2025-04-14 18:48:10|MysqlUtil.__init__ line:42| 数据库管理器初始化完成，运行时模式: False
2025-04-14 18:48:10|MysqlUtil.__init__ line:42| 数据库管理器初始化完成，运行时模式: False
2025-04-14 18:48:10|LogUtil.info line:33| 文件缓存命中：使用缓存的SCM初始化数据
2025-04-14 18:48:10|LogUtil.info line:33| 测试类初始化完成
2025-04-14 18:48:10|LogUtil.info line:33| 开始执行测试方法: test_init_sales_order
2025-04-14 18:48:10|LogUtil.info line:33| 销售订单创建初始化测试通过
2025-04-14 18:48:10|LogUtil.info line:33| 开始执行测试方法: test_query_customer_info
2025-04-14 18:48:10|LogUtil.info line:33| 客户信息查询测试通过
2025-04-14 18:48:10|LogUtil.info line:33| 开始执行测试方法: test_query_partner
2025-04-14 18:48:10|LogUtil.info line:33| 相关方查询测试通过
2025-04-14 18:48:10|LogUtil.info line:33| 开始执行测试方法: test_query_sales_organization
2025-04-14 18:48:11|LogUtil.info line:33| 销售组织列表查询测试通过
2025-04-14 18:48:11|LogUtil.info line:33| 开始执行测试方法: test_query_materials
2025-04-14 18:48:11|LogUtil.info line:33| 物料列表查询测试通过
2025-04-14 18:48:11|LogUtil.info line:33| 开始执行测试方法: test_render_order_line
2025-04-14 18:48:11|LogUtil.info line:33| 客户信息查询测试通过
2025-04-14 18:48:11|LogUtil.info line:33| 物料列表查询测试通过
2025-04-14 18:48:11|LogUtil.info line:33| 订单行渲染测试通过
2025-04-14 18:48:11|LogUtil.info line:33| 开始执行测试方法: test_calculate_pricing
2025-04-14 18:48:11|LogUtil.info line:33| 自动定价测试通过
2025-04-14 18:48:11|LogUtil.info line:33| 开始执行测试方法: test_save_sales_order
2025-04-14 18:49:20|MysqlUtil.__init__ line:42| 数据库管理器初始化完成，运行时模式: False
2025-04-14 18:49:20|MysqlUtil.__init__ line:42| 数据库管理器初始化完成，运行时模式: False
2025-04-14 18:49:20|LogUtil.info line:33| 文件缓存命中：使用缓存的SCM初始化数据
2025-04-14 18:49:21|LogUtil.info line:33| 测试类初始化完成
2025-04-14 18:49:21|LogUtil.info line:33| 开始执行测试方法: test_init_sales_order
2025-04-14 18:49:21|LogUtil.info line:33| 销售订单创建初始化测试通过
2025-04-14 18:49:21|LogUtil.info line:33| 开始执行测试方法: test_query_customer_info
2025-04-14 18:49:21|LogUtil.info line:33| 客户信息查询测试通过
2025-04-14 18:49:21|LogUtil.info line:33| 开始执行测试方法: test_query_partner
2025-04-14 18:49:21|LogUtil.info line:33| 相关方查询测试通过
2025-04-14 18:49:21|LogUtil.info line:33| 开始执行测试方法: test_query_sales_organization
2025-04-14 18:49:21|LogUtil.info line:33| 销售组织列表查询测试通过
2025-04-14 18:49:21|LogUtil.info line:33| 开始执行测试方法: test_query_materials
2025-04-14 18:49:21|LogUtil.info line:33| 物料列表查询测试通过
2025-04-14 18:49:21|LogUtil.info line:33| 开始执行测试方法: test_render_order_line
2025-04-14 18:49:21|LogUtil.info line:33| 客户信息查询测试通过
2025-04-14 18:49:21|LogUtil.info line:33| 物料列表查询测试通过
2025-04-14 18:49:21|LogUtil.info line:33| 订单行渲染测试通过
2025-04-14 18:49:21|LogUtil.info line:33| 开始执行测试方法: test_calculate_pricing
2025-04-14 18:49:21|LogUtil.info line:33| 自动定价测试通过
2025-04-14 18:49:21|LogUtil.info line:33| 开始执行测试方法: test_save_sales_order
2025-04-14 18:49:21|LogUtil.info line:33| 自动定价测试通过
2025-04-14 18:50:14|MysqlUtil.__init__ line:42| 数据库管理器初始化完成，运行时模式: False
2025-04-14 18:50:14|MysqlUtil.__init__ line:42| 数据库管理器初始化完成，运行时模式: False
2025-04-14 18:50:14|LogUtil.info line:33| 文件缓存命中：使用缓存的SCM初始化数据
2025-04-14 18:50:14|LogUtil.info line:33| 测试类初始化完成
2025-04-14 18:50:14|LogUtil.info line:33| 开始执行测试方法: test_init_sales_order
2025-04-14 18:50:14|LogUtil.info line:33| 销售订单创建初始化测试通过
2025-04-14 18:50:14|LogUtil.info line:33| 开始执行测试方法: test_query_customer_info
2025-04-14 18:50:15|LogUtil.info line:33| 客户信息查询测试通过
2025-04-14 18:50:15|LogUtil.info line:33| 开始执行测试方法: test_query_partner
2025-04-14 18:50:15|LogUtil.info line:33| 相关方查询测试通过
2025-04-14 18:50:15|LogUtil.info line:33| 开始执行测试方法: test_query_sales_organization
2025-04-14 18:50:15|LogUtil.info line:33| 销售组织列表查询测试通过
2025-04-14 18:50:15|LogUtil.info line:33| 开始执行测试方法: test_query_materials
2025-04-14 18:50:15|LogUtil.info line:33| 物料列表查询测试通过
2025-04-14 18:50:15|LogUtil.info line:33| 开始执行测试方法: test_render_order_line
2025-04-14 18:50:15|LogUtil.info line:33| 客户信息查询测试通过
2025-04-14 18:50:15|LogUtil.info line:33| 物料列表查询测试通过
2025-04-14 18:50:15|LogUtil.info line:33| 订单行渲染测试通过
2025-04-14 18:50:15|LogUtil.info line:33| 开始执行测试方法: test_calculate_pricing
2025-04-14 18:50:15|LogUtil.info line:33| 自动定价测试通过
2025-04-14 18:50:15|LogUtil.info line:33| 开始执行测试方法: test_save_sales_order
2025-04-14 18:50:15|LogUtil.info line:33| 自动定价测试通过
2025-04-14 18:51:51|MysqlUtil.__init__ line:42| 数据库管理器初始化完成，运行时模式: False
2025-04-14 18:51:51|MysqlUtil.__init__ line:42| 数据库管理器初始化完成，运行时模式: False
2025-04-14 18:51:51|LogUtil.info line:33| 文件缓存命中：使用缓存的SCM初始化数据
2025-04-14 18:51:52|LogUtil.info line:33| 测试类初始化完成
2025-04-14 18:51:52|LogUtil.info line:33| 开始执行测试方法: test_init_sales_order
2025-04-14 18:51:52|LogUtil.info line:33| 销售订单创建初始化测试通过
2025-04-14 18:51:52|LogUtil.info line:33| 开始执行测试方法: test_query_customer_info
2025-04-14 18:51:52|LogUtil.info line:33| 客户信息查询测试通过
2025-04-14 18:51:52|LogUtil.info line:33| 开始执行测试方法: test_query_partner
2025-04-14 18:51:52|LogUtil.info line:33| 相关方查询测试通过
2025-04-14 18:51:52|LogUtil.info line:33| 开始执行测试方法: test_query_sales_organization
2025-04-14 18:51:52|LogUtil.info line:33| 销售组织列表查询测试通过
2025-04-14 18:51:52|LogUtil.info line:33| 开始执行测试方法: test_query_materials
2025-04-14 18:51:52|LogUtil.info line:33| 物料列表查询测试通过
2025-04-14 18:51:52|LogUtil.info line:33| 开始执行测试方法: test_render_order_line
2025-04-14 18:51:52|LogUtil.info line:33| 客户信息查询测试通过
2025-04-14 18:51:52|LogUtil.info line:33| 物料列表查询测试通过
2025-04-14 18:51:52|LogUtil.info line:33| 订单行渲染测试通过
2025-04-14 18:51:52|LogUtil.info line:33| 开始执行测试方法: test_calculate_pricing
2025-04-14 18:51:52|LogUtil.info line:33| 销售组织列表查询测试通过
2025-04-14 18:51:52|LogUtil.info line:33| 自动定价测试通过
2025-04-14 18:51:52|LogUtil.info line:33| 开始执行测试方法: test_save_sales_order
2025-04-14 18:51:52|LogUtil.info line:33| 销售组织列表查询测试通过
2025-04-14 18:51:52|LogUtil.info line:33| 自动定价测试通过
2025-04-14 18:52:27|MysqlUtil.__init__ line:42| 数据库管理器初始化完成，运行时模式: False
2025-04-14 18:52:27|MysqlUtil.__init__ line:42| 数据库管理器初始化完成，运行时模式: False
2025-04-14 18:52:27|LogUtil.info line:33| 文件缓存命中：使用缓存的SCM初始化数据
2025-04-14 18:52:28|LogUtil.info line:33| 测试类初始化完成
2025-04-14 18:52:28|LogUtil.info line:33| 开始执行测试方法: test_init_sales_order
2025-04-14 18:52:28|LogUtil.info line:33| 销售订单创建初始化测试通过
2025-04-14 18:52:28|LogUtil.info line:33| 开始执行测试方法: test_query_customer_info
2025-04-14 18:52:28|LogUtil.info line:33| 客户信息查询测试通过
2025-04-14 18:52:28|LogUtil.info line:33| 开始执行测试方法: test_query_partner
2025-04-14 18:52:28|LogUtil.info line:33| 相关方查询测试通过
2025-04-14 18:52:28|LogUtil.info line:33| 开始执行测试方法: test_query_sales_organization
2025-04-14 18:52:28|LogUtil.info line:33| 销售组织列表查询测试通过
2025-04-14 18:52:28|LogUtil.info line:33| 开始执行测试方法: test_query_materials
2025-04-14 18:52:28|LogUtil.info line:33| 物料列表查询测试通过
2025-04-14 18:52:28|LogUtil.info line:33| 开始执行测试方法: test_render_order_line
2025-04-14 18:52:29|LogUtil.info line:33| 开始执行测试方法: test_calculate_pricing
2025-04-14 18:52:29|LogUtil.info line:33| 自动定价测试通过
2025-04-14 18:52:29|LogUtil.info line:33| 开始执行测试方法: test_save_sales_order
2025-04-14 18:52:29|LogUtil.info line:33| 自动定价测试通过
2025-04-14 18:53:28|MysqlUtil.__init__ line:42| 数据库管理器初始化完成，运行时模式: False
2025-04-14 18:53:28|MysqlUtil.__init__ line:42| 数据库管理器初始化完成，运行时模式: False
2025-04-14 18:53:28|LogUtil.info line:33| 文件缓存命中：使用缓存的SCM初始化数据
2025-04-14 18:53:28|LogUtil.info line:33| 测试类初始化完成
2025-04-14 18:53:28|LogUtil.info line:33| 开始执行测试方法: test_init_sales_order
2025-04-14 18:53:28|LogUtil.info line:33| 销售订单创建初始化测试通过
2025-04-14 18:53:28|LogUtil.info line:33| 开始执行测试方法: test_query_customer_info
2025-04-14 18:53:28|LogUtil.info line:33| 客户信息查询测试通过
2025-04-14 18:53:28|LogUtil.info line:33| 开始执行测试方法: test_query_partner
2025-04-14 18:53:28|LogUtil.info line:33| 相关方查询测试通过
2025-04-14 18:53:28|LogUtil.info line:33| 开始执行测试方法: test_query_sales_organization
2025-04-14 18:53:28|LogUtil.info line:33| 销售组织列表查询测试通过
2025-04-14 18:53:28|LogUtil.info line:33| 开始执行测试方法: test_query_materials
2025-04-14 18:53:29|LogUtil.info line:33| 物料列表查询测试通过
2025-04-14 18:53:29|LogUtil.info line:33| 开始执行测试方法: test_render_order_line
2025-04-14 18:53:29|LogUtil.info line:33| 开始执行测试方法: test_calculate_pricing
2025-04-14 18:53:29|LogUtil.info line:33| 自动定价测试通过
2025-04-14 18:53:29|LogUtil.info line:33| 开始执行测试方法: test_save_sales_order
2025-04-14 18:53:29|LogUtil.info line:33| 自动定价测试通过
2025-04-14 18:56:19|MysqlUtil.__init__ line:42| 数据库管理器初始化完成，运行时模式: False
2025-04-14 18:56:19|MysqlUtil.__init__ line:42| 数据库管理器初始化完成，运行时模式: False
2025-04-14 18:56:19|LogUtil.info line:33| 文件缓存命中：使用缓存的SCM初始化数据
2025-04-14 18:56:20|LogUtil.info line:33| 测试类初始化完成
2025-04-14 18:56:20|LogUtil.info line:33| 开始执行测试方法: test_init_sales_order
2025-04-14 18:56:20|LogUtil.info line:33| 销售订单创建初始化测试通过
2025-04-14 18:56:20|LogUtil.info line:33| 开始执行测试方法: test_query_customer_info
2025-04-14 18:56:20|LogUtil.info line:33| 客户信息查询测试通过
2025-04-14 18:56:20|LogUtil.info line:33| 开始执行测试方法: test_query_partner
2025-04-14 18:56:20|LogUtil.info line:33| 相关方查询测试通过
2025-04-14 18:56:20|LogUtil.info line:33| 开始执行测试方法: test_query_sales_organization
2025-04-14 18:56:20|LogUtil.info line:33| 销售组织列表查询测试通过
2025-04-14 18:56:20|LogUtil.info line:33| 开始执行测试方法: test_query_materials
2025-04-14 18:56:20|LogUtil.info line:33| 物料列表查询测试通过
2025-04-14 18:56:20|LogUtil.info line:33| 开始执行测试方法: test_calculate_pricing
2025-04-14 18:56:20|LogUtil.info line:33| 自动定价测试通过
2025-04-14 18:56:20|LogUtil.info line:33| 开始执行测试方法: test_render_order_line
2025-04-14 18:56:20|LogUtil.info line:33| 物料列表查询测试通过
2025-04-14 18:56:21|LogUtil.info line:33| 订单行渲染测试通过
2025-04-14 18:56:21|LogUtil.info line:33| 开始执行测试方法: test_save_sales_order
2025-04-14 18:56:21|LogUtil.info line:33| 自动定价测试通过
2025-04-14 18:56:21|LogUtil.info line:33| 物料列表查询测试通过
2025-04-14 18:56:21|LogUtil.info line:33| 订单行渲染测试通过
2025-04-14 18:56:21|LogUtil.info line:33| 销售订单保存测试通过
2025-04-14 18:56:37|MysqlUtil.__init__ line:42| 数据库管理器初始化完成，运行时模式: False
2025-04-14 18:56:37|MysqlUtil.__init__ line:42| 数据库管理器初始化完成，运行时模式: False
2025-04-14 18:56:37|LogUtil.info line:33| 文件缓存命中：使用缓存的SCM初始化数据
2025-04-14 18:56:37|LogUtil.info line:33| 测试类初始化完成
2025-04-14 18:56:37|LogUtil.info line:33| 销售订单创建初始化测试通过
2025-04-14 18:56:37|LogUtil.info line:33| 客户信息查询测试通过
2025-04-14 18:56:38|LogUtil.info line:33| 相关方查询测试通过
2025-04-14 18:56:38|LogUtil.info line:33| 销售组织列表查询测试通过
2025-04-14 18:56:38|LogUtil.info line:33| 物料列表查询测试通过
2025-04-14 18:56:38|LogUtil.info line:33| 订单行渲染测试通过
2025-04-14 18:56:38|LogUtil.info line:33| 自动定价测试通过
2025-04-14 18:56:38|LogUtil.info line:33| 销售订单保存测试通过
2025-04-14 19:00:04|MysqlUtil.__init__ line:42| 数据库管理器初始化完成，运行时模式: False
2025-04-14 19:00:04|MysqlUtil.__init__ line:42| 数据库管理器初始化完成，运行时模式: False
2025-04-14 19:00:04|LogUtil.info line:33| 文件缓存命中：使用缓存的SCM初始化数据
2025-04-14 19:00:04|LogUtil.info line:33| 测试类初始化完成
2025-04-14 19:00:04|LogUtil.info line:33| 销售订单创建初始化测试通过
2025-04-14 19:00:04|LogUtil.info line:33| 客户信息查询测试通过
2025-04-14 19:00:04|LogUtil.info line:33| 相关方查询测试通过
2025-04-14 19:00:04|LogUtil.info line:33| 销售组织列表查询测试通过
2025-04-14 19:00:04|LogUtil.info line:33| 物料列表查询测试通过
2025-04-14 19:00:05|LogUtil.info line:33| 订单行渲染测试通过
2025-04-14 19:00:30|MysqlUtil.__init__ line:42| 数据库管理器初始化完成，运行时模式: False
2025-04-14 19:00:30|MysqlUtil.__init__ line:42| 数据库管理器初始化完成，运行时模式: False
2025-04-14 19:00:30|LogUtil.info line:33| 文件缓存命中：使用缓存的SCM初始化数据
2025-04-14 19:00:30|LogUtil.info line:33| 测试类初始化完成
2025-04-14 19:00:30|LogUtil.info line:33| 销售订单创建初始化测试通过
2025-04-14 19:00:52|MysqlUtil.__init__ line:42| 数据库管理器初始化完成，运行时模式: False
2025-04-14 19:00:52|MysqlUtil.__init__ line:42| 数据库管理器初始化完成，运行时模式: False
2025-04-14 19:00:52|LogUtil.info line:33| 文件缓存命中：使用缓存的SCM初始化数据
2025-04-14 19:00:53|LogUtil.info line:33| 测试类初始化完成
2025-04-14 19:00:53|LogUtil.info line:33| 销售订单创建初始化测试通过
2025-04-14 19:00:53|LogUtil.info line:33| 客户信息查询测试通过
2025-04-14 19:00:53|LogUtil.info line:33| 相关方查询测试通过
2025-04-14 19:00:53|LogUtil.info line:33| 销售组织列表查询测试通过
2025-04-14 19:00:53|LogUtil.info line:33| 物料列表查询测试通过
2025-04-14 19:00:53|LogUtil.info line:33| 订单行渲染测试通过
2025-04-14 19:00:53|LogUtil.info line:33| 自动定价测试通过
2025-04-14 19:00:54|LogUtil.info line:33| 销售订单保存测试通过
2025-04-14 19:03:05|MysqlUtil.__init__ line:42| 数据库管理器初始化完成，运行时模式: False
2025-04-14 19:03:05|MysqlUtil.__init__ line:42| 数据库管理器初始化完成，运行时模式: False
2025-04-14 19:03:05|LogUtil.info line:33| 文件缓存命中：使用缓存的SCM初始化数据
2025-04-14 19:03:05|LogUtil.info line:33| 测试类初始化完成
2025-04-14 19:03:05|LogUtil.info line:33| 销售订单创建初始化测试通过
2025-04-14 19:03:05|LogUtil.info line:33| 客户信息查询测试通过
2025-04-14 19:03:05|LogUtil.info line:33| 相关方查询测试通过
2025-04-14 19:03:05|LogUtil.info line:33| 销售组织列表查询测试通过
2025-04-14 19:03:05|LogUtil.info line:33| 物料列表查询测试通过
2025-04-14 19:03:06|LogUtil.info line:33| 订单行渲染测试通过
2025-04-14 19:03:06|LogUtil.info line:33| 自动定价测试通过
2025-04-14 19:03:06|LogUtil.info line:33| 销售订单保存测试通过
2025-04-14 19:04:08|MysqlUtil.__init__ line:42| 数据库管理器初始化完成，运行时模式: False
2025-04-14 19:04:08|MysqlUtil.__init__ line:42| 数据库管理器初始化完成，运行时模式: False
2025-04-14 19:04:08|LogUtil.info line:33| 文件缓存命中：使用缓存的SCM初始化数据
2025-04-14 19:04:09|LogUtil.info line:33| 测试类初始化完成
2025-04-14 19:04:09|LogUtil.info line:33| 销售订单创建初始化测试通过
2025-04-14 19:04:09|LogUtil.info line:33| 客户信息查询测试通过
2025-04-14 19:04:09|LogUtil.info line:33| 相关方查询测试通过
2025-04-14 19:04:09|LogUtil.info line:33| 销售组织列表查询测试通过
2025-04-14 19:04:09|LogUtil.info line:33| 物料列表查询测试通过
2025-04-14 19:04:10|LogUtil.info line:33| 订单行渲染测试通过
2025-04-14 19:04:10|LogUtil.info line:33| 自动定价测试通过
2025-04-14 19:04:10|LogUtil.info line:33| 销售订单保存测试通过
2025-04-14 19:04:25|MysqlUtil.__init__ line:42| 数据库管理器初始化完成，运行时模式: False
2025-04-14 19:04:25|MysqlUtil.__init__ line:42| 数据库管理器初始化完成，运行时模式: False
2025-04-14 19:04:25|LogUtil.info line:33| 文件缓存命中：使用缓存的SCM初始化数据
2025-04-14 19:04:25|LogUtil.info line:33| 测试类初始化完成
2025-04-14 19:04:25|LogUtil.info line:33| 销售订单创建初始化测试通过
2025-04-14 19:04:25|LogUtil.info line:33| 客户信息查询测试通过
2025-04-14 19:04:25|LogUtil.info line:33| 相关方查询测试通过
2025-04-14 19:04:26|LogUtil.info line:33| 销售组织列表查询测试通过
2025-04-14 19:04:26|LogUtil.info line:33| 物料列表查询测试通过
2025-04-14 19:04:26|LogUtil.info line:33| 订单行渲染测试通过
2025-04-14 19:04:26|LogUtil.info line:33| 自动定价测试通过
2025-04-14 19:04:26|LogUtil.info line:33| 销售订单保存测试通过
2025-04-14 19:04:50|MysqlUtil.__init__ line:42| 数据库管理器初始化完成，运行时模式: False
2025-04-14 19:04:50|MysqlUtil.__init__ line:42| 数据库管理器初始化完成，运行时模式: False
2025-04-14 19:04:50|LogUtil.info line:33| 文件缓存命中：使用缓存的SCM初始化数据
2025-04-14 19:04:50|LogUtil.info line:33| 测试类初始化完成
2025-04-14 19:04:50|LogUtil.info line:33| 开始执行测试方法: test_init_sales_order
2025-04-14 19:04:50|LogUtil.info line:33| 销售订单创建初始化测试通过
2025-04-14 19:04:50|LogUtil.info line:33| 开始执行测试方法: test_query_customer_info
2025-04-14 19:04:50|LogUtil.info line:33| 客户信息查询测试通过
2025-04-14 19:04:50|LogUtil.info line:33| 开始执行测试方法: test_query_partner
2025-04-14 19:04:50|LogUtil.info line:33| 开始执行测试方法: test_query_sales_organization
2025-04-14 19:04:50|LogUtil.info line:33| 销售组织列表查询测试通过
2025-04-14 19:04:50|LogUtil.info line:33| 开始执行测试方法: test_query_materials
2025-04-14 19:04:51|LogUtil.info line:33| 物料列表查询测试通过
2025-04-14 19:04:51|LogUtil.info line:33| 开始执行测试方法: test_calculate_pricing
2025-04-14 19:04:51|LogUtil.info line:33| 开始执行测试方法: test_render_order_line
2025-04-14 19:04:51|LogUtil.info line:33| 开始执行测试方法: test_save_sales_order
2025-04-14 19:06:18|MysqlUtil.__init__ line:42| 数据库管理器初始化完成，运行时模式: False
2025-04-14 19:06:18|MysqlUtil.__init__ line:42| 数据库管理器初始化完成，运行时模式: False
2025-04-14 19:06:18|LogUtil.info line:33| 文件缓存命中：使用缓存的SCM初始化数据
2025-04-14 19:06:18|LogUtil.info line:33| 测试类初始化完成
2025-04-14 19:06:18|LogUtil.info line:33| 开始执行测试方法: test_init_sales_order
2025-04-14 19:06:18|LogUtil.info line:33| 开始执行测试方法: test_query_customer_info
2025-04-14 19:06:18|LogUtil.info line:33| 客户信息查询测试通过
2025-04-14 19:06:18|LogUtil.info line:33| 开始执行测试方法: test_query_partner
2025-04-14 19:06:18|LogUtil.info line:33| 相关方查询测试通过
2025-04-14 19:06:18|LogUtil.info line:33| 开始执行测试方法: test_query_sales_organization
2025-04-14 19:06:18|LogUtil.info line:33| 销售组织列表查询测试通过
2025-04-14 19:06:18|LogUtil.info line:33| 开始执行测试方法: test_query_materials
2025-04-14 19:06:19|LogUtil.info line:33| 物料列表查询测试通过
2025-04-14 19:06:19|LogUtil.info line:33| 开始执行测试方法: test_calculate_pricing
2025-04-14 19:06:19|LogUtil.info line:33| 自动定价测试通过
2025-04-14 19:06:19|LogUtil.info line:33| 开始执行测试方法: test_render_order_line
2025-04-14 19:06:19|LogUtil.info line:33| 物料列表查询测试通过
2025-04-14 19:06:19|LogUtil.info line:33| 订单行渲染测试通过
2025-04-14 19:06:19|LogUtil.info line:33| 开始执行测试方法: test_save_sales_order
2025-04-14 19:06:19|LogUtil.info line:33| 自动定价测试通过
2025-04-14 19:06:19|LogUtil.info line:33| 物料列表查询测试通过
2025-04-14 19:06:19|LogUtil.info line:33| 订单行渲染测试通过
2025-04-14 19:06:19|LogUtil.info line:33| 销售订单保存测试通过
2025-04-14 19:07:11|MysqlUtil.__init__ line:42| 数据库管理器初始化完成，运行时模式: False
2025-04-14 19:07:11|MysqlUtil.__init__ line:42| 数据库管理器初始化完成，运行时模式: False
2025-04-14 19:07:11|LogUtil.info line:33| 文件缓存命中：使用缓存的SCM初始化数据
2025-04-14 19:07:11|LogUtil.info line:33| 测试类初始化完成
2025-04-14 19:07:11|LogUtil.info line:33| 开始执行测试方法: test_init_sales_order
2025-04-14 19:07:11|LogUtil.info line:33| 开始执行测试方法: test_query_customer_info
2025-04-14 19:07:12|LogUtil.info line:33| 客户信息查询测试通过
2025-04-14 19:07:12|LogUtil.info line:33| 开始执行测试方法: test_query_partner
2025-04-14 19:07:12|LogUtil.info line:33| 相关方查询测试通过
2025-04-14 19:07:12|LogUtil.info line:33| 开始执行测试方法: test_query_sales_organization
2025-04-14 19:07:12|LogUtil.info line:33| 销售组织列表查询测试通过
2025-04-14 19:07:12|LogUtil.info line:33| 开始执行测试方法: test_query_materials
2025-04-14 19:07:12|LogUtil.info line:33| 物料列表查询测试通过
2025-04-14 19:07:12|LogUtil.info line:33| 开始执行测试方法: test_calculate_pricing
2025-04-14 19:07:12|LogUtil.info line:33| 自动定价测试通过
2025-04-14 19:07:12|LogUtil.info line:33| 开始执行测试方法: test_render_order_line
2025-04-14 19:07:12|LogUtil.info line:33| 物料列表查询测试通过
2025-04-14 19:07:12|LogUtil.info line:33| 订单行渲染测试通过
2025-04-14 19:07:12|LogUtil.info line:33| 开始执行测试方法: test_save_sales_order
2025-04-14 19:07:12|LogUtil.info line:33| 自动定价测试通过
2025-04-14 19:07:12|LogUtil.info line:33| 物料列表查询测试通过
2025-04-14 19:07:12|LogUtil.info line:33| 订单行渲染测试通过
2025-04-14 19:07:13|LogUtil.info line:33| 销售订单保存测试通过
2025-04-14 19:07:30|MysqlUtil.__init__ line:42| 数据库管理器初始化完成，运行时模式: False
2025-04-14 19:07:30|MysqlUtil.__init__ line:42| 数据库管理器初始化完成，运行时模式: False
2025-04-14 19:07:30|LogUtil.info line:33| 文件缓存命中：使用缓存的SCM初始化数据
2025-04-14 19:07:30|LogUtil.info line:33| 测试类初始化完成
2025-04-14 19:07:30|LogUtil.info line:33| 开始执行测试方法: test_init_sales_order
2025-04-14 19:07:30|LogUtil.info line:33| 销售订单创建初始化测试通过
2025-04-14 19:07:30|LogUtil.info line:33| 开始执行测试方法: test_query_customer_info
2025-04-14 19:07:31|LogUtil.info line:33| 客户信息查询测试通过
2025-04-14 19:07:31|LogUtil.info line:33| 开始执行测试方法: test_query_partner
2025-04-14 19:07:31|LogUtil.info line:33| 相关方查询测试通过
2025-04-14 19:07:31|LogUtil.info line:33| 开始执行测试方法: test_query_sales_organization
2025-04-14 19:07:31|LogUtil.info line:33| 销售组织列表查询测试通过
2025-04-14 19:07:31|LogUtil.info line:33| 开始执行测试方法: test_query_materials
2025-04-14 19:07:31|LogUtil.info line:33| 物料列表查询测试通过
2025-04-14 19:07:31|LogUtil.info line:33| 开始执行测试方法: test_calculate_pricing
2025-04-14 19:07:31|LogUtil.info line:33| 自动定价测试通过
2025-04-14 19:07:31|LogUtil.info line:33| 开始执行测试方法: test_render_order_line
2025-04-14 19:07:31|LogUtil.info line:33| 物料列表查询测试通过
2025-04-14 19:07:31|LogUtil.info line:33| 订单行渲染测试通过
2025-04-14 19:07:31|LogUtil.info line:33| 开始执行测试方法: test_save_sales_order
2025-04-14 19:07:31|LogUtil.info line:33| 自动定价测试通过
2025-04-14 19:07:31|LogUtil.info line:33| 物料列表查询测试通过
2025-04-14 19:07:31|LogUtil.info line:33| 订单行渲染测试通过
2025-04-14 19:07:32|LogUtil.info line:33| 销售订单保存测试通过
2025-04-14 19:09:10|MysqlUtil.__init__ line:42| 数据库管理器初始化完成，运行时模式: False
2025-04-14 19:09:10|MysqlUtil.__init__ line:42| 数据库管理器初始化完成，运行时模式: False
2025-04-14 19:09:10|LogUtil.info line:33| 文件缓存命中：使用缓存的SCM初始化数据
2025-04-14 19:09:11|LogUtil.info line:33| 测试类初始化完成
2025-04-14 19:09:11|LogUtil.info line:33| 开始执行测试方法: test_init_sales_order
2025-04-14 19:09:11|LogUtil.info line:33| 销售订单创建初始化测试通过
2025-04-14 19:09:11|LogUtil.info line:33| 开始执行测试方法: test_query_customer_info
2025-04-14 19:09:11|LogUtil.info line:33| 客户信息查询测试通过
2025-04-14 19:09:11|LogUtil.info line:33| 开始执行测试方法: test_query_partner
2025-04-14 19:09:11|LogUtil.info line:33| 相关方查询测试通过
2025-04-14 19:09:11|LogUtil.info line:33| 开始执行测试方法: test_query_sales_organization
2025-04-14 19:09:11|LogUtil.info line:33| 销售组织列表查询测试通过
2025-04-14 19:09:11|LogUtil.info line:33| 开始执行测试方法: test_query_materials
2025-04-14 19:09:11|LogUtil.info line:33| 物料列表查询测试通过
2025-04-14 19:09:11|LogUtil.info line:33| 开始执行测试方法: test_calculate_pricing
2025-04-14 19:09:11|LogUtil.info line:33| 自动定价测试通过
2025-04-14 19:09:11|LogUtil.info line:33| 开始执行测试方法: test_render_order_line
2025-04-14 19:09:11|LogUtil.info line:33| 物料列表查询测试通过
2025-04-14 19:09:12|LogUtil.info line:33| 订单行渲染测试通过
2025-04-14 19:09:12|LogUtil.info line:33| 开始执行测试方法: test_save_sales_order
2025-04-14 19:09:12|LogUtil.info line:33| 自动定价测试通过
2025-04-14 19:09:12|LogUtil.info line:33| 物料列表查询测试通过
2025-04-14 19:09:12|LogUtil.info line:33| 订单行渲染测试通过
2025-04-14 19:09:12|LogUtil.info line:33| 销售订单保存测试通过
2025-04-14 19:09:37|MysqlUtil.__init__ line:42| 数据库管理器初始化完成，运行时模式: False
2025-04-14 19:09:37|MysqlUtil.__init__ line:42| 数据库管理器初始化完成，运行时模式: False
2025-04-14 19:09:37|LogUtil.info line:33| 文件缓存命中：使用缓存的SCM初始化数据
2025-04-14 19:09:38|LogUtil.info line:33| 测试类初始化完成
2025-04-14 19:09:38|LogUtil.info line:33| 开始执行测试方法: test_init_sales_order
2025-04-14 19:09:38|LogUtil.info line:33| 开始执行测试方法: test_query_customer_info
2025-04-14 19:09:38|LogUtil.info line:33| 客户信息查询测试通过
2025-04-14 19:09:38|LogUtil.info line:33| 开始执行测试方法: test_query_partner
2025-04-14 19:09:38|LogUtil.info line:33| 相关方查询测试通过
2025-04-14 19:09:38|LogUtil.info line:33| 开始执行测试方法: test_query_sales_organization
2025-04-14 19:09:38|LogUtil.info line:33| 销售组织列表查询测试通过
2025-04-14 19:09:38|LogUtil.info line:33| 开始执行测试方法: test_query_materials
2025-04-14 19:09:38|LogUtil.info line:33| 物料列表查询测试通过
2025-04-14 19:09:38|LogUtil.info line:33| 开始执行测试方法: test_calculate_pricing
2025-04-14 19:09:38|LogUtil.info line:33| 自动定价测试通过
2025-04-14 19:09:38|LogUtil.info line:33| 开始执行测试方法: test_render_order_line
2025-04-14 19:09:38|LogUtil.info line:33| 物料列表查询测试通过
2025-04-14 19:09:39|LogUtil.info line:33| 订单行渲染测试通过
2025-04-14 19:09:39|LogUtil.info line:33| 开始执行测试方法: test_save_sales_order
2025-04-14 19:09:39|LogUtil.info line:33| 自动定价测试通过
2025-04-14 19:09:39|LogUtil.info line:33| 物料列表查询测试通过
2025-04-14 19:09:39|LogUtil.info line:33| 订单行渲染测试通过
2025-04-14 19:09:39|LogUtil.info line:33| 销售订单保存测试通过
2025-04-14 19:09:56|MysqlUtil.__init__ line:42| 数据库管理器初始化完成，运行时模式: False
2025-04-14 19:09:56|MysqlUtil.__init__ line:42| 数据库管理器初始化完成，运行时模式: False
2025-04-14 19:09:56|LogUtil.info line:33| 文件缓存命中：使用缓存的SCM初始化数据
2025-04-14 19:09:56|LogUtil.info line:33| 测试类初始化完成
2025-04-14 19:09:56|LogUtil.info line:33| 开始执行测试方法: test_init_sales_order
2025-04-14 19:09:56|LogUtil.info line:33| 销售订单创建初始化测试通过
2025-04-14 19:09:56|LogUtil.info line:33| 开始执行测试方法: test_query_customer_info
2025-04-14 19:09:56|LogUtil.info line:33| 客户信息查询测试通过
2025-04-14 19:09:56|LogUtil.info line:33| 开始执行测试方法: test_query_partner
2025-04-14 19:09:56|LogUtil.info line:33| 相关方查询测试通过
2025-04-14 19:09:56|LogUtil.info line:33| 开始执行测试方法: test_query_sales_organization
2025-04-14 19:09:56|LogUtil.info line:33| 销售组织列表查询测试通过
2025-04-14 19:09:56|LogUtil.info line:33| 开始执行测试方法: test_query_materials
2025-04-14 19:09:56|LogUtil.info line:33| 物料列表查询测试通过
2025-04-14 19:09:56|LogUtil.info line:33| 开始执行测试方法: test_calculate_pricing
2025-04-14 19:09:56|LogUtil.info line:33| 自动定价测试通过
2025-04-14 19:09:56|LogUtil.info line:33| 开始执行测试方法: test_render_order_line
2025-04-14 19:09:57|LogUtil.info line:33| 物料列表查询测试通过
2025-04-14 19:09:57|LogUtil.info line:33| 订单行渲染测试通过
2025-04-14 19:09:57|LogUtil.info line:33| 开始执行测试方法: test_save_sales_order
2025-04-14 19:09:57|LogUtil.info line:33| 自动定价测试通过
2025-04-14 19:09:57|LogUtil.info line:33| 物料列表查询测试通过
2025-04-14 19:09:57|LogUtil.info line:33| 订单行渲染测试通过
2025-04-14 19:09:57|LogUtil.info line:33| 销售订单保存测试通过
2025-04-14 19:11:35|MysqlUtil.__init__ line:42| 数据库管理器初始化完成，运行时模式: False
2025-04-14 19:11:35|MysqlUtil.__init__ line:42| 数据库管理器初始化完成，运行时模式: False
2025-04-14 19:11:35|LogUtil.info line:33| 文件缓存命中：使用缓存的SCM初始化数据
2025-04-14 19:11:36|LogUtil.info line:33| 测试类初始化完成
2025-04-14 19:11:36|LogUtil.info line:33| 开始执行测试方法: test_init_sales_order
2025-04-14 19:11:36|LogUtil.info line:33| 销售订单创建初始化测试通过
2025-04-14 19:11:36|LogUtil.info line:33| 开始执行测试方法: test_query_customer_info
2025-04-14 19:11:36|LogUtil.info line:33| 客户信息查询测试通过
2025-04-14 19:11:36|LogUtil.info line:33| 开始执行测试方法: test_query_partner
2025-04-14 19:11:36|LogUtil.info line:33| 相关方查询测试通过
2025-04-14 19:11:36|LogUtil.info line:33| 开始执行测试方法: test_query_sales_organization
2025-04-14 19:11:36|LogUtil.info line:33| 销售组织列表查询测试通过
2025-04-14 19:11:36|LogUtil.info line:33| 开始执行测试方法: test_query_materials
2025-04-14 19:11:36|LogUtil.info line:33| 物料列表查询测试通过
2025-04-14 19:11:36|LogUtil.info line:33| 开始执行测试方法: test_calculate_pricing
2025-04-14 19:11:36|LogUtil.info line:33| 自动定价测试通过
2025-04-14 19:11:36|LogUtil.info line:33| 开始执行测试方法: test_render_order_line
2025-04-14 19:11:36|LogUtil.info line:33| 物料列表查询测试通过
2025-04-14 19:11:37|LogUtil.info line:33| 订单行渲染测试通过
2025-04-14 19:11:37|LogUtil.info line:33| 开始执行测试方法: test_save_sales_order
2025-04-14 19:11:37|LogUtil.info line:33| 自动定价测试通过
2025-04-14 19:11:37|LogUtil.info line:33| 物料列表查询测试通过
2025-04-14 19:11:37|LogUtil.info line:33| 订单行渲染测试通过
2025-04-14 19:11:37|LogUtil.info line:33| 销售订单保存测试通过
2025-04-14 19:12:17|MysqlUtil.__init__ line:42| 数据库管理器初始化完成，运行时模式: False
2025-04-14 19:12:17|MysqlUtil.__init__ line:42| 数据库管理器初始化完成，运行时模式: False
2025-04-14 19:12:17|LogUtil.info line:33| 文件缓存命中：使用缓存的SCM初始化数据
2025-04-14 19:12:17|LogUtil.info line:33| 测试类初始化完成
2025-04-14 19:12:17|LogUtil.info line:33| 开始执行测试方法: test_init_sales_order
2025-04-14 19:12:17|LogUtil.info line:33| 销售订单创建初始化测试通过
2025-04-14 19:12:17|LogUtil.info line:33| 开始执行测试方法: test_query_customer_info
2025-04-14 19:12:17|LogUtil.info line:33| 客户信息查询测试通过
2025-04-14 19:12:17|LogUtil.info line:33| 开始执行测试方法: test_query_partner
2025-04-14 19:12:17|LogUtil.info line:33| 相关方查询测试通过
2025-04-14 19:12:17|LogUtil.info line:33| 开始执行测试方法: test_query_sales_organization
2025-04-14 19:12:17|LogUtil.info line:33| 销售组织列表查询测试通过
2025-04-14 19:12:17|LogUtil.info line:33| 开始执行测试方法: test_query_materials
2025-04-14 19:12:18|LogUtil.info line:33| 物料列表查询测试通过
2025-04-14 19:12:18|LogUtil.info line:33| 开始执行测试方法: test_calculate_pricing
2025-04-14 19:12:18|LogUtil.info line:33| 自动定价测试通过
2025-04-14 19:12:18|LogUtil.info line:33| 开始执行测试方法: test_render_order_line
2025-04-14 19:12:18|LogUtil.info line:33| 物料列表查询测试通过
2025-04-14 19:12:18|LogUtil.info line:33| 订单行渲染测试通过
2025-04-14 19:12:18|LogUtil.info line:33| 开始执行测试方法: test_save_sales_order
2025-04-14 19:12:18|LogUtil.info line:33| 自动定价测试通过
2025-04-14 19:12:18|LogUtil.info line:33| 物料列表查询测试通过
2025-04-14 19:12:18|LogUtil.info line:33| 订单行渲染测试通过
2025-04-14 19:12:18|LogUtil.info line:33| 销售订单保存测试通过
2025-04-14 19:15:08|MysqlUtil.__init__ line:42| 数据库管理器初始化完成，运行时模式: False
2025-04-14 19:15:08|MysqlUtil.__init__ line:42| 数据库管理器初始化完成，运行时模式: False
2025-04-14 19:15:08|LogUtil.info line:33| 文件缓存命中：使用缓存的SCM初始化数据
2025-04-14 19:15:09|LogUtil.info line:33| 测试类初始化完成
2025-04-14 19:15:09|LogUtil.info line:33| 开始执行测试方法: test_init_sales_order
2025-04-14 19:15:09|LogUtil.info line:33| 销售订单创建初始化测试通过
2025-04-14 19:15:09|LogUtil.info line:33| 开始执行测试方法: test_query_customer_info
2025-04-14 19:15:09|LogUtil.info line:33| 客户信息查询测试通过
2025-04-14 19:15:09|LogUtil.info line:33| 开始执行测试方法: test_query_partner
2025-04-14 19:15:09|LogUtil.info line:33| 相关方查询测试通过
2025-04-14 19:15:09|LogUtil.info line:33| 开始执行测试方法: test_query_sales_organization
2025-04-14 19:15:09|LogUtil.info line:33| 销售组织列表查询测试通过
2025-04-14 19:15:09|LogUtil.info line:33| 开始执行测试方法: test_query_materials
2025-04-14 19:15:09|LogUtil.info line:33| 物料列表查询测试通过
2025-04-14 19:15:09|LogUtil.info line:33| 开始执行测试方法: test_calculate_pricing
2025-04-14 19:15:09|LogUtil.info line:33| 自动定价测试通过
2025-04-14 19:15:09|LogUtil.info line:33| 开始执行测试方法: test_render_order_line
2025-04-14 19:15:09|LogUtil.info line:33| 物料列表查询测试通过
2025-04-14 19:15:10|LogUtil.info line:33| 订单行渲染测试通过
2025-04-14 19:15:10|LogUtil.info line:33| 开始执行测试方法: test_save_sales_order
2025-04-14 19:15:10|LogUtil.info line:33| 自动定价测试通过
2025-04-14 19:15:10|LogUtil.info line:33| 物料列表查询测试通过
2025-04-14 19:15:10|LogUtil.info line:33| 订单行渲染测试通过
2025-04-14 19:16:32|MysqlUtil.__init__ line:42| 数据库管理器初始化完成，运行时模式: False
2025-04-14 19:16:32|MysqlUtil.__init__ line:42| 数据库管理器初始化完成，运行时模式: False
2025-04-14 19:16:32|LogUtil.info line:33| 文件缓存命中：使用缓存的SCM初始化数据
2025-04-14 19:16:33|LogUtil.info line:33| 测试类初始化完成
2025-04-14 19:16:33|LogUtil.info line:33| 开始执行测试方法: test_init_sales_order
2025-04-14 19:16:33|LogUtil.info line:33| 销售订单创建初始化测试通过
2025-04-14 19:16:33|LogUtil.info line:33| 开始执行测试方法: test_query_customer_info
2025-04-14 19:16:33|LogUtil.info line:33| 客户信息查询测试通过
2025-04-14 19:16:33|LogUtil.info line:33| 开始执行测试方法: test_query_partner
2025-04-14 19:16:33|LogUtil.info line:33| 相关方查询测试通过
2025-04-14 19:16:33|LogUtil.info line:33| 开始执行测试方法: test_query_sales_organization
2025-04-14 19:16:33|LogUtil.info line:33| 销售组织列表查询测试通过
2025-04-14 19:16:33|LogUtil.info line:33| 开始执行测试方法: test_query_materials
2025-04-14 19:16:33|LogUtil.info line:33| 物料列表查询测试通过
2025-04-14 19:16:33|LogUtil.info line:33| 开始执行测试方法: test_calculate_pricing
2025-04-14 19:16:33|LogUtil.info line:33| 自动定价测试通过
2025-04-14 19:16:33|LogUtil.info line:33| 开始执行测试方法: test_render_order_line
2025-04-14 19:16:33|LogUtil.info line:33| 物料列表查询测试通过
2025-04-14 19:16:33|LogUtil.info line:33| 订单行渲染测试通过
2025-04-14 19:16:33|LogUtil.info line:33| 开始执行测试方法: test_save_sales_order
2025-04-14 19:16:33|LogUtil.info line:33| 自动定价测试通过
2025-04-14 19:16:34|LogUtil.info line:33| 物料列表查询测试通过
2025-04-14 19:16:34|LogUtil.info line:33| 订单行渲染测试通过
2025-04-14 19:16:34|LogUtil.info line:33| 销售订单保存测试通过
2025-04-14 19:18:00|MysqlUtil.__init__ line:42| 数据库管理器初始化完成，运行时模式: False
2025-04-14 19:18:00|MysqlUtil.__init__ line:42| 数据库管理器初始化完成，运行时模式: False
2025-04-14 19:18:00|LogUtil.info line:33| 文件缓存命中：使用缓存的SCM初始化数据
2025-04-14 19:18:00|LogUtil.info line:33| 测试类初始化完成
2025-04-14 19:18:00|LogUtil.info line:33| 开始执行测试方法: test_init_sales_order
2025-04-14 19:18:00|LogUtil.info line:33| 销售订单创建初始化测试通过
2025-04-14 19:18:00|LogUtil.info line:33| 开始执行测试方法: test_query_customer_info
2025-04-14 19:18:01|LogUtil.info line:33| 客户信息查询测试通过
2025-04-14 19:18:01|LogUtil.info line:33| 开始执行测试方法: test_query_partner
2025-04-14 19:18:01|LogUtil.info line:33| 相关方查询测试通过
2025-04-14 19:18:01|LogUtil.info line:33| 开始执行测试方法: test_query_sales_organization
2025-04-14 19:18:01|LogUtil.info line:33| 销售组织列表查询测试通过
2025-04-14 19:18:01|LogUtil.info line:33| 开始执行测试方法: test_query_materials
2025-04-14 19:18:01|LogUtil.info line:33| 物料列表查询测试通过
2025-04-14 19:18:01|LogUtil.info line:33| 开始执行测试方法: test_calculate_pricing
2025-04-14 19:18:01|LogUtil.info line:33| 自动定价测试通过
2025-04-14 19:18:01|LogUtil.info line:33| 开始执行测试方法: test_render_order_line
2025-04-14 19:18:01|LogUtil.info line:33| 物料列表查询测试通过
2025-04-14 19:18:01|LogUtil.info line:33| 订单行渲染测试通过
2025-04-14 19:18:01|LogUtil.info line:33| 开始执行测试方法: test_save_sales_order
2025-04-14 19:18:01|LogUtil.info line:33| 自动定价测试通过
2025-04-14 19:18:01|LogUtil.info line:33| 物料列表查询测试通过
2025-04-14 19:18:02|LogUtil.info line:33| 订单行渲染测试通过
2025-04-14 19:18:02|LogUtil.info line:33| 销售订单保存测试通过
2025-04-14 19:19:52|MysqlUtil.__init__ line:42| 数据库管理器初始化完成，运行时模式: False
2025-04-14 19:19:52|MysqlUtil.__init__ line:42| 数据库管理器初始化完成，运行时模式: False
2025-04-14 19:19:52|LogUtil.info line:33| 文件缓存命中：使用缓存的SCM初始化数据
2025-04-14 19:19:53|LogUtil.info line:33| 测试类初始化完成
2025-04-14 19:19:53|LogUtil.info line:33| 开始执行测试方法: test_init_sales_order
2025-04-14 19:19:53|LogUtil.info line:33| 开始执行测试方法: test_query_customer_info
2025-04-14 19:19:53|LogUtil.info line:33| 客户信息查询测试通过
2025-04-14 19:19:53|LogUtil.info line:33| 开始执行测试方法: test_query_partner
2025-04-14 19:19:53|LogUtil.info line:33| 相关方查询测试通过
2025-04-14 19:19:53|LogUtil.info line:33| 开始执行测试方法: test_query_sales_organization
2025-04-14 19:19:53|LogUtil.info line:33| 销售组织列表查询测试通过
2025-04-14 19:19:53|LogUtil.info line:33| 开始执行测试方法: test_query_materials
2025-04-14 19:19:53|LogUtil.info line:33| 物料列表查询测试通过
2025-04-14 19:19:53|LogUtil.info line:33| 开始执行测试方法: test_calculate_pricing
2025-04-14 19:19:53|LogUtil.info line:33| 开始执行测试方法: test_render_order_line
2025-04-14 19:19:53|LogUtil.info line:33| 物料列表查询测试通过
2025-04-14 19:19:54|LogUtil.info line:33| 订单行渲染测试通过
2025-04-14 19:19:54|LogUtil.info line:33| 开始执行测试方法: test_save_sales_order
2025-04-14 19:20:11|MysqlUtil.__init__ line:42| 数据库管理器初始化完成，运行时模式: False
2025-04-14 19:20:11|MysqlUtil.__init__ line:42| 数据库管理器初始化完成，运行时模式: False
2025-04-14 19:20:11|LogUtil.info line:33| 文件缓存命中：使用缓存的SCM初始化数据
2025-04-14 19:20:12|LogUtil.info line:33| 测试类初始化完成
2025-04-14 19:20:12|LogUtil.info line:33| 开始执行测试方法: test_init_sales_order
2025-04-14 19:20:12|LogUtil.info line:33| 销售订单创建初始化测试通过
2025-04-14 19:20:12|LogUtil.info line:33| 开始执行测试方法: test_query_customer_info
2025-04-14 19:20:12|LogUtil.info line:33| 客户信息查询测试通过
2025-04-14 19:20:12|LogUtil.info line:33| 开始执行测试方法: test_query_partner
2025-04-14 19:20:12|LogUtil.info line:33| 开始执行测试方法: test_query_sales_organization
2025-04-14 19:20:12|LogUtil.info line:33| 销售组织列表查询测试通过
2025-04-14 19:20:12|LogUtil.info line:33| 开始执行测试方法: test_query_materials
2025-04-14 19:20:12|LogUtil.info line:33| 物料列表查询测试通过
2025-04-14 19:20:12|LogUtil.info line:33| 开始执行测试方法: test_calculate_pricing
2025-04-14 19:20:12|LogUtil.info line:33| 开始执行测试方法: test_render_order_line
2025-04-14 19:20:12|LogUtil.info line:33| 开始执行测试方法: test_save_sales_order
2025-04-14 19:20:20|MysqlUtil.__init__ line:42| 数据库管理器初始化完成，运行时模式: False
2025-04-14 19:20:20|MysqlUtil.__init__ line:42| 数据库管理器初始化完成，运行时模式: False
2025-04-14 19:20:20|LogUtil.info line:33| 文件缓存命中：使用缓存的SCM初始化数据
2025-04-14 19:20:20|LogUtil.info line:33| 测试类初始化完成
2025-04-14 19:20:20|LogUtil.info line:33| 开始执行测试方法: test_init_sales_order
2025-04-14 19:20:20|LogUtil.info line:33| 销售订单创建初始化测试通过
2025-04-14 19:20:20|LogUtil.info line:33| 开始执行测试方法: test_query_customer_info
2025-04-14 19:20:20|LogUtil.info line:33| 客户信息查询测试通过
2025-04-14 19:20:20|LogUtil.info line:33| 开始执行测试方法: test_query_partner
2025-04-14 19:20:20|LogUtil.info line:33| 开始执行测试方法: test_query_sales_organization
2025-04-14 19:20:20|LogUtil.info line:33| 销售组织列表查询测试通过
2025-04-14 19:20:20|LogUtil.info line:33| 开始执行测试方法: test_query_materials
2025-04-14 19:20:20|LogUtil.info line:33| 物料列表查询测试通过
2025-04-14 19:20:20|LogUtil.info line:33| 开始执行测试方法: test_calculate_pricing
2025-04-14 19:20:20|LogUtil.info line:33| 开始执行测试方法: test_render_order_line
2025-04-14 19:20:20|LogUtil.info line:33| 开始执行测试方法: test_save_sales_order
2025-04-14 19:20:59|MysqlUtil.__init__ line:42| 数据库管理器初始化完成，运行时模式: False
2025-04-14 19:20:59|MysqlUtil.__init__ line:42| 数据库管理器初始化完成，运行时模式: False
2025-04-14 19:20:59|LogUtil.info line:33| 文件缓存命中：使用缓存的SCM初始化数据
2025-04-14 19:21:00|LogUtil.info line:33| 测试类初始化完成
2025-04-14 19:21:00|LogUtil.info line:33| 开始执行测试方法: test_init_sales_order
2025-04-14 19:21:00|LogUtil.info line:33| 销售订单创建初始化测试通过
2025-04-14 19:21:00|LogUtil.info line:33| 开始执行测试方法: test_query_customer_info
2025-04-14 19:21:00|LogUtil.info line:33| 客户信息查询测试通过
2025-04-14 19:21:00|LogUtil.info line:33| 开始执行测试方法: test_query_partner
2025-04-14 19:21:00|LogUtil.info line:33| 开始执行测试方法: test_query_sales_organization
2025-04-14 19:21:00|LogUtil.info line:33| 销售组织列表查询测试通过
2025-04-14 19:21:00|LogUtil.info line:33| 开始执行测试方法: test_query_materials
2025-04-14 19:21:00|LogUtil.info line:33| 物料列表查询测试通过
2025-04-14 19:21:00|LogUtil.info line:33| 开始执行测试方法: test_calculate_pricing
2025-04-14 19:21:00|LogUtil.info line:33| 开始执行测试方法: test_render_order_line
2025-04-14 19:21:00|LogUtil.info line:33| 开始执行测试方法: test_save_sales_order
2025-04-14 19:26:21|MysqlUtil.__init__ line:42| 数据库管理器初始化完成，运行时模式: False
2025-04-14 19:26:21|MysqlUtil.__init__ line:42| 数据库管理器初始化完成，运行时模式: False
2025-04-14 19:26:21|LogUtil.info line:33| 文件缓存命中：使用缓存的SCM初始化数据
2025-04-14 19:26:22|LogUtil.info line:33| 测试类初始化完成
2025-04-14 19:26:22|LogUtil.info line:33| 开始执行测试方法: test_init_sales_order
2025-04-14 19:26:22|LogUtil.info line:33| 销售订单创建初始化测试通过
2025-04-14 19:26:22|LogUtil.info line:33| 开始执行测试方法: test_query_customer_info
2025-04-14 19:26:22|LogUtil.info line:33| 客户信息查询测试通过
2025-04-14 19:26:22|LogUtil.info line:33| 开始执行测试方法: test_query_partner
2025-04-14 19:26:22|LogUtil.info line:33| 开始执行测试方法: test_query_sales_organization
2025-04-14 19:26:22|LogUtil.info line:33| 销售组织列表查询测试通过
2025-04-14 19:26:22|LogUtil.info line:33| 开始执行测试方法: test_query_materials
2025-04-14 19:26:22|LogUtil.info line:33| 物料列表查询测试通过
2025-04-14 19:26:22|LogUtil.info line:33| 开始执行测试方法: test_calculate_pricing
2025-04-14 19:26:22|LogUtil.info line:33| 开始执行测试方法: test_render_order_line
2025-04-14 19:26:22|LogUtil.info line:33| 开始执行测试方法: test_save_sales_order
2025-04-14 19:27:44|MysqlUtil.__init__ line:42| 数据库管理器初始化完成，运行时模式: False
2025-04-14 19:27:44|MysqlUtil.__init__ line:42| 数据库管理器初始化完成，运行时模式: False
2025-04-14 19:27:44|LogUtil.info line:33| 文件缓存命中：使用缓存的SCM初始化数据
2025-04-14 19:27:45|LogUtil.info line:33| 测试类初始化完成
2025-04-14 19:27:45|LogUtil.info line:33| 开始执行测试方法: test_init_sales_order
2025-04-14 19:27:45|LogUtil.info line:33| 销售订单创建初始化测试通过
2025-04-14 19:27:45|LogUtil.info line:33| 开始执行测试方法: test_query_customer_info
2025-04-14 19:27:45|LogUtil.info line:33| 客户信息查询测试通过
2025-04-14 19:27:45|LogUtil.info line:33| 开始执行测试方法: test_query_partner
2025-04-14 19:27:45|LogUtil.info line:33| 开始执行测试方法: test_query_sales_organization
2025-04-14 19:27:45|LogUtil.info line:33| 销售组织列表查询测试通过
2025-04-14 19:27:45|LogUtil.info line:33| 开始执行测试方法: test_query_materials
2025-04-14 19:27:45|LogUtil.info line:33| 物料列表查询测试通过
2025-04-14 19:27:45|LogUtil.info line:33| 开始执行测试方法: test_calculate_pricing
2025-04-14 19:27:45|LogUtil.info line:33| 开始执行测试方法: test_render_order_line
2025-04-14 19:27:45|LogUtil.info line:33| 开始执行测试方法: test_save_sales_order
2025-04-14 19:28:02|MysqlUtil.__init__ line:42| 数据库管理器初始化完成，运行时模式: False
2025-04-14 19:28:02|MysqlUtil.__init__ line:42| 数据库管理器初始化完成，运行时模式: False
2025-04-14 19:28:02|LogUtil.info line:33| 文件缓存命中：使用缓存的SCM初始化数据
2025-04-14 19:28:02|LogUtil.info line:33| 测试类初始化完成
2025-04-14 19:28:02|LogUtil.info line:33| 销售订单创建初始化测试通过
2025-04-14 19:28:08|MysqlUtil.__init__ line:42| 数据库管理器初始化完成，运行时模式: False
2025-04-14 19:28:08|MysqlUtil.__init__ line:42| 数据库管理器初始化完成，运行时模式: False
2025-04-14 19:28:08|LogUtil.info line:33| 文件缓存命中：使用缓存的SCM初始化数据
2025-04-14 19:28:08|LogUtil.info line:33| 测试类初始化完成
2025-04-14 19:28:08|LogUtil.info line:33| 销售订单创建初始化测试通过
2025-04-14 19:28:08|LogUtil.info line:33| 客户信息查询测试通过
2025-04-14 19:28:16|MysqlUtil.__init__ line:42| 数据库管理器初始化完成，运行时模式: False
2025-04-14 19:28:16|MysqlUtil.__init__ line:42| 数据库管理器初始化完成，运行时模式: False
2025-04-14 19:28:16|LogUtil.info line:33| 文件缓存命中：使用缓存的SCM初始化数据
2025-04-14 19:28:16|LogUtil.info line:33| 测试类初始化完成
2025-04-14 19:28:16|LogUtil.info line:33| 销售订单创建初始化测试通过
2025-04-14 19:28:16|LogUtil.info line:33| 客户信息查询测试通过
2025-04-14 19:28:16|LogUtil.info line:33| 相关方查询测试通过
2025-04-14 19:28:21|MysqlUtil.__init__ line:42| 数据库管理器初始化完成，运行时模式: False
2025-04-14 19:28:21|MysqlUtil.__init__ line:42| 数据库管理器初始化完成，运行时模式: False
2025-04-14 19:28:21|LogUtil.info line:33| 文件缓存命中：使用缓存的SCM初始化数据
2025-04-14 19:28:21|LogUtil.info line:33| 测试类初始化完成
2025-04-14 19:28:21|LogUtil.info line:33| 销售订单创建初始化测试通过
2025-04-14 19:28:21|LogUtil.info line:33| 客户信息查询测试通过
2025-04-14 19:28:21|LogUtil.info line:33| 相关方查询测试通过
2025-04-14 19:28:21|LogUtil.info line:33| 销售组织列表查询测试通过
2025-04-14 19:28:26|MysqlUtil.__init__ line:42| 数据库管理器初始化完成，运行时模式: False
2025-04-14 19:28:26|MysqlUtil.__init__ line:42| 数据库管理器初始化完成，运行时模式: False
2025-04-14 19:28:26|LogUtil.info line:33| 文件缓存命中：使用缓存的SCM初始化数据
2025-04-14 19:28:26|LogUtil.info line:33| 测试类初始化完成
2025-04-14 19:28:26|LogUtil.info line:33| 销售订单创建初始化测试通过
2025-04-14 19:28:26|LogUtil.info line:33| 客户信息查询测试通过
2025-04-14 19:28:26|LogUtil.info line:33| 相关方查询测试通过
2025-04-14 19:28:26|LogUtil.info line:33| 销售组织列表查询测试通过
2025-04-14 19:28:27|LogUtil.info line:33| 物料列表查询测试通过
2025-04-14 19:28:32|MysqlUtil.__init__ line:42| 数据库管理器初始化完成，运行时模式: False
2025-04-14 19:28:32|MysqlUtil.__init__ line:42| 数据库管理器初始化完成，运行时模式: False
2025-04-14 19:28:32|LogUtil.info line:33| 文件缓存命中：使用缓存的SCM初始化数据
2025-04-14 19:28:32|LogUtil.info line:33| 测试类初始化完成
2025-04-14 19:28:32|LogUtil.info line:33| 销售订单创建初始化测试通过
2025-04-14 19:28:32|LogUtil.info line:33| 客户信息查询测试通过
2025-04-14 19:28:32|LogUtil.info line:33| 相关方查询测试通过
2025-04-14 19:28:33|LogUtil.info line:33| 销售组织列表查询测试通过
2025-04-14 19:28:33|LogUtil.info line:33| 物料列表查询测试通过
2025-04-14 19:28:33|LogUtil.info line:33| 订单行渲染测试通过
2025-04-14 19:28:39|MysqlUtil.__init__ line:42| 数据库管理器初始化完成，运行时模式: False
2025-04-14 19:28:39|MysqlUtil.__init__ line:42| 数据库管理器初始化完成，运行时模式: False
2025-04-14 19:28:39|LogUtil.info line:33| 文件缓存命中：使用缓存的SCM初始化数据
2025-04-14 19:28:40|LogUtil.info line:33| 测试类初始化完成
2025-04-14 19:28:40|LogUtil.info line:33| 销售订单创建初始化测试通过
2025-04-14 19:28:40|LogUtil.info line:33| 客户信息查询测试通过
2025-04-14 19:28:40|LogUtil.info line:33| 相关方查询测试通过
2025-04-14 19:28:40|LogUtil.info line:33| 销售组织列表查询测试通过
2025-04-14 19:28:40|LogUtil.info line:33| 物料列表查询测试通过
2025-04-14 19:28:40|LogUtil.info line:33| 订单行渲染测试通过
2025-04-14 19:28:40|LogUtil.info line:33| 自动定价测试通过
2025-04-14 19:28:45|MysqlUtil.__init__ line:42| 数据库管理器初始化完成，运行时模式: False
2025-04-14 19:28:45|MysqlUtil.__init__ line:42| 数据库管理器初始化完成，运行时模式: False
2025-04-14 19:28:45|LogUtil.info line:33| 文件缓存命中：使用缓存的SCM初始化数据
2025-04-14 19:28:45|LogUtil.info line:33| 测试类初始化完成
2025-04-14 19:28:45|LogUtil.info line:33| 销售订单创建初始化测试通过
2025-04-14 19:28:45|LogUtil.info line:33| 客户信息查询测试通过
2025-04-14 19:28:45|LogUtil.info line:33| 相关方查询测试通过
2025-04-14 19:28:45|LogUtil.info line:33| 销售组织列表查询测试通过
2025-04-14 19:28:45|LogUtil.info line:33| 物料列表查询测试通过
2025-04-14 19:28:45|LogUtil.info line:33| 订单行渲染测试通过
2025-04-14 19:28:46|LogUtil.info line:33| 自动定价测试通过
2025-04-14 19:28:46|LogUtil.info line:33| 销售订单保存测试通过
2025-04-14 19:33:36|MysqlUtil.__init__ line:42| 数据库管理器初始化完成，运行时模式: False
2025-04-14 19:33:36|MysqlUtil.__init__ line:42| 数据库管理器初始化完成，运行时模式: False
2025-04-14 19:33:36|LogUtil.info line:33| 文件缓存命中：使用缓存的SCM初始化数据
2025-04-14 19:33:46|ExceptionUtil.wrapper line:196| 类方法 setup_class 执行出错: Login failed: {"success":false,"data":null,"code":"B0001","message":"\n### Error updating database.  Cause: com.mysql.cj.jdbc.exceptions.CommunicationsException: Communications link failure\n\nThe last packet successfully received from the server was 10,011 milliseconds ago. The last packet sent successfully to the server was 10,011 milliseconds ago.\n### The error may exist in io/terminus/iam/core/repository/user/UserRepository.java (best guess)\n### The error may involve io.terminus.iam.core.repository.user.UserRepository.updateById-Inline\n### The error occurred while setting parameters\n### SQL: UPDATE iam_user  SET login_count=?, last_login_at=?, last_login_ip=?, tenant_id=?, revision=revision+1,  updated_by=?,  updated_at=?  WHERE id=?   AND deleted_id=0\n### Cause: com.mysql.cj.jdbc.exceptions.CommunicationsException: Communications link failure\n\nThe last packet successfully received from the server was 10,011 milliseconds ago. The last packet sent successfully to the server was 10,011 milliseconds ago.\n; Communications link failure\n\nThe last packet successfully received from the server was 10,011 milliseconds ago. The last packet sent successfully to the server was 10,011 milliseconds ago.; nested exception is com.mysql.cj.jdbc.exceptions.CommunicationsException: Communications link failure\n\nThe last packet successfully received from the server was 10,011 milliseconds ago. The last packet sent successfully to the server was 10,011 milliseconds ago.","help":""}
2025-04-14 19:33:46|ExceptionUtil.wrapper line:197| 异常堆栈:
Traceback (most recent call last):
  File "/Users/zhangang/Documents/PyFile/erp_autotest/utils/ExceptionUtil.py", line 190, in wrapper
    return func(cls, *args, **kwargs)
           ^^^^^^^^^^^^^^^^^^^^^^^^^^
  File "/Users/zhangang/Documents/PyFile/erp_autotest/testcases/SCM/SO/test_create.py", line 78, in setup_class
    cls.session = cls.login_manager.login()
                  ^^^^^^^^^^^^^^^^^^^^^^^^^
  File "/Users/zhangang/Documents/PyFile/erp_autotest/common/login_manager.py", line 57, in login
    raise Exception(f"Login failed: {response.text}")
Exception: Login failed: {"success":false,"data":null,"code":"B0001","message":"\n### Error updating database.  Cause: com.mysql.cj.jdbc.exceptions.CommunicationsException: Communications link failure\n\nThe last packet successfully received from the server was 10,011 milliseconds ago. The last packet sent successfully to the server was 10,011 milliseconds ago.\n### The error may exist in io/terminus/iam/core/repository/user/UserRepository.java (best guess)\n### The error may involve io.terminus.iam.core.repository.user.UserRepository.updateById-Inline\n### The error occurred while setting parameters\n### SQL: UPDATE iam_user  SET login_count=?, last_login_at=?, last_login_ip=?, tenant_id=?, revision=revision+1,  updated_by=?,  updated_at=?  WHERE id=?   AND deleted_id=0\n### Cause: com.mysql.cj.jdbc.exceptions.CommunicationsException: Communications link failure\n\nThe last packet successfully received from the server was 10,011 milliseconds ago. The last packet sent successfully to the server was 10,011 milliseconds ago.\n; Communications link failure\n\nThe last packet successfully received from the server was 10,011 milliseconds ago. The last packet sent successfully to the server was 10,011 milliseconds ago.; nested exception is com.mysql.cj.jdbc.exceptions.CommunicationsException: Communications link failure\n\nThe last packet successfully received from the server was 10,011 milliseconds ago. The last packet sent successfully to the server was 10,011 milliseconds ago.","help":""}

2025-04-14 19:33:47|MysqlUtil.__init__ line:42| 数据库管理器初始化完成，运行时模式: False
2025-04-14 19:33:47|MysqlUtil.__init__ line:42| 数据库管理器初始化完成，运行时模式: False
2025-04-14 19:33:47|LogUtil.info line:33| 文件缓存命中：使用缓存的SCM初始化数据
2025-04-14 19:33:57|ExceptionUtil.wrapper line:196| 类方法 setup_class 执行出错: Login failed: {"success":false,"data":null,"code":"B0001","message":"\n### Error updating database.  Cause: com.mysql.cj.jdbc.exceptions.CommunicationsException: Communications link failure\n\nThe last packet successfully received from the server was 10,011 milliseconds ago. The last packet sent successfully to the server was 10,011 milliseconds ago.\n### The error may exist in io/terminus/iam/core/repository/user/UserRepository.java (best guess)\n### The error may involve io.terminus.iam.core.repository.user.UserRepository.updateById-Inline\n### The error occurred while setting parameters\n### SQL: UPDATE iam_user  SET login_count=?, last_login_at=?, last_login_ip=?, tenant_id=?, revision=revision+1,  updated_by=?,  updated_at=?  WHERE id=?   AND deleted_id=0\n### Cause: com.mysql.cj.jdbc.exceptions.CommunicationsException: Communications link failure\n\nThe last packet successfully received from the server was 10,011 milliseconds ago. The last packet sent successfully to the server was 10,011 milliseconds ago.\n; Communications link failure\n\nThe last packet successfully received from the server was 10,011 milliseconds ago. The last packet sent successfully to the server was 10,011 milliseconds ago.; nested exception is com.mysql.cj.jdbc.exceptions.CommunicationsException: Communications link failure\n\nThe last packet successfully received from the server was 10,011 milliseconds ago. The last packet sent successfully to the server was 10,011 milliseconds ago.","help":""}
2025-04-14 19:33:57|ExceptionUtil.wrapper line:197| 异常堆栈:
Traceback (most recent call last):
  File "/Users/zhangang/Documents/PyFile/erp_autotest/utils/ExceptionUtil.py", line 190, in wrapper
    return func(cls, *args, **kwargs)
           ^^^^^^^^^^^^^^^^^^^^^^^^^^
  File "/Users/zhangang/Documents/PyFile/erp_autotest/testcases/SCM/SO/test_create.py", line 78, in setup_class
    cls.session = cls.login_manager.login()
                  ^^^^^^^^^^^^^^^^^^^^^^^^^
  File "/Users/zhangang/Documents/PyFile/erp_autotest/common/login_manager.py", line 57, in login
    raise Exception(f"Login failed: {response.text}")
Exception: Login failed: {"success":false,"data":null,"code":"B0001","message":"\n### Error updating database.  Cause: com.mysql.cj.jdbc.exceptions.CommunicationsException: Communications link failure\n\nThe last packet successfully received from the server was 10,011 milliseconds ago. The last packet sent successfully to the server was 10,011 milliseconds ago.\n### The error may exist in io/terminus/iam/core/repository/user/UserRepository.java (best guess)\n### The error may involve io.terminus.iam.core.repository.user.UserRepository.updateById-Inline\n### The error occurred while setting parameters\n### SQL: UPDATE iam_user  SET login_count=?, last_login_at=?, last_login_ip=?, tenant_id=?, revision=revision+1,  updated_by=?,  updated_at=?  WHERE id=?   AND deleted_id=0\n### Cause: com.mysql.cj.jdbc.exceptions.CommunicationsException: Communications link failure\n\nThe last packet successfully received from the server was 10,011 milliseconds ago. The last packet sent successfully to the server was 10,011 milliseconds ago.\n; Communications link failure\n\nThe last packet successfully received from the server was 10,011 milliseconds ago. The last packet sent successfully to the server was 10,011 milliseconds ago.; nested exception is com.mysql.cj.jdbc.exceptions.CommunicationsException: Communications link failure\n\nThe last packet successfully received from the server was 10,011 milliseconds ago. The last packet sent successfully to the server was 10,011 milliseconds ago.","help":""}

2025-04-14 19:33:58|MysqlUtil.__init__ line:42| 数据库管理器初始化完成，运行时模式: False
2025-04-14 19:33:58|MysqlUtil.__init__ line:42| 数据库管理器初始化完成，运行时模式: False
2025-04-14 19:33:58|LogUtil.info line:33| 文件缓存命中：使用缓存的SCM初始化数据
2025-04-14 19:34:07|ExceptionUtil.wrapper line:196| 类方法 setup_class 执行出错: Login failed: {"success":false,"data":null,"code":"B0001","message":"\n### Error updating database.  Cause: com.mysql.cj.jdbc.exceptions.CommunicationsException: Communications link failure\n\nThe last packet successfully received from the server was 8,292 milliseconds ago. The last packet sent successfully to the server was 8,292 milliseconds ago.\n### The error may exist in io/terminus/iam/core/repository/user/UserRepository.java (best guess)\n### The error may involve io.terminus.iam.core.repository.user.UserRepository.updateById-Inline\n### The error occurred while setting parameters\n### SQL: UPDATE iam_user  SET login_count=?, last_login_at=?, last_login_ip=?, tenant_id=?, revision=revision+1,  updated_by=?,  updated_at=?  WHERE id=?   AND deleted_id=0\n### Cause: com.mysql.cj.jdbc.exceptions.CommunicationsException: Communications link failure\n\nThe last packet successfully received from the server was 8,292 milliseconds ago. The last packet sent successfully to the server was 8,292 milliseconds ago.\n; Communications link failure\n\nThe last packet successfully received from the server was 8,292 milliseconds ago. The last packet sent successfully to the server was 8,292 milliseconds ago.; nested exception is com.mysql.cj.jdbc.exceptions.CommunicationsException: Communications link failure\n\nThe last packet successfully received from the server was 8,292 milliseconds ago. The last packet sent successfully to the server was 8,292 milliseconds ago.","help":""}
2025-04-14 19:34:07|ExceptionUtil.wrapper line:197| 异常堆栈:
Traceback (most recent call last):
  File "/Users/zhangang/Documents/PyFile/erp_autotest/utils/ExceptionUtil.py", line 190, in wrapper
    return func(cls, *args, **kwargs)
           ^^^^^^^^^^^^^^^^^^^^^^^^^^
  File "/Users/zhangang/Documents/PyFile/erp_autotest/testcases/SCM/SO/test_create.py", line 78, in setup_class
    cls.session = cls.login_manager.login()
                  ^^^^^^^^^^^^^^^^^^^^^^^^^
  File "/Users/zhangang/Documents/PyFile/erp_autotest/common/login_manager.py", line 57, in login
    raise Exception(f"Login failed: {response.text}")
Exception: Login failed: {"success":false,"data":null,"code":"B0001","message":"\n### Error updating database.  Cause: com.mysql.cj.jdbc.exceptions.CommunicationsException: Communications link failure\n\nThe last packet successfully received from the server was 8,292 milliseconds ago. The last packet sent successfully to the server was 8,292 milliseconds ago.\n### The error may exist in io/terminus/iam/core/repository/user/UserRepository.java (best guess)\n### The error may involve io.terminus.iam.core.repository.user.UserRepository.updateById-Inline\n### The error occurred while setting parameters\n### SQL: UPDATE iam_user  SET login_count=?, last_login_at=?, last_login_ip=?, tenant_id=?, revision=revision+1,  updated_by=?,  updated_at=?  WHERE id=?   AND deleted_id=0\n### Cause: com.mysql.cj.jdbc.exceptions.CommunicationsException: Communications link failure\n\nThe last packet successfully received from the server was 8,292 milliseconds ago. The last packet sent successfully to the server was 8,292 milliseconds ago.\n; Communications link failure\n\nThe last packet successfully received from the server was 8,292 milliseconds ago. The last packet sent successfully to the server was 8,292 milliseconds ago.; nested exception is com.mysql.cj.jdbc.exceptions.CommunicationsException: Communications link failure\n\nThe last packet successfully received from the server was 8,292 milliseconds ago. The last packet sent successfully to the server was 8,292 milliseconds ago.","help":""}

2025-04-14 19:34:08|MysqlUtil.__init__ line:42| 数据库管理器初始化完成，运行时模式: False
2025-04-14 19:34:08|MysqlUtil.__init__ line:42| 数据库管理器初始化完成，运行时模式: False
2025-04-14 19:34:08|LogUtil.info line:33| 文件缓存命中：使用缓存的SCM初始化数据
2025-04-14 19:34:10|ExceptionUtil.wrapper line:196| 类方法 setup_class 执行出错: Login failed: {"success":false,"data":null,"code":"B0001","message":"\n### Error updating database.  Cause: com.mysql.cj.jdbc.exceptions.CommunicationsException: Communications link failure\n\nThe last packet successfully received from the server was 1,905 milliseconds ago. The last packet sent successfully to the server was 1,905 milliseconds ago.\n### The error may exist in io/terminus/iam/core/repository/user/UserRepository.java (best guess)\n### The error may involve io.terminus.iam.core.repository.user.UserRepository.updateById-Inline\n### The error occurred while setting parameters\n### SQL: UPDATE iam_user  SET login_count=?, last_login_at=?, last_login_ip=?, tenant_id=?, revision=revision+1,  updated_by=?,  updated_at=?  WHERE id=?   AND deleted_id=0\n### Cause: com.mysql.cj.jdbc.exceptions.CommunicationsException: Communications link failure\n\nThe last packet successfully received from the server was 1,905 milliseconds ago. The last packet sent successfully to the server was 1,905 milliseconds ago.\n; Communications link failure\n\nThe last packet successfully received from the server was 1,905 milliseconds ago. The last packet sent successfully to the server was 1,905 milliseconds ago.; nested exception is com.mysql.cj.jdbc.exceptions.CommunicationsException: Communications link failure\n\nThe last packet successfully received from the server was 1,905 milliseconds ago. The last packet sent successfully to the server was 1,905 milliseconds ago.","help":""}
2025-04-14 19:34:10|ExceptionUtil.wrapper line:197| 异常堆栈:
Traceback (most recent call last):
  File "/Users/zhangang/Documents/PyFile/erp_autotest/utils/ExceptionUtil.py", line 190, in wrapper
    return func(cls, *args, **kwargs)
           ^^^^^^^^^^^^^^^^^^^^^^^^^^
  File "/Users/zhangang/Documents/PyFile/erp_autotest/testcases/SCM/SO/test_create.py", line 78, in setup_class
    cls.session = cls.login_manager.login()
                  ^^^^^^^^^^^^^^^^^^^^^^^^^
  File "/Users/zhangang/Documents/PyFile/erp_autotest/common/login_manager.py", line 57, in login
    raise Exception(f"Login failed: {response.text}")
Exception: Login failed: {"success":false,"data":null,"code":"B0001","message":"\n### Error updating database.  Cause: com.mysql.cj.jdbc.exceptions.CommunicationsException: Communications link failure\n\nThe last packet successfully received from the server was 1,905 milliseconds ago. The last packet sent successfully to the server was 1,905 milliseconds ago.\n### The error may exist in io/terminus/iam/core/repository/user/UserRepository.java (best guess)\n### The error may involve io.terminus.iam.core.repository.user.UserRepository.updateById-Inline\n### The error occurred while setting parameters\n### SQL: UPDATE iam_user  SET login_count=?, last_login_at=?, last_login_ip=?, tenant_id=?, revision=revision+1,  updated_by=?,  updated_at=?  WHERE id=?   AND deleted_id=0\n### Cause: com.mysql.cj.jdbc.exceptions.CommunicationsException: Communications link failure\n\nThe last packet successfully received from the server was 1,905 milliseconds ago. The last packet sent successfully to the server was 1,905 milliseconds ago.\n; Communications link failure\n\nThe last packet successfully received from the server was 1,905 milliseconds ago. The last packet sent successfully to the server was 1,905 milliseconds ago.; nested exception is com.mysql.cj.jdbc.exceptions.CommunicationsException: Communications link failure\n\nThe last packet successfully received from the server was 1,905 milliseconds ago. The last packet sent successfully to the server was 1,905 milliseconds ago.","help":""}

2025-04-14 19:34:11|MysqlUtil.__init__ line:42| 数据库管理器初始化完成，运行时模式: False
2025-04-14 19:34:11|MysqlUtil.__init__ line:42| 数据库管理器初始化完成，运行时模式: False
2025-04-14 19:34:11|LogUtil.info line:33| 文件缓存命中：使用缓存的SCM初始化数据
2025-04-14 19:35:11|ExceptionUtil.wrapper line:196| 类方法 setup_class 执行出错: Login failed: <!doctype html>
<html lang="en">
  <head>
    <meta charset="UTF-8" />
    <meta name="viewport" content="width=device-width, initial-scale=1.0" />
    <title>User Center</title>
    <script type="module" crossorigin src="/assets/50X-37303435.js"></script>
    <link rel="modulepreload" crossorigin href="/assets/react-cb1c6c65.js">
    <link rel="modulepreload" crossorigin href="/assets/util-3219736a.js">
    <link rel="modulepreload" crossorigin href="/assets/nusi-ee11400d.js">
    <link rel="modulepreload" crossorigin href="/assets/index-ad37a0c8.js">
    <link rel="stylesheet" href="/assets/nusi-302fec56.css">
  </head>
  <body>
    <div id="root"></div>
    
  </body>
</html>

2025-04-14 19:35:11|ExceptionUtil.wrapper line:197| 异常堆栈:
Traceback (most recent call last):
  File "/Users/zhangang/Documents/PyFile/erp_autotest/utils/ExceptionUtil.py", line 190, in wrapper
    return func(cls, *args, **kwargs)
           ^^^^^^^^^^^^^^^^^^^^^^^^^^
  File "/Users/zhangang/Documents/PyFile/erp_autotest/testcases/SCM/SO/test_create.py", line 78, in setup_class
    cls.session = cls.login_manager.login()
                  ^^^^^^^^^^^^^^^^^^^^^^^^^
  File "/Users/zhangang/Documents/PyFile/erp_autotest/common/login_manager.py", line 57, in login
    raise Exception(f"Login failed: {response.text}")
Exception: Login failed: <!doctype html>
<html lang="en">
  <head>
    <meta charset="UTF-8" />
    <meta name="viewport" content="width=device-width, initial-scale=1.0" />
    <title>User Center</title>
    <script type="module" crossorigin src="/assets/50X-37303435.js"></script>
    <link rel="modulepreload" crossorigin href="/assets/react-cb1c6c65.js">
    <link rel="modulepreload" crossorigin href="/assets/util-3219736a.js">
    <link rel="modulepreload" crossorigin href="/assets/nusi-ee11400d.js">
    <link rel="modulepreload" crossorigin href="/assets/index-ad37a0c8.js">
    <link rel="stylesheet" href="/assets/nusi-302fec56.css">
  </head>
  <body>
    <div id="root"></div>
    
  </body>
</html>


2025-04-14 19:35:12|MysqlUtil.__init__ line:42| 数据库管理器初始化完成，运行时模式: False
2025-04-14 19:35:12|MysqlUtil.__init__ line:42| 数据库管理器初始化完成，运行时模式: False
2025-04-14 19:35:12|LogUtil.info line:33| 文件缓存命中：使用缓存的SCM初始化数据
2025-04-14 19:35:48|MysqlUtil.__init__ line:42| 数据库管理器初始化完成，运行时模式: False
2025-04-14 19:35:48|MysqlUtil.__init__ line:42| 数据库管理器初始化完成，运行时模式: False
2025-04-14 19:35:48|LogUtil.info line:33| 文件缓存命中：使用缓存的SCM初始化数据
2025-04-14 19:37:06|MysqlUtil.__init__ line:42| 数据库管理器初始化完成，运行时模式: False
2025-04-14 19:37:06|MysqlUtil.__init__ line:42| 数据库管理器初始化完成，运行时模式: False
2025-04-14 19:37:06|LogUtil.info line:33| 文件缓存命中：使用缓存的SCM初始化数据
2025-04-14 19:37:07|LogUtil.info line:33| 测试类初始化完成
2025-04-14 19:37:07|LogUtil.info line:33| 销售订单创建初始化测试通过
2025-04-14 19:37:07|LogUtil.info line:33| 客户信息查询测试通过
2025-04-14 19:37:07|LogUtil.info line:33| 相关方查询测试通过
2025-04-14 19:37:07|LogUtil.info line:33| 销售组织列表查询测试通过
2025-04-14 19:37:07|LogUtil.info line:33| 物料列表查询测试通过
2025-04-14 19:37:08|LogUtil.info line:33| 订单行渲染测试通过
2025-04-14 19:37:08|LogUtil.info line:33| 自动定价测试通过
2025-04-14 19:37:08|LogUtil.info line:33| 销售订单保存测试通过
2025-04-14 19:41:29|MysqlUtil.__init__ line:42| 数据库管理器初始化完成，运行时模式: False
2025-04-14 19:41:29|MysqlUtil.__init__ line:42| 数据库管理器初始化完成，运行时模式: False
2025-04-14 19:41:29|LogUtil.info line:33| 文件缓存命中：使用缓存的SCM初始化数据
2025-04-14 19:41:30|LogUtil.info line:33| 测试类初始化完成
2025-04-14 19:41:30|LogUtil.info line:33| 销售订单创建初始化测试通过
2025-04-14 19:41:30|LogUtil.info line:33| 客户信息查询测试通过
2025-04-14 19:41:30|LogUtil.info line:33| 相关方查询测试通过
2025-04-14 19:41:30|LogUtil.info line:33| 销售组织列表查询测试通过
2025-04-14 19:41:30|LogUtil.info line:33| 物料列表查询测试通过
2025-04-14 19:41:30|LogUtil.info line:33| 订单行渲染测试通过
2025-04-14 19:41:31|LogUtil.info line:33| 自动定价测试通过
2025-04-14 19:41:31|LogUtil.info line:33| 销售订单保存测试通过
2025-04-14 19:42:00|MysqlUtil.__init__ line:42| 数据库管理器初始化完成，运行时模式: False
2025-04-14 19:42:00|MysqlUtil.__init__ line:42| 数据库管理器初始化完成，运行时模式: False
2025-04-14 19:42:00|LogUtil.info line:33| 文件缓存命中：使用缓存的SCM初始化数据
2025-04-14 19:42:00|LogUtil.info line:33| 测试类初始化完成
2025-04-14 19:42:00|LogUtil.info line:33| 开始执行测试方法: test_init_sales_order
2025-04-14 19:42:00|LogUtil.info line:33| 销售订单创建初始化测试通过
2025-04-14 19:42:00|LogUtil.info line:33| 开始执行测试方法: test_query_customer_info
2025-04-14 19:42:00|LogUtil.info line:33| 客户信息查询测试通过
2025-04-14 19:42:00|LogUtil.info line:33| 开始执行测试方法: test_query_partner
2025-04-14 19:42:00|LogUtil.info line:33| 开始执行测试方法: test_query_sales_organization
2025-04-14 19:42:00|LogUtil.info line:33| 销售组织列表查询测试通过
2025-04-14 19:42:00|LogUtil.info line:33| 开始执行测试方法: test_query_materials
2025-04-14 19:42:00|LogUtil.info line:33| 物料列表查询测试通过
2025-04-14 19:42:00|LogUtil.info line:33| 开始执行测试方法: test_calculate_pricing
2025-04-14 19:42:00|LogUtil.info line:33| 开始执行测试方法: test_render_order_line
2025-04-14 19:42:00|LogUtil.info line:33| 开始执行测试方法: test_save_sales_order
2025-04-14 19:43:21|MysqlUtil.__init__ line:42| 数据库管理器初始化完成，运行时模式: False
2025-04-14 19:43:21|MysqlUtil.__init__ line:42| 数据库管理器初始化完成，运行时模式: False
2025-04-14 19:43:21|LogUtil.info line:33| 文件缓存命中：使用缓存的SCM初始化数据
2025-04-14 19:43:22|LogUtil.info line:33| 测试类初始化完成
2025-04-14 19:43:22|LogUtil.info line:33| 开始执行测试方法: test_init_sales_order
2025-04-14 19:43:22|LogUtil.info line:33| 销售订单创建初始化测试通过
2025-04-14 19:43:22|LogUtil.info line:33| 开始执行测试方法: test_query_customer_info
2025-04-14 19:43:22|LogUtil.info line:33| 客户信息查询测试通过
2025-04-14 19:43:22|LogUtil.info line:33| 开始执行测试方法: test_query_partner
2025-04-14 19:43:22|LogUtil.info line:33| 相关方查询测试通过
2025-04-14 19:43:22|LogUtil.info line:33| 开始执行测试方法: test_query_sales_organization
2025-04-14 19:43:22|LogUtil.info line:33| 销售组织列表查询测试通过
2025-04-14 19:43:22|LogUtil.info line:33| 开始执行测试方法: test_query_materials
2025-04-14 19:43:22|LogUtil.info line:33| 物料列表查询测试通过
2025-04-14 19:43:22|LogUtil.info line:33| 开始执行测试方法: test_calculate_pricing
2025-04-14 19:43:22|LogUtil.info line:33| 自动定价测试通过
2025-04-14 19:43:22|LogUtil.info line:33| 开始执行测试方法: test_render_order_line
2025-04-14 19:43:22|LogUtil.info line:33| 物料列表查询测试通过
2025-04-14 19:43:23|LogUtil.info line:33| 订单行渲染测试通过
2025-04-14 19:43:23|LogUtil.info line:33| 开始执行测试方法: test_save_sales_order
2025-04-14 19:43:23|LogUtil.info line:33| 自动定价测试通过
2025-04-14 19:43:23|LogUtil.info line:33| 物料列表查询测试通过
2025-04-14 19:43:23|LogUtil.info line:33| 订单行渲染测试通过
2025-04-14 19:43:23|LogUtil.info line:33| 销售订单保存测试通过
2025-04-14 19:49:37|MysqlUtil.__init__ line:42| 数据库管理器初始化完成，运行时模式: False
2025-04-14 19:49:37|MysqlUtil.__init__ line:42| 数据库管理器初始化完成，运行时模式: False
2025-04-14 19:49:37|LogUtil.info line:33| 文件缓存命中：使用缓存的SCM初始化数据
2025-04-14 19:49:37|LogUtil.info line:33| 测试类初始化完成
2025-04-14 19:49:37|LogUtil.info line:33| 开始执行测试方法: test_01_init_sales_order
2025-04-14 19:49:37|LogUtil.info line:33| 销售订单创建初始化测试通过
2025-04-14 19:49:37|LogUtil.info line:33| 开始执行测试方法: test_02_query_customer_info
2025-04-14 19:49:37|LogUtil.info line:33| 客户信息查询测试通过
2025-04-14 19:49:37|LogUtil.info line:33| 开始执行测试方法: test_03_query_partner
2025-04-14 19:49:37|LogUtil.info line:33| 相关方查询测试通过
2025-04-14 19:49:37|LogUtil.info line:33| 开始执行测试方法: test_04_query_sales_organization
2025-04-14 19:49:37|LogUtil.info line:33| 销售组织列表查询测试通过
2025-04-14 19:49:37|LogUtil.info line:33| 开始执行测试方法: test_05_query_materials
2025-04-14 19:49:38|LogUtil.info line:33| 物料列表查询测试通过
2025-04-14 19:49:38|LogUtil.info line:33| 开始执行测试方法: test_06_render_order_line
2025-04-14 19:49:38|LogUtil.info line:33| 物料列表查询测试通过
2025-04-14 19:49:38|LogUtil.info line:33| 订单行渲染测试通过
2025-04-14 19:49:38|LogUtil.info line:33| 开始执行测试方法: test_07_calculate_pricing
2025-04-14 19:49:38|LogUtil.info line:33| 自动定价测试通过
2025-04-14 19:49:38|LogUtil.info line:33| 开始执行测试方法: test_08_save_sales_order
2025-04-14 19:49:38|LogUtil.info line:33| 自动定价测试通过
2025-04-14 19:49:38|LogUtil.info line:33| 物料列表查询测试通过
2025-04-14 19:49:38|LogUtil.info line:33| 订单行渲染测试通过
2025-04-14 19:49:39|LogUtil.info line:33| 销售订单保存测试通过
2025-04-14 19:55:53|MysqlUtil.__init__ line:42| 数据库管理器初始化完成，运行时模式: False
2025-04-14 19:55:53|MysqlUtil.__init__ line:42| 数据库管理器初始化完成，运行时模式: False
2025-04-14 19:55:53|LogUtil.info line:33| 文件缓存命中：使用缓存的SCM初始化数据
2025-04-14 19:55:53|LogUtil.info line:33| 测试类初始化完成
2025-04-14 19:55:53|LogUtil.info line:33| 开始执行测试方法: test_01_init_sales_order
2025-04-14 19:55:53|LogUtil.info line:33| 销售订单创建初始化测试通过
2025-04-14 19:55:53|LogUtil.info line:33| 开始执行测试方法: test_02_query_customer_info
2025-04-14 19:55:53|LogUtil.info line:33| 客户信息查询测试通过
2025-04-14 19:55:53|LogUtil.info line:33| 开始执行测试方法: test_03_query_partner
2025-04-14 19:55:54|LogUtil.info line:33| 相关方查询测试通过
2025-04-14 19:55:54|LogUtil.info line:33| 开始执行测试方法: test_04_query_sales_organization
2025-04-14 19:55:54|LogUtil.info line:33| 销售组织列表查询测试通过
2025-04-14 19:55:54|LogUtil.info line:33| 开始执行测试方法: test_05_query_materials
2025-04-14 19:55:54|LogUtil.info line:33| 物料列表查询测试通过
2025-04-14 19:55:54|LogUtil.info line:33| 开始执行测试方法: test_06_render_order_line
2025-04-14 19:55:54|LogUtil.info line:33| 物料列表查询测试通过
2025-04-14 19:55:54|LogUtil.info line:33| 订单行渲染测试通过
2025-04-14 19:55:54|LogUtil.info line:33| 开始执行测试方法: test_07_calculate_pricing
2025-04-14 19:55:54|LogUtil.info line:33| 自动定价测试通过
2025-04-14 19:55:54|LogUtil.info line:33| 开始执行测试方法: test_08_save_sales_order
2025-04-14 19:55:54|LogUtil.info line:33| 自动定价测试通过
2025-04-14 19:55:54|LogUtil.info line:33| 物料列表查询测试通过
2025-04-14 19:55:54|LogUtil.info line:33| 订单行渲染测试通过
2025-04-14 19:55:55|LogUtil.info line:33| 销售订单保存测试通过
2025-04-14 20:04:42|MysqlUtil.__init__ line:42| 数据库管理器初始化完成，运行时模式: False
2025-04-14 20:04:42|MysqlUtil.__init__ line:42| 数据库管理器初始化完成，运行时模式: False
2025-04-14 20:04:42|LogUtil.info line:33| 文件缓存命中：使用缓存的SCM初始化数据
2025-04-14 20:04:42|LogUtil.info line:33| 测试类初始化完成
2025-04-14 20:04:42|LogUtil.info line:33| 开始执行测试方法: test_01_init_sales_order
2025-04-14 20:04:42|LogUtil.info line:33| 销售订单创建初始化测试通过
2025-04-14 20:04:42|LogUtil.info line:33| 开始执行测试方法: test_02_query_customer_info
2025-04-14 20:04:42|LogUtil.info line:33| 客户信息查询测试通过
2025-04-14 20:04:42|LogUtil.info line:33| 开始执行测试方法: test_03_query_partner
2025-04-14 20:04:42|LogUtil.info line:33| 相关方查询测试通过
2025-04-14 20:04:42|LogUtil.info line:33| 开始执行测试方法: test_04_query_sales_organization
2025-04-14 20:04:42|LogUtil.info line:33| 销售组织列表查询测试通过
2025-04-14 20:04:42|LogUtil.info line:33| 开始执行测试方法: test_05_query_materials
2025-04-14 20:04:42|LogUtil.info line:33| 物料列表查询测试通过
2025-04-14 20:04:42|LogUtil.info line:33| 开始执行测试方法: test_06_render_order_line
2025-04-14 20:04:43|LogUtil.info line:33| 物料列表查询测试通过
2025-04-14 20:04:43|LogUtil.info line:33| 订单行渲染测试通过
2025-04-14 20:04:43|LogUtil.info line:33| 开始执行测试方法: test_07_calculate_pricing
2025-04-14 20:04:43|LogUtil.info line:33| 销售订单创建初始化测试通过
2025-04-14 20:04:43|LogUtil.info line:33| 客户信息查询测试通过
2025-04-14 20:04:43|LogUtil.info line:33| 自动定价测试通过
2025-04-14 20:04:43|LogUtil.info line:33| 开始执行测试方法: test_08_save_sales_order
2025-04-14 20:04:43|LogUtil.info line:33| 销售订单创建初始化测试通过
2025-04-14 20:04:43|LogUtil.info line:33| 客户信息查询测试通过
2025-04-14 20:04:43|LogUtil.info line:33| 自动定价测试通过
2025-04-14 20:04:43|LogUtil.info line:33| 物料列表查询测试通过
2025-04-14 20:04:43|LogUtil.info line:33| 订单行渲染测试通过
2025-04-14 20:04:44|LogUtil.info line:33| 销售订单保存测试通过
2025-04-14 20:05:15|MysqlUtil.__init__ line:42| 数据库管理器初始化完成，运行时模式: False
2025-04-14 20:05:15|MysqlUtil.__init__ line:42| 数据库管理器初始化完成，运行时模式: False
2025-04-14 20:05:15|LogUtil.info line:33| 文件缓存命中：使用缓存的SCM初始化数据
2025-04-14 20:05:15|LogUtil.info line:33| 测试类初始化完成
2025-04-14 20:05:15|LogUtil.info line:33| 销售订单创建初始化测试通过
2025-04-14 20:05:15|LogUtil.info line:33| 客户信息查询测试通过
2025-04-14 20:05:15|LogUtil.info line:33| 相关方查询测试通过
2025-04-14 20:05:15|LogUtil.info line:33| 销售组织列表查询测试通过
2025-04-14 20:05:15|LogUtil.info line:33| 物料列表查询测试通过
2025-04-14 20:05:15|LogUtil.info line:33| 订单行渲染测试通过
2025-04-14 20:05:16|LogUtil.info line:33| 自动定价测试通过
2025-04-14 20:05:16|LogUtil.info line:33| 销售订单保存测试通过
2025-04-14 20:07:05|MysqlUtil.__init__ line:42| 数据库管理器初始化完成，运行时模式: False
2025-04-14 20:07:05|MysqlUtil.__init__ line:42| 数据库管理器初始化完成，运行时模式: False
2025-04-14 20:07:05|LogUtil.info line:33| 文件缓存命中：使用缓存的SCM初始化数据
2025-04-14 20:07:05|LogUtil.info line:33| 测试类初始化完成
2025-04-14 20:07:05|LogUtil.info line:33| 开始执行测试方法: test_01_init_sales_order
2025-04-14 20:07:05|LogUtil.info line:33| 销售订单创建初始化测试通过
2025-04-14 20:07:05|LogUtil.info line:33| 开始执行测试方法: test_02_query_customer_info
2025-04-14 20:07:06|LogUtil.info line:33| 客户信息查询测试通过
2025-04-14 20:07:06|LogUtil.info line:33| 开始执行测试方法: test_03_query_partner
2025-04-14 20:07:06|LogUtil.info line:33| 相关方查询测试通过
2025-04-14 20:07:06|LogUtil.info line:33| 开始执行测试方法: test_04_query_sales_organization
2025-04-14 20:07:06|LogUtil.info line:33| 销售组织列表查询测试通过
2025-04-14 20:07:06|LogUtil.info line:33| 开始执行测试方法: test_05_query_materials
2025-04-14 20:07:06|LogUtil.info line:33| 物料列表查询测试通过
2025-04-14 20:07:06|LogUtil.info line:33| 开始执行测试方法: test_06_render_order_line
2025-04-14 20:07:06|LogUtil.info line:33| 物料列表查询测试通过
2025-04-14 20:07:06|LogUtil.info line:33| 订单行渲染测试通过
2025-04-14 20:07:06|LogUtil.info line:33| 开始执行测试方法: test_07_calculate_pricing
2025-04-14 20:07:06|LogUtil.info line:33| 销售订单创建初始化测试通过
2025-04-14 20:07:06|LogUtil.info line:33| 客户信息查询测试通过
2025-04-14 20:07:06|LogUtil.info line:33| 销售组织列表查询测试通过
2025-04-14 20:07:06|LogUtil.info line:33| 自动定价测试通过
2025-04-14 20:07:06|LogUtil.info line:33| 开始执行测试方法: test_08_save_sales_order
2025-04-14 20:07:06|LogUtil.info line:33| 销售订单创建初始化测试通过
2025-04-14 20:07:06|LogUtil.info line:33| 客户信息查询测试通过
2025-04-14 20:07:07|LogUtil.info line:33| 销售组织列表查询测试通过
2025-04-14 20:07:07|LogUtil.info line:33| 自动定价测试通过
2025-04-14 20:07:07|LogUtil.info line:33| 物料列表查询测试通过
2025-04-14 20:07:07|LogUtil.info line:33| 订单行渲染测试通过
2025-04-14 20:07:07|LogUtil.info line:33| 销售订单保存测试通过
2025-04-14 20:08:06|MysqlUtil.__init__ line:42| 数据库管理器初始化完成，运行时模式: False
2025-04-14 20:08:06|MysqlUtil.__init__ line:42| 数据库管理器初始化完成，运行时模式: False
2025-04-14 20:08:06|LogUtil.info line:33| 文件缓存命中：使用缓存的SCM初始化数据
2025-04-14 20:08:07|LogUtil.info line:33| 测试类初始化完成
2025-04-14 20:08:07|LogUtil.info line:33| 开始执行测试方法: test_01_init_sales_order
2025-04-14 20:08:07|LogUtil.info line:33| 销售订单创建初始化测试通过
2025-04-14 20:08:07|LogUtil.info line:33| 开始执行测试方法: test_02_query_customer_info
2025-04-14 20:08:07|LogUtil.info line:33| 客户信息查询测试通过
2025-04-14 20:08:07|LogUtil.info line:33| 开始执行测试方法: test_03_query_partner
2025-04-14 20:08:07|LogUtil.info line:33| 相关方查询测试通过
2025-04-14 20:08:07|LogUtil.info line:33| 开始执行测试方法: test_04_query_sales_organization
2025-04-14 20:08:07|LogUtil.info line:33| 销售组织列表查询测试通过
2025-04-14 20:08:07|LogUtil.info line:33| 开始执行测试方法: test_05_query_materials
2025-04-14 20:08:07|LogUtil.info line:33| 物料列表查询测试通过
2025-04-14 20:08:07|LogUtil.info line:33| 开始执行测试方法: test_06_render_order_line
2025-04-14 20:08:07|LogUtil.info line:33| 物料列表查询测试通过
2025-04-14 20:08:07|LogUtil.info line:33| 订单行渲染测试通过
2025-04-14 20:08:07|LogUtil.info line:33| 开始执行测试方法: test_07_calculate_pricing
2025-04-14 20:08:07|LogUtil.info line:33| 销售订单创建初始化测试通过
2025-04-14 20:08:07|LogUtil.info line:33| 客户信息查询测试通过
2025-04-14 20:08:08|LogUtil.info line:33| 销售组织列表查询测试通过
2025-04-14 20:08:08|LogUtil.info line:33| 自动定价测试通过
2025-04-14 20:08:08|LogUtil.info line:33| 开始执行测试方法: test_08_save_sales_order
2025-04-14 20:08:08|LogUtil.info line:33| 销售订单创建初始化测试通过
2025-04-14 20:08:08|LogUtil.info line:33| 客户信息查询测试通过
2025-04-14 20:08:08|LogUtil.info line:33| 销售组织列表查询测试通过
2025-04-14 20:08:08|LogUtil.info line:33| 自动定价测试通过
2025-04-14 20:08:08|LogUtil.info line:33| 物料列表查询测试通过
2025-04-14 20:08:08|LogUtil.info line:33| 订单行渲染测试通过
2025-04-14 20:08:08|LogUtil.info line:33| 销售订单保存测试通过
2025-04-14 20:08:32|MysqlUtil.__init__ line:42| 数据库管理器初始化完成，运行时模式: False
2025-04-14 20:08:32|MysqlUtil.__init__ line:42| 数据库管理器初始化完成，运行时模式: False
2025-04-14 20:08:32|LogUtil.info line:33| 文件缓存命中：使用缓存的SCM初始化数据
2025-04-14 20:08:32|LogUtil.info line:33| 测试类初始化完成
2025-04-14 20:08:32|LogUtil.info line:33| 销售订单创建初始化测试通过
2025-04-14 20:08:32|LogUtil.info line:33| 客户信息查询测试通过
2025-04-14 20:08:32|LogUtil.info line:33| 相关方查询测试通过
2025-04-14 20:08:32|LogUtil.info line:33| 销售组织列表查询测试通过
2025-04-14 20:08:32|LogUtil.info line:33| 物料列表查询测试通过
2025-04-14 20:08:33|LogUtil.info line:33| 订单行渲染测试通过
2025-04-14 20:08:33|LogUtil.info line:33| 自动定价测试通过
2025-04-14 20:08:33|LogUtil.info line:33| 销售订单保存测试通过
2025-04-14 20:08:42|MysqlUtil.__init__ line:42| 数据库管理器初始化完成，运行时模式: False
2025-04-14 20:08:42|MysqlUtil.__init__ line:42| 数据库管理器初始化完成，运行时模式: False
2025-04-14 20:08:42|LogUtil.info line:33| 文件缓存命中：使用缓存的SCM初始化数据
2025-04-14 20:08:43|LogUtil.info line:33| 测试类初始化完成
2025-04-14 20:08:43|LogUtil.info line:33| 开始执行测试方法: test_01_init_sales_order
2025-04-14 20:08:43|LogUtil.info line:33| 销售订单创建初始化测试通过
2025-04-14 20:08:43|LogUtil.info line:33| 开始执行测试方法: test_02_query_customer_info
2025-04-14 20:08:43|LogUtil.info line:33| 客户信息查询测试通过
2025-04-14 20:08:43|LogUtil.info line:33| 开始执行测试方法: test_03_query_partner
2025-04-14 20:08:43|LogUtil.info line:33| 相关方查询测试通过
2025-04-14 20:08:43|LogUtil.info line:33| 开始执行测试方法: test_04_query_sales_organization
2025-04-14 20:08:43|LogUtil.info line:33| 销售组织列表查询测试通过
2025-04-14 20:08:43|LogUtil.info line:33| 开始执行测试方法: test_05_query_materials
2025-04-14 20:08:43|LogUtil.info line:33| 物料列表查询测试通过
2025-04-14 20:08:43|LogUtil.info line:33| 开始执行测试方法: test_06_render_order_line
2025-04-14 20:08:43|LogUtil.info line:33| 物料列表查询测试通过
2025-04-14 20:08:43|LogUtil.info line:33| 订单行渲染测试通过
2025-04-14 20:08:43|LogUtil.info line:33| 开始执行测试方法: test_07_calculate_pricing
2025-04-14 20:08:43|LogUtil.info line:33| 销售订单创建初始化测试通过
2025-04-14 20:08:43|LogUtil.info line:33| 客户信息查询测试通过
2025-04-14 20:08:43|LogUtil.info line:33| 销售组织列表查询测试通过
2025-04-14 20:08:43|LogUtil.info line:33| 自动定价测试通过
2025-04-14 20:08:43|LogUtil.info line:33| 开始执行测试方法: test_08_save_sales_order
2025-04-14 20:08:43|LogUtil.info line:33| 销售订单创建初始化测试通过
2025-04-14 20:08:44|LogUtil.info line:33| 客户信息查询测试通过
2025-04-14 20:08:44|LogUtil.info line:33| 销售组织列表查询测试通过
2025-04-14 20:08:44|LogUtil.info line:33| 自动定价测试通过
2025-04-14 20:08:44|LogUtil.info line:33| 物料列表查询测试通过
2025-04-14 20:08:44|LogUtil.info line:33| 订单行渲染测试通过
2025-04-14 20:08:44|LogUtil.info line:33| 销售订单保存测试通过
2025-04-14 20:09:56|MysqlUtil.__init__ line:42| 数据库管理器初始化完成，运行时模式: False
2025-04-14 20:09:56|MysqlUtil.__init__ line:42| 数据库管理器初始化完成，运行时模式: False
2025-04-14 20:09:56|LogUtil.info line:33| 文件缓存命中：使用缓存的SCM初始化数据
2025-04-14 20:09:56|LogUtil.info line:33| 测试类初始化完成
2025-04-14 20:09:56|LogUtil.info line:33| 销售订单创建初始化测试通过
2025-04-14 20:09:56|LogUtil.info line:33| 客户信息查询测试通过
2025-04-14 20:09:57|LogUtil.info line:33| 相关方查询测试通过
2025-04-14 20:09:57|test_create.test_04_query_sales_organization line:217| 销售组织列表查询测试通过: {'data': {'data': [{'orgCode': 'AUTOTEST_SLS_ORG', 'orgName': '销售组织(自动化)', 'orgStatus': 'ENABLED', 'orgBusinessTypeCode': None, 'comOrgId': {'id': 14507001}, 'id': 14579001}], 'total': 1}}
2025-04-14 20:09:57|LogUtil.info line:33| 销售组织列表查询测试通过
2025-04-14 20:09:57|LogUtil.info line:33| 物料列表查询测试通过
2025-04-14 20:09:57|LogUtil.info line:33| 订单行渲染测试通过
2025-04-14 20:09:57|LogUtil.info line:33| 自动定价测试通过
2025-04-14 20:09:57|LogUtil.info line:33| 销售订单保存测试通过
2025-04-14 20:10:38|MysqlUtil.__init__ line:42| 数据库管理器初始化完成，运行时模式: False
2025-04-14 20:10:38|MysqlUtil.__init__ line:42| 数据库管理器初始化完成，运行时模式: False
2025-04-14 20:10:38|LogUtil.info line:33| 文件缓存命中：使用缓存的SCM初始化数据
2025-04-14 20:10:39|LogUtil.info line:33| 测试类初始化完成
2025-04-14 20:10:39|LogUtil.info line:33| 销售订单创建初始化测试通过
2025-04-14 20:10:39|LogUtil.info line:33| 客户信息查询测试通过
2025-04-14 20:10:39|LogUtil.info line:33| 相关方查询测试通过
2025-04-14 20:10:39|test_create.test_04_query_sales_organization line:217| 销售组织列表查询测试通过: {'id': 14579001, 'name': '', 'code': '', 'obj': {'orgCode': 'AUTOTEST_SLS_ORG', 'orgName': '销售组织(自动化)', 'orgStatus': 'ENABLED', 'orgBusinessTypeCode': None, 'comOrgId': {'id': 14507001}, 'id': 14579001}}
2025-04-14 20:10:39|LogUtil.info line:33| 销售组织列表查询测试通过
2025-04-14 20:10:39|LogUtil.info line:33| 物料列表查询测试通过
2025-04-14 20:10:39|LogUtil.info line:33| 订单行渲染测试通过
2025-04-14 20:10:39|LogUtil.info line:33| 自动定价测试通过
2025-04-14 20:12:07|MysqlUtil.__init__ line:42| 数据库管理器初始化完成，运行时模式: False
2025-04-14 20:12:07|MysqlUtil.__init__ line:42| 数据库管理器初始化完成，运行时模式: False
2025-04-14 20:12:07|LogUtil.info line:33| 文件缓存命中：使用缓存的SCM初始化数据
2025-04-14 20:12:07|LogUtil.info line:33| 测试类初始化完成
2025-04-14 20:12:08|LogUtil.info line:33| 销售订单创建初始化测试通过
2025-04-14 20:12:08|LogUtil.info line:33| 客户信息查询测试通过
2025-04-14 20:12:08|LogUtil.info line:33| 相关方查询测试通过
2025-04-14 20:12:08|test_create.test_04_query_sales_organization line:217| 销售组织列表查询测试通过OBJ: {'orgCode': 'AUTOTEST_SLS_ORG', 'orgName': '销售组织(自动化)', 'orgStatus': 'ENABLED', 'orgBusinessTypeCode': None, 'comOrgId': {'id': 14507001}, 'id': 14579001}
2025-04-14 20:12:08|test_create.test_04_query_sales_organization line:218| 销售组织列表查询测试通过INFO: {'id': 14579001, 'name': '', 'code': '', 'obj': {'orgCode': 'AUTOTEST_SLS_ORG', 'orgName': '销售组织(自动化)', 'orgStatus': 'ENABLED', 'orgBusinessTypeCode': None, 'comOrgId': {'id': 14507001}, 'id': 14579001}}
2025-04-14 20:12:08|LogUtil.info line:33| 销售组织列表查询测试通过
2025-04-14 20:12:08|LogUtil.info line:33| 物料列表查询测试通过
2025-04-14 20:12:08|LogUtil.info line:33| 订单行渲染测试通过
2025-04-14 20:12:08|LogUtil.info line:33| 自动定价测试通过
2025-04-14 20:14:26|MysqlUtil.__init__ line:42| 数据库管理器初始化完成，运行时模式: False
2025-04-14 20:14:26|MysqlUtil.__init__ line:42| 数据库管理器初始化完成，运行时模式: False
2025-04-14 20:14:26|LogUtil.info line:33| 文件缓存命中：使用缓存的SCM初始化数据
2025-04-14 20:14:26|LogUtil.info line:33| 测试类初始化完成
2025-04-14 20:14:26|LogUtil.info line:33| 销售订单创建初始化测试通过
2025-04-14 20:14:26|LogUtil.info line:33| 客户信息查询测试通过
2025-04-14 20:14:26|LogUtil.info line:33| 相关方查询测试通过
2025-04-14 20:14:26|test_create.test_04_query_sales_organization line:210| 销售组织列表查询测试通过: {'orgCode': 'AUTOTEST_SLS_ORG', 'orgName': '销售组织(自动化)', 'orgStatus': 'ENABLED', 'orgBusinessTypeCode': None, 'comOrgId': {'id': 14507001}, 'id': 14579001}
2025-04-14 20:14:26|LogUtil.info line:33| 销售组织列表查询测试通过
2025-04-14 20:14:26|LogUtil.info line:33| 物料列表查询测试通过
2025-04-14 20:14:26|LogUtil.info line:33| 订单行渲染测试通过
2025-04-14 20:14:26|LogUtil.info line:33| 自动定价测试通过
2025-04-14 20:14:41|MysqlUtil.__init__ line:42| 数据库管理器初始化完成，运行时模式: False
2025-04-14 20:14:41|MysqlUtil.__init__ line:42| 数据库管理器初始化完成，运行时模式: False
2025-04-14 20:14:41|LogUtil.info line:33| 文件缓存命中：使用缓存的SCM初始化数据
2025-04-14 20:14:42|LogUtil.info line:33| 测试类初始化完成
2025-04-14 20:14:42|LogUtil.info line:33| 销售订单创建初始化测试通过
2025-04-14 20:14:42|LogUtil.info line:33| 客户信息查询测试通过
2025-04-14 20:14:42|LogUtil.info line:33| 相关方查询测试通过
2025-04-14 20:14:42|test_create.test_04_query_sales_organization line:210| 销售组织列表查询测试通过: {'orgCode': 'AUTOTEST_SLS_ORG', 'orgName': '销售组织(自动化)', 'orgStatus': 'ENABLED', 'orgBusinessTypeCode': None, 'comOrgId': {'id': 14507001}, 'id': 14579001}
2025-04-14 20:14:42|LogUtil.info line:33| 销售组织列表查询测试通过
2025-04-14 20:14:42|LogUtil.info line:33| 物料列表查询测试通过
2025-04-14 20:14:42|LogUtil.info line:33| 订单行渲染测试通过
2025-04-14 20:14:42|LogUtil.info line:33| 自动定价测试通过
2025-04-14 20:14:49|MysqlUtil.__init__ line:42| 数据库管理器初始化完成，运行时模式: False
2025-04-14 20:14:49|MysqlUtil.__init__ line:42| 数据库管理器初始化完成，运行时模式: False
2025-04-14 20:14:49|LogUtil.info line:33| 文件缓存命中：使用缓存的SCM初始化数据
2025-04-14 20:14:50|LogUtil.info line:33| 测试类初始化完成
2025-04-14 20:14:50|LogUtil.info line:33| 销售订单创建初始化测试通过
2025-04-14 20:14:50|LogUtil.info line:33| 客户信息查询测试通过
2025-04-14 20:14:50|LogUtil.info line:33| 相关方查询测试通过
2025-04-14 20:14:50|test_create.test_04_query_sales_organization line:210| 销售组织列表查询测试通过: {'orgCode': 'AUTOTEST_SLS_ORG', 'orgName': '销售组织(自动化)', 'orgStatus': 'ENABLED', 'orgBusinessTypeCode': None, 'comOrgId': {'id': 14507001}, 'id': 14579001}
2025-04-14 20:14:50|LogUtil.info line:33| 销售组织列表查询测试通过
2025-04-14 20:14:50|LogUtil.info line:33| 物料列表查询测试通过
2025-04-14 20:14:50|LogUtil.info line:33| 订单行渲染测试通过
2025-04-14 20:14:50|LogUtil.info line:33| 自动定价测试通过
2025-04-14 20:14:51|LogUtil.info line:33| 销售订单保存测试通过
2025-04-14 20:15:04|MysqlUtil.__init__ line:42| 数据库管理器初始化完成，运行时模式: False
2025-04-14 20:15:04|MysqlUtil.__init__ line:42| 数据库管理器初始化完成，运行时模式: False
2025-04-14 20:15:04|LogUtil.info line:33| 文件缓存命中：使用缓存的SCM初始化数据
2025-04-14 20:15:05|LogUtil.info line:33| 测试类初始化完成
2025-04-14 20:15:05|LogUtil.info line:33| 开始执行测试方法: test_01_init_sales_order
2025-04-14 20:15:05|LogUtil.info line:33| 销售订单创建初始化测试通过
2025-04-14 20:15:05|LogUtil.info line:33| 开始执行测试方法: test_02_query_customer_info
2025-04-14 20:15:05|LogUtil.info line:33| 客户信息查询测试通过
2025-04-14 20:15:05|LogUtil.info line:33| 开始执行测试方法: test_03_query_partner
2025-04-14 20:15:05|LogUtil.info line:33| 相关方查询测试通过
2025-04-14 20:15:05|LogUtil.info line:33| 开始执行测试方法: test_04_query_sales_organization
2025-04-14 20:15:05|test_create.test_04_query_sales_organization line:210| 销售组织列表查询测试通过: {'orgCode': 'AUTOTEST_SLS_ORG', 'orgName': '销售组织(自动化)', 'orgStatus': 'ENABLED', 'orgBusinessTypeCode': None, 'comOrgId': {'id': 14507001}, 'id': 14579001}
2025-04-14 20:15:05|LogUtil.info line:33| 销售组织列表查询测试通过
2025-04-14 20:15:05|LogUtil.info line:33| 开始执行测试方法: test_05_query_materials
2025-04-14 20:15:05|LogUtil.info line:33| 物料列表查询测试通过
2025-04-14 20:15:05|LogUtil.info line:33| 开始执行测试方法: test_06_render_order_line
2025-04-14 20:15:05|LogUtil.info line:33| 物料列表查询测试通过
2025-04-14 20:15:06|LogUtil.info line:33| 订单行渲染测试通过
2025-04-14 20:15:06|LogUtil.info line:33| 开始执行测试方法: test_07_calculate_pricing
2025-04-14 20:15:06|LogUtil.info line:33| 销售订单创建初始化测试通过
2025-04-14 20:15:06|LogUtil.info line:33| 客户信息查询测试通过
2025-04-14 20:15:06|test_create.test_04_query_sales_organization line:210| 销售组织列表查询测试通过: {'orgCode': 'AUTOTEST_SLS_ORG', 'orgName': '销售组织(自动化)', 'orgStatus': 'ENABLED', 'orgBusinessTypeCode': None, 'comOrgId': {'id': 14507001}, 'id': 14579001}
2025-04-14 20:15:06|LogUtil.info line:33| 销售组织列表查询测试通过
2025-04-14 20:15:06|LogUtil.info line:33| 自动定价测试通过
2025-04-14 20:15:06|LogUtil.info line:33| 开始执行测试方法: test_08_save_sales_order
2025-04-14 20:15:06|LogUtil.info line:33| 销售订单创建初始化测试通过
2025-04-14 20:15:06|LogUtil.info line:33| 客户信息查询测试通过
2025-04-14 20:15:06|test_create.test_04_query_sales_organization line:210| 销售组织列表查询测试通过: {'orgCode': 'AUTOTEST_SLS_ORG', 'orgName': '销售组织(自动化)', 'orgStatus': 'ENABLED', 'orgBusinessTypeCode': None, 'comOrgId': {'id': 14507001}, 'id': 14579001}
2025-04-14 20:15:06|LogUtil.info line:33| 销售组织列表查询测试通过
2025-04-14 20:15:06|LogUtil.info line:33| 自动定价测试通过
2025-04-14 20:15:06|LogUtil.info line:33| 物料列表查询测试通过
2025-04-14 20:15:06|LogUtil.info line:33| 订单行渲染测试通过
2025-04-14 20:15:07|LogUtil.info line:33| 销售订单保存测试通过
2025-04-14 20:26:48|MysqlUtil.__init__ line:42| 数据库管理器初始化完成，运行时模式: False
2025-04-14 20:26:48|MysqlUtil.__init__ line:42| 数据库管理器初始化完成，运行时模式: False
2025-04-14 20:26:48|LogUtil.info line:33| 文件缓存命中：使用缓存的SCM初始化数据
2025-04-14 20:26:48|LogUtil.info line:33| 测试类初始化完成
2025-04-14 20:26:48|LogUtil.info line:33| 开始执行测试方法: test_01_init_sales_order
2025-04-14 20:26:48|LogUtil.info line:33| 销售订单创建初始化测试通过
2025-04-14 20:26:48|LogUtil.info line:33| 开始执行测试方法: test_02_query_customer_info
2025-04-14 20:26:48|LogUtil.info line:33| 客户信息查询测试通过
2025-04-14 20:26:48|LogUtil.info line:33| 开始执行测试方法: test_03_query_partner
2025-04-14 20:26:48|LogUtil.info line:33| 相关方查询测试通过
2025-04-14 20:26:48|LogUtil.info line:33| 开始执行测试方法: test_04_query_sales_organization
2025-04-14 20:26:48|test_create.test_04_query_sales_organization line:210| 销售组织列表查询测试通过: {'orgCode': 'AUTOTEST_SLS_ORG', 'orgName': '销售组织(自动化)', 'orgStatus': 'ENABLED', 'orgBusinessTypeCode': None, 'comOrgId': {'id': 14507001}, 'id': 14579001}
2025-04-14 20:26:48|LogUtil.info line:33| 销售组织列表查询测试通过
2025-04-14 20:26:48|LogUtil.info line:33| 开始执行测试方法: test_05_query_materials
2025-04-14 20:26:49|LogUtil.info line:33| 物料列表查询测试通过
2025-04-14 20:26:49|LogUtil.info line:33| 开始执行测试方法: test_06_render_order_line
2025-04-14 20:26:49|LogUtil.info line:33| 物料列表查询测试通过
2025-04-14 20:26:49|LogUtil.info line:33| 订单行渲染测试通过
2025-04-14 20:26:49|LogUtil.info line:33| 开始执行测试方法: test_07_calculate_pricing
2025-04-14 20:26:49|LogUtil.info line:33| 销售订单创建初始化测试通过
2025-04-14 20:26:49|LogUtil.info line:33| 客户信息查询测试通过
2025-04-14 20:26:49|test_create.test_04_query_sales_organization line:210| 销售组织列表查询测试通过: {'orgCode': 'AUTOTEST_SLS_ORG', 'orgName': '销售组织(自动化)', 'orgStatus': 'ENABLED', 'orgBusinessTypeCode': None, 'comOrgId': {'id': 14507001}, 'id': 14579001}
2025-04-14 20:26:49|LogUtil.info line:33| 销售组织列表查询测试通过
2025-04-14 20:26:49|LogUtil.info line:33| 自动定价测试通过
2025-04-14 20:26:49|LogUtil.info line:33| 开始执行测试方法: test_08_save_sales_order
2025-04-14 20:26:49|LogUtil.info line:33| 销售订单创建初始化测试通过
2025-04-14 20:26:49|LogUtil.info line:33| 客户信息查询测试通过
2025-04-14 20:26:49|test_create.test_04_query_sales_organization line:210| 销售组织列表查询测试通过: {'orgCode': 'AUTOTEST_SLS_ORG', 'orgName': '销售组织(自动化)', 'orgStatus': 'ENABLED', 'orgBusinessTypeCode': None, 'comOrgId': {'id': 14507001}, 'id': 14579001}
2025-04-14 20:26:49|LogUtil.info line:33| 销售组织列表查询测试通过
2025-04-14 20:26:49|LogUtil.info line:33| 自动定价测试通过
2025-04-14 20:26:49|LogUtil.info line:33| 物料列表查询测试通过
2025-04-14 20:26:50|LogUtil.info line:33| 订单行渲染测试通过
2025-04-14 20:26:50|LogUtil.info line:33| 销售订单保存测试通过
