id1,id2,id3,id4,id5,id6,id7,id8,id9,id10,id11,id12,id13,id14,id15,id16,id17,id18,id19,id20
3993882,3993883,3993884,3993885,3993886,3993887,3993888,3993889,3993890,3993891,3993892,3993893,3993894,3993895,3993896,3993897,3993898,3993899,3993900,3993901
3993902,3993903,3993904,3993905,3993906,3993907,3993908,3993909,3993910,3993911,3993912,3993913,3993914,3993915,3993916,3993917,3993918,3993919,3993920,3993921
3993922,3993923,3993924,3993925,3993926,3993927,3993928,3993929,3993930,3993931,3993932,3993933,3993934,3993935,3993936,3993937,3993938,3993939,3993940,3993941
3993942,3993943,3993944,3993945,3993946,3993947,3993948,3993949,3993950,3993951,3993952,3993953,3993954,3993955,3993956,3993957,3993958,3993959,3993960,3993961
3993962,3993963,3993964,3993965,3993966,3993967,3993968,3993969,3993970,3993971,3993972,3993973,3993974,3993975,3993976,3993977,3993978,3993979,3993980,3993981
3993982,3993983,3993984,3993985,3993986,3993987,3993988,3993989,3993990,3993991,3993992,3993993,3993994,3993995,3993996,3993997,3993998,3993999,3994000,3994001
3994002,3994003,3994004,3994005,3994006,3994007,3994008,3994009,3994010,3994011,3994012,3994013,3994014,3994015,3994016,3994017,3994018,3994019,3994020,3994021
3994022,3994023,3994024,3994025,3994026,3994027,3994028,3994029,3994030,3994031,3994032,3994033,3994034,3994035,3994036,3994037,3994038,3994039,3994040,3994041
3994042,3994043,3994044,3994045,3994046,3994047,3994048,3994049,3994050,3994051,3994052,3994053,3994054,3994055,3994056,3994057,3994058,3994059,3994060,3994061
3994062,3994063,3994064,3994065,3994066,3994067,3994068,3994069,3994070,3994071,3994072,3994073,3994074,3994075,3994076,3994077,3994078,3994079,3994080,3994081
3994082,3994083,3994084,3994085,3994086,3994087,3994088,3994089,3994090,3994091,3994092,3994093,3994094,3994095,3994096,3994097,3994098,3994099,3994100,3994101
3994102,3994103,3994104,3994105,3994106,3994107,3994108,3994109,3994110,3994111,3994112,3994113,3994114,3994115,3994116,3994117,3994118,3994119,3994120,3994121
3994122,3994123,3994124,3994125,3994126,3994127,3994128,3994129,3994130,3994131,3994132,3994133,3994134,3994135,3994136,3994137,3994138,3994139,3994140,3994141
3994142,3994143,3994144,3994145,3994146,3994147,3994148,3994149,3994150,3994151,3994152,3994153,3994154,3994155,3994156,3994157,3994158,3994159,3994160,3994161
3994162,3994163,3994164,3994165,3994166,3994167,3994168,3994169,3994170,3994171,3994172,3994173,3994174,3994175,3994176,3994177,3994178,3994179,3994180,3994181
3994182,3994183,3994184,3994185,3994186,3994187,3994188,3994189,3994190,3994191,3994192,3994193,3994194,3994195,3994196,3994197,3994198,3994199,3994200,3994201
3994202,3994203,3994204,3994205,3994206,3994207,3994208,3994209,3994210,3994211,3994212,3994213,3994214,3994215,3994216,3994217,3994218,3994219,3994220,3994221
3994222,3994223,3994224,3994225,3994226,3994227,3994228,3994229,3994230,3994231,3994232,3994233,3994234,3994235,3994236,3994237,3994238,3994239,3994240,3994241
3994242,3994243,3994244,3994245,3994246,3994247,3994248,3994249,3994250,3994251,3994252,3994253,3994254,3994255,3994256,3994257,3994258,3994259,3994260,3994261
3994262,3994263,3994264,3994265,3994266,3994267,3994268,3994269,3994270,3994271,3994272,3994273,3994274,3994275,3994276,3994277,3994278,3994279,3994280,3994281
3994282,3994283,3994284,3994285,3994286,3994287,3994288,3994289,3994290,3994291,3994292,3994293,3994294,3994295,3994296,3994297,3994298,3994299,3994300,3994301
3994302,3994303,3994304,3994305,3994306,3994307,3994308,3994309,3994310,3994311,3994312,3994313,3994314,3994315,3994316,3994317,3994318,3994319,3994320,3994321
3994322,3994323,3994324,3994325,3994326,3994327,3994328,3994329,3994330,3994331,3994332,3994333,3994334,3994335,3994336,3994337,3994338,3994339,3994340,3994341
3994342,3994343,3994344,3994345,3994346,3994347,3994348,3994349,3994350,3994351,3994352,3994353,3994354,3994355,3994356,3994357,3994358,3994359,3994360,3994361
3994362,3994363,3994364,3994365,3994366,3994367,3994368,3994369,3994370,3994371,3994372,3994373,3994374,3994375,3994376,3994377,3994378,3994379,3994380,3994381
3994382,3994383,3994384,3994385,3994386,3994387,3994388,3994389,3994390,3994391,3994392,3994393,3994394,3994395,3994396,3994397,3994398,3994399,3994400,3994401
3994402,3994403,3994404,3994405,3994406,3994407,3994408,3994409,3994410,3994411,3994412,3994413,3994414,3994415,3994416,3994417,3994418,3994419,3994420,3994421
3994422,3994423,3994424,3994425,3994426,3994427,3994428,3994429,3994430,3994431,3994432,3994433,3994434,3994435,3994436,3994437,3994438,3994439,3994440,3994441
3994442,3994443,3994444,3994445,3994446,3994447,3994448,3994449,3994450,3994451,3994452,3994453,3994454,3994455,3994456,3994457,3994458,3994459,3994460,3994461
3994462,3994463,3994464,3994465,3994466,3994467,3994468,3994469,3994470,3994471,3994472,3994473,3994474,3994475,3994476,3994477,3994478,3994479,3994480,3994481
3994482,3994483,3994484,3994485,3994486,3994487,3994488,3994489,3994490,3994491,3994492,3994493,3994494,3994495,3994496,3994497,3994498,3994499,3994500,3994501
3994502,3994503,3994504,3994505,3994506,3994507,3994508,3994509,3994510,3994511,3994512,3994513,3994514,3994515,3994516,3994517,3994518,3994519,3994520,3994521
3994522,3994523,3994524,3994525,3994526,3994527,3994528,3994529,3994530,3994531,3994532,3994533,3994534,3994535,3994536,3994537,3994538,3994539,3994540,3994541
3994542,3994543,3994544,3994545,3994546,3994547,3994548,3994549,3994550,3994551,3994552,3994553,3994554,3994555,3994556,3994557,3994558,3994559,3994560,3994561
3994562,3994563,3994564,3994565,3994566,3994567,3994568,3994569,3994570,3994571,3994572,3994573,3994574,3994575,3994576,3994577,3994578,3994579,3994580,3994581
3994582,3994583,3994584,3994585,3994586,3994587,3994588,3994589,3994590,3994591,3994592,3994593,3994594,3994595,3994596,3994597,3994598,3994599,3994600,3994601
3994602,3994603,3994604,3994605,3994606,3994607,3994608,3994609,3994610,3994611,3994612,3994613,3994614,3994615,3994616,3994617,3994618,3994619,3994620,3994621
3994622,3994623,3994624,3994625,3994626,3994627,3994628,3994629,3994630,3994631,3994632,3994633,3994634,3994635,3994636,3994637,3994638,3994639,3994640,3994641
3994642,3994643,3994644,3994645,3994646,3994647,3994648,3994649,3994650,3994651,3994652,3994653,3994654,3994655,3994656,3994657,3994658,3994659,3994660,3994661
3994662,3994663,3994664,3994665,3994666,3994667,3994668,3994669,3994670,3994671,3994672,3994673,3994674,3994675,3994676,3994677,3994678,3994679,3994680,3994681
3994682,3994683,3994684,3994685,3994686,3994687,3994688,3994689,3994690,3994691,3994692,3994693,3994694,3994695,3994696,3994697,3994698,3994699,3994700,3994701
3994702,3994703,3994704,3994705,3994706,3994707,3994708,3994709,3994710,3994711,3994712,3994713,3994714,3994715,3994716,3994717,3994718,3994719,3994720,3994721
3994722,3994723,3994724,3994725,3994726,3994727,3994728,3994729,3994730,3994731,3994732,3994733,3994734,3994735,3994736,3994737,3994738,3994739,3994740,3994741
3994742,3994743,3994744,3994745,3994746,3994747,3994748,3994749,3994750,3994751,3994752,3994753,3994754,3994755,3994756,3994757,3994758,3994759,3994760,3994761
3994762,3994763,3994764,3994765,3994766,3994767,3994768,3994769,3994770,3994771,3994772,3994773,3994774,3994775,3994776,3994777,3994778,3994779,3994780,3994781
3994782,3994783,3994784,3994785,3994786,3994787,3994788,3994789,3994790,3994791,3994792,3994793,3994794,3994795,3994796,3994797,3994798,3994799,3994800,3994801
3994802,3994803,3994804,3994805,3994806,3994807,3994808,3994809,3994810,3994811,3994812,3994813,3994814,3994815,3994816,3994817,3994818,3994819,3994820,3994821
3994822,3994823,3994824,3994825,3994826,3994827,3994828,3994829,3994830,3994831,3994832,3994833,3994834,3994835,3994836,3994837,3994838,3994839,3994840,3994841
3994842,3994843,3994844,3994845,3994846,3994847,3994848,3994849,3994850,3994851,3994852,3994853,3994854,3994855,3994856,3994857,3994858,3994859,3994860,3994861
3994862,3994863,3994864,3994865,3994866,3994867,3994868,3994869,3994870,3994871,3994872,3994873,3994874,3994875,3994876,3994877,3994878,3994879,3994880,3994881
3994882,3994883,3994884,3994885,3994886,3994887,3994888,3994889,3994890,3994891,3994892,3994893,3994894,3994895,3994896,3994897,3994898,3994899,3994900,3994901
3994902,3994903,3994904,3994905,3994906,3994907,3994908,3994909,3994910,3994911,3994912,3994913,3994914,3994915,3994916,3994917,3994918,3994919,3994920,3994921
3994922,3994923,3994924,3994925,3994926,3994927,3994928,3994929,3994930,3994931,3994932,3994933,3994934,3994935,3994936,3994937,3994938,3994939,3994940,3994941
3994942,3994943,3994944,3994945,3994946,3994947,3994948,3994949,3994950,3994951,3994952,3994953,3994954,3994955,3994956,3994957,3994958,3994959,3994960,3994961
3994962,3994963,3994964,3994965,3994966,3994967,3994968,3994969,3994970,3994971,3994972,3994973,3994974,3994975,3994976,3994977,3994978,3994979,3994980,3994981
3994982,3994983,3994984,3994985,3994986,3994987,3994988,3994989,3994990,3994991,3994992,3994993,3994994,3994995,3994996,3994997,3994998,3994999,3995000,3995001
3995002,3995003,3995004,3995005,3995006,3995007,3995008,3995009,3995010,3995011,3995012,3995013,3995014,3995015,3995016,3995017,3995018,3995019,3995020,3995021
3995022,3995023,3995024,3995025,3995026,3995027,3995028,3995029,3995030,3995031,3995032,3995033,3995034,3995035,3995036,3995037,3995038,3995039,3995040,3995041
3995042,3995043,3995044,3995045,3995046,3995047,3995048,3995049,3995050,3995051,3995052,3995053,3995054,3995055,3995056,3995057,3995058,3995059,3995060,3995061
3995062,3995063,3995064,3995065,3995066,3995067,3995068,3995069,3995070,3995071,3995072,3995073,3995074,3995075,3995076,3995077,3995078,3995079,3995080,3995081
3995082,3995083,3995084,3995085,3995086,3995087,3995088,3995089,3995090,3995091,3995092,3995093,3995094,3995095,3995096,3995097,3995098,3995099,3995100,3995101
3995102,3995103,3995104,3995105,3995106,3995107,3995108,3995109,3995110,3995111,3995112,3995113,3995114,3995115,3995116,3995117,3995118,3995119,3995120,3995121
3995122,3995123,3995124,3995125,3995126,3995127,3995128,3995129,3995130,3995131,3995132,3995133,3995134,3995135,3995136,3995137,3995138,3995139,3995140,3995141
3995142,3995143,3995144,3995145,3995146,3995147,3995148,3995149,3995150,3995151,3995152,3995153,3995154,3995155,3995156,3995157,3995158,3995159,3995160,3995161
3995162,3995163,3995164,3995165,3995166,3995167,3995168,3995169,3995170,3995171,3995172,3995173,3995174,3995175,3995176,3995177,3995178,3995179,3995180,3995181
3995182,3995183,3995184,3995185,3995186,3995187,3995188,3995189,3995190,3995191,3995192,3995193,3995194,3995195,3995196,3995197,3995198,3995199,3995200,3995201
3995202,3995203,3995204,3995205,3995206,3995207,3995208,3995209,3995210,3995211,3995212,3995213,3995214,3995215,3995216,3995217,3995218,3995219,3995220,3995221
3995222,3995223,3995224,3995225,3995226,3995227,3995228,3995229,3995230,3995231,3995232,3995233,3995234,3995235,3995236,3995237,3995238,3995239,3995240,3995241
3995242,3995243,3995244,3995245,3995246,3995247,3995248,3995249,3995250,3995251,3995252,3995253,3995254,3995255,3995256,3995257,3995258,3995259,3995260,3995261
3995262,3995263,3995264,3995265,3995266,3995267,3995268,3995269,3995270,3995271,3995272,3995273,3995274,3995275,3995276,3995277,3995278,3995279,3995280,3995281
3995282,3995283,3995284,3995285,3995286,3995287,3995288,3995289,3995290,3995291,3995292,3995293,3995294,3995295,3995296,3995297,3995298,3995299,3995300,3995301
3995302,3995303,3995304,3995305,3995306,3995307,3995308,3995309,3995310,3995311,3995312,3995313,3995314,3995315,3995316,3995317,3995318,3995319,3995320,3995321
3995322,3995323,3995324,3995325,3995326,3995327,3995328,3995329,3995330,3995331,3995332,3995333,3995334,3995335,3995336,3995337,3995338,3995339,3995340,3995341
3995342,3995343,3995344,3995345,3995346,3995347,3995348,3995349,3995350,3995351,3995352,3995353,3995354,3995355,3995356,3995357,3995358,3995359,3995360,3995361
3995362,3995363,3995364,3995365,3995366,3995367,3995368,3995369,3995370,3995371,3995372,3995373,3995374,3995375,3995376,3995377,3995378,3995379,3995380,3995381
3995382,3995383,3995384,3995385,3995386,3995387,3995388,3995389,3995390,3995391,3995392,3995393,3995394,3995395,3995396,3995397,3995398,3995399,3995400,3995401
3995402,3995403,3995404,3995405,3995406,3995407,3995408,3995409,3995410,3995411,3995412,3995413,3995414,3995415,3995416,3995417,3995418,3995419,3995420,3995421
3995422,3995423,3995424,3995425,3995426,3995427,3995428,3995429,3995430,3995431,3995432,3995433,3995434,3995435,3995436,3995437,3995438,3995439,3995440,3995441
3995442,3995443,3995444,3995445,3995446,3995447,3995448,3995449,3995450,3995451,3995452,3995453,3995454,3995455,3995456,3995457,3995458,3995459,3995460,3995461
3995462,3995463,3995464,3995465,3995466,3995467,3995468,3995469,3995470,3995471,3995472,3995473,3995474,3995475,3995476,3995477,3995478,3995479,3995480,3995481
3995482,3995483,3995484,3995485,3995486,3995487,3995488,3995489,3995490,3995491,3995492,3995493,3995494,3995495,3995496,3995497,3995498,3995499,3995500,3995501
3995502,3995503,3995504,3995505,3995506,3995507,3995508,3995509,3995510,3995511,3995512,3995513,3995514,3995515,3995516,3995517,3995518,3995519,3995520,3995521
3995522,3995523,3995524,3995525,3995526,3995527,3995528,3995529,3995530,3995531,3995532,3995533,3995534,3995535,3995536,3995537,3995538,3995539,3995540,3995541
3995542,3995543,3995544,3995545,3995546,3995547,3995548,3995549,3995550,3995551,3995552,3995553,3995554,3995555,3995556,3995557,3995558,3995559,3995560,3995561
3995562,3995563,3995564,3995565,3995566,3995567,3995568,3995569,3995570,3995571,3995572,3995573,3995574,3995575,3995576,3995577,3995578,3995579,3995580,3995581
3995582,3995583,3995584,3995585,3995586,3995587,3995588,3995589,3995590,3995591,3995592,3995593,3995594,3995595,3995596,3995597,3995598,3995599,3995600,3995601
3995602,3995603,3995604,3995605,3995606,3995607,3995608,3995609,3995610,3995611,3995612,3995613,3995614,3995615,3995616,3995617,3995618,3995619,3995620,3995621
3995622,3995623,3995624,3995625,3995626,3995627,3995628,3995629,3995630,3995631,3995632,3995633,3995634,3995635,3995636,3995637,3995638,3995639,3995640,3995641
3995642,3995643,3995644,3995645,3995646,3995647,3995648,3995649,3995650,3995651,3995652,3995653,3995654,3995655,3995656,3995657,3995658,3995659,3995660,3995661
3995662,3995663,3995664,3995665,3995666,3995667,3995668,3995669,3995670,3995671,3995672,3995673,3995674,3995675,3995676,3995677,3995678,3995679,3995680,3995681
3995682,3995683,3995684,3995685,3995686,3995687,3995688,3995689,3995690,3995691,3995692,3995693,3995694,3995695,3995696,3995697,3995698,3995699,3995700,3995701
3995702,3995703,3995704,3995705,3995706,3995707,3995708,3995709,3995710,3995711,3995712,3995713,3995714,3995715,3995716,3995717,3995718,3995719,3995720,3995721
3995722,3995723,3995724,3995725,3995726,3995727,3995728,3995729,3995730,3995731,3995732,3995733,3995734,3995735,3995736,3995737,3995738,3995739,3995740,3995741
3995742,3995743,3995744,3995745,3995746,3995747,3995748,3995749,3995750,3995751,3995752,3995753,3995754,3995755,3995756,3995757,3995758,3995759,3995760,3995761
3995762,3995763,3995764,3995765,3995766,3995767,3995768,3995769,3995770,3995771,3995772,3995773,3995774,3995775,3995776,3995777,3995778,3995779,3995780,3995781
3995782,3995783,3995784,3995785,3995786,3995787,3995788,3995789,3995790,3995791,3995792,3995793,3995794,3995795,3995796,3995797,3995798,3995799,3995800,3995801
3995802,3995803,3995804,3995805,3995806,3995807,3995808,3995809,3995810,3995811,3995812,3995813,3995814,3995815,3995816,3995817,3995818,3995819,3995820,3995821
3995822,3995823,3995824,3995825,3995826,3995827,3995828,3995829,3995830,3995831,3995832,3995833,3995834,3995835,3995836,3995837,3995838,3995839,3995840,3995841
3995842,3995843,3995844,3995845,3995846,3995847,3995848,3995849,3995850,3995851,3995852,3995853,3995854,3995855,3995856,3995857,3995858,3995859,3995860,3995861
3995862,3995863,3995864,3995865,3995866,3995867,3995868,3995869,3995870,3995871,3995872,3995873,3995874,3995875,3995876,3995877,3995878,3995879,3995880,3995881
3995882,3995883,3995884,3995885,3995886,3995887,3995888,3995889,3995890,3995891,3995892,3995893,3995894,3995895,3995896,3995897,3995898,3995899,3995900,3995901
3995902,3995903,3995904,3995905,3995906,3995907,3995908,3995909,3995910,3995911,3995912,3995913,3995914,3995915,3995916,3995917,3995918,3995919,3995920,3995921
3995922,3995923,3995924,3995925,3995926,3995927,3995928,3995929,3995930,3995931,3995932,3995933,3995934,3995935,3995936,3995937,3995938,3995939,3995940,3995941
3995942,3995943,3995944,3995945,3995946,3995947,3995948,3995949,3995950,3995951,3995952,3995953,3995954,3995955,3995956,3995957,3995958,3995959,3995960,3995961
3995962,3995963,3995964,3995965,3995966,3995967,3995968,3995969,3995970,3995971,3995972,3995973,3995974,3995975,3995976,3995977,3995978,3995979,3995980,3995981
3995982,3995983,3995984,3995985,3995986,3995987,3995988,3995989,3995990,3995991,3995992,3995993,3995994,3995995,3995996,3995997,3995998,3995999,3996000,3996001
3996002,3996003,3996004,3996005,3996006,3996007,3996008,3996009,3996010,3996011,3996012,3996013,3996014,3996015,3996016,3996017,3996018,3996019,3996020,3996021
3996022,3996023,3996024,3996025,3996026,3996027,3996028,3996029,3996030,3996031,3996032,3996033,3996034,3996035,3996036,3996037,3996038,3996039,3996040,3996041
3996042,3996043,3996044,3996045,3996046,3996047,3996048,3996049,3996050,3996051,3996052,3996053,3996054,3996055,3996056,3996057,3996058,3996059,3996060,3996061
3996062,3996063,3996064,3996065,3996066,3996067,3996068,3996069,3996070,3996071,3996072,3996073,3996074,3996075,3996076,3996077,3996078,3996079,3996080,3996081
3996082,3996083,3996084,3996085,3996086,3996087,3996088,3996089,3996090,3996091,3996092,3996093,3996094,3996095,3996096,3996097,3996098,3996099,3996100,3996101
3996102,3996103,3996104,3996105,3996106,3996107,3996108,3996109,3996110,3996111,3996112,3996113,3996114,3996115,3996116,3996117,3996118,3996119,3996120,3996121
3996122,3996123,3996124,3996125,3996126,3996127,3996128,3996129,3996130,3996131,3996132,3996133,3996134,3996135,3996136,3996137,3996138,3996139,3996140,3996141
3996142,3996143,3996144,3996145,3996146,3996147,3996148,3996149,3996150,3996151,3996152,3996153,3996154,3996155,3996156,3996157,3996158,3996159,3996160,3996161
3996162,3996163,3996164,3996165,3996166,3996167,3996168,3996169,3996170,3996171,3996172,3996173,3996174,3996175,3996176,3996177,3996178,3996179,3996180,3996181
3996182,3996183,3996184,3996185,3996186,3996187,3996188,3996189,3996190,3996191,3996192,3996193,3996194,3996195,3996196,3996197,3996198,3996199,3996200,3996201
3996202,3996203,3996204,3996205,3996206,3996207,3996208,3996209,3996210,3996211,3996212,3996213,3996214,3996215,3996216,3996217,3996218,3996219,3996220,3996221
3996222,3996223,3996224,3996225,3996226,3996227,3996228,3996229,3996230,3996231,3996232,3996233,3996234,3996235,3996236,3996237,3996238,3996239,3996240,3996241
3996242,3996243,3996244,3996245,3996246,3996247,3996248,3996249,3996250,3996251,3996252,3996253,3996254,3996255,3996256,3996257,3996258,3996259,3996260,3996261
3996262,3996263,3996264,3996265,3996266,3996267,3996268,3996269,3996270,3996271,3996272,3996273,3996274,3996275,3996276,3996277,3996278,3996279,3996280,3996281
3996282,3996283,3996284,3996285,3996286,3996287,3996288,3996289,3996290,3996291,3996292,3996293,3996294,3996295,3996296,3996297,3996298,3996299,3996300,3996301
3996302,3996303,3996304,3996305,3996306,3996307,3996308,3996309,3996310,3996311,3996312,3996313,3996314,3996315,3996316,3996317,3996318,3996319,3996320,3996321
3996322,3996323,3996324,3996325,3996326,3996327,3996328,3996329,3996330,3996331,3996332,3996333,3996334,3996335,3996336,3996337,3996338,3996339,3996340,3996341
3996342,3996343,3996344,3996345,3996346,3996347,3996348,3996349,3996350,3996351,3996352,3996353,3996354,3996355,3996356,3996357,3996358,3996359,3996360,3996361
3996362,3996363,3996364,3996365,3996366,3996367,3996368,3996369,3996370,3996371,3996372,3996373,3996374,3996375,3996376,3996377,3996378,3996379,3996380,3996381
3996382,3996383,3996384,3996385,3996386,3996387,3996388,3996389,3996390,3996391,3996392,3996393,3996394,3996395,3996396,3996397,3996398,3996399,3996400,3996401
3996402,3996403,3996404,3996405,3996406,3996407,3996408,3996409,3996410,3996411,3996412,3996413,3996414,3996415,3996416,3996417,3996418,3996419,3996420,3996421
3996422,3996423,3996424,3996425,3996426,3996427,3996428,3996429,3996430,3996431,3996432,3996433,3996434,3996435,3996436,3996437,3996438,3996439,3996440,3996441
3996442,3996443,3996444,3996445,3996446,3996447,3996448,3996449,3996450,3996451,3996452,3996453,3996454,3996455,3996456,3996457,3996458,3996459,3996460,3996461
3996462,3996463,3996464,3996465,3996466,3996467,3996468,3996469,3996470,3996471,3996472,3996473,3996474,3996475,3996476,3996477,3996478,3996479,3996480,3996481
3996482,3996483,3996484,3996485,3996486,3996487,3996488,3996489,3996490,3996491,3996492,3996493,3996494,3996495,3996496,3996497,3996498,3996499,3996500,3996501
3996502,3996503,3996504,3996505,3996506,3996507,3996508,3996509,3996510,3996511,3996512,3996513,3996514,3996515,3996516,3996517,3996518,3996519,3996520,3996521
3996522,3996523,3996524,3996525,3996526,3996527,3996528,3996529,3996530,3996531,3996532,3996533,3996534,3996535,3996536,3996537,3996538,3996539,3996540,3996541
3996542,3996543,3996544,3996545,3996546,3996547,3996548,3996549,3996550,3996551,3996552,3996553,3996554,3996555,3996556,3996557,3996558,3996559,3996560,3996561
3996562,3996563,3996564,3996565,3996566,3996567,3996568,3996569,3996570,3996571,3996572,3996573,3996574,3996575,3996576,3996577,3996578,3996579,3996580,3996581
3996582,3996583,3996584,3996585,3996586,3996587,3996588,3996589,3996590,3996591,3996592,3996593,3996594,3996595,3996596,3996597,3996598,3996599,3996600,3996601
3996602,3996603,3996604,3996605,3996606,3996607,3996608,3996609,3996610,3996611,3996612,3996613,3996614,3996615,3996616,3996617,3996618,3996619,3996620,3996621
3996622,3996623,3996624,3996625,3996626,3996627,3996628,3996629,3996630,3996631,3996632,3996633,3996634,3996635,3996636,3996637,3996638,3996639,3996640,3996641
3996642,3996643,3996644,3996645,3996646,3996647,3996648,3996649,3996650,3996651,3996652,3996653,3996654,3996655,3996656,3996657,3996658,3996659,3996660,3996661
3996662,3996663,3996664,3996665,3996666,3996667,3996668,3996669,3996670,3996671,3996672,3996673,3996674,3996675,3996676,3996677,3996678,3996679,3996680,3996681
3996682,3996683,3996684,3996685,3996686,3996687,3996688,3996689,3996690,3996691,3996692,3996693,3996694,3996695,3996696,3996697,3996698,3996699,3996700,3996701
3996702,3996703,3996704,3996705,3996706,3996707,3996708,3996709,3996710,3996711,3996712,3996713,3996714,3996715,3996716,3996717,3996718,3996719,3996720,3996721
3996722,3996723,3996724,3996725,3996726,3996727,3996728,3996729,3996730,3996731,3996732,3996733,3996734,3996735,3996736,3996737,3996738,3996739,3996740,3996741
3996742,3996743,3996744,3996745,3996746,3996747,3996748,3996749,3996750,3996751,3996752,3996753,3996754,3996755,3996756,3996757,3996758,3996759,3996760,3996761
3996762,3996763,3996764,3996765,3996766,3996767,3996768,3996769,3996770,3996771,3996772,3996773,3996774,3996775,3996776,3996777,3996778,3996779,3996780,3996781
3996782,3996783,3996784,3996785,3996786,3996787,3996788,3996789,3996790,3996791,3996792,3996793,3996794,3996795,3996796,3996797,3996798,3996799,3996800,3996801
3996802,3996803,3996804,3996805,3996806,3996807,3996808,3996809,3996810,3996811,3996812,3996813,3996814,3996815,3996816,3996817,3996818,3996819,3996820,3996821
3996822,3996823,3996824,3996825,3996826,3996827,3996828,3996829,3996830,3996831,3996832,3996833,3996834,3996835,3996836,3996837,3996838,3996839,3996840,3996841
3996842,3996843,3996844,3996845,3996846,3996847,3996848,3996849,3996850,3996851,3996852,3996853,3996854,3996855,3996856,3996857,3996858,3996859,3996860,3996861
3996862,3996863,3996864,3996865,3996866,3996867,3996868,3996869,3996870,3996871,3996872,3996873,3996874,3996875,3996876,3996877,3996878,3996879,3996880,3996881
3996882,3996883,3996884,3996885,3996886,3996887,3996888,3996889,3996890,3996891,3996892,3996893,3996894,3996895,3996896,3996897,3996898,3996899,3996900,3996901
3996902,3996903,3996904,3996905,3996906,3996907,3996908,3996909,3996910,3996911,3996912,3996913,3996914,3996915,3996916,3996917,3996918,3996919,3996920,3996921
3996922,3996923,3996924,3996925,3996926,3996927,3996928,3996929,3996930,3996931,3996932,3996933,3996934,3996935,3996936,3996937,3996938,3996939,3996940,3996941
3996942,3996943,3996944,3996945,3996946,3996947,3996948,3996949,3996950,3996951,3996952,3996953,3996954,3996955,3996956,3996957,3996958,3996959,3996960,3996961
3996962,3996963,3996964,3996965,3996966,3996967,3996968,3996969,3996970,3996971,3996972,3996973,3996974,3996975,3996976,3996977,3996978,3996979,3996980,3996981
3996982,3996983,3996984,3996985,3996986,3996987,3996988,3996989,3996990,3996991,3996992,3996993,3996994,3996995,3996996,3996998,3996999,3997000,3997001,3997002
3997003,3997004,3997005,3997006,3997007,3997008,3997009,3997010,3997011,3997012,3997013,3997014,3997015,3997016,3997017,3997018,3997019,3997020,3997021,3997022
3997023,3997024,3997025,3997026,3997027,3997028,3997029,3997030,3997031,3997032,3997033,3997034,3997035,3997036,3997037,3997038,3997039,3997040,3997041,3997042
3997043,3997044,3997045,3997046,3997047,3997048,3997049,3997050,3997051,3997052,3997053,3997054,3997055,3997056,3997057,3997058,3997059,3997060,3997061,3997062
3997063,3997064,3997065,3997066,3997067,3997068,3997069,3997070,3997071,3997072,3997073,3997074,3997075,3997076,3997077,3997078,3997079,3997080,3997081,3997082
3997083,3997084,3997085,3997086,3997087,3997088,3997089,3997090,3997091,3997092,3997093,3997094,3997095,3997096,3997097,3997098,3997099,3997100,3997101,3997102
3997103,3997104,3997105,3997106,3997107,3997108,3997109,3997110,3997111,3997112,3997113,3997114,3997115,3997116,3997117,3997118,3997119,3997120,3997121,3997122
3997123,3997124,3997125,3997126,3997127,3997128,3997129,3997130,3997131,3997132,3997133,3997134,3997135,3997136,3997137,3997138,3997139,3997140,3997141,3997142
3997143,3997144,3997145,3997146,3997147,3997148,3997149,3997150,3997151,3997152,3997153,3997154,3997155,3997156,3997157,3997158,3997159,3997160,3997161,3997162
3997163,3997164,3997165,3997166,3997167,3997168,3997169,3997170,3997171,3997172,3997173,3997174,3997175,3997176,3997177,3997178,3997179,3997180,3997181,3997182
3997183,3997184,3997185,3997186,3997187,3997188,3997189,3997190,3997191,3997192,3997193,3997194,3997195,3997196,3997197,3997198,3997199,3997200,3997201,3997202
3997203,3997204,3997205,3997206,3997207,3997208,3997209,3997210,3997211,3997212,3997213,3997214,3997215,3997216,3997217,3997218,3997219,3997220,3997221,3997222
3997223,3997224,3997225,3997226,3997227,3997228,3997229,3997230,3997231,3997232,3997233,3997234,3997235,3997236,3997237,3997238,3997239,3997240,3997241,3997242
3997243,3997244,3997245,3997246,3997247,3997248,3997249,3997250,3997251,3997252,3997253,3997254,3997255,3997256,3997257,3997258,3997259,3997260,3997261,3997262
3997263,3997264,3997265,3997266,3997267,3997268,3997269,3997270,3997271,3997272,3997273,3997274,3997275,3997276,3997277,3997278,3997279,3997280,3997281,3997282
3997283,3997284,3997285,3997286,3997287,3997288,3997289,3997290,3997291,3997292,3997293,3997294,3997295,3997296,3997297,3997298,3997299,3997300,3997301,3997302
3997303,3997304,3997305,3997306,3997307,3997308,3997309,3997310,3997311,3997312,3997313,3997314,3997315,3997316,3997317,3997318,3997319,3997320,3997321,3997322
3997323,3997324,3997325,3997326,3997327,3997328,3997329,3997330,3997331,3997332,3997333,3997334,3997335,3997336,3997337,3997338,3997339,3997340,3997341,3997342
3997343,3997344,3997345,3997346,3997347,3997348,3997349,3997350,3997351,3997352,3997353,3997354,3997355,3997356,3997357,3997358,3997359,3997360,3997361,3997362
3997363,3997364,3997365,3997366,3997367,3997368,3997369,3997370,3997371,3997372,3997373,3997374,3997375,3997376,3997377,3997378,3997379,3997380,3997381,3997382
3997383,3997384,3997385,3997386,3997387,3997388,3997389,3997390,3997391,3997392,3997393,3997394,3997395,3997396,3997397,3997398,3997399,3997400,3997401,3997402
3997403,3997404,3997405,3997406,3997407,3997408,3997409,3997410,3997411,3997412,3997413,3997414,3997415,3997416,3997417,3997418,3997419,3997420,3997421,3997422
3997423,3997424,3997425,3997426,3997427,3997428,3997429,3997430,3997431,3997432,3997433,3997434,3997435,3997436,3997437,3997438,3997439,3997440,3997441,3997442
3997443,3997444,3997445,3997446,3997447,3997448,3997449,3997450,3997451,3997452,3997453,3997454,3997455,3997456,3997457,3997458,3997459,3997460,3997461,3997462
3997463,3997464,3997465,3997466,3997467,3997468,3997469,3997470,3997471,3997472,3997473,3997474,3997475,3997476,3997477,3997478,3997479,3997480,3997481,3997482
3997483,3997484,3997485,3997486,3997487,3997488,3997489,3997490,3997491,3997492,3997493,3997494,3997495,3997496,3997497,3997498,3997499,3997500,3997501,3997502
3997503,3997504,3997505,3997506,3997507,3997508,3997509,3997510,3997511,3997512,3997513,3997514,3997515,3997516,3997517,3997518,3997519,3997520,3997521,3997522
3997523,3997524,3997525,3997526,3997527,3997528,3997529,3997530,3997531,3997532,3997533,3997534,3997535,3997536,3997537,3997538,3997539,3997540,3997541,3997542
3997543,3997544,3997545,3997546,3997547,3997548,3997549,3997550,3997551,3997552,3997553,3997554,3997555,3997556,3997557,3997558,3997559,3997560,3997561,3997562
3997563,3997564,3997565,3997566,3997567,3997568,3997569,3997570,3997571,3997572,3997573,3997574,3997575,3997576,3997577,3997578,3997579,3997580,3997581,3997582
3997583,3997584,3997585,3997586,3997587,3997588,3997589,3997590,3997591,3997592,3997593,3997594,3997595,3997596,3997597,3997598,3997599,3997600,3997601,3997602
3997603,3997604,3997605,3997606,3997607,3997608,3997609,3997610,3997611,3997612,3997613,3997614,3997615,3997616,3997617,3997618,3997619,3997620,3997621,3997622
3997623,3997624,3997625,3997626,3997627,3997628,3997629,3997630,3997631,3997632,3997633,3997634,3997635,3997636,3997637,3997638,3997639,3997640,3997641,3997642
3997643,3997644,3997645,3997646,3997647,3997648,3997649,3997650,3997651,3997652,3997653,3997654,3997655,3997656,3997657,3997658,3997659,3997660,3997661,3997662
3997663,3997664,3997665,3997666,3997667,3997668,3997669,3997670,3997671,3997672,3997673,3997674,3997675,3997676,3997677,3997678,3997679,3997680,3997681,3997682
3997683,3997684,3997685,3997686,3997687,3997688,3997689,3997690,3997691,3997692,3997693,3997694,3997695,3997696,3997697,3997698,3997699,3997700,3997701,3997702
3997703,3997704,3997705,3997706,3997707,3997708,3997709,3997710,3997711,3997712,3997713,3997714,3997715,3997716,3997717,3997718,3997719,3997720,3997721,3997722
3997723,3997724,3997725,3997726,3997727,3997728,3997729,3997730,3997731,3997732,3997733,3997734,3997735,3997736,3997737,3997738,3997739,3997740,3997741,3997742
3997743,3997744,3997745,3997746,3997747,3997748,3997749,3997750,3997751,3997752,3997753,3997754,3997755,3997756,3997757,3997758,3997759,3997760,3997761,3997762
3997763,3997764,3997765,3997766,3997767,3997768,3997769,3997770,3997771,3997772,3997773,3997774,3997775,3997776,3997777,3997778,3997779,3997780,3997781,3997782
3997783,3997784,3997785,3997786,3997787,3997788,3997789,3997790,3997791,3997792,3997793,3997794,3997795,3997796,3997797,3997798,3997799,3997800,3997801,3997802
3997803,3997804,3997805,3997806,3997807,3997808,3997809,3997810,3997811,3997812,3997813,3997814,3997815,3997816,3997817,3997818,3997819,3997820,3997821,3997822
3997823,3997824,3997825,3997826,3997827,3997828,3997829,3997830,3997831,3997832,3997833,3997834,3997835,3997836,3997837,3997838,3997839,3997840,3997841,3997842
3997843,3997844,3997845,3997846,3997847,3997848,3997849,3997850,3997851,3997852,3997853,3997854,3997855,3997856,3997857,3997858,3997859,3997860,3997861,3997862
3997863,3997864,3997865,3997866,3997867,3997868,3997869,3997870,3997871,3997872,3997873,3997874,3997875,3997876,3997877,3997878,3997879,3997880,3997881,3997882
3997883,3997884,3997885,3997886,3997887,3997888,3997889,3997890,3997891,3997892,3997893,3997894,3997895,3997896,3997897,3997898,3997899,3997900,3997901,3997902
3997903,3997904,3997905,3997906,3997907,3997908,3997909,3997910,3997911,3997912,3997913,3997914,3997915,3997916,3997917,3997918,3997919,3997920,3997921,3997922
3997923,3997924,3997925,3997926,3997927,3997928,3997929,3997930,3997931,3997932,3997933,3997934,3997935,3997936,3997937,3997938,3997939,3997940,3997941,3997942
3997943,3997944,3997945,3997946,3997947,3997948,3997949,3997950,3997951,3997952,3997953,3997954,3997955,3997956,3997957,3997958,3997959,3997960,3997961,3997962
3997963,3997964,3997965,3997966,3997967,3997968,3997969,3997970,3997971,3997972,3997973,3997974,3997975,3997976,3997977,3997978,3997979,3997980,3997981,3997982
3997983,3997984,3997985,3997986,3997987,3997988,3997989,3997990,3997991,3997992,3997993,3997994,3997995,3997996,3997997,3997998,3997999,3998000,3998001,3998002
3998003,3998004,3998005,3998006,3998007,3998008,3998009,3998010,3998011,3998012,3998013,3998014,3998015,3998016,3998017,3998018,3998019,3998020,3998021,3998022
3998023,3998024,3998025,3998026,3998027,3998028,3998029,3998030,3998031,3998032,3998033,3998034,3998035,3998036,3998037,3998038,3998039,3998040,3998041,3998042
3998043,3998044,3998045,3998046,3998047,3998048,3998049,3998050,3998051,3998052,3998053,3998054,3998055,3998056,3998057,3998058,3998059,3998060,3998061,3998062
3998063,3998064,3998065,3998066,3998067,3998068,3998069,3998070,3998071,3998072,3998073,3998074,3998075,3998076,3998077,3998078,3998079,3998080,3998081,3998082
3998083,3998084,3998085,3998086,3998087,3998088,3998089,3998090,3998091,3998092,3998093,3998094,3998095,3998096,3998097,3998098,3998099,3998100,3998101,3998102
3998103,3998104,3998105,3998106,3998107,3998108,3998109,3998110,3998111,3998112,3998113,3998114,3998115,3998116,3998117,3998118,3998119,3998120,3998121,3998122
3998123,3998124,3998125,3998126,3998127,3998128,3998129,3998130,3998131,3998132,3998133,3998134,3998135,3998136,3998137,3998138,3998139,3998140,3998141,3998142
3998143,3998144,3998145,3998146,3998147,3998148,3998149,3998150,3998151,3998152,3998153,3998154,3998155,3998156,3998157,3998158,3998159,3998160,3998161,3998162
3998163,3998164,3998165,3998166,3998167,3998168,3998169,3998170,3998171,3998172,3998173,3998174,3998175,3998176,3998177,3998178,3998179,3998180,3998181,3998182
3998183,3998184,3998185,3998186,3998187,3998188,3998189,3998190,3998191,3998192,3998193,3998194,3998195,3998196,3998197,3998198,3998199,3998200,3998201,3998202
3998203,3998204,3998205,3998206,3998207,3998208,3998209,3998210,3998211,3998212,3998213,3998214,3998215,3998216,3998217,3998218,3998219,3998220,3998221,3998222
3998223,3998224,3998225,3998226,3998227,3998228,3998229,3998230,3998231,3998232,3998233,3998234,3998235,3998236,3998237,3998238,3998239,3998240,3998241,3998242
3998243,3998244,3998245,3998246,3998247,3998248,3998249,3998250,3998251,3998252,3998253,3998254,3998255,3998256,3998257,3998258,3998259,3998260,3998261,3998262
3998263,3998264,3998265,3998266,3998267,3998268,3998269,3998270,3998271,3998272,3998273,3998274,3998275,3998276,3998277,3998278,3998279,3998280,3998281,3998282
3998283,3998284,3998285,3998286,3998287,3998288,3998289,3998290,3998291,3998292,3998293,3998294,3998295,3998296,3998297,3998298,3998299,3998300,3998301,3998302
3998303,3998304,3998305,3998306,3998307,3998308,3998309,3998310,3998311,3998312,3998313,3998314,3998315,3998316,3998317,3998318,3998319,3998320,3998321,3998322
3998323,3998324,3998325,3998326,3998327,3998328,3998329,3998330,3998331,3998332,3998333,3998334,3998335,3998336,3998337,3998338,3998339,3998340,3998341,3998342
3998343,3998344,3998345,3998346,3998347,3998348,3998349,3998350,3998351,3998352,3998353,3998354,3998355,3998356,3998357,3998358,3998359,3998360,3998361,3998362
3998363,3998364,3998365,3998366,3998367,3998368,3998369,3998370,3998371,3998372,3998373,3998374,3998375,3998376,3998377,3998378,3998379,3998380,3998381,3998382
3998383,3998384,3998385,3998386,3998387,3998388,3998389,3998390,3998391,3998392,3998393,3998394,3998395,3998396,3998397,3998398,3998399,3998400,3998401,3998402
3998403,3998404,3998405,3998406,3998407,3998408,3998409,3998410,3998411,3998412,3998413,3998414,3998415,3998416,3998417,3998418,3998419,3998420,3998421,3998422
3998423,3998424,3998425,3998426,3998427,3998428,3998429,3998430,3998431,3998432,3998433,3998434,3998435,3998436,3998437,3998438,3998439,3998440,3998441,3998442
3998443,3998444,3998445,3998446,3998447,3998448,3998449,3998450,3998451,3998452,3998453,3998454,3998455,3998456,3998457,3998458,3998459,3998460,3998461,3998462
3998463,3998464,3998465,3998466,3998467,3998468,3998469,3998470,3998471,3998472,3998473,3998474,3998475,3998476,3998477,3998478,3998479,3998480,3998481,3998482
3998483,3998484,3998485,3998486,3998487,3998488,3998489,3998490,3998491,3998492,3998493,3998494,3998495,3998496,3998497,3998498,3998499,3998500,3998501,3998502
3998503,3998504,3998505,3998506,3998507,3998508,3998509,3998510,3998511,3998512,3998513,3998514,3998515,3998516,3998517,3998518,3998519,3998520,3998521,3998522
3998523,3998524,3998525,3998526,3998527,3998528,3998529,3998530,3998531,3998532,3998533,3998534,3998535,3998536,3998537,3998538,3998539,3998540,3998541,3998542
3998543,3998544,3998545,3998546,3998547,3998548,3998549,3998550,3998551,3998552,3998553,3998554,3998555,3998556,3998557,3998558,3998559,3998560,3998561,3998562
3998563,3998564,3998565,3998566,3998567,3998568,3998569,3998570,3998571,3998572,3998573,3998574,3998575,3998576,3998577,3998578,3998579,3998580,3998581,3998582
3998583,3998584,3998585,3998586,3998587,3998588,3998589,3998590,3998591,3998592,3998593,3998594,3998595,3998596,3998597,3998598,3998599,3998600,3998601,3998602
3998603,3998604,3998605,3998606,3998607,3998608,3998609,3998610,3998611,3998612,3998613,3998614,3998615,3998616,3998617,3998618,3998619,3998620,3998621,3998622
3998623,3998624,3998625,3998626,3998627,3998628,3998629,3998630,3998631,3998632,3998633,3998634,3998635,3998636,3998637,3998638,3998639,3998640,3998641,3998642
3998643,3998644,3998645,3998646,3998647,3998648,3998649,3998650,3998651,3998652,3998653,3998654,3998655,3998656,3998657,3998658,3998659,3998660,3998661,3998662
3998663,3998664,3998665,3998666,3998667,3998668,3998669,3998670,3998671,3998672,3998673,3998674,3998675,3998676,3998677,3998678,3998679,3998680,3998681,3998682
3998683,3998684,3998685,3998686,3998687,3998688,3998689,3998690,3998691,3998692,3998693,3998694,3998695,3998696,3998697,3998698,3998699,3998700,3998701,3998702
3998703,3998704,3998705,3998706,3998707,3998708,3998709,3998710,3998711,3998712,3998713,3998714,3998715,3998716,3998717,3998718,3998719,3998720,3998721,3998722
3998723,3998724,3998725,3998726,3998727,3998728,3998729,3998730,3998731,3998732,3998733,3998734,3998735,3998736,3998737,3998738,3998739,3998740,3998741,3998742
3998743,3998744,3998745,3998746,3998747,3998748,3998749,3998750,3998751,3998752,3998753,3998754,3998755,3998756,3998757,3998758,3998759,3998760,3998761,3998762
3998763,3998764,3998765,3998766,3998767,3998768,3998769,3998770,3998771,3998772,3998773,3998774,3998775,3998776,3998777,3998778,3998779,3998780,3998781,3998782
3998783,3998784,3998785,3998786,3998787,3998788,3998789,3998790,3998791,3998792,3998793,3998794,3998795,3998796,3998797,3998798,3998799,3998800,3998801,3998802
3998803,3998804,3998805,3998806,3998807,3998808,3998809,3998810,3998811,3998812,3998813,3998814,3998815,3998816,3998817,3998818,3998819,3998820,3998821,3998822
3998823,3998824,3998825,3998826,3998827,3998828,3998829,3998830,3998831,3998832,3998833,3998834,3998835,3998836,3998837,3998838,3998839,3998840,3998841,3998842
3998843,3998844,3998845,3998846,3998847,3998848,3998849,3998850,3998851,3998852,3998853,3998854,3998855,3998856,3998857,3998858,3998859,3998860,3998861,3998862
3998863,3998864,3998865,3998866,3998867,3998868,3998869,3998870,3998871,3998872,3998873,3998874,3998875,3998876,3998877,3998878,3998879,3998880,3998881,3998882
3998883,3998884,3998885,3998886,3998887,3998888,3998889,3998890,3998891,3998892,3998893,3998894,3998895,3998896,3998897,3998898,3998899,3998900,3998901,3998902
3998903,3998904,3998905,3998906,3998907,3998908,3998909,3998910,3998911,3998912,3998913,3998914,3998915,3998916,3998917,3998918,3998919,3998920,3998921,3998922
3998923,3998924,3998925,3998926,3998927,3998928,3998929,3998930,3998931,3998932,3998933,3998934,3998935,3998936,3998937,3998938,3998939,3998940,3998941,3998942
3998943,3998944,3998945,3998946,3998947,3998948,3998949,3998950,3998951,3998952,3998953,3998954,3998955,3998956,3998957,3998958,3998959,3998960,3998961,3998962
3998963,3998964,3998965,3998966,3998967,3998968,3998969,3998970,3998971,3998972,3998973,3998974,3998975,3998976,3998977,3998978,3998979,3998980,3998981,3998982
3998983,3998984,3998985,3998986,3998987,3998988,3998989,3998990,3998991,3998992,3998993,3998994,3998995,3998996,3998997,3998998,3998999,3999000,3999001,3999002
3999003,3999004,3999005,3999006,3999007,3999008,3999009,3999010,3999011,3999012,3999013,3999014,3999015,3999016,3999017,3999018,3999019,3999020,3999021,3999022
3999023,3999024,3999025,3999026,3999027,3999028,3999029,3999030,3999031,3999032,3999033,3999034,3999035,3999036,3999037,3999038,3999039,3999040,3999041,3999042
3999043,3999044,3999045,3999046,3999047,3999048,3999049,3999050,3999051,3999052,3999053,3999054,3999055,3999056,3999057,3999058,3999059,3999060,3999061,3999062
3999063,3999064,3999065,3999066,3999067,3999068,3999069,3999070,3999071,3999072,3999073,3999074,3999075,3999076,3999077,3999078,3999079,3999080,3999081,3999082
3999083,3999084,3999085,3999086,3999087,3999088,3999089,3999090,3999091,3999092,3999093,3999094,3999095,3999096,3999097,3999098,3999099,3999100,3999101,3999102
3999103,3999104,3999105,3999106,3999107,3999108,3999109,3999110,3999111,3999112,3999113,3999114,3999115,3999116,3999117,3999118,3999119,3999120,3999121,3999122
3999123,3999124,3999125,3999126,3999127,3999128,3999129,3999130,3999131,3999132,3999133,3999134,3999135,3999136,3999137,3999138,3999139,3999140,3999141,3999142
3999143,3999144,3999145,3999146,3999147,3999148,3999149,3999150,3999151,3999152,3999153,3999154,3999155,3999156,3999157,3999158,3999159,3999160,3999161,3999162
3999163,3999164,3999165,3999166,3999167,3999168,3999169,3999170,3999171,3999172,3999173,3999174,3999175,3999176,3999177,3999178,3999179,3999180,3999181,3999182
3999183,3999184,3999185,3999186,3999187,3999188,3999189,3999190,3999191,3999192,3999193,3999194,3999195,3999196,3999197,3999198,3999199,3999200,3999201,3999202
3999203,3999204,3999205,3999206,3999207,3999208,3999209,3999210,3999211,3999212,3999213,3999214,3999215,3999216,3999217,3999218,3999219,3999220,3999221,3999222
3999223,3999224,3999225,3999226,3999227,3999228,3999229,3999230,3999231,3999232,3999233,3999234,3999235,3999236,3999237,3999238,3999239,3999240,3999241,3999242
3999243,3999244,3999245,3999246,3999247,3999248,3999249,3999250,3999251,3999252,3999253,3999254,3999255,3999256,3999257,3999258,3999259,3999260,3999261,3999262
3999263,3999264,3999265,3999266,3999267,3999268,3999269,3999270,3999271,3999272,3999273,3999274,3999275,3999276,3999277,3999278,3999279,3999280,3999281,3999282
3999283,3999284,3999285,3999286,3999287,3999288,3999289,3999290,3999291,3999292,3999293,3999294,3999295,3999296,3999297,3999298,3999299,3999300,3999301,3999302
3999303,3999304,3999305,3999306,3999307,3999308,3999309,3999310,3999311,3999312,3999313,3999314,3999315,3999316,3999317,3999318,3999319,3999320,3999321,3999322
3999323,3999324,3999325,3999326,3999327,3999328,3999329,3999330,3999331,3999332,3999333,3999334,3999335,3999336,3999337,3999338,3999339,3999340,3999341,3999342
3999343,3999344,3999345,3999346,3999347,3999348,3999349,3999350,3999351,3999352,3999353,3999354,3999355,3999356,3999357,3999358,3999359,3999360,3999361,3999362
3999363,3999364,3999365,3999366,3999367,3999368,3999369,3999370,3999371,3999372,3999373,3999374,3999375,3999376,3999377,3999378,3999379,3999380,3999381,3999382
3999383,3999384,3999385,3999386,3999387,3999388,3999389,3999390,3999391,3999392,3999393,3999394,3999395,3999396,3999397,3999398,3999399,3999400,3999401,3999402
3999403,3999404,3999405,3999406,3999407,3999408,3999409,3999410,3999411,3999412,3999413,3999414,3999415,3999416,3999417,3999418,3999419,3999420,3999421,3999422
3999423,3999424,3999425,3999426,3999427,3999428,3999429,3999430,3999431,3999432,3999433,3999434,3999435,3999436,3999437,3999438,3999439,3999440,3999441,3999442
3999443,3999444,3999445,3999446,3999447,3999448,3999449,3999450,3999451,3999452,3999453,3999454,3999455,3999456,3999457,3999458,3999459,3999460,3999461,3999462
3999463,3999464,3999465,3999466,3999467,3999468,3999469,3999470,3999471,3999472,3999473,3999474,3999475,3999476,3999477,3999478,3999479,3999480,3999481,3999482
3999483,3999484,3999485,3999486,3999487,3999488,3999489,3999490,3999491,3999492,3999493,3999494,3999495,3999496,3999497,3999498,3999499,3999500,3999501,3999502
3999503,3999504,3999505,3999506,3999507,3999508,3999509,3999510,3999511,3999512,3999513,3999514,3999515,3999516,3999517,3999518,3999519,3999520,3999521,3999522
3999523,3999524,3999525,3999526,3999527,3999528,3999529,3999530,3999531,3999532,3999533,3999534,3999535,3999536,3999537,3999538,3999539,3999540,3999541,3999542
3999543,3999544,3999545,3999546,3999547,3999548,3999549,3999550,3999551,3999552,3999553,3999554,3999555,3999556,3999557,3999558,3999559,3999560,3999561,3999562
3999563,3999564,3999565,3999566,3999567,3999568,3999569,3999570,3999571,3999572,3999573,3999574,3999575,3999576,3999577,3999578,3999579,3999580,3999581,3999582
3999583,3999584,3999585,3999586,3999587,3999588,3999589,3999590,3999591,3999592,3999593,3999594,3999595,3999596,3999597,3999598,3999599,3999600,3999601,3999602
3999603,3999604,3999605,3999606,3999607,3999608,3999609,3999610,3999611,3999612,3999613,3999614,3999615,3999616,3999617,3999618,3999619,3999620,3999621,3999622
3999623,3999624,3999625,3999626,3999627,3999628,3999629,3999630,3999851,3999852,3999853,3999854,3999855,3999856,3999857,3999858,3999859,3999860,3999861,3999862
3999869,3999870,3999872,3999886,3999887,3999888,3999889,3999890,3999891,3999892,3999893,3999894,3999895,3999896,3999897,3999898,3999899,3999900,3999901,3999902
3999903,3999904,3999905,3999906,3999907,3999908,3999909,3999910,3999911,3999912,3999913,3999914,3999915,3999916,3999917,3999918,3999919,3999920,3999921,3999922
3999923,3999924,3999925,3999926,3999927,3999928,3999929,3999930,3999931,3999932,3999933,3999934,3999935,3999936,3999937,3999938,3999939,3999940,3999941,3999942
3999943,3999944,3999945,3999946,3999947,3999948,3999949,3999950,3999951,3999952,3999953,3999954,3999955,3999956,3999957,3999958,3999959,3999960,3999961,3999962
3999963,3999964,3999965,3999966,3999967,3999968,3999969,3999970,3999971,3999972,3999973,3999974,3999975,3999976,3999977,3999978,3999979,3999980,3999981,3999982
3999983,3999984,3999985,3999986,3999987,3999988,3999989,3999990,3999991,3999992,3999993,3999994,3999995,3999996,3999997,3999998,3999999,4000000,3917428,3917429
3917430,3917431,3917432,3917433,3917434,3917435,3917436,3917437,3917438,3917439,3917440,3917441,3917442,3917443,3917444,3917445,3917446,3917447,3917448,3917449
3917450,3917451,3917452,3917453,3917454,3917455,3917456,3917457,3917458,3917459,3917460,3917461,3917462,3917463,3917464,3917465,3917466,3917467,3917468,3917469
3917470,3917471,3917472,3917473,3917474,3917475,3917476,3917477,3917478,3917479,3917480,3917481,3917482,3917483,3917484,3917485,3917486,3917487,3917488,3917489
3917490,3917491,3917492,3917493,3917494,3917495,3917496,3917497,3917498,3917499,3917500,3917501,3917502,3917503,3917504,3917505,3917506,3917507,3917508,3917509
3917510,3917511,3917512,3917513,3917514,3917515,3917516,3917517,3917518,3917519,3917520,3917521,3917522,3917523,3917524,3917525,3917526,3917527,3917528,3917529
3917530,3917531,3917532,3917533,3917534,3917535,3917536,3917537,3917538,3917539,3917540,3917541,3917542,3917543,3917544,3917545,3917546,3917547,3917548,3917549
3917550,3917551,3917552,3917553,3917554,3917555,3917556,3917557,3917558,3917559,3917560,3917561,3917562,3917563,3917564,3917565,3917566,3917567,3917568,3917569
3917570,3917571,3917572,3917573,3917574,3917575,3917576,3917577,3917578,3917579,3917580,3917581,3917582,3917583,3917584,3917585,3917586,3917587,3917588,3917589
3917590,3917591,3917592,3917593,3917594,3917595,3917596,3917597,3917598,3917599,3917600,3917601,3917602,3917603,3917604,3917605,3917606,3917607,3917608,3917609
3917610,3917611,3917612,3917613,3917614,3917615,3917616,3917617,3917618,3917619,3917620,3917621,3917622,3917623,3917624,3917625,3917626,3917627,3917628,3917629
3917630,3917631,3917632,3917633,3917634,3917635,3917636,3917637,3917638,3917639,3917640,3917641,3917642,3917643,3917644,3917645,3917646,3917647,3917648,3917649
3917650,3917651,3917652,3917653,3917654,3917655,3917656,3917657,3917658,3917659,3917660,3917661,3917662,3917663,3917664,3917665,3917666,3917667,3917668,3917669
3917670,3917671,3917672,3917673,3917674,3917675,3917676,3917677,3917678,3917679,3917680,3917681,3917682,3917683,3917684,3917685,3917686,3917687,3917688,3917689
3917690,3917691,3917692,3917693,3917694,3917695,3917696,3917697,3917698,3917699,3917700,3917701,3917702,3917703,3917704,3917705,3917706,3917707,3917708,3917709
3917710,3917711,3917712,3917713,3917714,3917715,3917716,3917717,3917718,3917719,3917720,3917721,3917722,3917723,3917724,3917725,3917726,3917727,3917728,3917729
3917730,3917731,3917732,3917733,3917734,3917735,3917736,3917737,3917738,3917739,3917740,3917741,3917742,3917743,3917744,3917745,3917746,3917747,3917748,3917749
3917750,3917751,3917752,3917753,3917754,3917755,3917756,3917757,3917758,3917759,3917760,3917761,3917762,3917763,3917764,3917765,3917766,3917767,3917768,3917769
3917770,3917771,3917772,3917773,3917774,3917775,3917776,3917777,3917778,3917779,3917780,3917781,3917782,3917783,3917784,3917785,3917786,3917787,3917788,3917789
3917790,3917791,3917792,3917793,3917794,3917795,3917796,3917797,3917798,3917799,3917800,3917801,3917802,3917803,3917804,3917805,3917806,3917807,3917808,3917809
3917810,3917811,3917812,3917813,3917814,3917815,3917816,3917817,3917818,3917819,3917820,3917821,3917822,3917823,3917824,3917825,3917826,3917827,3917828,3917829
3917830,3917831,3917832,3917833,3917834,3917835,3917836,3917837,3917838,3917839,3917840,3917841,3917842,3917843,3917844,3917845,3917846,3917847,3917848,3917849
3917850,3917851,3917852,3917853,3917854,3917855,3917856,3917857,3917858,3917859,3917860,3917861,3917862,3917863,3917864,3917865,3917866,3917867,3917868,3917869
3917870,3917871,3917872,3917873,3917874,3917875,3917876,3917877,3917878,3917879,3917880,3917881,3917882,3917883,3917884,3917885,3917886,3917887,3917888,3917889
3917890,3917891,3917892,3917893,3917894,3917895,3917896,3917897,3917898,3917899,3917900,3917901,3917902,3917903,3917904,3917905,3917906,3917907,3917908,3917909
3917910,3917911,3917912,3917913,3917914,3917915,3917916,3917917,3917918,3917919,3917920,3917921,3917922,3917923,3917924,3917925,3917926,3917927,3917928,3917929
3917930,3917931,3917932,3917933,3917934,3917935,3917936,3917937,3917938,3917939,3917940,3917941,3917942,3917943,3917944,3917945,3917946,3917947,3917948,3917949
3917950,3917951,3917952,3917953,3917954,3917955,3917956,3917957,3917958,3917959,3917960,3917961,3917962,3917963,3917964,3917965,3917966,3917967,3917968,3917969
3917970,3917971,3917972,3917973,3917974,3917975,3917976,3917977,3917978,3917979,3917980,3917981,3917982,3917983,3917984,3917985,3917986,3917987,3917988,3917989
3917990,3917991,3917992,3917993,3917994,3917995,3917996,3917997,3917998,3917999,3918000,3918001,3918002,3918003,3918004,3918005,3918006,3918007,3918008,3918009
3918010,3918011,3918012,3918013,3918014,3918015,3918016,3918017,3918018,3918019,3918020,3918021,3918022,3918023,3918024,3918025,3918026,3918027,3918028,3918029
3918030,3918031,3918032,3918033,3918034,3918035,3918036,3918037,3918038,3918039,3918040,3918041,3918042,3918043,3918044,3918045,3918046,3918047,3918048,3918049
3918050,3918051,3918052,3918053,3918054,3918055,3918056,3918057,3918058,3918059,3918060,3918061,3918062,3918063,3918064,3918065,3918066,3918067,3918068,3918069
3918070,3918071,3918072,3918073,3918074,3918075,3918076,3918077,3918078,3918079,3918080,3918081,3918082,3918083,3918084,3918085,3918086,3918087,3918088,3918089
3918090,3918091,3918092,3918093,3918094,3918095,3918096,3918097,3918098,3918099,3918100,3918101,3918102,3918103,3918104,3918105,3918106,3918107,3918108,3918109
3918110,3918111,3918112,3918113,3918114,3918115,3918116,3918117,3918118,3918119,3918120,3918121,3918122,3918123,3918124,3918125,3918126,3918127,3918128,3918129
3918130,3918131,3918132,3918133,3918134,3918135,3918136,3918137,3918138,3918139,3918140,3918141,3918142,3918143,3918144,3918145,3918146,3918147,3918148,3918149
3918150,3918151,3918152,3918153,3918154,3918155,3918156,3918157,3918158,3918159,3918160,3918161,3918162,3918163,3918164,3918165,3918166,3918167,3918168,3918169
3918170,3918171,3918172,3918173,3918174,3918175,3918176,3918177,3918178,3918179,3918180,3918181,3918182,3918183,3918184,3918185,3918186,3918187,3918188,3918189
3918190,3918191,3918192,3918193,3918194,3918195,3918196,3918197,3918198,3918199,3918200,3918201,3918202,3918203,3918204,3918205,3918206,3918207,3918208,3918209
3918210,3918211,3918212,3918213,3918214,3918215,3918216,3918217,3918218,3918219,3918220,3918221,3918222,3918223,3918224,3918225,3918226,3918227,3918228,3918229
3918230,3918231,3918232,3918233,3918234,3918235,3918236,3918237,3918238,3918239,3918240,3918241,3918242,3918243,3918244,3918245,3918246,3918247,3918248,3918249
3918250,3918251,3918252,3918253,3918254,3918255,3918256,3918257,3918258,3918259,3918260,3918261,3918262,3918263,3918264,3918265,3918266,3918267,3918268,3918269
3918270,3918271,3918272,3918273,3918274,3918275,3918276,3918277,3918278,3918279,3918280,3918281,3918282,3918283,3918284,3918285,3918286,3918287,3918288,3918289
3918290,3918291,3918292,3918293,3918294,3918295,3918296,3918297,3918298,3918299,3918300,3918301,3918302,3918303,3918304,3918305,3918306,3918307,3918308,3918309
3918310,3918311,3918312,3918313,3918314,3918315,3918316,3918317,3918318,3918319,3918320,3918321,3918322,3918323,3918324,3918325,3918326,3918327,3918328,3918329
3918330,3918331,3918332,3918333,3918334,3918335,3918336,3918337,3918338,3918339,3918340,3918341,3918342,3918343,3918344,3918345,3918346,3918347,3918348,3918349
3918350,3918351,3918352,3918353,3918354,3918355,3918356,3918357,3918358,3918359,3918360,3918361,3918362,3918363,3918364,3918365,3918366,3918367,3918368,3918369
3918370,3918371,3918372,3918373,3918374,3918375,3918376,3918377,3918378,3918379,3918380,3918381,3918382,3918383,3918384,3918385,3918386,3918387,3918388,3918389
3918390,3918391,3918392,3918393,3918394,3918395,3918396,3918397,3918398,3918399,3918400,3918401,3918402,3918403,3918404,3918405,3918406,3918407,3918408,3918409
3918410,3918411,3918412,3918413,3918414,3918415,3918416,3918417,3918418,3918419,3918420,3918421,3918422,3918423,3918424,3918425,3918426,3918427,3918428,3918429
3918430,3918431,3918432,3918433,3918434,3918435,3918436,3918437,3918438,3918439,3918440,3918441,3918442,3918443,3918444,3918445,3918446,3918447,3918448,3918449
3918450,3918451,3918452,3918453,3918454,3918455,3918456,3918457,3918458,3918459,3918460,3918461,3918462,3918463,3918464,3918465,3918466,3918467,3918468,3918469
3918470,3918471,3918472,3918473,3918474,3918475,3918476,3918477,3918478,3918479,3918480,3918481,3918482,3918483,3918484,3918485,3918486,3918487,3918488,3918489
3918490,3918491,3918492,3918493,3918494,3918495,3918496,3918497,3918498,3918499,3918500,3918501,3918502,3918503,3918504,3918505,3918506,3918507,3918508,3918509
3918510,3918511,3918512,3918513,3918514,3918515,3918516,3918517,3918518,3918519,3918520,3918521,3918522,3918523,3918524,3918525,3918526,3918527,3918528,3918529
3918530,3918531,3918532,3918533,3918534,3918535,3918536,3918537,3918538,3918539,3918540,3918541,3918542,3918543,3918544,3918545,3918546,3918547,3918548,3918549
3918550,3918551,3918552,3918553,3918554,3918555,3918556,3918557,3918558,3918559,3918560,3918561,3918562,3918563,3918564,3918565,3918566,3918567,3918568,3918569
3918570,3918571,3918572,3918573,3918574,3918575,3918576,3918577,3918578,3918579,3918580,3918581,3918582,3918583,3918584,3918585,3918586,3918587,3918588,3918589
3918590,3918591,3918592,3918593,3918594,3918595,3918596,3918597,3918598,3918599,3918600,3918601,3918602,3918603,3918604,3918605,3918606,3918607,3918608,3918609
3918610,3918611,3918612,3918613,3918614,3918615,3918616,3918617,3918618,3918619,3918620,3918621,3918622,3918623,3918624,3918625,3918626,3918627,3918628,3918629
3918630,3918631,3918632,3918633,3918634,3918635,3918636,3918637,3918638,3918639,3918640,3918641,3918642,3918643,3918644,3918645,3918646,3918647,3918648,3918649
3918650,3918651,3918652,3918653,3918654,3918655,3918656,3918657,3918658,3918659,3918660,3918661,3918662,3918663,3918664,3918665,3918666,3918667,3918668,3918669
3918670,3918671,3918672,3918673,3918674,3918675,3918676,3918677,3918678,3918679,3918680,3918681,3918682,3918683,3918684,3918685,3918686,3918687,3918688,3918689
3918690,3918691,3918692,3918693,3918694,3918695,3918696,3918697,3918698,3918699,3918700,3918701,3918702,3918703,3918704,3918705,3918706,3918707,3918708,3918709
3918710,3918711,3918712,3918713,3918714,3918715,3918716,3918717,3918718,3918719,3918720,3918721,3918722,3918723,3918724,3918725,3918726,3918727,3918728,3918729
3918730,3918731,3918732,3918733,3918734,3918735,3918736,3918737,3918738,3918739,3918740,3918741,3918742,3918743,3918744,3918745,3918746,3918747,3918748,3918749
3918750,3918751,3918752,3918753,3918754,3918755,3918756,3918757,3918758,3918759,3918760,3918761,3918762,3918763,3918764,3918765,3918766,3918767,3918768,3918769
3918770,3918771,3918772,3918773,3918774,3918775,3918776,3918777,3918778,3918779,3918780,3918781,3918782,3918783,3918784,3918785,3918786,3918787,3918788,3918789
3918790,3918791,3918792,3918793,3918794,3918795,3918796,3918797,3918798,3918799,3918800,3918801,3918802,3918803,3918804,3918805,3918806,3918807,3918808,3918809
3918810,3918811,3918812,3918813,3918814,3918815,3918816,3918817,3918818,3918819,3918820,3918821,3918822,3918823,3918824,3918825,3918826,3918827,3918828,3918829
3918830,3918831,3918832,3918833,3918834,3918835,3918836,3918837,3918838,3918839,3918840,3918841,3918842,3918843,3918844,3918845,3918846,3918847,3918848,3918849
3918850,3918851,3918852,3918853,3918854,3918855,3918856,3918857,3918858,3918859,3918860,3918861,3918862,3918863,3918864,3918865,3918866,3918867,3918868,3918869
3918870,3918871,3918872,3918873,3918874,3918875,3918876,3918877,3918878,3918879,3918880,3918881,3918882,3918883,3918884,3918885,3918886,3918887,3918888,3918889
3918890,3918891,3918892,3918893,3918894,3918895,3918896,3918897,3918898,3918899,3918900,3918901,3918902,3918903,3918904,3918905,3918906,3918907,3918908,3918909
3918910,3918911,3918912,3918913,3918914,3918915,3918916,3918917,3918918,3918919,3918920,3918921,3918922,3918923,3918924,3918925,3918926,3918927,3918928,3918929
3918930,3918931,3918932,3918933,3918934,3918935,3918936,3918937,3918938,3918939,3918940,3918941,3918942,3918943,3918944,3918945,3918946,3918947,3918948,3918949
3918950,3918951,3918952,3918953,3918954,3918955,3918956,3918957,3918958,3918959,3918960,3918961,3918962,3918963,3918964,3918965,3918966,3918967,3918968,3918969
3918970,3918971,3918972,3918973,3918974,3918975,3918976,3918977,3918978,3918979,3918980,3918981,3918982,3918983,3918984,3918985,3918986,3918987,3918988,3918989
3918990,3918991,3918992,3918993,3918994,3918995,3918996,3918997,3918998,3918999,3919000,3919001,3919002,3919003,3919004,3919005,3919006,3919007,3919008,3919009
3919010,3919011,3919012,3919013,3919014,3919015,3919016,3919017,3919018,3919019,3919020,3919021,3919022,3919023,3919024,3919025,3919026,3919027,3919028,3919029
3919030,3919031,3919032,3919033,3919034,3919035,3919036,3919037,3919038,3919039,3919040,3919041,3919042,3919043,3919044,3919045,3919046,3919047,3919048,3919049
3919050,3919051,3919052,3919053,3919054,3919055,3919056,3919057,3919058,3919059,3919060,3919061,3919062,3919063,3919064,3919065,3919066,3919067,3919068,3919069
3919070,3919071,3919072,3919073,3919074,3919075,3919076,3919077,3919078,3919079,3919080,3919081,3919082,3919083,3919084,3919085,3919086,3919087,3919088,3919089
3919090,3919091,3919092,3919093,3919094,3919095,3919096,3919097,3919098,3919099,3919100,3919101,3919102,3919103,3919104,3919105,3919106,3919107,3919108,3919109
3919110,3919111,3919112,3919113,3919114,3919115,3919116,3919117,3919118,3919119,3919120,3919121,3919122,3919123,3919124,3919125,3919126,3919127,3919128,3919129
3919130,3919131,3919132,3919133,3919134,3919135,3919136,3919137,3919138,3919139,3919140,3919141,3919142,3919143,3919144,3919145,3919146,3919147,3919148,3919149
3919150,3919151,3919152,3919153,3919154,3919155,3919156,3919157,3919158,3919159,3919160,3919161,3919162,3919163,3919164,3919165,3919166,3919167,3919168,3919169
3919170,3919171,3919172,3919173,3919174,3919175,3919176,3919177,3919178,3919179,3919180,3919181,3919182,3919183,3919184,3919185,3919186,3919187,3919188,3919189
3919190,3919191,3919192,3919193,3919194,3919195,3919196,3919197,3919198,3919199,3919200,3919201,3919202,3919203,3919204,3919205,3919206,3919207,3919208,3919209
3919210,3919211,3919212,3919213,3919214,3919215,3919216,3919217,3919218,3919219,3919220,3919221,3919222,3919223,3919224,3919225,3919226,3919227,3919228,3919229
3919230,3919231,3919232,3919233,3919234,3919235,3919236,3919237,3919238,3919239,3919240,3919241,3919242,3919243,3919244,3919245,3919246,3919247,3919248,3919249
3919250,3919251,3919252,3919253,3919254,3919255,3919256,3919257,3919258,3919259,3919260,3919261,3919262,3919263,3919264,3919265,3919266,3919267,3919268,3919269
3919270,3919271,3919272,3919273,3919274,3919275,3919276,3919277,3919278,3919279,3919280,3919281,3919282,3919283,3919284,3919285,3919286,3919287,3919288,3919289
3919290,3919291,3919292,3919293,3919294,3919295,3919296,3919297,3919298,3919299,3919300,3919301,3919302,3919303,3919304,3919305,3919306,3919307,3919308,3919309
3919310,3919311,3919312,3919313,3919314,3919315,3919316,3919317,3919318,3919319,3919320,3919321,3919322,3919323,3919324,3919325,3919326,3919327,3919328,3919329
3919330,3919331,3919332,3919333,3919334,3919335,3919336,3919337,3919338,3919339,3919340,3919341,3919342,3919343,3919344,3919345,3919346,3919347,3919348,3919349
3919350,3919351,3919352,3919353,3919354,3919355,3919356,3919357,3919358,3919359,3919360,3919361,3919362,3919363,3919364,3919365,3919366,3919367,3919368,3919369
3919370,3919371,3919372,3919373,3919374,3919375,3919376,3919377,3919378,3919379,3919380,3919381,3919382,3919383,3919384,3919385,3919386,3919387,3919388,3919389
3919390,3919391,3919392,3919393,3919394,3919395,3919396,3919397,3919398,3919399,3919400,3919401,3919402,3919403,3919404,3919405,3919406,3919407,3919408,3919409
3919410,3919411,3919412,3919413,3919414,3919415,3919416,3919417,3919418,3919419,3919420,3919421,3919422,3919423,3919424,3919425,3919426,3919427,3919428,3919429
3919430,3919431,3919432,3919433,3919434,3919435,3919436,3919437,3919438,3919439,3919440,3919441,3919442,3919443,3919444,3919445,3919446,3919447,3919448,3919449
3919450,3919451,3919452,3919453,3919454,3919455,3919456,3919457,3919458,3919459,3919460,3919461,3919462,3919463,3919464,3919465,3919466,3919467,3919468,3919469
3919470,3919471,3919472,3919473,3919474,3919475,3919476,3919477,3919478,3919479,3919480,3919481,3919482,3919483,3919484,3919485,3919486,3919487,3919488,3919489
3919490,3919491,3919492,3919493,3919494,3919495,3919496,3919497,3919498,3919499,3919500,3919501,3919502,3919503,3919504,3919505,3919506,3919507,3919508,3919509
3919510,3919511,3919512,3919513,3919514,3919515,3919516,3919517,3919518,3919519,3919520,3919521,3919522,3919523,3919524,3919525,3919526,3919527,3919528,3919529
3919530,3919531,3919532,3919533,3919534,3919535,3919536,3919537,3919538,3919539,3919540,3919541,3919542,3919543,3919544,3919545,3919546,3919547,3919548,3919549
3919550,3919551,3919552,3919553,3919554,3919555,3919556,3919557,3919558,3919559,3919560,3919561,3919562,3919563,3919564,3919565,3919566,3919567,3919568,3919569
3919570,3919571,3919572,3919573,3919574,3919575,3919576,3919577,3919578,3919579,3919580,3919581,3919582,3919583,3919584,3919585,3919586,3919587,3919588,3919589
3919590,3919591,3919592,3919593,3919594,3919595,3919596,3919597,3919598,3919599,3919600,3919601,3919602,3919603,3919604,3919605,3919606,3919607,3919608,3919609
3919610,3919611,3919612,3919613,3919614,3919615,3919616,3919617,3919618,3919619,3919620,3919621,3919622,3919623,3919624,3919625,3919626,3919627,3919628,3919629
3919630,3919631,3919632,3919633,3919634,3919635,3919636,3919637,3919638,3919639,3919640,3919641,3919642,3919643,3919644,3919645,3919646,3919647,3919648,3919649
3919650,3919651,3919652,3919653,3919654,3919655,3919656,3919657,3919658,3919659,3919660,3919661,3919662,3919663,3919664,3919665,3919666,3919667,3919668,3919669
3919670,3919671,3919672,3919673,3919674,3919675,3919676,3919677,3919678,3919679,3919680,3919681,3919682,3919683,3919684,3919685,3919686,3919687,3919688,3919689
3919690,3919691,3919692,3919693,3919694,3919695,3919696,3919697,3919698,3919699,3919700,3919701,3919702,3919703,3919704,3919705,3919706,3919707,3919708,3919709
3919710,3919711,3919712,3919713,3919714,3919715,3919716,3919717,3919718,3919719,3919720,3919721,3919722,3919723,3919724,3919725,3919726,3919727,3919728,3919729
3919730,3919731,3919732,3919733,3919734,3919735,3919736,3919737,3919738,3919739,3919740,3919741,3919742,3919743,3919744,3919745,3919746,3919747,3919748,3919749
3919750,3919751,3919752,3919753,3919754,3919755,3919756,3919757,3919758,3919759,3919760,3919761,3919762,3919763,3919764,3919765,3919766,3919767,3919768,3919769
3919770,3919771,3919772,3919773,3919774,3919775,3919776,3919777,3919778,3919779,3919780,3919781,3919782,3919783,3919784,3919785,3919786,3919787,3919788,3919789
3919790,3919791,3919792,3919793,3919794,3919795,3919796,3919797,3919798,3919799,3919800,3919801,3919802,3919803,3919804,3919805,3919806,3919807,3919808,3919809
3919810,3919811,3919812,3919813,3919814,3919815,3919816,3919817,3919818,3919819,3919820,3919821,3919822,3919823,3919824,3919825,3919826,3919827,3919828,3919829
3919830,3919831,3919832,3919833,3919834,3919835,3919836,3919837,3919838,3919839,3919840,3919841,3919842,3919843,3919844,3919845,3919846,3919847,3919848,3919849
3919850,3919851,3919852,3919853,3919854,3919855,3919856,3919857,3919858,3919859,3919860,3919861,3919862,3919863,3919864,3919865,3919866,3919867,3919868,3919869
3919870,3919871,3919872,3919873,3919874,3919875,3919876,3919877,3919878,3919879,3919880,3919881,3919882,3919883,3919884,3919885,3919886,3919887,3919888,3919889
3919890,3919891,3919892,3919893,3919894,3919895,3919896,3919897,3919898,3919899,3919900,3919901,3919902,3919903,3919904,3919905,3919906,3919907,3919908,3919909
3919910,3919911,3919912,3919913,3919914,3919915,3919916,3919917,3919918,3919919,3919920,3919921,3919922,3919923,3919924,3919925,3919926,3919927,3919928,3919929
3919930,3919931,3919932,3919933,3919934,3919935,3919936,3919937,3919938,3919939,3919940,3919941,3919942,3919943,3919944,3919945,3919946,3919947,3919948,3919949
3919950,3919951,3919952,3919953,3919954,3919955,3919956,3919957,3919958,3919959,3919960,3919961,3919962,3919963,3919964,3919965,3919966,3919967,3919968,3919969
3919970,3919971,3919972,3919973,3919974,3919975,3919976,3919977,3919978,3919979,3919980,3919981,3919982,3919983,3919984,3919985,3919986,3919987,3919988,3919989
3919990,3919991,3919992,3919993,3919994,3919995,3919996,3919997,3919998,3919999,3920000,3920001,3920002,3920003,3920004,3920005,3920006,3920007,3920008,3920009
3920010,3920011,3920012,3920013,3920014,3920015,3920016,3920017,3920018,3920019,3920020,3920021,3920022,3920023,3920024,3920025,3920026,3920027,3920028,3920029
3920030,3920031,3920032,3920033,3920034,3920035,3920036,3920037,3920038,3920039,3920040,3920041,3920042,3920043,3920044,3920045,3920046,3920047,3920048,3920049
3920050,3920051,3920052,3920053,3920054,3920055,3920056,3920057,3920058,3920059,3920060,3920061,3920062,3920063,3920064,3920065,3920066,3920067,3920068,3920069
3920070,3920071,3920072,3920073,3920074,3920075,3920076,3920077,3920078,3920079,3920080,3920081,3920082,3920083,3920084,3920085,3920086,3920087,3920088,3920089
3920090,3920091,3920092,3920093,3920094,3920095,3920096,3920097,3920098,3920099,3920100,3920101,3920102,3920103,3920104,3920105,3920106,3920107,3920108,3920109
3920110,3920111,3920112,3920113,3920114,3920115,3920116,3920117,3920118,3920119,3920120,3920121,3920122,3920123,3920124,3920125,3920126,3920127,3920128,3920129
3920130,3920131,3920132,3920133,3920134,3920135,3920136,3920137,3920138,3920139,3920140,3920141,3920142,3920143,3920144,3920145,3920146,3920147,3920148,3920149
3920150,3920151,3920152,3920153,3920154,3920155,3920156,3920157,3920158,3920159,3920160,3920161,3920162,3920163,3920164,3920165,3920166,3920167,3920168,3920169
3920170,3920171,3920172,3920173,3920174,3920175,3920176,3920177,3920178,3920179,3920180,3920181,3920182,3920183,3920184,3920185,3920186,3920187,3920188,3920189
3920190,3920191,3920192,3920193,3920194,3920195,3920196,3920197,3920198,3920199,3920200,3920201,3920202,3920203,3920204,3920205,3920206,3920207,3920208,3920209
3920210,3920211,3920212,3920213,3920214,3920215,3920216,3920217,3920218,3920219,3920220,3920221,3920222,3920223,3920224,3920225,3920226,3920227,3920228,3920229
3920230,3920231,3920232,3920233,3920234,3920235,3920236,3920237,3920238,3920239,3920240,3920241,3920242,3920243,3920244,3920245,3920246,3920247,3920248,3920249
3920250,3920251,3920252,3920253,3920254,3920255,3920256,3920257,3920258,3920259,3920260,3920261,3920262,3920263,3920264,3920265,3920266,3920267,3920268,3920269
3920270,3920271,3920272,3920273,3920274,3920275,3920276,3920277,3920278,3920279,3920280,3920281,3920282,3920283,3920284,3920285,3920286,3920287,3920288,3920289
3920290,3920291,3920292,3920293,3920294,3920295,3920296,3920297,3920298,3920299,3920300,3920301,3920302,3920303,3920304,3920305,3920306,3920307,3920308,3920309
3920310,3920311,3920312,3920313,3920314,3920315,3920316,3920317,3920318,3920319,3920320,3920321,3920322,3920323,3920324,3920325,3920326,3920327,3920328,3920329
3920330,3920331,3920332,3920333,3920334,3920335,3920336,3920337,3920338,3920339,3920340,3920341,3920342,3920343,3920344,3920345,3920346,3920347,3920348,3920349
3920350,3920351,3920352,3920353,3920354,3920355,3920356,3920357,3920358,3920359,3920360,3920361,3920362,3920363,3920364,3920365,3920366,3920367,3920368,3920369
3920370,3920371,3920372,3920373,3920374,3920375,3920376,3920377,3920378,3920379,3920380,3920381,3920382,3920383,3920384,3920385,3920386,3920387,3920388,3920389
3920390,3920391,3920392,3920393,3920394,3920395,3920396,3920397,3920398,3920399,3920400,3920401,3920402,3920403,3920404,3920405,3920406,3920407,3920408,3920409
3920410,3920411,3920412,3920413,3920414,3920415,3920416,3920417,3920418,3920419,3920420,3920421,3920422,3920423,3920424,3920425,3920426,3920427,3920428,3920429
3920430,3920431,3920432,3920433,3920434,3920435,3920436,3920437,3920438,3920439,3920440,3920441,3920442,3920443,3920444,3920445,3920446,3920447,3920448,3920449
3920450,3920451,3920452,3920453,3920454,3920455,3920456,3920457,3920458,3920459,3920460,3920461,3920462,3920463,3920464,3920465,3920466,3920467,3920468,3920469
3920470,3920471,3920472,3920473,3920474,3920475,3920476,3920477,3920478,3920479,3920480,3920481,3920482,3920483,3920484,3920485,3920486,3920487,3920488,3920489
3920490,3920491,3920492,3920493,3920494,3920495,3920496,3920497,3920498,3920499,3920500,3920501,3920502,3920503,3920504,3920505,3920506,3920507,3920508,3920509
3920510,3920511,3920512,3920513,3920514,3920515,3920516,3920517,3920518,3920519,3920520,3920521,3920522,3920523,3920524,3920525,3920526,3920527,3920528,3920529
3920530,3920531,3920532,3920533,3920534,3920535,3920536,3920537,3920538,3920539,3920540,3920541,3920542,3920543,3920544,3920545,3920546,3920547,3920548,3920549
3920550,3920551,3920552,3920553,3920554,3920555,3920556,3920557,3920558,3920559,3920560,3920561,3920562,3920563,3920564,3920565,3920566,3920567,3920568,3920569
3920570,3920571,3920572,3920573,3920574,3920575,3920576,3920577,3920578,3920579,3920580,3920581,3920582,3920583,3920584,3920585,3920586,3920587,3920588,3920589
3920590,3920591,3920592,3920593,3920594,3920595,3920596,3920597,3920598,3920599,3920600,3920601,3920602,3920603,3920604,3920605,3920606,3920607,3920608,3920609
3920610,3920611,3920612,3920613,3920614,3920615,3920616,3920617,3920618,3920619,3920620,3920621,3920622,3920623,3920624,3920625,3920626,3920627,3920628,3920629
3920630,3920631,3920632,3920633,3920634,3920635,3920636,3920637,3920638,3920639,3920640,3920641,3920642,3920643,3920644,3920645,3920646,3920647,3920648,3920649
3920650,3920651,3920652,3920653,3920654,3920655,3920656,3920657,3920658,3920659,3920660,3920661,3920662,3920663,3920664,3920665,3920666,3920667,3920668,3920669
3920670,3920671,3920672,3920673,3920674,3920675,3920676,3920677,3920678,3920679,3920680,3920681,3920682,3920683,3920684,3920685,3920686,3920687,3920688,3920689
3920690,3920691,3920692,3920693,3920694,3920695,3920696,3920697,3920698,3920699,3920700,3920701,3920702,3920703,3920704,3920705,3920706,3920707,3920708,3920709
3920710,3920711,3920712,3920713,3920714,3920715,3920716,3920717,3920718,3920719,3920720,3920721,3920722,3920723,3920724,3920725,3920726,3920727,3920728,3920729
3920730,3920731,3920732,3920733,3920734,3920735,3920736,3920737,3920738,3920739,3920740,3920741,3920742,3920743,3920744,3920745,3920746,3920747,3920748,3920749
3920750,3920751,3920752,3920753,3920754,3920755,3920756,3920757,3920758,3920759,3920760,3920761,3920762,3920763,3920764,3920765,3920766,3920767,3920768,3920769
3920770,3920771,3920772,3920773,3920774,3920775,3920776,3920777,3920778,3920779,3920780,3920781,3920782,3920783,3920784,3920785,3920786,3920787,3920788,3920789
3920790,3920791,3920792,3920793,3920794,3920795,3920796,3920797,3920798,3920799,3920800,3920801,3920802,3920803,3920804,3920805,3920806,3920807,3920808,3920809
3920810,3920811,3920812,3920813,3920814,3920815,3920816,3920817,3920818,3920819,3920820,3920821,3920822,3920823,3920824,3920825,3920826,3920827,3920828,3920829
3920830,3920831,3920832,3920833,3920834,3920835,3920836,3920837,3920838,3920839,3920840,3920841,3920842,3920843,3920844,3920845,3920846,3920847,3920848,3920849
3920850,3920851,3920852,3920853,3920854,3920855,3920856,3920857,3920858,3920859,3920860,3920861,3920862,3920863,3920864,3920865,3920866,3920867,3920868,3920869
3920870,3920871,3920872,3920873,3920874,3920875,3920876,3920877,3920878,3920879,3920880,3920881,3920882,3920883,3920884,3920885,3920886,3920887,3920888,3920889
3920890,3920891,3920892,3920893,3920894,3920895,3920896,3920897,3920898,3920899,3920900,3920901,3920902,3920903,3920904,3920905,3920906,3920907,3920908,3920909
3920910,3920911,3920912,3920913,3920914,3920915,3920916,3920917,3920918,3920919,3920920,3920921,3920922,3920923,3920924,3920925,3920926,3920927,3920928,3920929
3920930,3920931,3920932,3920933,3920934,3920935,3920936,3920937,3920938,3920939,3920940,3920941,3920942,3920943,3920944,3920945,3920946,3920947,3920948,3920949
3920950,3920951,3920952,3920953,3920954,3920955,3920956,3920957,3920958,3920959,3920960,3920961,3920962,3920963,3920964,3920965,3920966,3920967,3920968,3920969
3920970,3920971,3920972,3920973,3920974,3920975,3920976,3920977,3920978,3920979,3920980,3920981,3920982,3920983,3920984,3920985,3920986,3920987,3920988,3920989
3920990,3920991,3920992,3920993,3920994,3920995,3920996,3920997,3920998,3920999,3921000,3921001,3921002,3921003,3921004,3921005,3921006,3921007,3921008,3921009
3921010,3921011,3921012,3921013,3921014,3921015,3921016,3921017,3921018,3921019,3921020,3921021,3921022,3921023,3921024,3921025,3921026,3921027,3921028,3921029
3921030,3921031,3921032,3921033,3921034,3921035,3921036,3921037,3921038,3921039,3921040,3921041,3921042,3921043,3921044,3921045,3921046,3921047,3921048,3921049
3921050,3921051,3921052,3921053,3921054,3921055,3921056,3921057,3921058,3921059,3921060,3921061,3921062,3921063,3921064,3921065,3921066,3921067,3921068,3921069
3921070,3921071,3921072,3921073,3921074,3921075,3921076,3921077,3921078,3921079,3921080,3921081,3921082,3921083,3921084,3921085,3921086,3921087,3921088,3921089
3921090,3921091,3921092,3921093,3921094,3921095,3921096,3921097,3921098,3921099,3921100,3921101,3921102,3921103,3921104,3921105,3921106,3921107,3921108,3921109
3921110,3921111,3921112,3921113,3921114,3921115,3921116,3921117,3921118,3921119,3921120,3921121,3921122,3921123,3921124,3921125,3921126,3921127,3921128,3921129
3921130,3921131,3921132,3921133,3921134,3921135,3921136,3921137,3921138,3921139,3921140,3921141,3921142,3921143,3921144,3921145,3921146,3921147,3921148,3921149
3921150,3921151,3921152,3921153,3921154,3921155,3921156,3921157,3921158,3921159,3921160,3921161,3921162,3921163,3921164,3921165,3921166,3921167,3921168,3921169
3921170,3921171,3921172,3921173,3921174,3921175,3921176,3921177,3921178,3921179,3921180,3921181,3921182,3921183,3921184,3921185,3921186,3921187,3921188,3921189
3921190,3921191,3921192,3921193,3921194,3921195,3921196,3921197,3921198,3921199,3921200,3921201,3921202,3921203,3921204,3921205,3921206,3921207,3921208,3921209
3921210,3921211,3921212,3921213,3921214,3921215,3921216,3921217,3921218,3921219,3921220,3921221,3921222,3921223,3921224,3921225,3921226,3921227,3921228,3921229
3921230,3921231,3921232,3921233,3921234,3921235,3921236,3921237,3921238,3921239,3921240,3921241,3921242,3921243,3921244,3921245,3921246,3921247,3921248,3921249
3921250,3921251,3921252,3921253,3921254,3921255,3921256,3921257,3921258,3921259,3921260,3921261,3921262,3921263,3921264,3921265,3921266,3921267,3921268,3921269
3921270,3921271,3921272,3921273,3921274,3921275,3921276,3921277,3921278,3921279,3921280,3921281,3921282,3921283,3921284,3921285,3921286,3921287,3921288,3921289
3921290,3921291,3921292,3921293,3921294,3921295,3921296,3921297,3921298,3921299,3921300,3921301,3921302,3921303,3921304,3921305,3921306,3921307,3921308,3921309
3921310,3921311,3921312,3921313,3921314,3921315,3921316,3921317,3921318,3921319,3921320,3921321,3921322,3921323,3921324,3921325,3921326,3921327,3921328,3921329
3921330,3921331,3921332,3921333,3921334,3921335,3921336,3921337,3921338,3921339,3921340,3921341,3921342,3921343,3921344,3921345,3921346,3921347,3921348,3921349
3921350,3921351,3921352,3921353,3921354,3921355,3921356,3921357,3921358,3921359,3921360,3921361,3921362,3921363,3921364,3921365,3921366,3921367,3921368,3921369
3921370,3921371,3921372,3921373,3921374,3921375,3921376,3921377,3921378,3921379,3921380,3921381,3921382,3921383,3921384,3921385,3921386,3921387,3921388,3921389
3921390,3921391,3921392,3921393,3921394,3921395,3921396,3921397,3921398,3921399,3921400,3921401,3921402,3921403,3921404,3921405,3921406,3921407,3921408,3921409
3921410,3921411,3921412,3921413,3921414,3921415,3921416,3921417,3921418,3921419,3921420,3921421,3921422,3921423,3921424,3921425,3921426,3921427,3921428,3921429
3921430,3921431,3921432,3921433,3921434,3921435,3921436,3921437,3921438,3921439,3921440,3921441,3921442,3921443,3921444,3921445,3921446,3921447,3921448,3921449
3921450,3921451,3921452,3921453,3921454,3921455,3921456,3921457,3921458,3921459,3921460,3921461,3921462,3921463,3921464,3921465,3921466,3921467,3921468,3921469
3921470,3921471,3921472,3921473,3921474,3921475,3921476,3921477,3921478,3921479,3921480,3921481,3921482,3921483,3921484,3921485,3921486,3921487,3921488,3921489
3921490,3921491,3921492,3921493,3921494,3921495,3921496,3921497,3921498,3921499,3921500,3921501,3921502,3921503,3921504,3921505,3921506,3921507,3921508,3921509
3921510,3921511,3921512,3921513,3921514,3921515,3921516,3921517,3921518,3921519,3921520,3921521,3921522,3921523,3921524,3921525,3921526,3921527,3921528,3921529
3921530,3921531,3921532,3921533,3921534,3921535,3921536,3921537,3921538,3921539,3921540,3921541,3921542,3921543,3921544,3921545,3921546,3921547,3921548,3921549
3921550,3921551,3921552,3921553,3921554,3921555,3921556,3921557,3921558,3921559,3921560,3921561,3921562,3921563,3921564,3921565,3921566,3921567,3921568,3921569
3921570,3921571,3921572,3921573,3921574,3921575,3921576,3921577,3921578,3921579,3921580,3921581,3921582,3921583,3921584,3921585,3921586,3921587,3921588,3921589
3921590,3921591,3921592,3921593,3921594,3921595,3921596,3921597,3921598,3921599,3921600,3921601,3921602,3921603,3921604,3921605,3921606,3921607,3921608,3921609
3921610,3921611,3921612,3921613,3921614,3921615,3921616,3921617,3921618,3921619,3921620,3921621,3921622,3921623,3921624,3921625,3921626,3921627,3921628,3921629
3921630,3921631,3921632,3921633,3921634,3921635,3921636,3921637,3921638,3921639,3921640,3921641,3921642,3921643,3921644,3921645,3921646,3921647,3921648,3921649
3921650,3921651,3921652,3921653,3921654,3921655,3921656,3921657,3921658,3921659,3921660,3921661,3921662,3921663,3921664,3921665,3921666,3921667,3921668,3921669
3921670,3921671,3921672,3921673,3921674,3921675,3921676,3921677,3921678,3921679,3921680,3921681,3921682,3921683,3921684,3921685,3921686,3921687,3921688,3921689
3921690,3921691,3921692,3921693,3921694,3921695,3921696,3921697,3921698,3921699,3921700,3921701,3921702,3921703,3921704,3921705,3921706,3921707,3921708,3921709
3921710,3921711,3921712,3921713,3921714,3921715,3921716,3921717,3921718,3921719,3921720,3921721,3921722,3921723,3921724,3921725,3921726,3921727,3921728,3921729
3921730,3921731,3921732,3921733,3921734,3921735,3921736,3921737,3921738,3921739,3921740,3921741,3921742,3921743,3921744,3921745,3921746,3921747,3921748,3921749
3921750,3921751,3921752,3921753,3921754,3921755,3921756,3921757,3921758,3921759,3921760,3921761,3921762,3921763,3921764,3921765,3921766,3921767,3921768,3921769
3921770,3921771,3921772,3921773,3921774,3921775,3921776,3921777,3921778,3921779,3921780,3921781,3921782,3921783,3921784,3921785,3921786,3921787,3921788,3921789
3921790,3921791,3921792,3921793,3921794,3921795,3921796,3921797,3921798,3921799,3921800,3921801,3921802,3921803,3921804,3921805,3921806,3921807,3921808,3921809
3921810,3921811,3921812,3921813,3921814,3921815,3921816,3921817,3921818,3921819,3921820,3921821,3921822,3921823,3921824,3921825,3921826,3921827,3921828,3921829
3921830,3921831,3921832,3921833,3921834,3921835,3921836,3921837,3921838,3921839,3921840,3921841,3921842,3921843,3921844,3921845,3921846,3921847,3921848,3921849
3921850,3921851,3921852,3921853,3921854,3921855,3921856,3921857,3921858,3921859,3921860,3921861,3921862,3921863,3921864,3921865,3921866,3921867,3921868,3921869
3921870,3921871,3921872,3921873,3921874,3921875,3921876,3921877,3921878,3921879,3921880,3921881,3921882,3921883,3921884,3921885,3921886,3921887,3921888,3921889
3921890,3921891,3921892,3921893,3921894,3921895,3921896,3921897,3921898,3921899,3921900,3921901,3921902,3921903,3921904,3921905,3921906,3921907,3921908,3921909
3921910,3921911,3921912,3921913,3921914,3921915,3921916,3921917,3921918,3921919,3921920,3921921,3921922,3921923,3921924,3921925,3921926,3921927,3921928,3921929
3921930,3921931,3921932,3921933,3921934,3921935,3921936,3921937,3921938,3921939,3921940,3921941,3921942,3921943,3921944,3921945,3921946,3921947,3921948,3921949
3921950,3921951,3921952,3921953,3921954,3921955,3921956,3921957,3921958,3921959,3921960,3921961,3921962,3921963,3921964,3921965,3921966,3921967,3921968,3921969
3921970,3921971,3921972,3921973,3921974,3921975,3921976,3921977,3921978,3921979,3921980,3921981,3921982,3921983,3921984,3921985,3921986,3921987,3921988,3921989
3921990,3921991,3921992,3921993,3921994,3921995,3921996,3921997,3921998,3921999,3922000,3922001,3922002,3922003,3922004,3922005,3922006,3922007,3922008,3922009
3922010,3922011,3922012,3922013,3922014,3922015,3922016,3922017,3922018,3922019,3922020,3922021,3922022,3922023,3922024,3922025,3922026,3922027,3922028,3922029
3922030,3922031,3922032,3922033,3922034,3922035,3922036,3922037,3922038,3922039,3922040,3922041,3922042,3922043,3922044,3922045,3922046,3922047,3922048,3922049
3922050,3922051,3922052,3922053,3922054,3922055,3922056,3922057,3922058,3922059,3922060,3922061,3922062,3922063,3922064,3922065,3922066,3922067,3922068,3922069
3922070,3922071,3922072,3922073,3922074,3922075,3922076,3922077,3922078,3922079,3922080,3922081,3922082,3922083,3922084,3922085,3922086,3922087,3922088,3922089
3922090,3922091,3922092,3922093,3922094,3922095,3922096,3922097,3922098,3922099,3922100,3922101,3922102,3922103,3922104,3922105,3922106,3922107,3922108,3922109
3922110,3922111,3922112,3922113,3922114,3922115,3922116,3922117,3922118,3922119,3922120,3922121,3922122,3922123,3922124,3922125,3922126,3922127,3922128,3922129
3922130,3922131,3922132,3922133,3922134,3922135,3922136,3922137,3922138,3922139,3922140,3922141,3922142,3922143,3922144,3922145,3922146,3922147,3922148,3922149
3922150,3922151,3922152,3922153,3922154,3922155,3922156,3922157,3922158,3922159,3922160,3922161,3922162,3922163,3922164,3922165,3922166,3922167,3922168,3922169
3922170,3922171,3922172,3922173,3922174,3922175,3922176,3922177,3922178,3922179,3922180,3922181,3922182,3922183,3922184,3922185,3922186,3922187,3922188,3922189
3922190,3922191,3922192,3922193,3922194,3922195,3922196,3922197,3922198,3922199,3922200,3922201,3922202,3922203,3922204,3922205,3922206,3922207,3922208,3922209
3922210,3922211,3922212,3922213,3922214,3922215,3922216,3922217,3922218,3922219,3922220,3922221,3922222,3922223,3922224,3922225,3922226,3922227,3922228,3922229
3922230,3922231,3922232,3922233,3922234,3922235,3922236,3922237,3922238,3922239,3922240,3922241,3922242,3922243,3922244,3922245,3922246,3922247,3922248,3922249
3922250,3922251,3922252,3922253,3922254,3922255,3922256,3922257,3922258,3922259,3922260,3922261,3922262,3922263,3922264,3922265,3922266,3922267,3922268,3922269
3922270,3922271,3922272,3922273,3922274,3922275,3922276,3922277,3922278,3922279,3922280,3922281,3922282,3922283,3922284,3922285,3922286,3922287,3922288,3922289
3922290,3922291,3922292,3922293,3922294,3922295,3922296,3922297,3922298,3922299,3922300,3922301,3922302,3922303,3922304,3922305,3922306,3922307,3922308,3922309
3922310,3922311,3922312,3922313,3922314,3922315,3922316,3922317,3922318,3922319,3922320,3922321,3922322,3922323,3922324,3922325,3922326,3922327,3922328,3922329
3922330,3922331,3922332,3922333,3922334,3922335,3922336,3922337,3922338,3922339,3922340,3922341,3922342,3922343,3922344,3922345,3922346,3922347,3922348,3922349
3922350,3922351,3922352,3922353,3922354,3922355,3922356,3922357,3922358,3922359,3922360,3922361,3922362,3922363,3922364,3922365,3922366,3922367,3922368,3922369
3922370,3922371,3922372,3922373,3922374,3922375,3922376,3922377,3922378,3922379,3922380,3922381,3922382,3922383,3922384,3922385,3922386,3922387,3922388,3922389
3922390,3922391,3922392,3922393,3922394,3922395,3922396,3922397,3922398,3922399,3922400,3922401,3922402,3922403,3922404,3922405,3922406,3922407,3922408,3922409
3922410,3922411,3922412,3922413,3922414,3922415,3922416,3922417,3922418,3922419,3922420,3922421,3922422,3922423,3922424,3922425,3922426,3922427,3922428,3922429
3922430,3922431,3922432,3922433,3922434,3922435,3922436,3922437,3922438,3922439,3922440,3922441,3922442,3922443,3922444,3922445,3922446,3922447,3922448,3922449
3922450,3922451,3922452,3922453,3922454,3922455,3922456,3922457,3922458,3922459,3922460,3922461,3922462,3922463,3922464,3922465,3922466,3922467,3922468,3922469
3922470,3922471,3922472,3922473,3922474,3922475,3922476,3922477,3922478,3922479,3922480,3922481,3922482,3922483,3922484,3922485,3922486,3922487,3922488,3922489
3922490,3922491,3922492,3922493,3922494,3922495,3922496,3922497,3922498,3922499,3922500,3922501,3922502,3922503,3922504,3922505,3922506,3922507,3922508,3922509
3922510,3922511,3922512,3922513,3922514,3922515,3922516,3922517,3922518,3922519,3922520,3922521,3922522,3922523,3922524,3922525,3922526,3922527,3922528,3922529
3922530,3922531,3922532,3922533,3922534,3922535,3922536,3922537,3922538,3922539,3922540,3922541,3922542,3922543,3922544,3922545,3922546,3922547,3922548,3922549
3922550,3922551,3922552,3922553,3922554,3922555,3922556,3922557,3922558,3922559,3922560,3922561,3922562,3922563,3922564,3922565,3922566,3922567,3922568,3922569
3922570,3922571,3922572,3922573,3922574,3922575,3922576,3922577,3922578,3922579,3922580,3922581,3922582,3922583,3922584,3922585,3922586,3922587,3922588,3922589
3922590,3922591,3922592,3922593,3922594,3922595,3922596,3922597,3922598,3922599,3922600,3922601,3922602,3922603,3922604,3922605,3922606,3922607,3922608,3922609
3922610,3922611,3922612,3922613,3922614,3922615,3922616,3922617,3922618,3922619,3922620,3922621,3922622,3922623,3922624,3922625,3922626,3922627,3922628,3922629
3922630,3922631,3922632,3922633,3922634,3922635,3922636,3922637,3922638,3922639,3922640,3922641,3922642,3922643,3922644,3922645,3922646,3922647,3922648,3922649
3922650,3922651,3922652,3922653,3922654,3922655,3922656,3922657,3922658,3922659,3922660,3922661,3922662,3922663,3922664,3922665,3922666,3922667,3922668,3922669
3922670,3922671,3922672,3922673,3922674,3922675,3922676,3922677,3922678,3922679,3922680,3922681,3922682,3922683,3922684,3922685,3922686,3922687,3922688,3922689
3922690,3922691,3922692,3922693,3922694,3922695,3922696,3922697,3922698,3922699,3922700,3922701,3922702,3922703,3922704,3922705,3922706,3922707,3922708,3922709
3922710,3922711,3922712,3922713,3922714,3922715,3922716,3922717,3922718,3922719,3922720,3922721,3922722,3922723,3922724,3922725,3922726,3922727,3922728,3922729
3922730,3922731,3922732,3922733,3922734,3922735,3922736,3922737,3922738,3922739,3922740,3922741,3922742,3922743,3922744,3922745,3922746,3922747,3922748,3922749
3922750,3922751,3922752,3922753,3922754,3922755,3922756,3922757,3922758,3922759,3922760,3922761,3922762,3922763,3922764,3922765,3922766,3922767,3922768,3922769
3922770,3922771,3922772,3922773,3922774,3922775,3922776,3922777,3922778,3922779,3922780,3922781,3922782,3922783,3922784,3922785,3922786,3922787,3922788,3922789
3922790,3922791,3922792,3922793,3922794,3922795,3922796,3922797,3922798,3922799,3922800,3922801,3922802,3922803,3922804,3922805,3922806,3922807,3922808,3922809
3922810,3922811,3922812,3922813,3922814,3922815,3922816,3922817,3922818,3922819,3922820,3922821,3922822,3922823,3922824,3922825,3922826,3922827,3922828,3922829
3922830,3922831,3922832,3922833,3922834,3922835,3922836,3922837,3922838,3922839,3922840,3922841,3922842,3922843,3922844,3922845,3922846,3922847,3922848,3922849
3922850,3922851,3922852,3922853,3922854,3922855,3922856,3922857,3922858,3922859,3922860,3922861,3922862,3922863,3922864,3922865,3922866,3922867,3922868,3922869
3922870,3922871,3922872,3922873,3922874,3922875,3922876,3922877,3922878,3922879,3922880,3922881,3922882,3922883,3922884,3922885,3922886,3922887,3922888,3922889
3922890,3922891,3922892,3922893,3922894,3922895,3922896,3922897,3922898,3922899,3922900,3922901,3922902,3922903,3922904,3922905,3922906,3922907,3922908,3922909
3922910,3922911,3922912,3922913,3922914,3922915,3922916,3922917,3922918,3922919,3922920,3922921,3922922,3922923,3922924,3922925,3922926,3922927,3922928,3922929
3922930,3922931,3922932,3922933,3922934,3922935,3922936,3922937,3922938,3922939,3922940,3922941,3922942,3922943,3922944,3922945,3922946,3922947,3922948,3922949
3922950,3922951,3922952,3922953,3922954,3922955,3922956,3922957,3922958,3922959,3922960,3922961,3922962,3922963,3922964,3922965,3922966,3922967,3922968,3922969
3922970,3922971,3922972,3922973,3922974,3922975,3922976,3922977,3922978,3922979,3922980,3922981,3922982,3922983,3922984,3922985,3922986,3922987,3922988,3922989
3922990,3922991,3922992,3922993,3922994,3922995,3922996,3922997,3922998,3922999,3923000,3923001,3923002,3923003,3923004,3923005,3923006,3923007,3923008,3923009
3923010,3923011,3923012,3923013,3923014,3923015,3923016,3923017,3923018,3923019,3923020,3923021,3923022,3923023,3923024,3923025,3923026,3923027,3923028,3923029
3923030,3923031,3923032,3923033,3923034,3923035,3923036,3923037,3923038,3923039,3923040,3923041,3923042,3923043,3923044,3923045,3923046,3923047,3923048,3923049
3923050,3923051,3923052,3923053,3923054,3923055,3923056,3923057,3923058,3923059,3923060,3923061,3923062,3923063,3923064,3923065,3923066,3923067,3923068,3923069
3923070,3923071,3923072,3923073,3923074,3923075,3923076,3923077,3923078,3923079,3923080,3923081,3923082,3923083,3923084,3923085,3923086,3923087,3923088,3923089
3923090,3923091,3923092,3923093,3923094,3923095,3923096,3923097,3923098,3923099,3923100,3923101,3923102,3923103,3923104,3923105,3923106,3923107,3923108,3923109
3923110,3923111,3923112,3923113,3923114,3923115,3923116,3923117,3923118,3923119,3923120,3923121,3923122,3923123,3923124,3923125,3923126,3923127,3923128,3923129
3923130,3923131,3923132,3923133,3923134,3923135,3923136,3923137,3923138,3923139,3923140,3923141,3923142,3923143,3923144,3923145,3923146,3923147,3923148,3923149
3923150,3923151,3923152,3923153,3923154,3923155,3923156,3923157,3923158,3923159,3923160,3923161,3923162,3923163,3923164,3923165,3923166,3923167,3923168,3923169
3923170,3923171,3923172,3923173,3923174,3923175,3923176,3923177,3923178,3923179,3923180,3923181,3923182,3923183,3923184,3923185,3923186,3923187,3923188,3923189
3923190,3923191,3923192,3923193,3923194,3923195,3923196,3923197,3923198,3923199,3923200,3923201,3923202,3923203,3923204,3923205,3923206,3923207,3923208,3923209
3923210,3923211,3923212,3923213,3923214,3923215,3923216,3923217,3923218,3923219,3923220,3923221,3923222,3923223,3923224,3923225,3923226,3923227,3923228,3923229
3923230,3923231,3923232,3923233,3923234,3923235,3923236,3923237,3923238,3923239,3923240,3923241,3923242,3923243,3923244,3923245,3923246,3923247,3923248,3923249
3923250,3923251,3923252,3923253,3923254,3923255,3923256,3923257,3923258,3923259,3923260,3923261,3923262,3923263,3923264,3923265,3923266,3923267,3923268,3923269
3923270,3923271,3923272,3923273,3923274,3923275,3923276,3923277,3923278,3923279,3923280,3923281,3923282,3923283,3923284,3923285,3923286,3923287,3923288,3923289
3923290,3923291,3923292,3923293,3923294,3923295,3923296,3923297,3923298,3923299,3923300,3923301,3923302,3923303,3923304,3923305,3923306,3923307,3923308,3923309
3923310,3923311,3923312,3923313,3923314,3923315,3923316,3923317,3923318,3923319,3923320,3923321,3923322,3923323,3923324,3923325,3923326,3923327,3923328,3923329
3923330,3923331,3923332,3923333,3923334,3923335,3923336,3923337,3923338,3923339,3923340,3923341,3923342,3923343,3923344,3923345,3923346,3923347,3923348,3923349
3923350,3923351,3923352,3923353,3923354,3923355,3923356,3923357,3923358,3923359,3923360,3923361,3923362,3923363,3923364,3923365,3923366,3923367,3923368,3923369
3923370,3923371,3923372,3923373,3923374,3923375,3923376,3923377,3923378,3923379,3923380,3923381,3923382,3923383,3923384,3923385,3923386,3923387,3923388,3923389
3923390,3923391,3923392,3923393,3923394,3923395,3923396,3923397,3923398,3923399,3923400,3923401,3923402,3923403,3923404,3923405,3923406,3923407,3923408,3923409
3923410,3923411,3923412,3923413,3923414,3923415,3923416,3923417,3923418,3923419,3923420,3923421,3923422,3923423,3923424,3923425,3923426,3923427,3923428,3923429
3923430,3923431,3923432,3923433,3923434,3923435,3923436,3923437,3923438,3923439,3923440,3923441,3923442,3923443,3923444,3923445,3923446,3923447,3923448,3923449
3923450,3923451,3923452,3923453,3923454,3923455,3923456,3923457,3923458,3923459,3923460,3923461,3923462,3923463,3923464,3923465,3923466,3923467,3923468,3923469
3923470,3923471,3923472,3923473,3923474,3923475,3923476,3923477,3923478,3923479,3923480,3923481,3923482,3923483,3923484,3923485,3923486,3923487,3923488,3923489
3923490,3923491,3923492,3923493,3923494,3923495,3923496,3923497,3923498,3923499,3923500,3923501,3923502,3923503,3923504,3923505,3923506,3923507,3923508,3923509
3923510,3923511,3923512,3923513,3923514,3923515,3923516,3923517,3923518,3923519,3923520,3923521,3923522,3923523,3923524,3923525,3923526,3923527,3923528,3923529
3923530,3923531,3923532,3923533,3923534,3923535,3923536,3923537,3923538,3923539,3923540,3923541,3923542,3923543,3923544,3923545,3923546,3923547,3923548,3923549
3923550,3923551,3923552,3923553,3923554,3923555,3923556,3923557,3923558,3923559,3923560,3923561,3923562,3923563,3923564,3923565,3923566,3923567,3923568,3923569
3923570,3923571,3923572,3923573,3923574,3923575,3923576,3923577,3923578,3923579,3923580,3923581,3923582,3923583,3923584,3923585,3923586,3923587,3923588,3923589
3923590,3923591,3923592,3923593,3923594,3923595,3923596,3923597,3923598,3923599,3923600,3923601,3923602,3923603,3923604,3923605,3923606,3923607,3923608,3923609
3923610,3923611,3923612,3923613,3923614,3923615,3923616,3923617,3923618,3923619,3923620,3923621,3923622,3923623,3923624,3923625,3923626,3923627,3923628,3923629
3923630,3923631,3923632,3923633,3923634,3923635,3923636,3923637,3923638,3923639,3923640,3923641,3923642,3923643,3923644,3923645,3923646,3923647,3923648,3923649
3923650,3923651,3923652,3923653,3923654,3923655,3923656,3923657,3923658,3923659,3923660,3923661,3923662,3923663,3923664,3923665,3923666,3923667,3923668,3923669
3923670,3923671,3923672,3923673,3923674,3923675,3923676,3923677,3923678,3923679,3923680,3923681,3923682,3923683,3923684,3923685,3923686,3923687,3923688,3923689
3923690,3923691,3923692,3923693,3923694,3923695,3923696,3923697,3923698,3923699,3923700,3923701,3923702,3923703,3923704,3923705,3923706,3923707,3923708,3923709
3923710,3923711,3923712,3923713,3923714,3923715,3923716,3923717,3923718,3923719,3923720,3923721,3923722,3923723,3923724,3923725,3923726,3923727,3923728,3923729
3923730,3923731,3923732,3923733,3923734,3923735,3923736,3923737,3923738,3923739,3923740,3923741,3923742,3923743,3923744,3923745,3923746,3923747,3923748,3923749
3923750,3923751,3923752,3923753,3923754,3923755,3923756,3923757,3923758,3923759,3923760,3923761,3923762,3923763,3923764,3923765,3923766,3923767,3923768,3923769
3923770,3923771,3923772,3923773,3923774,3923775,3923776,3923777,3923778,3923779,3923780,3923781,3923782,3923783,3923784,3923785,3923786,3923787,3923788,3923789
3923790,3923791,3923792,3923793,3923794,3923795,3923796,3923797,3923798,3923799,3923800,3923801,3923802,3923803,3923804,3923805,3923806,3923807,3923808,3923809
3923810,3923811,3923812,3923813,3923814,3923815,3923816,3923817,3923818,3923819,3923820,3923821,3923822,3923823,3923824,3923825,3923826,3923827,3923828,3923829
3923830,3923831,3923832,3923833,3923834,3923835,3923836,3923837,3923838,3923839,3923840,3923841,3923842,3923843,3923844,3923845,3923846,3923847,3923848,3923849
3923850,3923851,3923852,3923853,3923854,3923855,3923856,3923857,3923858,3923859,3923860,3923861,3923862,3923863,3923864,3923865,3923866,3923867,3923868,3923869
3923870,3923871,3923872,3923873,3923874,3923875,3923876,3923877,3923878,3923879,3923880,3923881,3923882,3923883,3923884,3923885,3923886,3923887,3923888,3923889
3923890,3923891,3923892,3923893,3923894,3923895,3923896,3923897,3923898,3923899,3923900,3923901,3923902,3923903,3923904,3923905,3923906,3923907,3923908,3923909
3923910,3923911,3923912,3923913,3923914,3923915,3923916,3923917,3923918,3923919,3923920,3923921,3923922,3923923,3923924,3923925,3923926,3923927,3923928,3923929
3923930,3923931,3923932,3923933,3923934,3923935,3923936,3923937,3923938,3923939,3923940,3923941,3923942,3923943,3923944,3923945,3923946,3923947,3923948,3923949
3923950,3923951,3923952,3923953,3923954,3923955,3923956,3923957,3923958,3923959,3923960,3923961,3923962,3923963,3923964,3923965,3923966,3923967,3923968,3923969
3923970,3923971,3923972,3923973,3923974,3923975,3923976,3923977,3923978,3923979,3923980,3923981,3923982,3923983,3923984,3923985,3923986,3923987,3923988,3923989
3923990,3923991,3923992,3923993,3923994,3923995,3923996,3923997,3923998,3923999,3924000,3924001,3924002,3924003,3924004,3924005,3924006,3924007,3924008,3924009
3924010,3924011,3924012,3924013,3924014,3924015,3924016,3924017,3924018,3924019,3924020,3924021,3924022,3924023,3924024,3924025,3924026,3924027,3924028,3924029
3924030,3924031,3924032,3924033,3924034,3924035,3924036,3924037,3924038,3924039,3924040,3924041,3924042,3924043,3924044,3924045,3924046,3924047,3924048,3924049
3924050,3924051,3924052,3924053,3924054,3924055,3924056,3924057,3924058,3924059,3924060,3924061,3924062,3924063,3924064,3924065,3924066,3924067,3924068,3924069
3924070,3924071,3924072,3924073,3924074,3924075,3924076,3924077,3924078,3924079,3924080,3924081,3924082,3924083,3924084,3924085,3924086,3924087,3924088,3924089
3924090,3924091,3924092,3924093,3924094,3924095,3924096,3924097,3924098,3924099,3924100,3924101,3924102,3924103,3924104,3924105,3924106,3924107,3924108,3924109
3924110,3924111,3924112,3924113,3924114,3924115,3924116,3924117,3924118,3924119,3924120,3924121,3924122,3924123,3924124,3924125,3924126,3924127,3924128,3924129
3924130,3924131,3924132,3924133,3924134,3924135,3924136,3924137,3924138,3924139,3924140,3924141,3924142,3924143,3924144,3924145,3924146,3924147,3924148,3924149
3924150,3924151,3924152,3924153,3924154,3924155,3924156,3924157,3924158,3924159,3924160,3924161,3924162,3924163,3924164,3924165,3924166,3924167,3924168,3924169
3924170,3924171,3924172,3924173,3924174,3924175,3924176,3924177,3924178,3924179,3924180,3924181,3924182,3924183,3924184,3924185,3924186,3924187,3924188,3924189
3924190,3924191,3924192,3924193,3924194,3924195,3924196,3924197,3924198,3924199,3924200,3924201,3924202,3924203,3924204,3924205,3924206,3924207,3924208,3924209
3924210,3924211,3924212,3924213,3924214,3924215,3924216,3924217,3924218,3924219,3924220,3924221,3924222,3924223,3924224,3924225,3924226,3924227,3924228,3924229
3924230,3924231,3924232,3924233,3924234,3924235,3924236,3924237,3924238,3924239,3924240,3924241,3924242,3924243,3924244,3924245,3924246,3924247,3924248,3924249
3924250,3924251,3924252,3924253,3924254,3924255,3924256,3924257,3924258,3924259,3924260,3924261,3924262,3924263,3924264,3924265,3924266,3924267,3924268,3924269
3924270,3924271,3924272,3924273,3924274,3924275,3924276,3924277,3924278,3924279,3924280,3924281,3924282,3924283,3924284,3924285,3924286,3924287,3924288,3924289
3924290,3924291,3924292,3924293,3924294,3924295,3924296,3924297,3924298,3924299,3924300,3924301,3924302,3924303,3924304,3924305,3924306,3924307,3924308,3924309
3924310,3924311,3924312,3924313,3924314,3924315,3924316,3924317,3924318,3924319,3924320,3924321,3924322,3924323,3924324,3924325,3924326,3924327,3924328,3924329
3924330,3924331,3924332,3924333,3924334,3924335,3924336,3924337,3924338,3924339,3924340,3924341,3924342,3924343,3924344,3924345,3924346,3924347,3924348,3924349
3924350,3924351,3924352,3924353,3924354,3924355,3924356,3924357,3924358,3924359,3924360,3924361,3924362,3924363,3924364,3924365,3924366,3924367,3924368,3924369
3924370,3924371,3924372,3924373,3924374,3924375,3924376,3924377,3924378,3924379,3924380,3924381,3924382,3924383,3924384,3924385,3924386,3924387,3924388,3924389
3924390,3924391,3924392,3924393,3924394,3924395,3924396,3924397,3924398,3924399,3924400,3924401,3924402,3924403,3924404,3924405,3924406,3924407,3924408,3924409
3924410,3924411,3924412,3924413,3924414,3924415,3924416,3924417,3924418,3924419,3924420,3924421,3924422,3924423,3924424,3924425,3924426,3924427,3924428,3924429
3924430,3924431,3924432,3924433,3924434,3924435,3924436,3924437,3924438,3924439,3924440,3924441,3924442,3924443,3924444,3924445,3924446,3924447,3924448,3924449
3924450,3924451,3924452,3924453,3924454,3924455,3924456,3924457,3924458,3924459,3924460,3924461,3924462,3924463,3924464,3924465,3924466,3924467,3924468,3924469
3924470,3924471,3924472,3924473,3924474,3924475,3924476,3924477,3924478,3924479,3924480,3924481,3924482,3924483,3924484,3924485,3924486,3924487,3924488,3924489
3924490,3924491,3924492,3924493,3924494,3924495,3924496,3924497,3924498,3924499,3924500,3924501,3924502,3924503,3924504,3924505,3924506,3924507,3924508,3924509
3924510,3924511,3924512,3924513,3924514,3924515,3924516,3924517,3924518,3924519,3924520,3924521,3924522,3924523,3924524,3924525,3924526,3924527,3924528,3924529
3924530,3924531,3924532,3924533,3924534,3924535,3924536,3924537,3924538,3924539,3924540,3924541,3924542,3924543,3924544,3924545,3924546,3924547,3924548,3924549
3924550,3924551,3924552,3924553,3924554,3924555,3924556,3924557,3924558,3924559,3924560,3924561,3924562,3924563,3924564,3924565,3924566,3924567,3924568,3924569
3924570,3924571,3924572,3924573,3924574,3924575,3924576,3924577,3924578,3924579,3924580,3924581,3924582,3924583,3924584,3924585,3924586,3924587,3924588,3924589
3924590,3924591,3924592,3924593,3924594,3924595,3924596,3924597,3924598,3924599,3924600,3924601,3924602,3924603,3924604,3924605,3924606,3924607,3924608,3924609
3924610,3924611,3924612,3924613,3924614,3924615,3924616,3924617,3924618,3924619,3924620,3924621,3924622,3924623,3924624,3924625,3924626,3924627,3924628,3924629
3924630,3924631,3924632,3924633,3924634,3924635,3924636,3924637,3924638,3924639,3924640,3924641,3924642,3924643,3924644,3924645,3924646,3924647,3924648,3924649
3924650,3924651,3924652,3924653,3924654,3924655,3924656,3924657,3924658,3924659,3924660,3924661,3924662,3924663,3924664,3924665,3924666,3924667,3924668,3924669
3924670,3924671,3924672,3924673,3924674,3924675,3924676,3924677,3924678,3924679,3924680,3924681,3924682,3924683,3924684,3924685,3924686,3924687,3924688,3924689
3924690,3924691,3924692,3924693,3924694,3924695,3924696,3924697,3924698,3924699,3924700,3924701,3924702,3924703,3924704,3924705,3924706,3924707,3924708,3924709
3924710,3924711,3924712,3924713,3924714,3924715,3924716,3924717,3924718,3924719,3924720,3924721,3924722,3924723,3924724,3924725,3924726,3924727,3924728,3924729
3924730,3924731,3924732,3924733,3924734,3924735,3924736,3924737,3924738,3924739,3924740,3924741,3924742,3924743,3924744,3924745,3924746,3924747,3924748,3924749
3924750,3924751,3924752,3924753,3924754,3924755,3924756,3924757,3924758,3924759,3924760,3924761,3924762,3924763,3924764,3924765,3924766,3924767,3924768,3924769
3924770,3924771,3924772,3924773,3924774,3924775,3924776,3924777,3924778,3924779,3924780,3924781,3924782,3924783,3924784,3924785,3924786,3924787,3924788,3924789
3924790,3924791,3924792,3924793,3924794,3924795,3924796,3924797,3924798,3924799,3924800,3924801,3924802,3924803,3924804,3924805,3924806,3924807,3924808,3924809
3924810,3924811,3924812,3924813,3924814,3924815,3924816,3924817,3924818,3924819,3924820,3924821,3924822,3924823,3924824,3924825,3924826,3924827,3924828,3924829
3924830,3924831,3924832,3924833,3924834,3924835,3924836,3924837,3924838,3924839,3924840,3924841,3924842,3924843,3924844,3924845,3924846,3924847,3924848,3924849
3924850,3924851,3924852,3924853,3924854,3924855,3924856,3924857,3924858,3924859,3924860,3924861,3924862,3924863,3924864,3924865,3924866,3924867,3924868,3924869
3924870,3924871,3924872,3924873,3924874,3924875,3924876,3924877,3924878,3924879,3924880,3924881,3924882,3924883,3924884,3924885,3924886,3924887,3924888,3924889
3924890,3924891,3924892,3924893,3924894,3924895,3924896,3924897,3924898,3924899,3924900,3924901,3924902,3924903,3924904,3924905,3924906,3924907,3924908,3924909
3924910,3924911,3924912,3924913,3924914,3924915,3924916,3924917,3924918,3924919,3924920,3924921,3924922,3924923,3924924,3924925,3924926,3924927,3924928,3924929
3924930,3924931,3924932,3924933,3924934,3924935,3924936,3924937,3924938,3924939,3924940,3924941,3924942,3924943,3924944,3924945,3924946,3924947,3924948,3924949
3924950,3924951,3924952,3924953,3924954,3924955,3924956,3924957,3924958,3924959,3924960,3924961,3924962,3924963,3924964,3924965,3924966,3924967,3924968,3924969
3924970,3924971,3924972,3924973,3924974,3924975,3924976,3924977,3924978,3924979,3924980,3924981,3924982,3924983,3924984,3924985,3924986,3924987,3924988,3924989
3924990,3924991,3924992,3924993,3924994,3924995,3924996,3924997,3924998,3924999,3925000,3925001,3925002,3925003,3925004,3925005,3925006,3925007,3925008,3925009
3925010,3925011,3925012,3925013,3925014,3925015,3925016,3925017,3925018,3925019,3925020,3925021,3925022,3925023,3925024,3925025,3925026,3925027,3925028,3925029
3925030,3925031,3925032,3925033,3925034,3925035,3925036,3925037,3925038,3925039,3925040,3925041,3925042,3925043,3925044,3925045,3925046,3925047,3925048,3925049
3925050,3925051,3925052,3925053,3925054,3925055,3925056,3925057,3925058,3925059,3925060,3925061,3925062,3925063,3925064,3925065,3925066,3925067,3925068,3925069
3925070,3925071,3925072,3925073,3925074,3925075,3925076,3925077,3925078,3925079,3925080,3925081,3925082,3925083,3925084,3925085,3925086,3925087,3925088,3925089
3925090,3925091,3925092,3925093,3925094,3925095,3925096,3925097,3925098,3925099,3925100,3925101,3925102,3925103,3925104,3925105,3925106,3925107,3925108,3925109
3925110,3925111,3925112,3925113,3925114,3925115,3925116,3925117,3925118,3925119,3925120,3925121,3925122,3925123,3925124,3925125,3925126,3925127,3925128,3925129
3925130,3925131,3925132,3925133,3925134,3925135,3925136,3925137,3925138,3925139,3925140,3925141,3925142,3925143,3925144,3925145,3925146,3925147,3925148,3925149
3925150,3925151,3925152,3925153,3925154,3925155,3925156,3925157,3925158,3925159,3925160,3925161,3925162,3925163,3925164,3925165,3925166,3925167,3925168,3925169
3925170,3925171,3925172,3925173,3925174,3925175,3925176,3925177,3925178,3925179,3925180,3925181,3925182,3925183,3925184,3925185,3925186,3925187,3925188,3925189
3925190,3925191,3925192,3925193,3925194,3925195,3925196,3925197,3925198,3925199,3925200,3925201,3925202,3925203,3925204,3925205,3925206,3925207,3925208,3925209
3925210,3925211,3925212,3925213,3925214,3925215,3925216,3925217,3925218,3925219,3925220,3925221,3925222,3925223,3925224,3925225,3925226,3925227,3925228,3925229
3925230,3925231,3925232,3925233,3925234,3925235,3925236,3925237,3925238,3925239,3925240,3925241,3925242,3925243,3925244,3925245,3925246,3925247,3925248,3925249
3925250,3925251,3925252,3925253,3925254,3925255,3925256,3925257,3925258,3925259,3925260,3925261,3925262,3925263,3925264,3925265,3925266,3925267,3925268,3925269
3925270,3925271,3925272,3925273,3925274,3925275,3925276,3925277,3925278,3925279,3925280,3925281,3925282,3925283,3925284,3925285,3925286,3925287,3925288,3925289
3925290,3925291,3925292,3925293,3925294,3925295,3925296,3925297,3925298,3925299,3925300,3925301,3925302,3925303,3925304,3925305,3925306,3925307,3925308,3925309
3925310,3925311,3925312,3925313,3925314,3925315,3925316,3925317,3925318,3925319,3925320,3925321,3925322,3925323,3925324,3925325,3925326,3925327,3925328,3925329
3925330,3925331,3925332,3925333,3925334,3925335,3925336,3925337,3925338,3925339,3925340,3925341,3925342,3925343,3925344,3925345,3925346,3925347,3925348,3925349
3925350,3925351,3925352,3925353,3925354,3925355,3925356,3925357,3925358,3925359,3925360,3925361,3925362,3925363,3925364,3925365,3925366,3925367,3925368,3925369
3925370,3925371,3925372,3925373,3925374,3925375,3925376,3925377,3925378,3925379,3925380,3925381,3925382,3925383,3925384,3925385,3925386,3925387,3925388,3925389
3925390,3925391,3925392,3925393,3925394,3925395,3925396,3925397,3925398,3925399,3925400,3925401,3925402,3925403,3925404,3925405,3925406,3925407,3925408,3925409
3925410,3925411,3925412,3925413,3925414,3925415,3925416,3925417,3925418,3925419,3925420,3925421,3925422,3925423,3925424,3925425,3925426,3925427,3925428,3925429
3925430,3925431,3925432,3925433,3925434,3925435,3925436,3925437,3925438,3925439,3925440,3925441,3925442,3925443,3925444,3925445,3925446,3925447,3925448,3925449
3925450,3925451,3925452,3925453,3925454,3925455,3925456,3925457,3925458,3925459,3925460,3925461,3925462,3925463,3925464,3925465,3925466,3925467,3925468,3925469
3925470,3925471,3925472,3925473,3925474,3925475,3925476,3925477,3925478,3925479,3925480,3925481,3925482,3925483,3925484,3925485,3925486,3925487,3925488,3925489
3925490,3925491,3925492,3925493,3925494,3925495,3925496,3925497,3925498,3925499,3925500,3925501,3925502,3925503,3925504,3925505,3925506,3925507,3925508,3925509
3925510,3925511,3925512,3925513,3925514,3925515,3925516,3925517,3925518,3925519,3925520,3925521,3925522,3925523,3925524,3925525,3925526,3925527,3925528,3925529
3925530,3925531,3925532,3925533,3925534,3925535,3925536,3925537,3925538,3925539,3925540,3925541,3925542,3925543,3925544,3925545,3925546,3925547,3925548,3925549
3925550,3925551,3925552,3925553,3925554,3925555,3925556,3925557,3925558,3925559,3925560,3925561,3925562,3925563,3925564,3925565,3925566,3925567,3925568,3925569
3925570,3925571,3925572,3925573,3925574,3925575,3925576,3925577,3925578,3925579,3925580,3925581,3925582,3925583,3925584,3925585,3925586,3925587,3925588,3925589
3925590,3925591,3925592,3925593,3925594,3925595,3925596,3925597,3925598,3925599,3925600,3925601,3925602,3925603,3925604,3925605,3925606,3925607,3925608,3925609
3925610,3925611,3925612,3925613,3925614,3925615,3925616,3925617,3925618,3925619,3925620,3925621,3925622,3925623,3925624,3925625,3925626,3925627,3925628,3925629
3925630,3925631,3925632,3925633,3925634,3925635,3925636,3925637,3925638,3925639,3925640,3925641,3925642,3925643,3925644,3925645,3925646,3925647,3925648,3925649
3925650,3925651,3925652,3925653,3925654,3925655,3925656,3925657,3925658,3925659,3925660,3925661,3925662,3925663,3925664,3925665,3925666,3925667,3925668,3925669
3925670,3925671,3925672,3925673,3925674,3925675,3925676,3925677,3925678,3925679,3925680,3925681,3925682,3925683,3925684,3925685,3925686,3925687,3925688,3925689
3925690,3925691,3925692,3925693,3925694,3925695,3925696,3925697,3925698,3925699,3925700,3925701,3925702,3925703,3925704,3925705,3925706,3925707,3925708,3925709
3925710,3925711,3925712,3925713,3925714,3925715,3925716,3925717,3925718,3925719,3925720,3925721,3925722,3925723,3925724,3925725,3925726,3925727,3925728,3925729
3925730,3925731,3925732,3925733,3925734,3925735,3925736,3925737,3925738,3925739,3925740,3925741,3925742,3925743,3925744,3925745,3925746,3925747,3925748,3925749
3925750,3925751,3925752,3925753,3925754,3925755,3925756,3925757,3925758,3925759,3925760,3925761,3925762,3925763,3925764,3925765,3925766,3925767,3925768,3925769
3925770,3925771,3925772,3925773,3925774,3925775,3925776,3925777,3925778,3925779,3925780,3925781,3925782,3925783,3925784,3925785,3925786,3925787,3925788,3925789
3925790,3925791,3925792,3925793,3925794,3925795,3925796,3925797,3925798,3925799,3925800,3925801,3925802,3925803,3925804,3925805,3925806,3925807,3925808,3925809
3925810,3925811,3925812,3925813,3925814,3925815,3925816,3925817,3925818,3925819,3925820,3925821,3925822,3925823,3925824,3925825,3925826,3925827,3925828,3925829
3925830,3925831,3925832,3925833,3925834,3925835,3925836,3925837,3925838,3925839,3925840,3925841,3925842,3925843,3925844,3925845,3925846,3925847,3925848,3925849
3925850,3925851,3925852,3925853,3925854,3925855,3925856,3925857,3925858,3925859,3925860,3925861,3925862,3925863,3925864,3925865,3925866,3925867,3925868,3925869
3925870,3925871,3925872,3925873,3925874,3925875,3925876,3925877,3925878,3925879,3925880,3925881,3925882,3925883,3925884,3925885,3925886,3925887,3925888,3925889
3925890,3925891,3925892,3925893,3925894,3925895,3925896,3925897,3925898,3925899,3925900,3925901,3925902,3925903,3925904,3925905,3925906,3925907,3925908,3925909
3925910,3925911,3925912,3925913,3925914,3925915,3925916,3925917,3925918,3925919,3925920,3925921,3925922,3925923,3925924,3925925,3925926,3925927,3925928,3925929
3925930,3925931,3925932,3925933,3925934,3925935,3925936,3925937,3925938,3925939,3925940,3925941,3925942,3925943,3925944,3925945,3925946,3925947,3925948,3925949
3925950,3925951,3925952,3925953,3925954,3925955,3925956,3925957,3925958,3925959,3925960,3925961,3925962,3925963,3925964,3925965,3925966,3925967,3925968,3925969
3925970,3925971,3925972,3925973,3925974,3925975,3925976,3925977,3925978,3925979,3925980,3925981,3925982,3925983,3925984,3925985,3925986,3925987,3925988,3925989
3925990,3925991,3925992,3925993,3925994,3925995,3925996,3925997,3925998,3925999,3926000,3926001,3926002,3926003,3926004,3926005,3926006,3926007,3926008,3926009
3926010,3926011,3926012,3926013,3926014,3926015,3926016,3926017,3926018,3926019,3926020,3926021,3926022,3926023,3926024,3926025,3926026,3926027,3926028,3926029
3926030,3926031,3926032,3926033,3926034,3926035,3926036,3926037,3926038,3926039,3926040,3926041,3926042,3926043,3926044,3926045,3926046,3926047,3926048,3926049
3926050,3926051,3926052,3926053,3926054,3926055,3926056,3926057,3926058,3926059,3926060,3926061,3926062,3926063,3926064,3926065,3926066,3926067,3926068,3926069
3926070,3926071,3926072,3926073,3926074,3926075,3926076,3926077,3926078,3926079,3926080,3926081,3926082,3926083,3926084,3926085,3926086,3926087,3926088,3926089
3926090,3926091,3926092,3926093,3926094,3926095,3926096,3926097,3926098,3926099,3926100,3926101,3926102,3926103,3926104,3926105,3926106,3926107,3926108,3926109
3926110,3926111,3926112,3926113,3926114,3926115,3926116,3926117,3926118,3926119,3926120,3926121,3926122,3926123,3926124,3926125,3926126,3926127,3926128,3926129
3926130,3926131,3926132,3926133,3926134,3926135,3926136,3926137,3926138,3926139,3926140,3926141,3926142,3926143,3926144,3926145,3926146,3926147,3926148,3926149
3926150,3926151,3926152,3926153,3926154,3926155,3926156,3926157,3926158,3926159,3926160,3926161,3926162,3926163,3926164,3926165,3926166,3926167,3926168,3926169
3926170,3926171,3926172,3926173,3926174,3926175,3926176,3926177,3926178,3926179,3926180,3926181,3926182,3926183,3926184,3926185,3926186,3926187,3926188,3926189
3926190,3926191,3926192,3926193,3926194,3926195,3926196,3926197,3926198,3926199,3926200,3926201,3926202,3926203,3926204,3926205,3926206,3926207,3926208,3926209
3926210,3926211,3926212,3926213,3926214,3926215,3926216,3926217,3926218,3926219,3926220,3926221,3926222,3926223,3926224,3926225,3926226,3926227,3926228,3926229
3926230,3926231,3926232,3926233,3926234,3926235,3926236,3926237,3926238,3926239,3926240,3926241,3926242,3926243,3926244,3926245,3926246,3926247,3926248,3926249
3926250,3926251,3926252,3926253,3926254,3926255,3926256,3926257,3926258,3926259,3926260,3926261,3926262,3926263,3926264,3926265,3926266,3926267,3926268,3926269
3926270,3926271,3926272,3926273,3926274,3926275,3926276,3926277,3926278,3926279,3926280,3926281,3926282,3926283,3926284,3926285,3926286,3926287,3926288,3926289
3926290,3926291,3926292,3926293,3926294,3926295,3926296,3926297,3926298,3926299,3926300,3926301,3926302,3926303,3926304,3926305,3926306,3926307,3926308,3926309
3926310,3926311,3926312,3926313,3926314,3926315,3926316,3926317,3926318,3926319,3926320,3926321,3926322,3926323,3926324,3926325,3926326,3926327,3926328,3926329
3926330,3926331,3926332,3926333,3926334,3926335,3926336,3926337,3926338,3926339,3926340,3926341,3926342,3926343,3926344,3926345,3926346,3926347,3926348,3926349
3926350,3926351,3926352,3926353,3926354,3926355,3926356,3926357,3926358,3926359,3926360,3926361,3926362,3926363,3926364,3926365,3926366,3926367,3926368,3926369
3926370,3926371,3926372,3926373,3926374,3926375,3926376,3926377,3926378,3926379,3926380,3926381,3926382,3926383,3926384,3926385,3926386,3926387,3926388,3926389
3926390,3926391,3926392,3926393,3926394,3926395,3926396,3926397,3926398,3926399,3926400,3926401,3926402,3926403,3926404,3926405,3926406,3926407,3926408,3926409
3926410,3926411,3926412,3926413,3926414,3926415,3926416,3926417,3926418,3926419,3926420,3926421,3926422,3926423,3926424,3926425,3926426,3926427,3926428,3926429
3926430,3926431,3926432,3926433,3926434,3926435,3926436,3926437,3926438,3926439,3926440,3926441,3926442,3926443,3926444,3926445,3926446,3926447,3926448,3926449
3926450,3926451,3926452,3926453,3926454,3926455,3926456,3926457,3926458,3926459,3926460,3926461,3926462,3926463,3926464,3926465,3926466,3926467,3926468,3926469
3926470,3926471,3926472,3926473,3926474,3926475,3926476,3926477,3926478,3926479,3926480,3926481,3926482,3926483,3926484,3926485,3926486,3926487,3926488,3926489
3926490,3926491,3926492,3926493,3926494,3926495,3926496,3926497,3926498,3926499,3926500,3926501,3926502,3926503,3926504,3926505,3926506,3926507,3926508,3926509
3926510,3926511,3926512,3926513,3926514,3926515,3926516,3926517,3926518,3926519,3926520,3926521,3926522,3926523,3926524,3926525,3926526,3926527,3926528,3926529
3926530,3926531,3926532,3926533,3926534,3926535,3926536,3926537,3926538,3926539,3926540,3926541,3926542,3926543,3926544,3926545,3926546,3926547,3926548,3926549
3926550,3926551,3926552,3926553,3926554,3926555,3926556,3926557,3926558,3926559,3926560,3926561,3926562,3926563,3926564,3926565,3926566,3926567,3926568,3926569
3926570,3926571,3926572,3926573,3926574,3926575,3926576,3926577,3926578,3926579,3926580,3926581,3926582,3926583,3926584,3926585,3926586,3926587,3926588,3926589
3926590,3926591,3926592,3926593,3926594,3926595,3926596,3926597,3926598,3926599,3926600,3926601,3926602,3926603,3926604,3926605,3926606,3926607,3926608,3926609
3926610,3926611,3926612,3926613,3926614,3926615,3926616,3926617,3926618,3926619,3926620,3926621,3926622,3926623,3926624,3926625,3926626,3926627,3926628,3926629
3926630,3926631,3926632,3926633,3926634,3926635,3926636,3926637,3926638,3926639,3926640,3926641,3926642,3926643,3926644,3926645,3926646,3926647,3926648,3926649
3926650,3926651,3926652,3926653,3926654,3926655,3926656,3926657,3926658,3926659,3926660,3926661,3926662,3926663,3926664,3926665,3926666,3926667,3926668,3926669
3926670,3926671,3926672,3926673,3926674,3926675,3926676,3926677,3926678,3926679,3926680,3926681,3926682,3926683,3926684,3926685,3926686,3926687,3926688,3926689
3926690,3926691,3926692,3926693,3926694,3926695,3926696,3926697,3926698,3926699,3926700,3926701,3926702,3926703,3926704,3926705,3926706,3926707,3926708,3926709
3926710,3926711,3926712,3926713,3926714,3926715,3926716,3926717,3926718,3926719,3926720,3926721,3926722,3926723,3926724,3926725,3926726,3926727,3926728,3926729
3926730,3926731,3926732,3926733,3926734,3926735,3926736,3926737,3926738,3926739,3926740,3926741,3926742,3926743,3926744,3926745,3926746,3926747,3926748,3926749
3926750,3926751,3926752,3926753,3926754,3926755,3926756,3926757,3926758,3926759,3926760,3926761,3926762,3926763,3926764,3926765,3926766,3926767,3926768,3926769
3926770,3926771,3926772,3926773,3926774,3926775,3926776,3926777,3926778,3926779,3926780,3926781,3926782,3926783,3926784,3926785,3926786,3926787,3926788,3926789
3926790,3926791,3926792,3926793,3926794,3926795,3926796,3926797,3926798,3926799,3926800,3926801,3926802,3926803,3926804,3926805,3926806,3926807,3926808,3926809
3926810,3926811,3926812,3926813,3926814,3926815,3926816,3926817,3926818,3926819,3926820,3926821,3926822,3926823,3926824,3926825,3926826,3926827,3926828,3926829
3926830,3926831,3926832,3926833,3926834,3926835,3926836,3926837,3926838,3926839,3926840,3926841,3926842,3926843,3926844,3926845,3926846,3926847,3926848,3926849
3926850,3926851,3926852,3926853,3926854,3926855,3926856,3926857,3926858,3926859,3926860,3926861,3926862,3926863,3926864,3926865,3926866,3926867,3926868,3926869
3926870,3926871,3926872,3926873,3926874,3926875,3926876,3926877,3926878,3926879,3926880,3926881,3926882,3926883,3926884,3926885,3926886,3926887,3926888,3926889
3926890,3926891,3926892,3926893,3926894,3926895,3926896,3926897,3926898,3926899,3926900,3926901,3926902,3926903,3926904,3926905,3926906,3926907,3926908,3926909
3926910,3926911,3926912,3926913,3926914,3926915,3926916,3926917,3926918,3926919,3926920,3926921,3926922,3926923,3926924,3926925,3926926,3926927,3926928,3926929
3926930,3926931,3926932,3926933,3926934,3926935,3926936,3926937,3926938,3926939,3926940,3926941,3926942,3926943,3926944,3926945,3926946,3926947,3926948,3926949
3926950,3926951,3926952,3926953,3926954,3926955,3926956,3926957,3926958,3926959,3926960,3926961,3926962,3926963,3926964,3926965,3926966,3926967,3926968,3926969
3926970,3926971,3926972,3926973,3926974,3926975,3926976,3926977,3926978,3926979,3926980,3926981,3926982,3926983,3926984,3926985,3926986,3926987,3926988,3926989
3926990,3926991,3926992,3926993,3926994,3926995,3926996,3926997,3926998,3926999,3927000,3927001,3927002,3927003,3927004,3927005,3927006,3927007,3927008,3927009
3927010,3927011,3927012,3927013,3927014,3927015,3927016,3927017,3927018,3927019,3927020,3927021,3927022,3927023,3927024,3927025,3927026,3927027,3927028,3927029
3927030,3927031,3927032,3927033,3927034,3927035,3927036,3927037,3927038,3927039,3927040,3927041,3927042,3927043,3927044,3927045,3927046,3927047,3927048,3927049
3927050,3927051,3927052,3927053,3927054,3927055,3927056,3927057,3927058,3927059,3927060,3927061,3927062,3927063,3927064,3927065,3927066,3927067,3927068,3927069
3927070,3927071,3927072,3927073,3927074,3927075,3927076,3927077,3927078,3927079,3927080,3927081,3927082,3927083,3927084,3927085,3927086,3927087,3927088,3927089
3927090,3927091,3927092,3927093,3927094,3927095,3927096,3927097,3927098,3927099,3927100,3927101,3927102,3927103,3927104,3927105,3927106,3927107,3927108,3927109
3927110,3927111,3927112,3927113,3927114,3927115,3927116,3927117,3927118,3927119,3927120,3927121,3927122,3927123,3927124,3927125,3927126,3927127,3927128,3927129
3927130,3927131,3927132,3927133,3927134,3927135,3927136,3927137,3927138,3927139,3927140,3927141,3927142,3927143,3927144,3927145,3927146,3927147,3927148,3927149
3927150,3927151,3927152,3927153,3927154,3927155,3927156,3927157,3927158,3927159,3927160,3927161,3927162,3927163,3927164,3927165,3927166,3927167,3927168,3927169
3927170,3927171,3927172,3927173,3927174,3927175,3927176,3927177,3927178,3927179,3927180,3927181,3927182,3927183,3927184,3927185,3927186,3927187,3927188,3927189
3927190,3927191,3927192,3927193,3927194,3927195,3927196,3927197,3927198,3927199,3927200,3927201,3927202,3927203,3927204,3927205,3927206,3927207,3927208,3927209
3927210,3927211,3927212,3927213,3927214,3927215,3927216,3927217,3927218,3927219,3927220,3927221,3927222,3927223,3927224,3927225,3927226,3927227,3927228,3927229
3927230,3927231,3927232,3927233,3927234,3927235,3927236,3927237,3927238,3927239,3927240,3927241,3927242,3927243,3927244,3927245,3927246,3927247,3927248,3927249
3927250,3927251,3927252,3927253,3927254,3927255,3927256,3927257,3927258,3927259,3927260,3927261,3927262,3927263,3927264,3927265,3927266,3927267,3927268,3927269
3927270,3927271,3927272,3927273,3927274,3927275,3927276,3927277,3927278,3927279,3927280,3927281,3927282,3927283,3927284,3927285,3927286,3927287,3927288,3927289
3927290,3927291,3927292,3927293,3927294,3927295,3927296,3927297,3927298,3927299,3927300,3927301,3927302,3927303,3927304,3927305,3927306,3927307,3927308,3927309
3927310,3927311,3927312,3927313,3927314,3927315,3927316,3927317,3927318,3927319,3927320,3927321,3927322,3927323,3927324,3927325,3927326,3927327,3927328,3927329
3927330,3927331,3927332,3927333,3927334,3927335,3927336,3927337,3927338,3927339,3927340,3927341,3927342,3927343,3927344,3927345,3927346,3927347,3927348,3927349
3927350,3927351,3927352,3927353,3927354,3927355,3927356,3927357,3927358,3927359,3927360,3927361,3927362,3927363,3927364,3927365,3927366,3927367,3927368,3927369
3927370,3927371,3927372,3927373,3927374,3927375,3927376,3927377,3927378,3927379,3927380,3927381,3927382,3927383,3927384,3927385,3927386,3927387,3927388,3927389
3927390,3927391,3927392,3927393,3927394,3927395,3927396,3927397,3927398,3927399,3927400,3927401,3927402,3927403,3927404,3927405,3927406,3927407,3927408,3927409
3927410,3927411,3927412,3927413,3927414,3927415,3927416,3927417,3927418,3927419,3927420,3927421,3927422,3927423,3927424,3927425,3927426,3927427,3927428,3927429
3927430,3927431,3927432,3927433,3927434,3927435,3927436,3927437,3927438,3927439,3927440,3927441,3927442,3927443,3927444,3927445,3927446,3927447,3927448,3927449
3927450,3927451,3927452,3927453,3927454,3927455,3927456,3927457,3927458,3927459,3927460,3927461,3927462,3927463,3927464,3927465,3927466,3927467,3927468,3927469
3927470,3927471,3927472,3927473,3927474,3927475,3927476,3927477,3927478,3927479,3927480,3927481,3927482,3927483,3927484,3927485,3927486,3927487,3927488,3927489
3927490,3927491,3927492,3927493,3927494,3927495,3927496,3927497,3927498,3927499,3927500,3927501,3927502,3927503,3927504,3927505,3927506,3927507,3927508,3927509
3927510,3927511,3927512,3927513,3927514,3927515,3927516,3927517,3927518,3927519,3927520,3927521,3927522,3927523,3927524,3927525,3927526,3927527,3927528,3927529
3927530,3927531,3927532,3927533,3927534,3927535,3927536,3927537,3927538,3927539,3927540,3927541,3927542,3927543,3927544,3927545,3927546,3927547,3927548,3927549
3927550,3927551,3927552,3927553,3927554,3927555,3927556,3927557,3927558,3927559,3927560,3927561,3927562,3927563,3927564,3927565,3927566,3927567,3927568,3927569
3927570,3927571,3927572,3927573,3927574,3927575,3927576,3927577,3927578,3927579,3927580,3927581,3927582,3927583,3927584,3927585,3927586,3927587,3927588,3927589
3927590,3927591,3927592,3927593,3927594,3927595,3927596,3927597,3927598,3927599,3927600,3927601,3927602,3927603,3927604,3927605,3927606,3927607,3927608,3927609
3927610,3927611,3927612,3927613,3927614,3927615,3927616,3927617,3927618,3927619,3927620,3927621,3927622,3927623,3927624,3927625,3927626,3927627,3927628,3927629
3927630,3927631,3927632,3927633,3927634,3927635,3927636,3927637,3927638,3927639,3927640,3927641,3927642,3927643,3927644,3927645,3927646,3927647,3927648,3927649
3927650,3927651,3927652,3927653,3927654,3927655,3927656,3927657,3927658,3927659,3927660,3927661,3927662,3927663,3927664,3927665,3927666,3927667,3927668,3927669
3927670,3927671,3927672,3927673,3927674,3927675,3927676,3927677,3927678,3927679,3927680,3927681,3927682,3927683,3927684,3927685,3927686,3927687,3927688,3927689
3927690,3927691,3927692,3927693,3927694,3927695,3927696,3927697,3927698,3927699,3927700,3927701,3927702,3927703,3927704,3927705,3927706,3927707,3927708,3927709
3927710,3927711,3927712,3927713,3927714,3927715,3927716,3927717,3927718,3927719,3927720,3927721,3927722,3927723,3927724,3927725,3927726,3927727,3927728,3927729
3927730,3927731,3927732,3927733,3927734,3927735,3927736,3927737,3927738,3927739,3927740,3927741,3927742,3927743,3927744,3927745,3927746,3927747,3927748,3927749
3927750,3927751,3927752,3927753,3927754,3927755,3927756,3927757,3927758,3927759,3927760,3927761,3927762,3927763,3927764,3927765,3927766,3927767,3927768,3927769
3927770,3927771,3927772,3927773,3927774,3927775,3927776,3927777,3927778,3927779,3927780,3927781,3927782,3927783,3927784,3927785,3927786,3927787,3927788,3927789
3927790,3927791,3927792,3927793,3927794,3927795,3927796,3927797,3927798,3927799,3927800,3927801,3927802,3927803,3927804,3927805,3927806,3927807,3927808,3927809
3927810,3927811,3927812,3927813,3927814,3927815,3927816,3927817,3927818,3927819,3927820,3927821,3927822,3927823,3927824,3927825,3927826,3927827,3927828,3927829
3927830,3927831,3927832,3927833,3927834,3927835,3927836,3927837,3927838,3927839,3927840,3927841,3927842,3927843,3927844,3927845,3927846,3927847,3927848,3927849
3927850,3927851,3927852,3927853,3927854,3927855,3927856,3927857,3927858,3927859,3927860,3927861,3927862,3927863,3927864,3927865,3927866,3927867,3927868,3927869
3927870,3927871,3927872,3927873,3927874,3927875,3927876,3927877,3927878,3927879,3927880,3927881,3927882,3927883,3927884,3927885,3927886,3927887,3927888,3927889
3927890,3927891,3927892,3927893,3927894,3927895,3927896,3927897,3927898,3927899,3927900,3927901,3927902,3927903,3927904,3927905,3927906,3927907,3927908,3927909
3927910,3927911,3927912,3927913,3927914,3927915,3927916,3927917,3927918,3927919,3927920,3927921,3927922,3927923,3927924,3927925,3927926,3927927,3927928,3927929
3927930,3927931,3927932,3927933,3927934,3927935,3927936,3927937,3927938,3927939,3927940,3927941,3927942,3927943,3927944,3927945,3927946,3927947,3927948,3927949
3927950,3927951,3927952,3927953,3927954,3927955,3927956,3927957,3927958,3927959,3927960,3927961,3927962,3927963,3927964,3927965,3927966,3927967,3927968,3927969
3927970,3927971,3927972,3927973,3927974,3927975,3927976,3927977,3927978,3927979,3927980,3927981,3927982,3927983,3927984,3927985,3927986,3927987,3927988,3927989
3927990,3927991,3927992,3927993,3927994,3927995,3927996,3927997,3927998,3927999,3928000,3928001,3928002,3928003,3928004,3928005,3928006,3928007,3928008,3928009
3928010,3928011,3928012,3928013,3928014,3928015,3928016,3928017,3928018,3928019,3928020,3928021,3928022,3928023,3928024,3928025,3928026,3928027,3928028,3928029
3928030,3928031,3928032,3928033,3928034,3928035,3928036,3928037,3928038,3928039,3928040,3928041,3928042,3928043,3928044,3928045,3928046,3928047,3928048,3928049
3928050,3928051,3928052,3928053,3928054,3928055,3928056,3928057,3928058,3928059,3928060,3928061,3928062,3928063,3928064,3928065,3928066,3928067,3928068,3928069
3928070,3928071,3928072,3928073,3928074,3928075,3928076,3928077,3928078,3928079,3928080,3928081,3928082,3928083,3928084,3928085,3928086,3928087,3928088,3928089
3928090,3928091,3928092,3928093,3928094,3928095,3928096,3928097,3928098,3928099,3928100,3928101,3928102,3928103,3928104,3928105,3928106,3928107,3928108,3928109
3928110,3928111,3928112,3928113,3928114,3928115,3928116,3928117,3928118,3928119,3928120,3928121,3928122,3928123,3928124,3928125,3928126,3928127,3928128,3928129
3928130,3928131,3928132,3928133,3928134,3928135,3928136,3928137,3928138,3928139,3928140,3928141,3928142,3928143,3928144,3928145,3928146,3928147,3928148,3928149
3928150,3928151,3928152,3928153,3928154,3928155,3928156,3928157,3928158,3928159,3928160,3928161,3928162,3928163,3928164,3928165,3928166,3928167,3928168,3928169
3928170,3928171,3928172,3928173,3928174,3928175,3928176,3928177,3928178,3928179,3928180,3928181,3928182,3928183,3928184,3928185,3928186,3928187,3928188,3928189
3928190,3928191,3928192,3928193,3928194,3928195,3928196,3928197,3928198,3928199,3928200,3928201,3928202,3928203,3928204,3928205,3928206,3928207,3928208,3928209
3928210,3928211,3928212,3928213,3928214,3928215,3928216,3928217,3928218,3928219,3928220,3928221,3928222,3928223,3928224,3928225,3928226,3928227,3928228,3928229
3928230,3928231,3928232,3928233,3928234,3928235,3928236,3928237,3928238,3928239,3928240,3928241,3928242,3928243,3928244,3928245,3928246,3928247,3928248,3928249
3928250,3928251,3928252,3928253,3928254,3928255,3928256,3928257,3928258,3928259,3928260,3928261,3928262,3928263,3928264,3928265,3928266,3928267,3928268,3928269
3928270,3928271,3928272,3928273,3928274,3928275,3928276,3928277,3928278,3928279,3928280,3928281,3928282,3928283,3928284,3928285,3928286,3928287,3928288,3928289
3928290,3928291,3928292,3928293,3928294,3928295,3928296,3928297,3928298,3928299,3928300,3928301,3928302,3928303,3928304,3928305,3928306,3928307,3928308,3928309
3928310,3928311,3928312,3928313,3928314,3928315,3928316,3928317,3928318,3928319,3928320,3928321,3928322,3928323,3928324,3928325,3928326,3928327,3928328,3928329
3928330,3928331,3928332,3928333,3928334,3928335,3928336,3928337,3928338,3928339,3928340,3928341,3928342,3928343,3928344,3928345,3928346,3928347,3928348,3928349
3961116,3961117,3961118,3961119,3961120,3961121,3961122,3961123,3961124,3961125,3961126,3961127,3961128,3961129,3961130,3961131,3961132,3961133,3961134,3961135
3961136,3961137,3961138,3961139,3961140,3961141,3961142,3961143,3961144,3961145,3961146,3961147,3961148,3961149,3961150,3961151,3961152,3961153,3961154,3961155
3961156,3961157,3961158,3961159,3961160,3961161,3961162,3961163,3961164,3961165,3961166,3961167,3961168,3961169,3961170,3961171,3961172,3961173,3961174,3961175
3961176,3961177,3961178,3961179,3961180,3961181,3961182,3961183,3961184,3961185,3961186,3961187,3961188,3961189,3961190,3961191,3961192,3961193,3961194,3961195
3961196,3961197,3961198,3961199,3961200,3961201,3961202,3961203,3961204,3961205,3961206,3961207,3961208,3961209,3961210,3961211,3961212,3961213,3961214,3961215
3961216,3961217,3961218,3961219,3961220,3961221,3961222,3961223,3961224,3961225,3961226,3961227,3961228,3961229,3961230,3961231,3961232,3961233,3961234,3961235
3961236,3961237,3961238,3961239,3961240,3961241,3961242,3961243,3961244,3961245,3961246,3961247,3961248,3961249,3961250,3961251,3961252,3961253,3961254,3961255
3961256,3961257,3961258,3961259,3961260,3961261,3961262,3961263,3961264,3961265,3961266,3961267,3961268,3961269,3961270,3961271,3961272,3961273,3961274,3961275
3961276,3961277,3961278,3961279,3961280,3961281,3961282,3961283,3961284,3961285,3961286,3961287,3961288,3961289,3961290,3961291,3961292,3961293,3961294,3961295
3961296,3961297,3961298,3961299,3961300,3961301,3961302,3961303,3961304,3961305,3961306,3961307,3961308,3961309,3961310,3961311,3961312,3961313,3961314,3961315
3961316,3961317,3961318,3961319,3961320,3961321,3961322,3961323,3961324,3961325,3961326,3961327,3961328,3961329,3961330,3961331,3961332,3961333,3961334,3961335
3961336,3961337,3961338,3961339,3961340,3961341,3961342,3961343,3961344,3961345,3961346,3961347,3961348,3961349,3961350,3961351,3961352,3961353,3961354,3961355
3961356,3961357,3961358,3961359,3961360,3961361,3961362,3961363,3961364,3961365,3961366,3961367,3961368,3961369,3961370,3961371,3961372,3961373,3961374,3961375
3961376,3961377,3961378,3961379,3961380,3961381,3961382,3961383,3961384,3961385,3961386,3961387,3961388,3961389,3961390,3961391,3961392,3961393,3961394,3961395
3961396,3961397,3961398,3961399,3961400,3961401,3961402,3961403,3961404,3961405,3961406,3961407,3961408,3961409,3961410,3961411,3961412,3961413,3961414,3961415
3961416,3961417,3961418,3961419,3961420,3961421,3961422,3961423,3961424,3961425,3961426,3961427,3961428,3961429,3961430,3961431,3961432,3961433,3961434,3961435
3961436,3961437,3961438,3961439,3961440,3961441,3961442,3961443,3961444,3961445,3961446,3961447,3961448,3961449,3961450,3961451,3961452,3961453,3961454,3961455
3961456,3961457,3961458,3961459,3961460,3961461,3961462,3961463,3961464,3961465,3961466,3961467,3961468,3961469,3961470,3961471,3961472,3961473,3961474,3961475
3961476,3961477,3961478,3961479,3961480,3961481,3961482,3961483,3961484,3961485,3961486,3961487,3961488,3961489,3961490,3961491,3961492,3961493,3961494,3961495
3961496,3961497,3961498,3961499,3961500,3961501,3961502,3961503,3961504,3961505,3961506,3961507,3961508,3961509,3961510,3961511,3961512,3961513,3961514,3961515
3961516,3961517,3961518,3961519,3961520,3961521,3961522,3961523,3961524,3961525,3961526,3961527,3961528,3961529,3961530,3961531,3961532,3961533,3961534,3961535
3961536,3961537,3961538,3961539,3961540,3961541,3961542,3961543,3961544,3961545,3961546,3961547,3961548,3961549,3961550,3961551,3961552,3961553,3961554,3961555
3961556,3961557,3961558,3961559,3961560,3961561,3961562,3961563,3961564,3961565,3961566,3961567,3961568,3961569,3961570,3961571,3961572,3961573,3961574,3961575
3961576,3961577,3961578,3961579,3961580,3961581,3961582,3961583,3961584,3961585,3961586,3961587,3961588,3961589,3961590,3961591,3961592,3961593,3961594,3961595
3961596,3961597,3961598,3961599,3961600,3961601,3961602,3961603,3961604,3961605,3961606,3961607,3961608,3961609,3961610,3961611,3961612,3961613,3961614,3961615
3961616,3961617,3961618,3961619,3961620,3961621,3961622,3961623,3961624,3961625,3961626,3961627,3961628,3961629,3961630,3961631,3961632,3961633,3961634,3961635
3961636,3961637,3961638,3961639,3961640,3961641,3961642,3961643,3961644,3961645,3961646,3961647,3961648,3961649,3961650,3961651,3961652,3961653,3961654,3961655
3961656,3961657,3961658,3961659,3961660,3961661,3961662,3961663,3961664,3961665,3961666,3961667,3961668,3961669,3961670,3961671,3961672,3961673,3961674,3961675
3961676,3961677,3961678,3961679,3961680,3961681,3961682,3961683,3961684,3961685,3961686,3961687,3961688,3961689,3961690,3961691,3961692,3961693,3961694,3961695
3961696,3961697,3961698,3961699,3961700,3961701,3961702,3961703,3961704,3961705,3961706,3961707,3961708,3961709,3961710,3961711,3961712,3961713,3961714,3961715
3961716,3961717,3961718,3961719,3961720,3961721,3961722,3961723,3961724,3961725,3961726,3961727,3961728,3961729,3961730,3961731,3961732,3961733,3961734,3961735
3961736,3961737,3961738,3961739,3961740,3961741,3961742,3961743,3961744,3961745,3961746,3961747,3961748,3961749,3961750,3961751,3961752,3961753,3961754,3961755
3961756,3961757,3961758,3961759,3961760,3961761,3961762,3961763,3961764,3961765,3961766,3961767,3961768,3961769,3961770,3961771,3961772,3961773,3961774,3961775
3961776,3961777,3961778,3961779,3961780,3961781,3961782,3961783,3961784,3961785,3961786,3961787,3961788,3961789,3961790,3961791,3961792,3961793,3961794,3961795
3961796,3961797,3961798,3961799,3961800,3961801,3961802,3961803,3961804,3961805,3961806,3961807,3961808,3961809,3961810,3961811,3961812,3961813,3961814,3961815
3961816,3961817,3961818,3961819,3961820,3961821,3961822,3961823,3961824,3961825,3961826,3961827,3961828,3961829,3961830,3961831,3961832,3961833,3961834,3961835
3961836,3961837,3961838,3961839,3961840,3961841,3961842,3961843,3961844,3961845,3961846,3961847,3961848,3961849,3961850,3961851,3961852,3961853,3961854,3961855
3961856,3961857,3961858,3961859,3961860,3961861,3961862,3961863,3961864,3961865,3961866,3961867,3961868,3961869,3961870,3961871,3961872,3961873,3961874,3961875
3961876,3961877,3961878,3961879,3961880,3961881,3961882,3961883,3961884,3961885,3961886,3961887,3961888,3961889,3961890,3961891,3961892,3961893,3961894,3961895
3961896,3961897,3961898,3961899,3961900,3961901,3961902,3961903,3961904,3961905,3961906,3961907,3961908,3961909,3961910,3961911,3961912,3961913,3961914,3961915
3961916,3961917,3961918,3961919,3961920,3961921,3961922,3961923,3961924,3961925,3961926,3961927,3961928,3961929,3961930,3961931,3961932,3961933,3961934,3961935
3961936,3961937,3961938,3961939,3961940,3961941,3961942,3961943,3961944,3961945,3961946,3961947,3961948,3961949,3961950,3961951,3961952,3961953,3961954,3961955
3961956,3961957,3961958,3961959,3961960,3961961,3961962,3961963,3961964,3961965,3961966,3961967,3961968,3961969,3961970,3961971,3961972,3961973,3961974,3961975
3961976,3961977,3961978,3961979,3961980,3961981,3961982,3961983,3961984,3961985,3961986,3961987,3961988,3961989,3961990,3961991,3961992,3961993,3961994,3961995
3961996,3961997,3961998,3961999,3962000,3962001,3962002,3962003,3962004,3962005,3962006,3962007,3962008,3962009,3962010,3962011,3962012,3962013,3962014,3962015
3962016,3962017,3962018,3962019,3962020,3962021,3962022,3962023,3962024,3962025,3962026,3962027,3962028,3962029,3962030,3962031,3962032,3962033,3962034,3962035
3962036,3962037,3962038,3962039,3962040,3962041,3962042,3962043,3962044,3962045,3962046,3962047,3962048,3962049,3962050,3962051,3962052,3962053,3962054,3962055
3962056,3962057,3962058,3962059,3962060,3962061,3962062,3962063,3962064,3962065,3962066,3962067,3962068,3962069,3962070,3962071,3962072,3962073,3962074,3962075
3962076,3962077,3962078,3962079,3962080,3962081,3962082,3962083,3962084,3962085,3962086,3962087,3962088,3962089,3962090,3962091,3962092,3962093,3962094,3962095
3962096,3962097,3962098,3962099,3962100,3962101,3962102,3962103,3962104,3962105,3962106,3962107,3962108,3962109,3962110,3962111,3962112,3962113,3962114,3962115
3962116,3962117,3962118,3962119,3962120,3962121,3962122,3962123,3962124,3962125,3962126,3962127,3962128,3962129,3962130,3962131,3962132,3962133,3962134,3962135
3962136,3962137,3962138,3962139,3962140,3962141,3962142,3962143,3962144,3962145,3962146,3962147,3962148,3962149,3962150,3962151,3962152,3962153,3962154,3962155
3962156,3962157,3962158,3962159,3962160,3962161,3962162,3962163,3962164,3962165,3962166,3962167,3962168,3962169,3962170,3962171,3962172,3962173,3962174,3962175
3962176,3962177,3962178,3962179,3962180,3962181,3962182,3962183,3962184,3962185,3962186,3962187,3962188,3962189,3962190,3962191,3962192,3962193,3962194,3962195
3962196,3962197,3962198,3962199,3962200,3962201,3962202,3962203,3962204,3962205,3962206,3962207,3962208,3962209,3962210,3962211,3962212,3962213,3962214,3962215
3962216,3962217,3962218,3962219,3962220,3962221,3962222,3962223,3962224,3962225,3962226,3962227,3962228,3962229,3962230,3962231,3962232,3962233,3962234,3962235
3962236,3962237,3962238,3962239,3962240,3962241,3962242,3962243,3962244,3962245,3962246,3962247,3962248,3962249,3962250,3962251,3962252,3962253,3962254,3962255
3962256,3962257,3962258,3962259,3962260,3962261,3962262,3962263,3962264,3962265,3962266,3962267,3962268,3962269,3962270,3962271,3962272,3962273,3962274,3962275
3962276,3962277,3962278,3962279,3962280,3962281,3962282,3962283,3962284,3962285,3962286,3962287,3962288,3962289,3962290,3962291,3962292,3962293,3962294,3962295
3962296,3962297,3962298,3962299,3962300,3962301,3962302,3962303,3962304,3962305,3962306,3962307,3962308,3962309,3962310,3962311,3962312,3962313,3962314,3962315
3962316,3962317,3962318,3962319,3962320,3962321,3962322,3962323,3962324,3962325,3962326,3962327,3962328,3962329,3962330,3962331,3962332,3962333,3962334,3962335
3962336,3962337,3962338,3962339,3962340,3962341,3962342,3962343,3962344,3962345,3962346,3962347,3962348,3962349,3962350,3962351,3962352,3962353,3962354,3962355
3962356,3962357,3962358,3962359,3962360,3962361,3962362,3962363,3962364,3962365,3962366,3962367,3962368,3962369,3962370,3962371,3962372,3962373,3962374,3962375
3962376,3962377,3962378,3962379,3962380,3962381,3962382,3962383,3962384,3962385,3962386,3962387,3962388,3962389,3962390,3962391,3962392,3962393,3962394,3962395
3962396,3962397,3962398,3962399,3962400,3962401,3962402,3962403,3962404,3962405,3962406,3962407,3962408,3962409,3962410,3962411,3962412,3962413,3962414,3962415
3962416,3962417,3962418,3962419,3962420,3962421,3962422,3962423,3962424,3962425,3962426,3962427,3962428,3962429,3962430,3962431,3962432,3962433,3962434,3962435
3962436,3962437,3962438,3962439,3962440,3962441,3962442,3962443,3962444,3962445,3962446,3962447,3962448,3962449,3962450,3962451,3962452,3962453,3962454,3962455
3962456,3962457,3962458,3962459,3962460,3962461,3962462,3962463,3962464,3962465,3962466,3962467,3962468,3962469,3962470,3962471,3962472,3962473,3962474,3962475
3962476,3962477,3962478,3962479,3962480,3962481,3962482,3962483,3962484,3962485,3962486,3962487,3962488,3962489,3962490,3962491,3962492,3962493,3962494,3962495
3962496,3962497,3962498,3962499,3962500,3962501,3962502,3962503,3962504,3962505,3962506,3962507,3962508,3962509,3962510,3962511,3962512,3962513,3962514,3962515
3962516,3962517,3962518,3962519,3962520,3962521,3962522,3962523,3962524,3962525,3962526,3962527,3962528,3962529,3962530,3962531,3962532,3962533,3962534,3962535
3962536,3962537,3962538,3962539,3962540,3962541,3962542,3962543,3962544,3962545,3962546,3962547,3962548,3962549,3962550,3962551,3962552,3962553,3962554,3962555
3962556,3962557,3962558,3962559,3962560,3962561,3962562,3962563,3962564,3962565,3962566,3962567,3962568,3962569,3962570,3962571,3962572,3962573,3962574,3962575
3962576,3962577,3962578,3962579,3962580,3962581,3962582,3962583,3962584,3962585,3962586,3962587,3962588,3962589,3962590,3962591,3962592,3962593,3962594,3962595
3962596,3962597,3962598,3962599,3962600,3962601,3962602,3962603,3962604,3962605,3962606,3962607,3962608,3962609,3962610,3962611,3962612,3962613,3962614,3962615
3962616,3962617,3962618,3962619,3962620,3962621,3962622,3962623,3962624,3962625,3962626,3962627,3962628,3962629,3962630,3962631,3962632,3962633,3962634,3962635
3962636,3962637,3962638,3962639,3962640,3962641,3962642,3962643,3962644,3962645,3962646,3962647,3962648,3962649,3962650,3962651,3962652,3962653,3962654,3962655
3962656,3962657,3962658,3962659,3962660,3962661,3962662,3962663,3962664,3962665,3962666,3962667,3962668,3962669,3962670,3962671,3962672,3962673,3962674,3962675
3962676,3962677,3962678,3962679,3962680,3962681,3962682,3962683,3962684,3962685,3962686,3962687,3962688,3962689,3962690,3962691,3962692,3962693,3962694,3962695
3962696,3962697,3962698,3962699,3962700,3962701,3962702,3962703,3962704,3962705,3962706,3962707,3962708,3962709,3962710,3962711,3962712,3962713,3962714,3962715
3962716,3962717,3962718,3962719,3962720,3962721,3962722,3962723,3962724,3962725,3962726,3962727,3962728,3962729,3962730,3962731,3962732,3962733,3962734,3962735
3962736,3962737,3962738,3962739,3962740,3962741,3962742,3962743,3962744,3962745,3962746,3962747,3962748,3962749,3962750,3962751,3962752,3962753,3962754,3962755
3962756,3962757,3962758,3962759,3962760,3962761,3962762,3962763,3962764,3962765,3962766,3962767,3962768,3962769,3962770,3962771,3962772,3962773,3962774,3962775
3962776,3962777,3962778,3962779,3962780,3962781,3962782,3962783,3962784,3962785,3962786,3962787,3962788,3962789,3962790,3962791,3962792,3962793,3962794,3962795
3962796,3962797,3962798,3962799,3962800,3962801,3962802,3962803,3962804,3962805,3962806,3962807,3962808,3962809,3962810,3962811,3962812,3962813,3962814,3962815
3962816,3962817,3962818,3962819,3962820,3962821,3962822,3962823,3962824,3962825,3962826,3962827,3962828,3962829,3962830,3962831,3962832,3962833,3962834,3962835
3962836,3962837,3962838,3962839,3962840,3962841,3962842,3962843,3962844,3962845,3962846,3962847,3962848,3962849,3962850,3962851,3962852,3962853,3962854,3962855
3962856,3962857,3962858,3962859,3962860,3962861,3962862,3962863,3962864,3962865,3962866,3962867,3962868,3962869,3962870,3962871,3962872,3962873,3962874,3962875
3962876,3962877,3962878,3962879,3962880,3962881,3962882,3962883,3962884,3962885,3962886,3962887,3962888,3962889,3962890,3962891,3962892,3962893,3962894,3962895
3962896,3962897,3962898,3962899,3962900,3962901,3962902,3962903,3962904,3962905,3962906,3962907,3962908,3962909,3962910,3962911,3962912,3962913,3962914,3962915
3962916,3962917,3962918,3962919,3962920,3962921,3962922,3962923,3962924,3962925,3962926,3962927,3962928,3962929,3962930,3962931,3962932,3962933,3962934,3962935
3962936,3962937,3962938,3962939,3962940,3962941,3962942,3962943,3962944,3962945,3962946,3962947,3962948,3962949,3962950,3962951,3962952,3962953,3962954,3962955
3962956,3962957,3962958,3962959,3962960,3962961,3962962,3962963,3962964,3962965,3962966,3962967,3962968,3962969,3962970,3962971,3962972,3962973,3962974,3962975
3962976,3962977,3962978,3962979,3962980,3962981,3962982,3962983,3962984,3962985,3962986,3962987,3962988,3962989,3962990,3962991,3962992,3962993,3962994,3962995
3962996,3962997,3962998,3962999,3963000,3963001,3963002,3963003,3963004,3963005,3963006,3963007,3963008,3963009,3963010,3963011,3963012,3963013,3963014,3963015
3963016,3963017,3963018,3963019,3963020,3963021,3963022,3963023,3963024,3963025,3963026,3963027,3963028,3963029,3963030,3963031,3963032,3963033,3963034,3963035
3963036,3963037,3963038,3963039,3963040,3963041,3963042,3963043,3963044,3963045,3963046,3963047,3963048,3963049,3963050,3963051,3963052,3963053,3963054,3963055
3963056,3963057,3963058,3963059,3963060,3963061,3963062,3963063,3963064,3963065,3963066,3963067,3963068,3963069,3963070,3963071,3963072,3963073,3963074,3963075
3963076,3963077,3963078,3963079,3963080,3963081,3963082,3963083,3963084,3963085,3963086,3963087,3963088,3963089,3963090,3963091,3963092,3963093,3963094,3963095
3963096,3963097,3963098,3963099,3963100,3963101,3963102,3963103,3963104,3963105,3963106,3963107,3963108,3963109,3963110,3963111,3963112,3963113,3963114,3963115
3963116,3963117,3963118,3963119,3963120,3963121,3963122,3963123,3963124,3963125,3963126,3963127,3963128,3963129,3963130,3963131,3963132,3963133,3963134,3963135
3963136,3963137,3963138,3963139,3963140,3963141,3963142,3963143,3963144,3963145,3963146,3963147,3963148,3963149,3963150,3963151,3963152,3963153,3963154,3963155
3963156,3963157,3963158,3963159,3963160,3963161,3963162,3963163,3963164,3963165,3963166,3963167,3963168,3963169,3963170,3963171,3963172,3963173,3963174,3963175
3963176,3963177,3963178,3963179,3963180,3963181,3963182,3963183,3963184,3963185,3963186,3963187,3963188,3963189,3963190,3963191,3963192,3963193,3963194,3963195
3963196,3963197,3963198,3963199,3963200,3963201,3963202,3963203,3963204,3963205,3963206,3963207,3963208,3963209,3963210,3963211,3963212,3963213,3963214,3963215
3963216,3963217,3963218,3963219,3963220,3963221,3963222,3963223,3963224,3963225,3963226,3963227,3963228,3963229,3963230,3963231,3963232,3963233,3963234,3963235
3963236,3963237,3963238,3963239,3963240,3963241,3963242,3963243,3963244,3963245,3963246,3963247,3963248,3963249,3963250,3963251,3963252,3963253,3963254,3963255
3963256,3963257,3963258,3963259,3963260,3963261,3963262,3963263,3963264,3963265,3963266,3963267,3963268,3963269,3963270,3963271,3963272,3963273,3963274,3963275
3963276,3963277,3963278,3963279,3963280,3963281,3963282,3963283,3963284,3963285,3963286,3963287,3963288,3963289,3963290,3963291,3963292,3963293,3963294,3963295
3963296,3963297,3963298,3963299,3963300,3963301,3963302,3963303,3963304,3963305,3963306,3963307,3963308,3963309,3963310,3963311,3963312,3963313,3963314,3963315
3963316,3963317,3963318,3963319,3963320,3963321,3963322,3963323,3963324,3963325,3963326,3963327,3963328,3963329,3963330,3963331,3963332,3963333,3963334,3963335
3963336,3963337,3963338,3963339,3963340,3963341,3963342,3963343,3963344,3963345,3963346,3963347,3963348,3963349,3963350,3963351,3963352,3963353,3963354,3963355
3963356,3963357,3963358,3963359,3963360,3963361,3963362,3963363,3963364,3963365,3963366,3963367,3963368,3963369,3963370,3963371,3963372,3963373,3963374,3963375
3963376,3963377,3963378,3963379,3963380,3963381,3963382,3963383,3963384,3963385,3963386,3963387,3963388,3963389,3963390,3963391,3963392,3963393,3963394,3963395
3963396,3963397,3963398,3963399,3963400,3963401,3963402,3963403,3963404,3963405,3963406,3963407,3963408,3963409,3963410,3963411,3963412,3963413,3963414,3963415
3963416,3963417,3963418,3963419,3963420,3963421,3963422,3963423,3963424,3963425,3963426,3963427,3963428,3963429,3963430,3963431,3963432,3963433,3963434,3963435
3963436,3963437,3963438,3963439,3963440,3963441,3963442,3963443,3963444,3963445,3963446,3963447,3963448,3963449,3963450,3963451,3963452,3963453,3963454,3963455
3963456,3963457,3963458,3963459,3963460,3963461,3963462,3963463,3963464,3963465,3963466,3963467,3963468,3963469,3963470,3963471,3963472,3963473,3963474,3963475
3963476,3963477,3963478,3963479,3963480,3963481,3963482,3963483,3963484,3963485,3963486,3963487,3963488,3963489,3963490,3963491,3963492,3963493,3963494,3963495
3963496,3963497,3963498,3963499,3963500,3963501,3963502,3963503,3963504,3963505,3963506,3963507,3963508,3963509,3963510,3963511,3963512,3963513,3963514,3963515
3963516,3963517,3963518,3963519,3963520,3963521,3963522,3963523,3963524,3963525,3963526,3963527,3963528,3963529,3963530,3963531,3963532,3963533,3963534,3963535
3963536,3963537,3963538,3963539,3963540,3963541,3963542,3963543,3963544,3963545,3963546,3963547,3963548,3963549,3963550,3963551,3963552,3963553,3963554,3963555
3963556,3963557,3963558,3963559,3963560,3963561,3963562,3963563,3963564,3963565,3963566,3963567,3963568,3963569,3963570,3963571,3963572,3963573,3963574,3963575
3963576,3963577,3963578,3963579,3963580,3963581,3963582,3963583,3963584,3963585,3963586,3963587,3963588,3963589,3963590,3963591,3963592,3963593,3963594,3963595
3963596,3963597,3963598,3963599,3963600,3963601,3963602,3963603,3963604,3963605,3963606,3963607,3963608,3963609,3963610,3963611,3963612,3963613,3963614,3963615
3963616,3963617,3963618,3963619,3963620,3963621,3963622,3963623,3963624,3963625,3963626,3963627,3963628,3963629,3963630,3963631,3963632,3963633,3963634,3963635
3963636,3963637,3963638,3963639,3963640,3963641,3963642,3963643,3963644,3963645,3963646,3963647,3963648,3963649,3963650,3963651,3963652,3963653,3963654,3963655
3963656,3963657,3963658,3963659,3963660,3963661,3963662,3963663,3963664,3963665,3963666,3963667,3963668,3963669,3963670,3963671,3963672,3963673,3963674,3963675
3963676,3963677,3963678,3963679,3963680,3963681,3963682,3963683,3963684,3963685,3963686,3963687,3963688,3963689,3963690,3963691,3963692,3963693,3963694,3963695
3963696,3963697,3963698,3963699,3963700,3963701,3963702,3963703,3963704,3963705,3963706,3963707,3963708,3963709,3963710,3963711,3963712,3963713,3963714,3963715
3963716,3963717,3963718,3963719,3963720,3963721,3963722,3963723,3963724,3963725,3963726,3963727,3963728,3963729,3963730,3963731,3963732,3963733,3963734,3963735
3963736,3963737,3963738,3963739,3963740,3963741,3963742,3963743,3963744,3963745,3963746,3963747,3963748,3963749,3963750,3963751,3963752,3963753,3963754,3963755
3963756,3963757,3963758,3963759,3963760,3963761,3963762,3963763,3963764,3963765,3963766,3963767,3963768,3963769,3963770,3963771,3963772,3963773,3963774,3963775
3963776,3963777,3963778,3963779,3963780,3963781,3963782,3963783,3963784,3963785,3963786,3963787,3963788,3963789,3963790,3963791,3963792,3963793,3963794,3963795
3963796,3963797,3963798,3963799,3963800,3963801,3963802,3963803,3963804,3963805,3963806,3963807,3963808,3963809,3963810,3963811,3963812,3963813,3963814,3963815
3963816,3963817,3963818,3963819,3963820,3963821,3963822,3963823,3963824,3963825,3963826,3963827,3963828,3963829,3963830,3963831,3963832,3963833,3963834,3963835
3963836,3963837,3963838,3963839,3963840,3963841,3963842,3963843,3963844,3963845,3963846,3963847,3963848,3963849,3963850,3963851,3963852,3963853,3963854,3963855
3963856,3963857,3963858,3963859,3963860,3963861,3963862,3963863,3963864,3963865,3963866,3963867,3963868,3963869,3963870,3963871,3963872,3963873,3963874,3963875
3963876,3963877,3963878,3963879,3963880,3963881,3963882,3963883,3963884,3963885,3963886,3963887,3963888,3963889,3963890,3963891,3963892,3963893,3963894,3963895
3963896,3963897,3963898,3963899,3963900,3963901,3963902,3963903,3963904,3963905,3963906,3963907,3963908,3963909,3963910,3963911,3963912,3963913,3963914,3963915
3963916,3963917,3963918,3963919,3963920,3963921,3963922,3963923,3963924,3963925,3963926,3963927,3963928,3963929,3963930,3963931,3963932,3963933,3963934,3963935
3963936,3963937,3963938,3963939,3963940,3963941,3963942,3963943,3963944,3963945,3963946,3963947,3963948,3963949,3963950,3963951,3963952,3963953,3963954,3963955
3963956,3963957,3963958,3963959,3963960,3963961,3963962,3963963,3963964,3963965,3963966,3963967,3963968,3963969,3963970,3963971,3963972,3963973,3963974,3963975
3963976,3963977,3963978,3963979,3963980,3963981,3963982,3963983,3963984,3963985,3963986,3963987,3963988,3963989,3963990,3963991,3963992,3963993,3963994,3963995
3963996,3963997,3963998,3963999,3964000,3964001,3964002,3964003,3964004,3964005,3964006,3964007,3964008,3964009,3964010,3964011,3964012,3964013,3964014,3964015
3964016,3964017,3964018,3964019,3964020,3964021,3964022,3964023,3964024,3964025,3964026,3964027,3964028,3964029,3964030,3964031,3964032,3964033,3964034,3964035
3964036,3964037,3964038,3964039,3964040,3964041,3964042,3964043,3964044,3964045,3964046,3964047,3964048,3964049,3964050,3964051,3964052,3964053,3964054,3964055
3964056,3964057,3964058,3964059,3964060,3964061,3964062,3964063,3964064,3964065,3964066,3964067,3964068,3964069,3964070,3964071,3964072,3964073,3964074,3964075
3964076,3964077,3964078,3964079,3964080,3964081,3964082,3964083,3964084,3964085,3964086,3964087,3964088,3964089,3964090,3964091,3964092,3964093,3964094,3964095
3964096,3964097,3964098,3964099,3964100,3964101,3964102,3964103,3964104,3964105,3964106,3964107,3964108,3964109,3964110,3964111,3964112,3964113,3964114,3964115
3964116,3964117,3964118,3964119,3964120,3964121,3964122,3964123,3964124,3964125,3964126,3964127,3964128,3964129,3964130,3964131,3964132,3964133,3964134,3964135
3964136,3964137,3964138,3964139,3964140,3964141,3964142,3964143,3964144,3964145,3964146,3964147,3964148,3964149,3964150,3964151,3964152,3964153,3964154,3964155
3964156,3964157,3964158,3964159,3964160,3964161,3964162,3964163,3964164,3964165,3964166,3964167,3964168,3964169,3964170,3964171,3964172,3964173,3964174,3964175
3964176,3964177,3964178,3964179,3964180,3964181,3964182,3964183,3964184,3964185,3964186,3964187,3964188,3964189,3964190,3964191,3964192,3964193,3964194,3964195
3964196,3964197,3964198,3964199,3964200,3964201,3964202,3964203,3964204,3964205,3964206,3964207,3964208,3964209,3964210,3964211,3964212,3964213,3964214,3964215
3964216,3964217,3964218,3964219,3964220,3964221,3964222,3964223,3964224,3964225,3964226,3964227,3964228,3964229,3964230,3964231,3964232,3964233,3964234,3964235
3964236,3964237,3964238,3964239,3964240,3964241,3964242,3964243,3964244,3964245,3964246,3964247,3964248,3964249,3964250,3964251,3964252,3964253,3964254,3964255
3964256,3964257,3964258,3964259,3964260,3964261,3964262,3964263,3964264,3964265,3964266,3964267,3964268,3964269,3964270,3964271,3964272,3964273,3964274,3964275
3964276,3964277,3964278,3964279,3964280,3964281,3964282,3964283,3964284,3964285,3964286,3964287,3964288,3964289,3964290,3964291,3964292,3964293,3964294,3964295
3964296,3964297,3964298,3964299,3964300,3964301,3964302,3964303,3964304,3964305,3964306,3964307,3964308,3964309,3964310,3964311,3964312,3964313,3964314,3964315
3964316,3964317,3964318,3964319,3964320,3964321,3964322,3964323,3964324,3964325,3964326,3964327,3964328,3964329,3964330,3964331,3964332,3964333,3964334,3964335
3964336,3964337,3964338,3964339,3964340,3964341,3964342,3964343,3964344,3964345,3964346,3964347,3964348,3964349,3964350,3964351,3964352,3964353,3964354,3964355
3964356,3964357,3964358,3964359,3964360,3964361,3964362,3964363,3964364,3964365,3964366,3964367,3964368,3964369,3964370,3964371,3964372,3964373,3964374,3964375
3964376,3964377,3964378,3964379,3964380,3964381,3964382,3964383,3964384,3964385,3964386,3964387,3964388,3964389,3964390,3964391,3964392,3964393,3964394,3964395
3964396,3964397,3964398,3964399,3964400,3964401,3964402,3964403,3964404,3964405,3964406,3964407,3964408,3964409,3964410,3964411,3964412,3964413,3964414,3964415
3964416,3964417,3964418,3964419,3964420,3964421,3964422,3964423,3964424,3964425,3964426,3964427,3964428,3964429,3964430,3964431,3964432,3964433,3964434,3964435
3964436,3964437,3964438,3964439,3964440,3964441,3964442,3964443,3964444,3964445,3964446,3964447,3964448,3964449,3964450,3964451,3964452,3964453,3964454,3964455
3964456,3964457,3964458,3964459,3964460,3964461,3964462,3964463,3964464,3964465,3964466,3964467,3964468,3964469,3964470,3964471,3964472,3964473,3964474,3964475
3964476,3964477,3964478,3964479,3964480,3964481,3964482,3964483,3964484,3964485,3964486,3964487,3964488,3964489,3964490,3964491,3964492,3964493,3964494,3964495
3964496,3964497,3964498,3964499,3964500,3964501,3964502,3964503,3964504,3964505,3964506,3964507,3964508,3964509,3964510,3964511,3964512,3964513,3964514,3964515
3964516,3964517,3964518,3964519,3964520,3964521,3964522,3964523,3964524,3964525,3964526,3964527,3964528,3964529,3964530,3964531,3964532,3964533,3964534,3964535
3964536,3964537,3964538,3964539,3964540,3964541,3964542,3964543,3964544,3964545,3964546,3964547,3964548,3964549,3964550,3964551,3964552,3964553,3964554,3964555
3964556,3964557,3964558,3964559,3964560,3964561,3964562,3964563,3964564,3964565,3964566,3964567,3964568,3964569,3964570,3964571,3964572,3964573,3964574,3964575
3964576,3964577,3964578,3964579,3964580,3964581,3964582,3964583,3964584,3964585,3964586,3964587,3964588,3964589,3964590,3964591,3964592,3964593,3964594,3964595
3964596,3964597,3964598,3964599,3964600,3964601,3964602,3964603,3964604,3964605,3964606,3964607,3964608,3964609,3964610,3964611,3964612,3964613,3964614,3964615
3964616,3964617,3964618,3964619,3964620,3964621,3964622,3964623,3964624,3964625,3964626,3964627,3964628,3964629,3964630,3964631,3964632,3964633,3964634,3964635
3964636,3964637,3964638,3964639,3964640,3964641,3964642,3964643,3964644,3964645,3964646,3964647,3964648,3964649,3964650,3964651,3964652,3964653,3964654,3964655
3964656,3964657,3964658,3964659,3964660,3964661,3964662,3964663,3964664,3964665,3964666,3964667,3964668,3964669,3964670,3964671,3964672,3964673,3964674,3964675
3964676,3964677,3964678,3964679,3964680,3964681,3964682,3964683,3964684,3964685,3964686,3964687,3964688,3964689,3964690,3964691,3964692,3964693,3964694,3964695
3964696,3964697,3964698,3964699,3964700,3964701,3964702,3964703,3964704,3964705,3964706,3964707,3964708,3964709,3964710,3964711,3964712,3964713,3964714,3964715
3964716,3964717,3964718,3964719,3964720,3964721,3964722,3964723,3964724,3964725,3964726,3964727,3964728,3964729,3964730,3964731,3964732,3964733,3964734,3964735
3964736,3964737,3964738,3964739,3964740,3964741,3964742,3964743,3964744,3964745,3964746,3964747,3964748,3964749,3964750,3964751,3964752,3964753,3964754,3964755
3964756,3964757,3964758,3964759,3964760,3964761,3964762,3964763,3964764,3964765,3964766,3964767,3964768,3964769,3964770,3964771,3964772,3964773,3964774,3964775
3964776,3964777,3964778,3964779,3964780,3964781,3964782,3964783,3964784,3964785,3964786,3964787,3964788,3964789,3964790,3964791,3964792,3964793,3964794,3964795
3964796,3964797,3964798,3964799,3964800,3964801,3964802,3964803,3964804,3964805,3964806,3964807,3964808,3964809,3964810,3964811,3964812,3964813,3964814,3964815
3964816,3964817,3964818,3964819,3964820,3964821,3964822,3964823,3964824,3964825,3964826,3964827,3964828,3964829,3964830,3964831,3964832,3964833,3964834,3964835
3964836,3964837,3964838,3964839,3964840,3964841,3964842,3964843,3964844,3964845,3964846,3964847,3964848,3964849,3964850,3964851,3964852,3964853,3964854,3964855
3964856,3964857,3964858,3964859,3964860,3964861,3964862,3964863,3964864,3964865,3964866,3964867,3964868,3964869,3964870,3964871,3964872,3964873,3964874,3964875
3964876,3964877,3964878,3964879,3964880,3964881,3964882,3964883,3964884,3964885,3964886,3964887,3964888,3964889,3964890,3964891,3964892,3964893,3964894,3964895
3964896,3964897,3964898,3964899,3964900,3964901,3964902,3964903,3964904,3964905,3964906,3964907,3964908,3964909,3964910,3964911,3964912,3964913,3964914,3964915
3964916,3964917,3964918,3964919,3964920,3964921,3964922,3964923,3964924,3964925,3964926,3964927,3964928,3964929,3964930,3964931,3964932,3964933,3964934,3964935
3964936,3964937,3964938,3964939,3964940,3964941,3964942,3964943,3964944,3964945,3964946,3964947,3964948,3964949,3964950,3964951,3964952,3964953,3964954,3964955
3964956,3964957,3964958,3964959,3964960,3964961,3964962,3964963,3964964,3964965,3964966,3964967,3964968,3964969,3964970,3964971,3964972,3964973,3964974,3964975
3964976,3964977,3964978,3964979,3964980,3964981,3964982,3964983,3964984,3964985,3964986,3964987,3964988,3964989,3964990,3964991,3964992,3964993,3964994,3964995
3964996,3964997,3964998,3964999,3965000,3965001,3965002,3965003,3965004,3965005,3965006,3965007,3965008,3965009,3965010,3965011,3965012,3965013,3965014,3965015
3965016,3965017,3965018,3965019,3965020,3965021,3965022,3965023,3965024,3965025,3965026,3965027,3965028,3965029,3965030,3965031,3965032,3965033,3965034,3965035
3965036,3965037,3965038,3965039,3965040,3965041,3965042,3965043,3965044,3965045,3965046,3965047,3965048,3965049,3965050,3965051,3965052,3965053,3965054,3965055
3965056,3965057,3965058,3965059,3965060,3965061,3965062,3965063,3965064,3965065,3965066,3965067,3965068,3965069,3965070,3965071,3965072,3965073,3965074,3965075
3965076,3965077,3965078,3965079,3965080,3965081,3965082,3965083,3965084,3965085,3965086,3965087,3965088,3965089,3965090,3965091,3965092,3965093,3965094,3965095
3965096,3965097,3965098,3965099,3965100,3965101,3965102,3965103,3965104,3965105,3965106,3965107,3965108,3965109,3965110,3965111,3965112,3965113,3965114,3965115
3965116,3965117,3965118,3965119,3965120,3965121,3965122,3965123,3965124,3965125,3965126,3965127,3965128,3965129,3965130,3965131,3965132,3965133,3965134,3965135
3965136,3965137,3965138,3965139,3965140,3965141,3965142,3965143,3965144,3965145,3965146,3965147,3965148,3965149,3965150,3965151,3965152,3965153,3965154,3965155
3965156,3965157,3965158,3965159,3965160,3965161,3965162,3965163,3965164,3965165,3965166,3965167,3965168,3965169,3965170,3965171,3965172,3965173,3965174,3965175
3965176,3965177,3965178,3965179,3965180,3965181,3965182,3965183,3965184,3965185,3965186,3965187,3965188,3965189,3965190,3965191,3965192,3965193,3965194,3965195
3965196,3965197,3965198,3965199,3965200,3965201,3965202,3965203,3965204,3965205,3965206,3965207,3965208,3965209,3965210,3965211,3965212,3965213,3965214,3965215
3965216,3965217,3965218,3965219,3965220,3965221,3965222,3965223,3965224,3965225,3965226,3965227,3965228,3965229,3965230,3965231,3965232,3965233,3965234,3965235
3965236,3965237,3965238,3965239,3965240,3965241,3965242,3965243,3965244,3965245,3965246,3965247,3965248,3965249,3965250,3965251,3965252,3965253,3965254,3965255
3965256,3965257,3965258,3965259,3965260,3965261,3965262,3965263,3965264,3965265,3965266,3965267,3965268,3965269,3965270,3965271,3965272,3965273,3965274,3965275
3965276,3965277,3965278,3965279,3965280,3965281,3965282,3965283,3965284,3965285,3965286,3965287,3965288,3965289,3965290,3965291,3965292,3965293,3965294,3965295
3965296,3965297,3965298,3965299,3965300,3965301,3965302,3965303,3965304,3965305,3965306,3965307,3965308,3965309,3965310,3965311,3965312,3965313,3965314,3965315
3965316,3965317,3965318,3965319,3965320,3965321,3965322,3965323,3965324,3965325,3965326,3965327,3965328,3965329,3965330,3965331,3965332,3965333,3965334,3965335
3965336,3965337,3965338,3965339,3965340,3965341,3965342,3965343,3965344,3965345,3965346,3965347,3965348,3965349,3965350,3965351,3965352,3965353,3965354,3965355
3965356,3965357,3965358,3965359,3965360,3965361,3965362,3965363,3965364,3965365,3965366,3965367,3965368,3965369,3965370,3965371,3965372,3965373,3965374,3965375
3965376,3965377,3965378,3965379,3965380,3965381,3965382,3965383,3965384,3965385,3965386,3965387,3965388,3965389,3965390,3965391,3965392,3965393,3965394,3965395
3965396,3965397,3965398,3965399,3965400,3965401,3965402,3965403,3965404,3965405,3965406,3965407,3965408,3965409,3965410,3965411,3965412,3965413,3965414,3965415
3965416,3965417,3965418,3965419,3965420,3965421,3965422,3965423,3965424,3965425,3965426,3965427,3965428,3965429,3965430,3965431,3965432,3965433,3965434,3965435
3965436,3965437,3965438,3965439,3965440,3965441,3965442,3965443,3965444,3965445,3965446,3965447,3965448,3965449,3965450,3965451,3965452,3965453,3965454,3965455
3965456,3965457,3965458,3965459,3965460,3965461,3965462,3965463,3965464,3965465,3965466,3965467,3965468,3965469,3965470,3965471,3965472,3965473,3965474,3965475
3965476,3965477,3965478,3965479,3965480,3965481,3965482,3965483,3965484,3965485,3965486,3965487,3965488,3965489,3965490,3965491,3965492,3965493,3965494,3965495
3965496,3965497,3965498,3965499,3965500,3965501,3965502,3965503,3965504,3965505,3965506,3965507,3965508,3965509,3965510,3965511,3965512,3965513,3965514,3965515
3965516,3965517,3965518,3965519,3965520,3965521,3965522,3965523,3965524,3965525,3965526,3965527,3965528,3965529,3965530,3965531,3965532,3965533,3965534,3965535
3965536,3965537,3965538,3965539,3965540,3965541,3965542,3965543,3965544,3965545,3965546,3965547,3965548,3965549,3965550,3965551,3965552,3965553,3965554,3965555
3965556,3965557,3965558,3965559,3965560,3965561,3965562,3965563,3965564,3965565,3965566,3965567,3965568,3965569,3965570,3965571,3965572,3965573,3965574,3965575
3965576,3965577,3965578,3965579,3965580,3965581,3965582,3965583,3965584,3965585,3965586,3965587,3965588,3965589,3965590,3965591,3965592,3965593,3965594,3965595
3965596,3965597,3965598,3965599,3965600,3965601,3965602,3965603,3965604,3965605,3965606,3965607,3965608,3965609,3965610,3965611,3965612,3965613,3965614,3965615
3965616,3965617,3965618,3965619,3965620,3965621,3965622,3965623,3965624,3965625,3965626,3965627,3965628,3965629,3965630,3965631,3965632,3965633,3965634,3965635
3965636,3965637,3965638,3965639,3965640,3965641,3965642,3965643,3965644,3965645,3965646,3965647,3965648,3965649,3965650,3965651,3965652,3965653,3965654,3965655
3965656,3965657,3965658,3965659,3965660,3965661,3965662,3965663,3965664,3965665,3965666,3965667,3965668,3965669,3965670,3965671,3965672,3965673,3965674,3965675
3965676,3965677,3965678,3965679,3965680,3965681,3965682,3965683,3965684,3965685,3965686,3965687,3965688,3965689,3965690,3965691,3965692,3965693,3965694,3965695
3965696,3965697,3965698,3965699,3965700,3965701,3965702,3965703,3965704,3965705,3965706,3965707,3965708,3965709,3965710,3965711,3965712,3965713,3965714,3965715
3965716,3965717,3965718,3965719,3965720,3965721,3965722,3965723,3965724,3965725,3965726,3965727,3965728,3965729,3965730,3965731,3965732,3965733,3965734,3965735
3965736,3965737,3965738,3965739,3965740,3965741,3965742,3965743,3965744,3965745,3965746,3965747,3965748,3965749,3965750,3965751,3965752,3965753,3965754,3965755
3965756,3965757,3965758,3965759,3965760,3965761,3965762,3965763,3965764,3965765,3965766,3965767,3965768,3965769,3965770,3965771,3965772,3965773,3965774,3965775
3965776,3965777,3965778,3965779,3965780,3965781,3965782,3965783,3965784,3965785,3965786,3965787,3965788,3965789,3965790,3965791,3965792,3965793,3965794,3965795
3965796,3965797,3965798,3965799,3965800,3965801,3965802,3965803,3965804,3965805,3965806,3965807,3965808,3965809,3965810,3965811,3965812,3965813,3965814,3965815
3965816,3965817,3965818,3965819,3965820,3965821,3965822,3965823,3965824,3965825,3965826,3965827,3965828,3965829,3965830,3965831,3965832,3965833,3965834,3965835
3965836,3965837,3965838,3965839,3965840,3965841,3965842,3965843,3965844,3965845,3965846,3965847,3965848,3965849,3965850,3965851,3965852,3965853,3965854,3965855
3965856,3965857,3965858,3965859,3965860,3965861,3965862,3965863,3965864,3965865,3965866,3965867,3965868,3965869,3965870,3965871,3965872,3965873,3965874,3965875
3965876,3965877,3965878,3965879,3965880,3965881,3965882,3965883,3965884,3965885,3965886,3965887,3965888,3965889,3965890,3965891,3965892,3965893,3965894,3965895
3965896,3965897,3965898,3965899,3965900,3965901,3965902,3965903,3965904,3965905,3965906,3965907,3965908,3965909,3965910,3965911,3965912,3965913,3965914,3965915
3965916,3965917,3965918,3965919,3965920,3965921,3965922,3965923,3965924,3965925,3965926,3965927,3965928,3965929,3965930,3965931,3965932,3965933,3965934,3965935
3965936,3965937,3965938,3965939,3965940,3965941,3965942,3965943,3965944,3965945,3965946,3965947,3965948,3965949,3965950,3965951,3965952,3965953,3965954,3965955
3965956,3965957,3965958,3965959,3965960,3965961,3965962,3965963,3965964,3965965,3965966,3965967,3965968,3965969,3965970,3965971,3965972,3965973,3965974,3965975
3965976,3965977,3965978,3965979,3965980,3965981,3965982,3965983,3965984,3965985,3965986,3965987,3965988,3965989,3965990,3965991,3965992,3965993,3965994,3965995
3965996,3965997,3965998,3965999,3966000,3966001,3966002,3966003,3966004,3966005,3966006,3966007,3966008,3966009,3966010,3966011,3966012,3966013,3966014,3966015
3966016,3966017,3966018,3966019,3966020,3966021,3966022,3966023,3966024,3966025,3966026,3966027,3966028,3966029,3966030,3966031,3966032,3966033,3966034,3966035
3966036,3966037,3966038,3966039,3966040,3966041,3966042,3966043,3966044,3966045,3966046,3966047,3966048,3966049,3966050,3966051,3966052,3966053,3966054,3966055
3966056,3966057,3966058,3966059,3966060,3966061,3966062,3966063,3966064,3966065,3966066,3966067,3966068,3966069,3966070,3966071,3966072,3966073,3966074,3966075
3966076,3966077,3966078,3966079,3966080,3966081,3966082,3966083,3966084,3966085,3966086,3966087,3966088,3966089,3966090,3966091,3966092,3966093,3966094,3966095
3966096,3966097,3966098,3966099,3966100,3966101,3966102,3966103,3966104,3966105,3966106,3966107,3966108,3966109,3966110,3966111,3966112,3966113,3966114,3966115
3966116,3966117,3966118,3966119,3966120,3966121,3966122,3966123,3966124,3966125,3966126,3966127,3966128,3966129,3966130,3966131,3966132,3966133,3966134,3966135
3966136,3966137,3966138,3966139,3966140,3966141,3966142,3966143,3966144,3966145,3966146,3966147,3966148,3966149,3966150,3966151,3966152,3966153,3966154,3966155
3966156,3966157,3966158,3966159,3966160,3966161,3966162,3966163,3966164,3966165,3966166,3966167,3966168,3966169,3966170,3966171,3966172,3966173,3966174,3966175
3966176,3966177,3966178,3966179,3966180,3966181,3966182,3966183,3966184,3966185,3966186,3966187,3966188,3966189,3966190,3966191,3966192,3966193,3966194,3966195
3966196,3966197,3966198,3966199,3966200,3966201,3966202,3966203,3966204,3966205,3966206,3966207,3966208,3966209,3966210,3966211,3966212,3966213,3966214,3966215
3966216,3966217,3966218,3966219,3966220,3966221,3966222,3966223,3966224,3966225,3966226,3966227,3966228,3966229,3966230,3966231,3966232,3966233,3966234,3966235
3966236,3966237,3966238,3966239,3966240,3966241,3966242,3966243,3966244,3966245,3966246,3966247,3966248,3966249,3966250,3966251,3966252,3966253,3966254,3966255
3966256,3966257,3966258,3966259,3966260,3966261,3966262,3966263,3966264,3966265,3966266,3966267,3966268,3966269,3966270,3966271,3966272,3966273,3966274,3966275
3966276,3966277,3966278,3966279,3966280,3966281,3966282,3966283,3966284,3966285,3966286,3966287,3966288,3966289,3966290,3966291,3966292,3966293,3966294,3966295
3966296,3966297,3966298,3966299,3966300,3966301,3966302,3966303,3966304,3966305,3966306,3966307,3966308,3966309,3966310,3966311,3966312,3966313,3966314,3966315
3966316,3966317,3966318,3966319,3966320,3966321,3966322,3966323,3966324,3966325,3966326,3966327,3966328,3966329,3966330,3966331,3966332,3966333,3966334,3966335
3966336,3966337,3966338,3966339,3966340,3966341,3966342,3966343,3966344,3966345,3966346,3966347,3966348,3966349,3966350,3966351,3966352,3966353,3966354,3966355
3966356,3966357,3966358,3966359,3966360,3966361,3966362,3966363,3966364,3966365,3966366,3966367,3966368,3966369,3966370,3966371,3966372,3966373,3966374,3966375
3966376,3966377,3966378,3966379,3966380,3966381,3966382,3966383,3966384,3966385,3966386,3966387,3966388,3966389,3966390,3966391,3966392,3966393,3966394,3966395
3966396,3966397,3966398,3966399,3966400,3966401,3966402,3966403,3966404,3966405,3966406,3966407,3966408,3966409,3966410,3966411,3966412,3966413,3966414,3966415
3966416,3966417,3966418,3966419,3966420,3966421,3966422,3966423,3966424,3966425,3966426,3966427,3966428,3966429,3966430,3966431,3966432,3966433,3966434,3966435
3966436,3966437,3966438,3966439,3966440,3966441,3966442,3966443,3966444,3966445,3966446,3966447,3966448,3966449,3966450,3966451,3966452,3966453,3966454,3966455
3966456,3966457,3966458,3966459,3966460,3966461,3966462,3966463,3966464,3966465,3966466,3966467,3966468,3966469,3966470,3966471,3966472,3966473,3966474,3966475
3966476,3966477,3966478,3966479,3966480,3966481,3966482,3966483,3966484,3966485,3966486,3966487,3966488,3966489,3966490,3966491,3966492,3966493,3966494,3966495
3966496,3966497,3966498,3966499,3966500,3966501,3966502,3966503,3966504,3966505,3966506,3966507,3966508,3966509,3966510,3966511,3966512,3966513,3966514,3966515
3966516,3966517,3966518,3966519,3966520,3966521,3966522,3966523,3966524,3966525,3966526,3966527,3966528,3966529,3966530,3966531,3966532,3966533,3966534,3966535
3966536,3966537,3966538,3966539,3966540,3966541,3966542,3966543,3966544,3966545,3966546,3966547,3966548,3966549,3966550,3966551,3966552,3966553,3966554,3966555
3966556,3966557,3966558,3966559,3966560,3966561,3966562,3966563,3966564,3966565,3966566,3966567,3966568,3966569,3966570,3966571,3966572,3966573,3966574,3966575
3966576,3966577,3966578,3966579,3966580,3966581,3966582,3966583,3966584,3966585,3966586,3966587,3966588,3966589,3966590,3966591,3966592,3966593,3966594,3966595
3966596,3966597,3966598,3966599,3966600,3966601,3966602,3966603,3966604,3966605,3966606,3966607,3966608,3966609,3966610,3966611,3966612,3966613,3966614,3966615
3966616,3966617,3966618,3966619,3966620,3966621,3966622,3966623,3966624,3966625,3966626,3966627,3966628,3966629,3966630,3966631,3966632,3966633,3966634,3966635
3966636,3966637,3966638,3966639,3966640,3966641,3966642,3966643,3966644,3966645,3966646,3966647,3966648,3966649,3966650,3966651,3966652,3966653,3966654,3966655
3966656,3966657,3966658,3966659,3966660,3966661,3966662,3966663,3966664,3966665,3966666,3966667,3966668,3966669,3966670,3966671,3966672,3966673,3966674,3966675
3966676,3966677,3966678,3966679,3966680,3966681,3966682,3966683,3966684,3966685,3966686,3966687,3966688,3966689,3966690,3966691,3966692,3966693,3966694,3966695
3966696,3966697,3966698,3966699,3966700,3966701,3966702,3966703,3966704,3966705,3966706,3966707,3966708,3966709,3966710,3966711,3966712,3966713,3966714,3966715
3966716,3966717,3966718,3966719,3966720,3966721,3966722,3966723,3966724,3966725,3966726,3966727,3966728,3966729,3966730,3966731,3966732,3966733,3966734,3966735
3966736,3966737,3966738,3966739,3966740,3966741,3966742,3966743,3966744,3966745,3966746,3966747,3966748,3966749,3966750,3966751,3966752,3966753,3966754,3966755
3966756,3966757,3966758,3966759,3966760,3966761,3966762,3966763,3966764,3966765,3966766,3966767,3966768,3966769,3966770,3966771,3966772,3966773,3966774,3966775
3966776,3966777,3966778,3966779,3966780,3966781,3966782,3966783,3966784,3966785,3966786,3966787,3966788,3966789,3966790,3966791,3966792,3966793,3966794,3966795
3966796,3966797,3966798,3966799,3966800,3966801,3966802,3966803,3966804,3966805,3966806,3966807,3966808,3966809,3966810,3966811,3966812,3966813,3966814,3966815
3966816,3966817,3966818,3966819,3966820,3966821,3966822,3966823,3966824,3966825,3966826,3966827,3966828,3966829,3966830,3966831,3966832,3966833,3966834,3966835
3966836,3966837,3966838,3966839,3966840,3966841,3966842,3966843,3966844,3966845,3966846,3966847,3966848,3966849,3966850,3966851,3966852,3966853,3966854,3966855
3966856,3966857,3966858,3966859,3966860,3966861,3966862,3966863,3966864,3966865,3966866,3966867,3966868,3966869,3966870,3966871,3966872,3966873,3966874,3966875
3966876,3966877,3966878,3966879,3966880,3966881,3966882,3966883,3966884,3966885,3966886,3966887,3966888,3966889,3966890,3966891,3966892,3966893,3966894,3966895
3966896,3966897,3966898,3966899,3966900,3966901,3966902,3966903,3966904,3966905,3966906,3966907,3966908,3966909,3966910,3966911,3966912,3966913,3966914,3966915
3966916,3966917,3966918,3966919,3966920,3966921,3966922,3966923,3966924,3966925,3966926,3966927,3966928,3966929,3966930,3966931,3966932,3966933,3966934,3966935
3966936,3966937,3966938,3966939,3966940,3966941,3966942,3966943,3966944,3966945,3966946,3966947,3966948,3966949,3966950,3966951,3966952,3966953,3966954,3966955
3966956,3966957,3966958,3966959,3966960,3966961,3966962,3966963,3966964,3966965,3966966,3966967,3966968,3966969,3966970,3966971,3966972,3966973,3966974,3966975
3966976,3966977,3966978,3966979,3966980,3966981,3966982,3966983,3966984,3966985,3966986,3966987,3966988,3966989,3966990,3966991,3966992,3966993,3966994,3966995
3966996,3966997,3966998,3966999,3967000,3967001,3967002,3967003,3967004,3967005,3967006,3967007,3967008,3967009,3967010,3967011,3967012,3967013,3967014,3967015
3967016,3967017,3967018,3967019,3967020,3967021,3967022,3967023,3967024,3967025,3967026,3967027,3967028,3967029,3967030,3967031,3967032,3967033,3967034,3967035
3967036,3967037,3967038,3967039,3967040,3967041,3967042,3967043,3967044,3967045,3967046,3967047,3967048,3967049,3967050,3967051,3967052,3967053,3967054,3967055
3967056,3967057,3967058,3967059,3967060,3967061,3967062,3967063,3967064,3967065,3967066,3967067,3967068,3967069,3967070,3967071,3967072,3967073,3967074,3967075
3967076,3967077,3967078,3967079,3967080,3967081,3967082,3967083,3967084,3967085,3967086,3967087,3967088,3967089,3967090,3967091,3967092,3967093,3967094,3967095
3967096,3967097,3967098,3967099,3967100,3967101,3967102,3967103,3967104,3967105,3967106,3967107,3967108,3967109,3967110,3967111,3967112,3967113,3967114,3967115
3967116,3967117,3967118,3967119,3967120,3967121,3967122,3967123,3967124,3967125,3967126,3967127,3967128,3967129,3967130,3967131,3967132,3967133,3967134,3967135
3967136,3967137,3967138,3967139,3967140,3967141,3967142,3967143,3967144,3967145,3967146,3967147,3967148,3967149,3967150,3967151,3967152,3967153,3967154,3967155
3967156,3967157,3967158,3967159,3967160,3967161,3967162,3967163,3967164,3967165,3967166,3967167,3967168,3967169,3967170,3967171,3967172,3967173,3967174,3967175
3967176,3967177,3967178,3967179,3967180,3967181,3967182,3967183,3967184,3967185,3967186,3967187,3967188,3967189,3967190,3967191,3967192,3967193,3967194,3967195
3967196,3967197,3967198,3967199,3967200,3967201,3967202,3967203,3967204,3967205,3967206,3967207,3967208,3967209,3967210,3967211,3967212,3967213,3967214,3967215
3967216,3967217,3967218,3967219,3967220,3967221,3967222,3967223,3967224,3967225,3967226,3967227,3967228,3967229,3967230,3967231,3967232,3967233,3967234,3967235
3967236,3967237,3967238,3967239,3967240,3967241,3967242,3967243,3967244,3967245,3967246,3967247,3967248,3967249,3967250,3967251,3967252,3967253,3967254,3967255
3967256,3967257,3967258,3967259,3967260,3967261,3967262,3967263,3967264,3967265,3967266,3967267,3967268,3967269,3967270,3967271,3967272,3967273,3967274,3967275
3967276,3967277,3967278,3967279,3967280,3967281,3967282,3967283,3967284,3967285,3967286,3967287,3967288,3967289,3967290,3967291,3967292,3967293,3967294,3967295
3967296,3967297,3967298,3967299,3967300,3967301,3967302,3967303,3967304,3967305,3967306,3967307,3967308,3967309,3967310,3967311,3967312,3967313,3967314,3967315
3967316,3967317,3967318,3967319,3967320,3967321,3967322,3967323,3967324,3967325,3967326,3967327,3967328,3967329,3967330,3967331,3967332,3967333,3967334,3967335
3967336,3967337,3967338,3967339,3967340,3967341,3967342,3967343,3967344,3967345,3967346,3967347,3967348,3967349,3967350,3967351,3967352,3967353,3967354,3967355
3967356,3967357,3967358,3967359,3967360,3967361,3967362,3967363,3967364,3967365,3967366,3967367,3967368,3967369,3967370,3967371,3967372,3967373,3967374,3967375
3967376,3967377,3967378,3967379,3967380,3967381,3967382,3967383,3967384,3967385,3967386,3967387,3967388,3967389,3967390,3967391,3967392,3967393,3967394,3967395
3967396,3967397,3967398,3967399,3967400,3967401,3967402,3967403,3967404,3967405,3967406,3967407,3967408,3967409,3967410,3967411,3967412,3967413,3967414,3967415
3967416,3967417,3967418,3967419,3967420,3967421,3967422,3967423,3967424,3967425,3967426,3967427,3967428,3967429,3967430,3967431,3967432,3967433,3967434,3967435
3967436,3967437,3967438,3967439,3967440,3967441,3967442,3967443,3967444,3967445,3967446,3967447,3967448,3967449,3967450,3967451,3967452,3967453,3967454,3967455
3967456,3967457,3967458,3967459,3967460,3967461,3967462,3967463,3967464,3967465,3967466,3967467,3967468,3967469,3967470,3967471,3967472,3967473,3967474,3967475
3967476,3967477,3967478,3967479,3967480,3967481,3967482,3967483,3967484,3967485,3967486,3967487,3967488,3967489,3967490,3967491,3967492,3967493,3967494,3967495
3967496,3967497,3967498,3967499,3967500,3967501,3967502,3967503,3967504,3967505,3967506,3967507,3967508,3967509,3967510,3967511,3967512,3967513,3967514,3967515
3967516,3967517,3967518,3967519,3967520,3967521,3967522,3967523,3967524,3967525,3967526,3967527,3967528,3967529,3967530,3967531,3967532,3967533,3967534,3967535
3967536,3967537,3967538,3967539,3967540,3967541,3967542,3967543,3967544,3967545,3967546,3967547,3967548,3967549,3967550,3967551,3967552,3967553,3967554,3967555
3967556,3967557,3967558,3967559,3967560,3967561,3967562,3967563,3967564,3967565,3967566,3967567,3967568,3967569,3967570,3967571,3967572,3967573,3967574,3967575
3967576,3967577,3967578,3967579,3967580,3967581,3967582,3967583,3967584,3967585,3967586,3967587,3967588,3967589,3967590,3967591,3967592,3967593,3967594,3967595
3967596,3967597,3967598,3967599,3967600,3967601,3967602,3967603,3967604,3967605,3967606,3967607,3967608,3967609,3967610,3967611,3967612,3967613,3967614,3967615
3967616,3967617,3967618,3967619,3967620,3967621,3967622,3967623,3967624,3967625,3967626,3967627,3967628,3967629,3967630,3967631,3967632,3967633,3967634,3967635
3967636,3967637,3967638,3967639,3967640,3967641,3967642,3967643,3967644,3967645,3967646,3967647,3967648,3967649,3967650,3967651,3967652,3967653,3967654,3967655
3967656,3967657,3967658,3967659,3967660,3967661,3967662,3967663,3967664,3967665,3967666,3967667,3967668,3967669,3967670,3967671,3967672,3967673,3967674,3967675
3967676,3967677,3967678,3967679,3967680,3967681,3967682,3967683,3967684,3967685,3967686,3967687,3967688,3967689,3967690,3967691,3967692,3967693,3967694,3967695
3967696,3967697,3967698,3967699,3967700,3967701,3967702,3967703,3967704,3967705,3967706,3967707,3967708,3967709,3967710,3967711,3967712,3967713,3967714,3967715
3967716,3967717,3967718,3967719,3967720,3967721,3967722,3967723,3967724,3967725,3967726,3967727,3967728,3967729,3967730,3967731,3967732,3967733,3967734,3967735
3967736,3967737,3967738,3967739,3967740,3967741,3967742,3967743,3967744,3967745,3967746,3967747,3967748,3967749,3967750,3967751,3967752,3967753,3967754,3967755
3967756,3967757,3967758,3967759,3967760,3967761,3967762,3967763,3967764,3967765,3967766,3967767,3967768,3967769,3967770,3967771,3967772,3967773,3967774,3967775
3967776,3967777,3967778,3967779,3967780,3967781,3967782,3967783,3967784,3967785,3967786,3967787,3967788,3967789,3967790,3967791,3967792,3967793,3967794,3967795
3967796,3967797,3967798,3967799,3967800,3967801,3967802,3967803,3967804,3967805,3967806,3967807,3967808,3967809,3967810,3967811,3967812,3967813,3967814,3967815
3967816,3967817,3967818,3967819,3967820,3967821,3967822,3967823,3967824,3967825,3967826,3967827,3967828,3967829,3967830,3967831,3967832,3967833,3967834,3967835
3967836,3967837,3967838,3967839,3967840,3967841,3967842,3967843,3967844,3967845,3967846,3967847,3967848,3967849,3967850,3967851,3967852,3967853,3967854,3967855
3967856,3967857,3967858,3967859,3967860,3967861,3967862,3967863,3967864,3967865,3967866,3967867,3967868,3967869,3967870,3967871,3967872,3967873,3967874,3967875
3967876,3967877,3967878,3967879,3967880,3967881,3967882,3967883,3967884,3967885,3967886,3967887,3967888,3967889,3967890,3967891,3967892,3967893,3967894,3967895
3967896,3967897,3967898,3967899,3967900,3967901,3967902,3967903,3967904,3967905,3967906,3967907,3967908,3967909,3967910,3967911,3967912,3967913,3967914,3967915
3967916,3967917,3967918,3967919,3967920,3967921,3967922,3967923,3967924,3967925,3967926,3967927,3967928,3967929,3967930,3967931,3967932,3967933,3967934,3967935
3967936,3967937,3967938,3967939,3967940,3967941,3967942,3967943,3967944,3967945,3967946,3967947,3967948,3967949,3967950,3967951,3967952,3967953,3967954,3967955
3967956,3967957,3967958,3967959,3967960,3967961,3967962,3967963,3967964,3967965,3967966,3967967,3967968,3967969,3967970,3967971,3967972,3967973,3967974,3967975
3967976,3967977,3967978,3967979,3967980,3967981,3967982,3967983,3967984,3967985,3967986,3967987,3967988,3967989,3967990,3967991,3967992,3967993,3967994,3967995
3967996,3967997,3967998,3967999,3968000,3968001,3968002,3968003,3968004,3968005,3968006,3968007,3968008,3968009,3968010,3968011,3968012,3968013,3968014,3968015
3968016,3968017,3968018,3968019,3968020,3968021,3968022,3968023,3968024,3968025,3968026,3968027,3968028,3968029,3968030,3968031,3968032,3968033,3968034,3968035
3968036,3968037,3968038,3968039,3968040,3968041,3968042,3968043,3968044,3968045,3968046,3968047,3968048,3968049,3968050,3968051,3968052,3968053,3968054,3968055
3968056,3968057,3968058,3968059,3968060,3968061,3968062,3968063,3968064,3968065,3968066,3968067,3968068,3968069,3968070,3968071,3968072,3968073,3968074,3968075
3968076,3968077,3968078,3968079,3968080,3968081,3968082,3968083,3968084,3968085,3968086,3968087,3968088,3968089,3968090,3968091,3968092,3968093,3968094,3968095
3968096,3968097,3968098,3968099,3968100,3968101,3968102,3968103,3968104,3968105,3968106,3968107,3968108,3968109,3968110,3968111,3968112,3968113,3968114,3968115
3968116,3968117,3968118,3968119,3968120,3968121,3968122,3968123,3968124,3968125,3968126,3968127,3968128,3968129,3968130,3968131,3968132,3968133,3968134,3968135
3968136,3968137,3968138,3968139,3968140,3968141,3968142,3968143,3968144,3968145,3968146,3968147,3968148,3968149,3968150,3968151,3968152,3968153,3968154,3968155
3968156,3968157,3968158,3968159,3968160,3968161,3968162,3968163,3968164,3968165,3968166,3968167,3968168,3968169,3968170,3968171,3968172,3968173,3968174,3968175
3968176,3968177,3968178,3968179,3968180,3968181,3968182,3968183,3968184,3968185,3968186,3968187,3968188,3968189,3968190,3968191,3968192,3968193,3968194,3968195
3968196,3968197,3968198,3968199,3968200,3968201,3968202,3968203,3968204,3968205,3968206,3968207,3968208,3968209,3968210,3968211,3968212,3968213,3968214,3968215
3968216,3968217,3968218,3968219,3968220,3968221,3968222,3968223,3968224,3968225,3968226,3968227,3968228,3968229,3968230,3968231,3968232,3968233,3968234,3968235
3968236,3968237,3968238,3968239,3968240,3968241,3968242,3968243,3968244,3968245,3968246,3968247,3968248,3968249,3968250,3968251,3968252,3968253,3968254,3968255
3968256,3968257,3968258,3968259,3968260,3968261,3968262,3968263,3968264,3968265,3968266,3968267,3968268,3968269,3968270,3968271,3968272,3968273,3968274,3968275
3968276,3968277,3968278,3968279,3968280,3968281,3968282,3968283,3968284,3968285,3968286,3968287,3968288,3968289,3968290,3968291,3968292,3968293,3968294,3968295
3968296,3968297,3968298,3968299,3968300,3968301,3968302,3968303,3968304,3968305,3968306,3968307,3968308,3968309,3968310,3968311,3968312,3968313,3968314,3968315
3968316,3968317,3968318,3968319,3968320,3968321,3968322,3968323,3968324,3968325,3968326,3968327,3968328,3968329,3968330,3968331,3968332,3968333,3968334,3968335
3968336,3968337,3968338,3968339,3968340,3968341,3968342,3968343,3968344,3968345,3968346,3968347,3968348,3968349,3968350,3968351,3968352,3968353,3968354,3968355
3968356,3968357,3968358,3968359,3968360,3968361,3968362,3968363,3968364,3968365,3968366,3968367,3968368,3968369,3968370,3968371,3968372,3968373,3968374,3968375
3968376,3968377,3968378,3968379,3968380,3968381,3968382,3968383,3968384,3968385,3968386,3968387,3968388,3968389,3968390,3968391,3968392,3968393,3968394,3968395
3968396,3968397,3968398,3968399,3968400,3968401,3968402,3968403,3968404,3968405,3968406,3968407,3968408,3968409,3968410,3968411,3968412,3968413,3968414,3968415
3968416,3968417,3968418,3968419,3968420,3968421,3968422,3968423,3968424,3968425,3968426,3968427,3968428,3968429,3968430,3968431,3968432,3968433,3968434,3968435
3968436,3968437,3968438,3968439,3968440,3968441,3968442,3968443,3968444,3968445,3968446,3968447,3968448,3968449,3968450,3968451,3968452,3968453,3968454,3968455
3968456,3968457,3968458,3968459,3968460,3968461,3968462,3968463,3968464,3968465,3968466,3968467,3968468,3968469,3968470,3968471,3968472,3968473,3968474,3968475
3968476,3968477,3968478,3968479,3968480,3968481,3968482,3968483,3968484,3968485,3968486,3968487,3968488,3968489,3968490,3968491,3968492,3968493,3968494,3968495
3968496,3968497,3968498,3968499,3968500,3968501,3968502,3968503,3968504,3968505,3968506,3968507,3968508,3968509,3968510,3968511,3968512,3968513,3968514,3968515
3968516,3968517,3968518,3968519,3968520,3968521,3968522,3968523,3968524,3968525,3968526,3968527,3968528,3968529,3968530,3968531,3968532,3968533,3968534,3968535
3968536,3968537,3968538,3968539,3968540,3968541,3968542,3968543,3968544,3968545,3968546,3968547,3968548,3968549,3968550,3968551,3968552,3968553,3968554,3968555
3968556,3968557,3968558,3968559,3968560,3968561,3968562,3968563,3968564,3968565,3968566,3968567,3968568,3968569,3968570,3968571,3968572,3968573,3968574,3968575
3968576,3968577,3968578,3968579,3968580,3968581,3968582,3968583,3968584,3968585,3968586,3968587,3968588,3968589,3968590,3968591,3968592,3968593,3968594,3968595
3968596,3968597,3968598,3968599,3968600,3968601,3968602,3968603,3968604,3968605,3968606,3968607,3968608,3968609,3968610,3968611,3968612,3968613,3968614,3968615
3968616,3968617,3968618,3968619,3968620,3968621,3968622,3968623,3968624,3968625,3968626,3968627,3968628,3968629,3968630,3968631,3968632,3968633,3968634,3968635
3968636,3968637,3968638,3968639,3968640,3968641,3968642,3968643,3968644,3968645,3968646,3968647,3968648,3968649,3968650,3968651,3968652,3968653,3968654,3968655
3968656,3968657,3968658,3968659,3968660,3968661,3968662,3968663,3968664,3968665,3968666,3968667,3968668,3968669,3968670,3968671,3968672,3968673,3968674,3968675
3968676,3968677,3968678,3968679,3968680,3968681,3968682,3968683,3968684,3968685,3968686,3968687,3968688,3968689,3968690,3968691,3968692,3968693,3968694,3968695
3968696,3968697,3968698,3968699,3968700,3968701,3968702,3968703,3968704,3968705,3968706,3968707,3968708,3968709,3968710,3968711,3968712,3968713,3968714,3968715
3968716,3968717,3968718,3968719,3968720,3968721,3968722,3968723,3968724,3968725,3968726,3968727,3968728,3968729,3968730,3968731,3968732,3968733,3968734,3968735
3968736,3968737,3968738,3968739,3968740,3968741,3968742,3968743,3968744,3968745,3968746,3968747,3968748,3968749,3968750,3968751,3968752,3968753,3968754,3968755
3968756,3968757,3968758,3968759,3968760,3968761,3968762,3968763,3968764,3968765,3968766,3968767,3968768,3968769,3968770,3968771,3968772,3968773,3968774,3968775
3968776,3968777,3968778,3968779,3968780,3968781,3968782,3968783,3968784,3968785,3968786,3968787,3968788,3968789,3968790,3968791,3968792,3968793,3968794,3968795
3968796,3968797,3968798,3968799,3968800,3968801,3968802,3968803,3968804,3968805,3968806,3968807,3968808,3968809,3968810,3968811,3968812,3968813,3968814,3968815
3968816,3968817,3968818,3968819,3968820,3968821,3968822,3968823,3968824,3968825,3968826,3968827,3968828,3968829,3968830,3968831,3968832,3968833,3968834,3968835
3968836,3968837,3968838,3968839,3968840,3968841,3968842,3968843,3968844,3968845,3968846,3968847,3968848,3968849,3968850,3968851,3968852,3968853,3968854,3968855
3968856,3968857,3968858,3968859,3968860,3968861,3968862,3968863,3968864,3968865,3968866,3968867,3968868,3968869,3968870,3968871,3968872,3968873,3968874,3968875
3968876,3968877,3968878,3968879,3968880,3968881,3968882,3968883,3968884,3968885,3968886,3968887,3968888,3968889,3968890,3968891,3968892,3968893,3968894,3968895
3968896,3968897,3968898,3968899,3968900,3968901,3968902,3968903,3968904,3968905,3968906,3968907,3968908,3968909,3968910,3968911,3968912,3968913,3968914,3968915
3968916,3968917,3968918,3968919,3968920,3968921,3968922,3968923,3968924,3968925,3968926,3968927,3968928,3968929,3968930,3968931,3968932,3968933,3968934,3968935
3968936,3968937,3968938,3968939,3968940,3968941,3968942,3968943,3968944,3968945,3968946,3968947,3968948,3968949,3968950,3968951,3968952,3968953,3968954,3968955
3968956,3968957,3968958,3968959,3968960,3968961,3968962,3968963,3968964,3968965,3968966,3968967,3968968,3968969,3968970,3968971,3968972,3968973,3968974,3968975
3968976,3968977,3968978,3968979,3968980,3968981,3968982,3968983,3968984,3968985,3968986,3968987,3968988,3968989,3968990,3968991,3968992,3968993,3968994,3968995
3968996,3968997,3968998,3968999,3969000,3969001,3969002,3969003,3969004,3969005,3969006,3969007,3969008,3969009,3969010,3969011,3969012,3969013,3969014,3969015
3969016,3969017,3969018,3969019,3969020,3969021,3969022,3969023,3969024,3969025,3969026,3969027,3969028,3969029,3969030,3969031,3969032,3969033,3969034,3969035
3969036,3969037,3969038,3969039,3969040,3969041,3969042,3969043,3969044,3969045,3969046,3969047,3969048,3969049,3969050,3969051,3969052,3969053,3969054,3969055
3969056,3969057,3969058,3969059,3969060,3969061,3969062,3969063,3969064,3969065,3969066,3969067,3969068,3969069,3969070,3969071,3969072,3969073,3969074,3969075
3969076,3969077,3969078,3969079,3969080,3969081,3969082,3969083,3969084,3969085,3969086,3969087,3969088,3969089,3969090,3969091,3969092,3969093,3969094,3969095
3969096,3969097,3969098,3969099,3969100,3969101,3969102,3969103,3969104,3969105,3969106,3969107,3969108,3969109,3969110,3969111,3969112,3969113,3969114,3969115
3969116,3969117,3969118,3969119,3969120,3969121,3969122,3969123,3969124,3969125,3969126,3969127,3969128,3969129,3969130,3969131,3969132,3969133,3969134,3969135
3969136,3969137,3969138,3969139,3969140,3969141,3969142,3969143,3969144,3969145,3969146,3969147,3969148,3969149,3969150,3969151,3969152,3969153,3969154,3969155
3969156,3969157,3969158,3969159,3969160,3969161,3969162,3969163,3969164,3969165,3969166,3969167,3969168,3969169,3969170,3969171,3969172,3969173,3969174,3969175
3969176,3969177,3969178,3969179,3969180,3969181,3969182,3969183,3969184,3969185,3969186,3969187,3969188,3969189,3969190,3969191,3969192,3969193,3969194,3969195
3969196,3969197,3969198,3969199,3969200,3969201,3969202,3969203,3969204,3969205,3969206,3969207,3969208,3969209,3969210,3969211,3969212,3969213,3969214,3969215
3969216,3969217,3969218,3969219,3969220,3969221,3969222,3969223,3969224,3969225,3969226,3969227,3969228,3969229,3969230,3969231,3969232,3969233,3969234,3969235
3969236,3969237,3969238,3969239,3969240,3969241,3969242,3969243,3969244,3969245,3969246,3969247,3969248,3969249,3969250,3969251,3969252,3969253,3969254,3969255
3969256,3969257,3969258,3969259,3969260,3969261,3969262,3969263,3969264,3969265,3969266,3969267,3969268,3969269,3969270,3969271,3969272,3969273,3969274,3969275
3969276,3969277,3969278,3969279,3969280,3969281,3969282,3969283,3969284,3969285,3969286,3969287,3969288,3969289,3969290,3969291,3969292,3969293,3969294,3969295
3969296,3969297,3969298,3969299,3969300,3969301,3969302,3969303,3969304,3969305,3969306,3969307,3969308,3969309,3969310,3969311,3969312,3969313,3969314,3969315
3969316,3969317,3969318,3969319,3969320,3969321,3969322,3969323,3969324,3969325,3969326,3969327,3969328,3969329,3969330,3969331,3969332,3969333,3969334,3969335
3969336,3969337,3969338,3969339,3969340,3969341,3969342,3969343,3969344,3969345,3969346,3969347,3969348,3969349,3969350,3969351,3969352,3969353,3969354,3969355
3969356,3969357,3969358,3969359,3969360,3969361,3969362,3969363,3969364,3969365,3969366,3969367,3969368,3969369,3969370,3969371,3969372,3969373,3969374,3969375
3969376,3969377,3969378,3969379,3969380,3969381,3969382,3969383,3969384,3969385,3969386,3969387,3969388,3969389,3969390,3969391,3969392,3969393,3969394,3969395
3969396,3969397,3969398,3969399,3969400,3969401,3969402,3969403,3969404,3969405,3969406,3969407,3969408,3969409,3969410,3969411,3969412,3969413,3969414,3969415
3969416,3969417,3969418,3969419,3969420,3969421,3969422,3969423,3969424,3969425,3969426,3969427,3969428,3969429,3969430,3969431,3969432,3969433,3969434,3969435
3969436,3969437,3969438,3969439,3969440,3969441,3969442,3969443,3969444,3969445,3969446,3969447,3969448,3969449,3969450,3969451,3969452,3969453,3969454,3969455
3969456,3969457,3969458,3969459,3969460,3969461,3969462,3969463,3969464,3969465,3969466,3969467,3969468,3969469,3969470,3969471,3969472,3969473,3969474,3969475
3969476,3969477,3969478,3969479,3969480,3969481,3969482,3969483,3969484,3969485,3969486,3969487,3969488,3969489,3969490,3969491,3969492,3969493,3969494,3969495
3969496,3969497,3969498,3969499,3969500,3969501,3969502,3969503,3969504,3969505,3969506,3969507,3969508,3969509,3969510,3969511,3969512,3969513,3969514,3969515
3969516,3969517,3969518,3969519,3969520,3969521,3969522,3969523,3969524,3969525,3969526,3969527,3969528,3969529,3969530,3969531,3969532,3969533,3969534,3969535
3969536,3969537,3969538,3969539,3969540,3969541,3969542,3969543,3969544,3969545,3969546,3969547,3969548,3969549,3969550,3969551,3969552,3969553,3969554,3969555
3969556,3969557,3969558,3969559,3969560,3969561,3969562,3969563,3969564,3969565,3969566,3969567,3969568,3969569,3969570,3969571,3969572,3969573,3969574,3969575
3969576,3969577,3969578,3969579,3969580,3969581,3969582,3969583,3969584,3969585,3969586,3969587,3969588,3969589,3969590,3969591,3969592,3969593,3969594,3969595
3969596,3969597,3969598,3969599,3969600,3969601,3969602,3969603,3969604,3969605,3969606,3969607,3969608,3969609,3969610,3969611,3969612,3969613,3969614,3969615
3969616,3969617,3969618,3969619,3969620,3969621,3969622,3969623,3969624,3969625,3969626,3969627,3969628,3969629,3969630,3969631,3969632,3969633,3969634,3969635
3969636,3969637,3969638,3969639,3969640,3969641,3969642,3969643,3969644,3969645,3969646,3969647,3969648,3969649,3969650,3969651,3969652,3969653,3969654,3969655
3969656,3969657,3969658,3969659,3969660,3969661,3969662,3969663,3969664,3969665,3969666,3969667,3969668,3969669,3969670,3969671,3969672,3969673,3969674,3969675
3969676,3969677,3969678,3969679,3969680,3969681,3969682,3969683,3969684,3969685,3969686,3969687,3969688,3969689,3969690,3969691,3969692,3969693,3969694,3969695
3969696,3969697,3969698,3969699,3969700,3969701,3969702,3969703,3969704,3969705,3969706,3969707,3969708,3969709,3969710,3969711,3969712,3969713,3969714,3969715
3969716,3969717,3969718,3969719,3969720,3969721,3969722,3969723,3969724,3969725,3969726,3969727,3969728,3969729,3969730,3969731,3969732,3969733,3969734,3969735
3969736,3969737,3969738,3969739,3969740,3969741,3969742,3969743,3969744,3969745,3969746,3969747,3969748,3969749,3969750,3969751,3969752,3969753,3969754,3969755
3969756,3969757,3969758,3969759,3969760,3969761,3969762,3969763,3969764,3969765,3969766,3969767,3969768,3969769,3969770,3969771,3969772,3969773,3969774,3969775
3969776,3969777,3969778,3969779,3969780,3969781,3969782,3969783,3969784,3969785,3969786,3969787,3969788,3969789,3969790,3969791,3969792,3969793,3969794,3969795
3969796,3969797,3969798,3969799,3969800,3969801,3969802,3969803,3969804,3969805,3969806,3969807,3969808,3969809,3969810,3969811,3969812,3969813,3969814,3969815
3969816,3969817,3969818,3969819,3969820,3969821,3969822,3969823,3969824,3969825,3969826,3969827,3969828,3969829,3969830,3969831,3969832,3969833,3969834,3969835
3969836,3969837,3969838,3969839,3969840,3969841,3969842,3969843,3969844,3969845,3969846,3969847,3969848,3969849,3969850,3969851,3969852,3969853,3969854,3969855
3969856,3969857,3969858,3969859,3969860,3969861,3969862,3969863,3969864,3969865,3969866,3969867,3969868,3969869,3969870,3969871,3969872,3969873,3969874,3969875
3969876,3969877,3969878,3969879,3969880,3969881,3969882,3969883,3969884,3969885,3969886,3969887,3969888,3969889,3969890,3969891,3969892,3969893,3969894,3969895
3969896,3969897,3969898,3969899,3969900,3969901,3969902,3969903,3969904,3969905,3969906,3969907,3969908,3969909,3969910,3969911,3969912,3969913,3969914,3969915
3969916,3969917,3969918,3969919,3969920,3969921,3969922,3969923,3969924,3969925,3969926,3969927,3969928,3969929,3969930,3969931,3969932,3969933,3969934,3969935
3969936,3969937,3969938,3969939,3969940,3969941,3969942,3969943,3969944,3969945,3969946,3969947,3969948,3969949,3969950,3969951,3969952,3969953,3969954,3969955
3969956,3969957,3969958,3969959,3969960,3969961,3969962,3969963,3969964,3969965,3969966,3969967,3969968,3969969,3969970,3969971,3969972,3969973,3969974,3969975
3969976,3969977,3969978,3969979,3969980,3969981,3969982,3969983,3969984,3969985,3969986,3969987,3969988,3969989,3969990,3969991,3969992,3969993,3969994,3969995
3969996,3969997,3969998,3969999,3970000,3970001,3970002,3970003,3970004,3970005,3970006,3970007,3970008,3970009,3970010,3970011,3970012,3970013,3970014,3970015
3970016,3970017,3970018,3970019,3970020,3970021,3970022,3970023,3970024,3970025,3970026,3970027,3970028,3970029,3970030,3970031,3970032,3970033,3970034,3970035
3970036,3970037,3970038,3970039,3970040,3970041,3970042,3970043,3970044,3970045,3970046,3970047,3970048,3970049,3970050,3970051,3970052,3970053,3970054,3970055
3970056,3970057,3970058,3970059,3970060,3970061,3970062,3970063,3970064,3970065,3970066,3970067,3970068,3970069,3970070,3970071,3970072,3970073,3970074,3970075
3970076,3970077,3970078,3970079,3970080,3970081,3970082,3970083,3970084,3970085,3970086,3970087,3970088,3970089,3970090,3970091,3970092,3970093,3970094,3970095
3970096,3970097,3970098,3970099,3970100,3970101,3970102,3970103,3970104,3970105,3970106,3970107,3970108,3970109,3970110,3970111,3970112,3970113,3970114,3970115
3970116,3970117,3970118,3970119,3970120,3970121,3970122,3970123,3970124,3970125,3970126,3970127,3970128,3970129,3970130,3970131,3970132,3970133,3970134,3970135
3970136,3970137,3970138,3970139,3970140,3970141,3970142,3970143,3970144,3970145,3970146,3970147,3970148,3970149,3970150,3970151,3970152,3970153,3970154,3970155
3970156,3970157,3970158,3970159,3970160,3970161,3970162,3970163,3970164,3970165,3970166,3970167,3970168,3970169,3970170,3970171,3970172,3970173,3970174,3970175
3970176,3970177,3970178,3970179,3970180,3970181,3970182,3970183,3970184,3970185,3970186,3970187,3970188,3970189,3970190,3970191,3970192,3970193,3970194,3970195
3970196,3970197,3970198,3970199,3970200,3970201,3970202,3970203,3970204,3970205,3970206,3970207,3970208,3970209,3970210,3970211,3970212,3970213,3970214,3970215
3970216,3970217,3970218,3970219,3970220,3970221,3970222,3970223,3970224,3970225,3970226,3970227,3970228,3970229,3970230,3970231,3970232,3970233,3970234,3970235
3970236,3970237,3970238,3970239,3970240,3970241,3970242,3970243,3970244,3970245,3970246,3970247,3970248,3970249,3970250,3970251,3970252,3970253,3970254,3970255
3970256,3970257,3970258,3970259,3970260,3970261,3970262,3970263,3970264,3970265,3970266,3970267,3970268,3970269,3970270,3970271,3970272,3970273,3970274,3970275
3970276,3970277,3970278,3970279,3970280,3970281,3970282,3970283,3970284,3970285,3970286,3970287,3970288,3970289,3970290,3970291,3970292,3970293,3970294,3970295
3970296,3970297,3970298,3970299,3970300,3970301,3970302,3970303,3970304,3970305,3970306,3970307,3970308,3970309,3970310,3970311,3970312,3970313,3970314,3970315
3970316,3970317,3970318,3970319,3970320,3970321,3970322,3970323,3970324,3970325,3970326,3970327,3970328,3970329,3970330,3970331,3970332,3970333,3970334,3970335
3970336,3970337,3970338,3970339,3970340,3970341,3970342,3970343,3970344,3970345,3970346,3970347,3970348,3970349,3970350,3970351,3970352,3970353,3970354,3970355
3970356,3970357,3970358,3970359,3970360,3970361,3970362,3970363,3970364,3970365,3970366,3970367,3970368,3970369,3970370,3970371,3970372,3970373,3970374,3970375
3970376,3970377,3970378,3970379,3970380,3970381,3970382,3970383,3970384,3970385,3970386,3970387,3970388,3970389,3970390,3970391,3970392,3970393,3970394,3970395
3970396,3970397,3970398,3970399,3970400,3970401,3970402,3970403,3970404,3970405,3970406,3970407,3970408,3970409,3970410,3970411,3970412,3970413,3970414,3970415
3970416,3970417,3970418,3970419,3970420,3970421,3970422,3970423,3970424,3970425,3970426,3970427,3970428,3970429,3970430,3970431,3970432,3970433,3970434,3970435
3970436,3970437,3970438,3970439,3970440,3970441,3970442,3970443,3970444,3970445,3970446,3970447,3970448,3970449,3970450,3970451,3970452,3970453,3970454,3970455
3970456,3970457,3970458,3970459,3970460,3970461,3970462,3970463,3970464,3970465,3970466,3970467,3970468,3970469,3970470,3970471,3970472,3970473,3970474,3970475
3970476,3970477,3970478,3970479,3970480,3970481,3970482,3970483,3970484,3970485,3970486,3970487,3970488,3970489,3970490,3970491,3970492,3970493,3970494,3970495
3970496,3970497,3970498,3970499,3970500,3970501,3970502,3970503,3970504,3970505,3970506,3970507,3970508,3970509,3970510,3970511,3970512,3970513,3970514,3970515
3970516,3970517,3970518,3970519,3970520,3970521,3970522,3970523,3970524,3970525,3970526,3970527,3970528,3970529,3970530,3970531,3970532,3970533,3970534,3970535
3970536,3970537,3970538,3970539,3970540,3970541,3970542,3970543,3970544,3970545,3970546,3970547,3970548,3970549,3970550,3970551,3970552,3970553,3970554,3970555
3970556,3970557,3970558,3970559,3970560,3970561,3970562,3970563,3970564,3970565,3970566,3970567,3970568,3970569,3970570,3970571,3970572,3970573,3970574,3970575
3970576,3970577,3970578,3970579,3970580,3970581,3970582,3970583,3970584,3970585,3970586,3970587,3970588,3970589,3970590,3970591,3970592,3970593,3970594,3970595
3970596,3970597,3970598,3970599,3970600,3970601,3970602,3970603,3970604,3970605,3970606,3970607,3970608,3970609,3970610,3970611,3970612,3970613,3970614,3970615
3970616,3970617,3970618,3970619,3970620,3970621,3970622,3970623,3970624,3970625,3970626,3970627,3970628,3970629,3970630,3970631,3970632,3970633,3970634,3970635
3970636,3970637,3970638,3970639,3970640,3970641,3970642,3970643,3970644,3970645,3970646,3970647,3970648,3970649,3970650,3970651,3970652,3970653,3970654,3970655
3970656,3970657,3970658,3970659,3970660,3970661,3970662,3970663,3970664,3970665,3970666,3970667,3970668,3970669,3970670,3970671,3970672,3970673,3970674,3970675
3970676,3970677,3970678,3970679,3970680,3970681,3970682,3970683,3970684,3970685,3970686,3970687,3970688,3970689,3970690,3970691,3970692,3970693,3970694,3970695
3970696,3970697,3970698,3970699,3970700,3970701,3970702,3970703,3970704,3970705,3970706,3970707,3970708,3970709,3970710,3970711,3970712,3970713,3970714,3970715
3970716,3970717,3970718,3970719,3970720,3970721,3970722,3970723,3970724,3970725,3970726,3970727,3970728,3970729,3970730,3970731,3970732,3970733,3970734,3970735
3970736,3970737,3970738,3970739,3970740,3970741,3970742,3970743,3970744,3970745,3970746,3970747,3970748,3970749,3970750,3970751,3970752,3970753,3970754,3970755
3970756,3970757,3970758,3970759,3970760,3970761,3970762,3970763,3970764,3970765,3970766,3970767,3970768,3970769,3970770,3970771,3970772,3970773,3970774,3970775
3970776,3970777,3970778,3970779,3970780,3970781,3970782,3970783,3970784,3970785,3970786,3970787,3970788,3970789,3970790,3970791,3970792,3970793,3970794,3970795
3970796,3970797,3970798,3970799,3970800,3970801,3970802,3970803,3970804,3970805,3970806,3970807,3970808,3970809,3970810,3970811,3970812,3970813,3970814,3970815
3970816,3970817,3970818,3970819,3970820,3970821,3970822,3970823,3970824,3970825,3970826,3970827,3970828,3970829,3970830,3970831,3970832,3970833,3970834,3970835
3970836,3970837,3970838,3970839,3970840,3970841,3970842,3970843,3970844,3970845,3970846,3970847,3970848,3970849,3970850,3970851,3970852,3970853,3970854,3970855
3970856,3970857,3970858,3970859,3970860,3970861,3970862,3970863,3970864,3970865,3970866,3970867,3970868,3970869,3970870,3970871,3970872,3970873,3970874,3970875
3970876,3970877,3970878,3970879,3970880,3970881,3970882,3970883,3970884,3970885,3970886,3970887,3970888,3970889,3970890,3970891,3970892,3970893,3970894,3970895
3970896,3970897,3970898,3970899,3970900,3970901,3970902,3970903,3970904,3970905,3970906,3970907,3970908,3970909,3970910,3970911,3970912,3970913,3970914,3970915
3970916,3970917,3970918,3970919,3970920,3970921,3970922,3970923,3970924,3970925,3970926,3970927,3970928,3970929,3970930,3970931,3970932,3970933,3970934,3970935
3970936,3970937,3970938,3970939,3970940,3970941,3970942,3970943,3970944,3970945,3970946,3970947,3970948,3970949,3970950,3970951,3970952,3970953,3970954,3970955
3970956,3970957,3970958,3970959,3970960,3970961,3970962,3970963,3970964,3970965,3970966,3970967,3970968,3970969,3970970,3970971,3970972,3970973,3970974,3970975
3970976,3970977,3970978,3970979,3970980,3970981,3970982,3970983,3970984,3970985,3970986,3970987,3970988,3970989,3970990,3970991,3970992,3970993,3970994,3970995
3970996,3970997,3970998,3970999,3971000,3971001,3971002,3971003,3971004,3971005,3971006,3971007,3971008,3971009,3971010,3971011,3971012,3971013,3971014,3971015
3971016,3971017,3971018,3971019,3971020,3971021,3971022,3971023,3971024,3971025,3971026,3971027,3971028,3971029,3971030,3971031,3971032,3971033,3971034,3971035
3971036,3971037,3971038,3971039,3971040,3971041,3971042,3971043,3971044,3971045,3971046,3971047,3971048,3971049,3971050,3971051,3971052,3971053,3971054,3971055
3971056,3971057,3971058,3971059,3971060,3971061,3971062,3971063,3971064,3971065,3971066,3971067,3971068,3971069,3971070,3971071,3971072,3971073,3971074,3971075
3971076,3971077,3971078,3971079,3971080,3971081,3971082,3971083,3971084,3971085,3971086,3971087,3971088,3971089,3971090,3971091,3971092,3971093,3971094,3971095
3971096,3971097,3971098,3971099,3971100,3971101,3971102,3971103,3971104,3971105,3971106,3971107,3971108,3971109,3971110,3971111,3971112,3971113,3971114,3971115
3971116,3971117,3971118,3971119,3971120,3971121,3971122,3971123,3971124,3971125,3971126,3971127,3971128,3971129,3971130,3971131,3971132,3971133,3971134,3971135
3971136,3971137,3971138,3971139,3971140,3971141,3971142,3971143,3971144,3971145,3971146,3971147,3971148,3971149,3971150,3971151,3971152,3971153,3971154,3971155
3971156,3971157,3971158,3971159,3971160,3971161,3971162,3971163,3971164,3971165,3971166,3971167,3971168,3971169,3971170,3971171,3971172,3971173,3971174,3971175
3971176,3971177,3971178,3971179,3971180,3971181,3971182,3971183,3971184,3971185,3971186,3971187,3971188,3971189,3971190,3971191,3971192,3971193,3971194,3971195
3971196,3971197,3971198,3971199,3971200,3971201,3971202,3971203,3971204,3971205,3971206,3971207,3971208,3971209,3971210,3971211,3971212,3971213,3971214,3971215
3971216,3971217,3971218,3971219,3971220,3971221,3971222,3971223,3971224,3971225,3971226,3971227,3971228,3971229,3971230,3971231,3971232,3971233,3971234,3971235
3971236,3971237,3971238,3971239,3971240,3971241,3971242,3971243,3971244,3971245,3971246,3971247,3971248,3971249,3971250,3971251,3971252,3971253,3971254,3971255
3971256,3971257,3971258,3971259,3971260,3971261,3971262,3971263,3971264,3971265,3971266,3971267,3971268,3971269,3971270,3971271,3971272,3971273,3971274,3971275
3971276,3971277,3971278,3971279,3971280,3971281,3971282,3971283,3971284,3971285,3971286,3971287,3971288,3971289,3971290,3971291,3971292,3971293,3971294,3971295
3971296,3971297,3971298,3971299,3971300,3971301,3971302,3971303,3971304,3971305,3971306,3971307,3971308,3971309,3971310,3971311,3971312,3971313,3971314,3971315
3971316,3971317,3971318,3971319,3971320,3971321,3971322,3971323,3971324,3971325,3971326,3971327,3971328,3971329,3971330,3971331,3971332,3971333,3971334,3971335
3971336,3971337,3971338,3971339,3971340,3971341,3971342,3971343,3971344,3971345,3971346,3971347,3971348,3971349,3971350,3971351,3971352,3971353,3971354,3971355
3971356,3971357,3971358,3971359,3971360,3971361,3971362,3971363,3971364,3971365,3971366,3971367,3971368,3971369,3971370,3971371,3971372,3971373,3971374,3971375
3971376,3971377,3971378,3971379,3971380,3971381,3971382,3971383,3971384,3971385,3971386,3971387,3971388,3971389,3971390,3971391,3971392,3971393,3971394,3971395
3971396,3971397,3971398,3971399,3971400,3971401,3971402,3971403,3971404,3971405,3971406,3971407,3971408,3971409,3971410,3971411,3971412,3971413,3971414,3971415
3971416,3971417,3971418,3971419,3971420,3971421,3971422,3971423,3971424,3971425,3971426,3971427,3971428,3971429,3971430,3971431,3971432,3971433,3971434,3971435
3971436,3971437,3971438,3971439,3971440,3971441,3971442,3971443,3971444,3971445,3971446,3971447,3971448,3971449,3971450,3971451,3971452,3971453,3971454,3971455
3971456,3971457,3971458,3971459,3971460,3971461,3971462,3971463,3971464,3971465,3971466,3971467,3971468,3971469,3971470,3971471,3971472,3971473,3971474,3971475
3971476,3971477,3971478,3971479,3971480,3971481,3971482,3971483,3971484,3971485,3971486,3971487,3971488,3971489,3971490,3971491,3971492,3971493,3971494,3971495
3971496,3971497,3971498,3971499,3971500,3971501,3971502,3971503,3971504,3971505,3971506,3971507,3971508,3971509,3971510,3971511,3971512,3971513,3971514,3971515
3971516,3971517,3971518,3971519,3971520,3971521,3971522,3971523,3971524,3971525,3971526,3971527,3971528,3971529,3971530,3971531,3971532,3971533,3971534,3971535
3971536,3971537,3971538,3971539,3971540,3971541,3971542,3971543,3971544,3971545,3971546,3971547,3971548,3971549,3971550,3971551,3971552,3971553,3971554,3971555
3971556,3971557,3971558,3971559,3971560,3971561,3971562,3971563,3971564,3971565,3971566,3971567,3971568,3971569,3971570,3971571,3971572,3971573,3971574,3971575
3971576,3971577,3971578,3971579,3971580,3971581,3971582,3971583,3971584,3971585,3971586,3971587,3971588,3971589,3971590,3971591,3971592,3971593,3971594,3971595
3971596,3971597,3971598,3971599,3971600,3971601,3971602,3971603,3971604,3971605,3971606,3971607,3971608,3971609,3971610,3971611,3971612,3971613,3971614,3971615
3971616,3971617,3971618,3971619,3971620,3971621,3971622,3971623,3971624,3971625,3971626,3971627,3971628,3971629,3971630,3971631,3971632,3971633,3971634,3971635
3971636,3971637,3971638,3971639,3971640,3971641,3971642,3971643,3971644,3971645,3971646,3971647,3971648,3971649,3971650,3971651,3971652,3971653,3971654,3971655
3971656,3971657,3971658,3971659,3971660,3971661,3971662,3971663,3971664,3971665,3971666,3971667,3971668,3971669,3971670,3971671,3971672,3971673,3971674,3971675
3971676,3971677,3971678,3971679,3971680,3971681,3971682,3971683,3971684,3971685,3971686,3971687,3971688,3971689,3971690,3971691,3971692,3971693,3971694,3971695
3971696,3971697,3971698,3971699,3971700,3971701,3971702,3971703,3971704,3971705,3971706,3971707,3971708,3971709,3971710,3971711,3971712,3971713,3971714,3971715
3971716,3971717,3971718,3971719,3971720,3971721,3971722,3971723,3971724,3971725,3971726,3971727,3971728,3971729,3971730,3971731,3971732,3971733,3971734,3971735
3971736,3971737,3971738,3971739,3971740,3971741,3971742,3971743,3971744,3971745,3971746,3971747,3971748,3971749,3971750,3971751,3971752,3971753,3971754,3971755
3971756,3971757,3971758,3971759,3971760,3971761,3971762,3971763,3971764,3971765,3971766,3971767,3971768,3971769,3971770,3971771,3971772,3971773,3971774,3971775
3971776,3971777,3971778,3971779,3971780,3971781,3971782,3971783,3971784,3971785,3971786,3971787,3971788,3971789,3971790,3971791,3971792,3971793,3971794,3971795
3971796,3971797,3971798,3971799,3971800,3971801,3971802,3971803,3971804,3971805,3971806,3971807,3971808,3971809,3971810,3971811,3971812,3971813,3971814,3971815
3971816,3971817,3971818,3971819,3971820,3971821,3971822,3971823,3971824,3971825,3971826,3971827,3971828,3971829,3971830,3971831,3971832,3971833,3971834,3971835
3971836,3971837,3971838,3971839,3971840,3971841,3971842,3971843,3971844,3971845,3971846,3971847,3971848,3971849,3971850,3971851,3971852,3971853,3971854,3971855
3971856,3971857,3971858,3971859,3971860,3971861,3971862,3971863,3971864,3971865,3971866,3971867,3971868,3971869,3971870,3971871,3971872,3971873,3971874,3971875
3971876,3971877,3971878,3971879,3971880,3971881,3971882,3971883,3971884,3971885,3971886,3971887,3971888,3971889,3971890,3971891,3971892,3971893,3971894,3971895
3971896,3971897,3971898,3971899,3971900,3971901,3971902,3971903,3971904,3971905,3971906,3971907,3971908,3971909,3971910,3971911,3971912,3971913,3971914,3971915
3971916,3971917,3971918,3971919,3971920,3971921,3971922,3971923,3971924,3971925,3971926,3971927,3971928,3971929,3971930,3971931,3971932,3971933,3971934,3971935
3971936,3971937,3971938,3971939,3971940,3971941,3971942,3971943,3971944,3971945,3971946,3971947,3971948,3971949,3971950,3971951,3971952,3971953,3971954,3971955
3971956,3971957,3971958,3971959,3971960,3971961,3971962,3971963,3971964,3971965,3971966,3971967,3971968,3971969,3971970,3971971,3971972,3971973,3971974,3971975
3971976,3971977,3971978,3971979,3971980,3971981,3971982,3971983,3971984,3971985,3971986,3971987,3971988,3971989,3971990,3971991,3971992,3971993,3971994,3971995
3971996,3971997,3971998,3971999,3972000,3972001,3972002,3972003,3972004,3972005,3972006,3972007,3972008,3972009,3972010,3972011,3972012,3972013,3972014,3972015
3972016,3972017,3972018,3972019,3972020,3972021,3972022,3972023,3972024,3972025,3972026,3972027,3972028,3972029,3972030,3972031,3972032,3972033,3972034,3972035
3972036,3972037,3928350,3928351,3928352,3928353,3928354,3928355,3928356,3928357,3928358,3928359,3928360,3928361,3928362,3928363,3928364,3928365,3928366,3928367
3928368,3928369,3928370,3928371,3928372,3928373,3928374,3928375,3928376,3928377,3928378,3928379,3928380,3928381,3928382,3928383,3928384,3928385,3928386,3928387
3928388,3928389,3928390,3928391,3928392,3928393,3928394,3928395,3928396,3928397,3928398,3928399,3928400,3928401,3928402,3928403,3928404,3928405,3928406,3928407
3928408,3928409,3928410,3928411,3928412,3928413,3928414,3928415,3928416,3928417,3928418,3928419,3928420,3928421,3928422,3928423,3928424,3928425,3928426,3928427
3928428,3928429,3928430,3928431,3928432,3928433,3928434,3928435,3928436,3928437,3928438,3928439,3928440,3928441,3928442,3928443,3928444,3928445,3928446,3928447
3928448,3928449,3928450,3928451,3928452,3928453,3928454,3928455,3928456,3928457,3928458,3928459,3928460,3928461,3928462,3928463,3928464,3928465,3928466,3928467
3928468,3928469,3928470,3928471,3928472,3928473,3928474,3928475,3928476,3928477,3928478,3928479,3928480,3928481,3928482,3928483,3928484,3928485,3928486,3928487
3928488,3928489,3928490,3928491,3928492,3928493,3928494,3928495,3928496,3928497,3928498,3928499,3928500,3928501,3928502,3928503,3928504,3928505,3928506,3928507
3928508,3928509,3928510,3928511,3928512,3928513,3928514,3928515,3928516,3928517,3928518,3928519,3928520,3928521,3928522,3928523,3928524,3928525,3928526,3928527
3928528,3928529,3928530,3928531,3928532,3928533,3928534,3928535,3928536,3928537,3928538,3928539,3928540,3928541,3928542,3928543,3928544,3928545,3928546,3928547
3928548,3928549,3928550,3928551,3928552,3928553,3928554,3928555,3928556,3928557,3928558,3928559,3928560,3928561,3928562,3928563,3928564,3928565,3928566,3928567
3928568,3928569,3928570,3928571,3928572,3928573,3928574,3928575,3928576,3928577,3928578,3928579,3928580,3928581,3928582,3928583,3928584,3928585,3928586,3928587
3928588,3928589,3928590,3928591,3928592,3928593,3928594,3928595,3928596,3928597,3928598,3928599,3928600,3928601,3928602,3928603,3928604,3928605,3928606,3928607
3928608,3928609,3928610,3928611,3928612,3928613,3928614,3928615,3928616,3928617,3928618,3928619,3928620,3928621,3928622,3928623,3928624,3928625,3928626,3928627
3928628,3928629,3928630,3928631,3928632,3928633,3928634,3928635,3928636,3928637,3928638,3928639,3928640,3928641,3928642,3928643,3928644,3928645,3928646,3928647
3928648,3928649,3928650,3928651,3928652,3928653,3928654,3928655,3928656,3928657,3928658,3928659,3928660,3928661,3928662,3928663,3928664,3928665,3928666,3928667
3928668,3928669,3928670,3928671,3928672,3928673,3928674,3928675,3928676,3928677,3928678,3928679,3928680,3928681,3928682,3928683,3928684,3928685,3928686,3928687
3928688,3928689,3928690,3928691,3928692,3928693,3928694,3928695,3928696,3928697,3928698,3928699,3928700,3928701,3928702,3928703,3928704,3928705,3928706,3928707
3928708,3928709,3928710,3928711,3928712,3928713,3928714,3928715,3928716,3928717,3928718,3928719,3928720,3928721,3928722,3928723,3928724,3928725,3928726,3928727
3928728,3928729,3928730,3928731,3928732,3928733,3928734,3928735,3928736,3928737,3928738,3928739,3928740,3928741,3928742,3928743,3928744,3928745,3928746,3928747
3928748,3928749,3928750,3928751,3928752,3928753,3928754,3928755,3928756,3928757,3928758,3928759,3928760,3928761,3928762,3928763,3928764,3928765,3928766,3928767
3928768,3928769,3928770,3928771,3928772,3928773,3928774,3928775,3928776,3928777,3928778,3928779,3928780,3928781,3928782,3928783,3928784,3928785,3928786,3928787
3928788,3928789,3928790,3928791,3928792,3928793,3928794,3928795,3928796,3928797,3928798,3928799,3928800,3928801,3928802,3928803,3928804,3928805,3928806,3928807
3928808,3928809,3928810,3928811,3928812,3928813,3928814,3928815,3928816,3928817,3928818,3928819,3928820,3928821,3928822,3928823,3928824,3928825,3928826,3928827
3928828,3928829,3928830,3928831,3928832,3928833,3928834,3928835,3928836,3928837,3928838,3928839,3928840,3928841,3928842,3928843,3928844,3928845,3928846,3928847
3928848,3928849,3928850,3928851,3928852,3928853,3928854,3928855,3928856,3928857,3928858,3928859,3928860,3928861,3928862,3928863,3928864,3928865,3928866,3928867
3928868,3928869,3928870,3928871,3928872,3928873,3928874,3928875,3928876,3928877,3928878,3928879,3928880,3928881,3928882,3928883,3928884,3928885,3928886,3928887
3928888,3928889,3928890,3928891,3928892,3928893,3928894,3928895,3928896,3928897,3928898,3928899,3928900,3928901,3928902,3928903,3928904,3928905,3928906,3928907
3928908,3928909,3928910,3928911,3928912,3928913,3928914,3928915,3928916,3928917,3928918,3928919,3928920,3928921,3928922,3928923,3928924,3928925,3928926,3928927
3928928,3928929,3928930,3928931,3928932,3928933,3928934,3928935,3928936,3928937,3928938,3928939,3928940,3928941,3928942,3928943,3928944,3928945,3928946,3928947
3928948,3928949,3928950,3928951,3928952,3928953,3928954,3928955,3928956,3928957,3928958,3928959,3928960,3928961,3928962,3928963,3928964,3928965,3928966,3928967
3928968,3928969,3928970,3928971,3928972,3928973,3928974,3928975,3928976,3928977,3928978,3928979,3928980,3928981,3928982,3928983,3928984,3928985,3928986,3928987
3928988,3928989,3928990,3928991,3928992,3928993,3928994,3928995,3928996,3928997,3928998,3928999,3929000,3929001,3929002,3929003,3929004,3929005,3929006,3929007
3929008,3929009,3929010,3929011,3929012,3929013,3929014,3929015,3929016,3929017,3929018,3929019,3929020,3929021,3929022,3929023,3929024,3929025,3929026,3929027
3929028,3929029,3929030,3929031,3929032,3929033,3929034,3929035,3929036,3929037,3929038,3929039,3929040,3929041,3929042,3929043,3929044,3929045,3929046,3929047
3929048,3929049,3929050,3929051,3929052,3929053,3929054,3929055,3929056,3929057,3929058,3929059,3929060,3929061,3929062,3929063,3929064,3929065,3929066,3929067
3929068,3929069,3929070,3929071,3929072,3929073,3929074,3929075,3929076,3929077,3929078,3929079,3929080,3929081,3929082,3929083,3929084,3929085,3929086,3929087
3929088,3929089,3929090,3929091,3929092,3929093,3929094,3929095,3929096,3929097,3929098,3929099,3929100,3929101,3929102,3929103,3929104,3929105,3929106,3929107
3929108,3929109,3929110,3929111,3929112,3929113,3929114,3929115,3929116,3929117,3929118,3929119,3929120,3929121,3929122,3929123,3929124,3929125,3929126,3929127
3929128,3929129,3929130,3929131,3929132,3929133,3929134,3929135,3929136,3929137,3929138,3929139,3929140,3929141,3929142,3929143,3929144,3929145,3929146,3929147
3929148,3929149,3929150,3929151,3929152,3929153,3929154,3929155,3929156,3929157,3929158,3929159,3929160,3929161,3929162,3929163,3929164,3929165,3929166,3929167
3929168,3929169,3929170,3929171,3929172,3929173,3929174,3929175,3929176,3929177,3929178,3929179,3929180,3929181,3929182,3929183,3929184,3929185,3929186,3929187
3929188,3929189,3929190,3929191,3929192,3929193,3929194,3929195,3929196,3929197,3929198,3929199,3929200,3929201,3929202,3929203,3929204,3929205,3929206,3929207
3929208,3929209,3929210,3929211,3929212,3929213,3929214,3929215,3929216,3929217,3929218,3929219,3929220,3929221,3929222,3929223,3929224,3929225,3929226,3929227
3929228,3929229,3929230,3929231,3929232,3929233,3929234,3929235,3929236,3929237,3929238,3929239,3929240,3929241,3929242,3929243,3929244,3929245,3929246,3929247
3929248,3929249,3929250,3929251,3929252,3929253,3929254,3929255,3929256,3929257,3929258,3929259,3929260,3929261,3929262,3929263,3929264,3929265,3929266,3929267
3929268,3929269,3929270,3929271,3929272,3929273,3929274,3929275,3929276,3929277,3929278,3929279,3929280,3929281,3929282,3929283,3929284,3929285,3929286,3929287
3929288,3929289,3929290,3929291,3929292,3929293,3929294,3929295,3929296,3929297,3929298,3929299,3929300,3929301,3929302,3929303,3929304,3929305,3929306,3929307
3929308,3929309,3929310,3929311,3929312,3929313,3929314,3929315,3929316,3929317,3929318,3929319,3929320,3929321,3929322,3929323,3929324,3929325,3929326,3929327
3929328,3929329,3929330,3929331,3929332,3929333,3929334,3929335,3929336,3929337,3929338,3929339,3929340,3929341,3929342,3929343,3929344,3929345,3929346,3929347
3929348,3929349,3929350,3929351,3929352,3929353,3929354,3929355,3929356,3929357,3929358,3929359,3929360,3929361,3929362,3929363,3929364,3929365,3929366,3929367
3929368,3929369,3929370,3929371,3929372,3929373,3929374,3929375,3929376,3929377,3929378,3929379,3929380,3929381,3929382,3929383,3929384,3929385,3929386,3929387
3929388,3929389,3929390,3929391,3929392,3929393,3929394,3929395,3929396,3929397,3929398,3929399,3929400,3929401,3929402,3929403,3929404,3929405,3929406,3929407
3929408,3929409,3929410,3929411,3929412,3929413,3929414,3929415,3929416,3929417,3929418,3929419,3929420,3929421,3929422,3929423,3929424,3929425,3929426,3929427
3929428,3929429,3929430,3929431,3929432,3929433,3929434,3929435,3929436,3929437,3929438,3929439,3929440,3929441,3929442,3929443,3929444,3929445,3929446,3929447
3929448,3929449,3929450,3929451,3929452,3929453,3929454,3929455,3929456,3929457,3929458,3929459,3929460,3929461,3929462,3929463,3929464,3929465,3929466,3929467
3929468,3929469,3929470,3929471,3929472,3929473,3929474,3929475,3929476,3929477,3929478,3929479,3929480,3929481,3929482,3929483,3929484,3929485,3929486,3929487
3929488,3929489,3929490,3929491,3929492,3929493,3929494,3929495,3929496,3929497,3929498,3929499,3929500,3929501,3929502,3929503,3929504,3929505,3929506,3929507
3929508,3929509,3929510,3929511,3929512,3929513,3929514,3929515,3929516,3929517,3929518,3929519,3929520,3929521,3929522,3929523,3929524,3929525,3929526,3929527
3929528,3929529,3929530,3929531,3929532,3929533,3929534,3929535,3929536,3929537,3929538,3929539,3929540,3929541,3929542,3929543,3929544,3929545,3929546,3929547
3929548,3929549,3929550,3929551,3929552,3929553,3929554,3929555,3929556,3929557,3929558,3929559,3929560,3929561,3929562,3929563,3929564,3929565,3929566,3929567
3929568,3929569,3929570,3929571,3929572,3929573,3929574,3929575,3929576,3929577,3929578,3929579,3929580,3929581,3929582,3929583,3929584,3929585,3929586,3929587
3929588,3929589,3929590,3929591,3929592,3929593,3929594,3929595,3929596,3929597,3929598,3929599,3929600,3929601,3929602,3929603,3929604,3929605,3929606,3929607
3929608,3929609,3929610,3929611,3929612,3929613,3929614,3929615,3929616,3929617,3929618,3929619,3929620,3929621,3929622,3929623,3929624,3929625,3929626,3929627
3929628,3929629,3929630,3929631,3929632,3929633,3929634,3929635,3929636,3929637,3929638,3929639,3929640,3929641,3929642,3929643,3929644,3929645,3929646,3929647
3929648,3929649,3929650,3929651,3929652,3929653,3929654,3929655,3929656,3929657,3929658,3929659,3929660,3929661,3929662,3929663,3929664,3929665,3929666,3929667
3929668,3929669,3929670,3929671,3929672,3929673,3929674,3929675,3929676,3929677,3929678,3929679,3929680,3929681,3929682,3929683,3929684,3929685,3929686,3929687
3929688,3929689,3929690,3929691,3929692,3929693,3929694,3929695,3929696,3929697,3929698,3929699,3929700,3929701,3929702,3929703,3929704,3929705,3929706,3929707
3929708,3929709,3929710,3929711,3929712,3929713,3929714,3929715,3929716,3929717,3929718,3929719,3929720,3929721,3929722,3929723,3929724,3929725,3929726,3929727
3929728,3929729,3929730,3929731,3929732,3929733,3929734,3929735,3929736,3929737,3929738,3929739,3929740,3929741,3929742,3929743,3929744,3929745,3929746,3929747
3929748,3929749,3929750,3929751,3929752,3929753,3929754,3929755,3929756,3929757,3929758,3929759,3929760,3929761,3929762,3929763,3929764,3929765,3929766,3929767
3929768,3929769,3929770,3929771,3929772,3929773,3929774,3929775,3929776,3929777,3929778,3929779,3929780,3929781,3929782,3929783,3929784,3929785,3929786,3929787
3929788,3929789,3929790,3929791,3929792,3929793,3929794,3929795,3929796,3929797,3929798,3929799,3929800,3929801,3929802,3929803,3929804,3929805,3929806,3929807
3929808,3929809,3929810,3929811,3929812,3929813,3929814,3929815,3929816,3929817,3929818,3929819,3929820,3929821,3929822,3929823,3929824,3929825,3929826,3929827
3929828,3929829,3929830,3929831,3929832,3929833,3929834,3929835,3929836,3929837,3929838,3929839,3929840,3929841,3929842,3929843,3929844,3929845,3929846,3929847
3929848,3929849,3929850,3929851,3929852,3929853,3929854,3929855,3929856,3929857,3929858,3929859,3929860,3929861,3929862,3929863,3929864,3929865,3929866,3929867
3929868,3929869,3929870,3929871,3929872,3929873,3929874,3929875,3929876,3929877,3929878,3929879,3929880,3929881,3929882,3929883,3929884,3929885,3929886,3929887
3929888,3929889,3929890,3929891,3929892,3929893,3929894,3929895,3929896,3929897,3929898,3929899,3929900,3929901,3929902,3929903,3929904,3929905,3929906,3929907
3929908,3929909,3929910,3929911,3929912,3929913,3929914,3929915,3929916,3929917,3929918,3929919,3929920,3929921,3929922,3929923,3929924,3929925,3929926,3929927
3929928,3929929,3929930,3929931,3929932,3929933,3929934,3929935,3929936,3929937,3929938,3929939,3929940,3929941,3929942,3929943,3929944,3929945,3929946,3929947
3929948,3929949,3929950,3929951,3929952,3929953,3929954,3929955,3929956,3929957,3929958,3929959,3929960,3929961,3929962,3929963,3929964,3929965,3929966,3929967
3929968,3929969,3929970,3929971,3929972,3929973,3929974,3929975,3929976,3929977,3929978,3929979,3929980,3929981,3929982,3929983,3929984,3929985,3929986,3929987
3929988,3929989,3929990,3929991,3929992,3929993,3929994,3929995,3929996,3929997,3929998,3929999,3930000,3930001,3930002,3930003,3930004,3930005,3930006,3930007
3930008,3930009,3930010,3930011,3930012,3930013,3930014,3930015,3930016,3930017,3930018,3930019,3930020,3930021,3930022,3930023,3930024,3930025,3930026,3930027
3930028,3930029,3930030,3930031,3930032,3930033,3930034,3930035,3930036,3930037,3930038,3930039,3930040,3930041,3930042,3930043,3930044,3930045,3930046,3930047
3930048,3930049,3930050,3930051,3930052,3930053,3930054,3930055,3930056,3930057,3930058,3930059,3930060,3930061,3930062,3930063,3930064,3930065,3930066,3930067
3930068,3930069,3930070,3930071,3930072,3930073,3930074,3930075,3930076,3930077,3930078,3930079,3930080,3930081,3930082,3930083,3930084,3930085,3930086,3930087
3930088,3930089,3930090,3930091,3930092,3930093,3930094,3930095,3930096,3930097,3930098,3930099,3930100,3930101,3930102,3930103,3930104,3930105,3930106,3930107
3930108,3930109,3930110,3930111,3930112,3930113,3930114,3930115,3930116,3930117,3930118,3930119,3930120,3930121,3930122,3930123,3930124,3930125,3930126,3930127
3930128,3930129,3930130,3930131,3930132,3930133,3930134,3930135,3930136,3930137,3930138,3930139,3930140,3930141,3930142,3930143,3930144,3930145,3930146,3930147
3930148,3930149,3930150,3930151,3930152,3930153,3930154,3930155,3930156,3930157,3930158,3930159,3930160,3930161,3930162,3930163,3930164,3930165,3930166,3930167
3930168,3930169,3930170,3930171,3930172,3930173,3930174,3930175,3930176,3930177,3930178,3930179,3930180,3930181,3930182,3930183,3930184,3930185,3930186,3930187
3930188,3930189,3930190,3930191,3930192,3930193,3930194,3930195,3930196,3930197,3930198,3930199,3930200,3930201,3930202,3930203,3930204,3930205,3930206,3930207
3930208,3930209,3930210,3930211,3930212,3930213,3930214,3930215,3930216,3930217,3930218,3930219,3930220,3930221,3930222,3930223,3930224,3930225,3930226,3930227
3930228,3930229,3930230,3930231,3930232,3930233,3930234,3930235,3930236,3930237,3930238,3930239,3930240,3930241,3930242,3930243,3930244,3930245,3930246,3930247
3930248,3930249,3930250,3930251,3930252,3930253,3930254,3930255,3930256,3930257,3930258,3930259,3930260,3930261,3930262,3930263,3930264,3930265,3930266,3930267
3930268,3930269,3930270,3930271,3930272,3930273,3930274,3930275,3930276,3930277,3930278,3930279,3930280,3930281,3930282,3930283,3930284,3930285,3930286,3930287
3930288,3930289,3930290,3930291,3930292,3930293,3930294,3930295,3930296,3930297,3930298,3930299,3930300,3930301,3930302,3930303,3930304,3930305,3930306,3930307
3930308,3930309,3930310,3930311,3930312,3930313,3930314,3930315,3930316,3930317,3930318,3930319,3930320,3930321,3930322,3930323,3930324,3930325,3930326,3930327
3930328,3930329,3930330,3930331,3930332,3930333,3930334,3930335,3930336,3930337,3930338,3930339,3930340,3930341,3930342,3930343,3930344,3930345,3930346,3930347
3930348,3930349,3930350,3930351,3930352,3930353,3930354,3930355,3930356,3930357,3930358,3930359,3930360,3930361,3930362,3930363,3930364,3930365,3930366,3930367
3930368,3930369,3930370,3930371,3930372,3930373,3930374,3930375,3930376,3930377,3930378,3930379,3930380,3930381,3930382,3930383,3930384,3930385,3930386,3930387
3930388,3930389,3930390,3930391,3930392,3930393,3930394,3930395,3930396,3930397,3930398,3930399,3930400,3930401,3930402,3930403,3930404,3930405,3930406,3930407
3930408,3930409,3930410,3930411,3930412,3930413,3930414,3930415,3930416,3930417,3930418,3930419,3930420,3930421,3930422,3930423,3930424,3930425,3930426,3930427
3930428,3930429,3930430,3930431,3930432,3930433,3930434,3930435,3930436,3930437,3930438,3930439,3930440,3930441,3930442,3930443,3930444,3930445,3930446,3930447
3930448,3930449,3930450,3930451,3930452,3930453,3930454,3930455,3930456,3930457,3930458,3930459,3930460,3930461,3930462,3930463,3930464,3930465,3930466,3930467
3930468,3930469,3930470,3930471,3930472,3930473,3930474,3930475,3930476,3930477,3930478,3930479,3930480,3930481,3930482,3930483,3930484,3930485,3930486,3930487
3930488,3930489,3930490,3930491,3930492,3930493,3930494,3930495,3930496,3930497,3930498,3930499,3930500,3930501,3930502,3930503,3930504,3930505,3930506,3930507
3930508,3930509,3930510,3930511,3930512,3930513,3930514,3930515,3930516,3930517,3930518,3930519,3930520,3930521,3930522,3930523,3930524,3930525,3930526,3930527
3930528,3930529,3930530,3930531,3930532,3930533,3930534,3930535,3930536,3930537,3930538,3930539,3930540,3930541,3930542,3930543,3930544,3930545,3930546,3930547
3930548,3930549,3930550,3930551,3930552,3930553,3930554,3930555,3930556,3930557,3930558,3930559,3930560,3930561,3930562,3930563,3930564,3930565,3930566,3930567
3930568,3930569,3930570,3930571,3930572,3930573,3930574,3930575,3930576,3930577,3930578,3930579,3930580,3930581,3930582,3930583,3930584,3930585,3930586,3930587
3930588,3930589,3930590,3930591,3930592,3930593,3930594,3930595,3930596,3930597,3930598,3930599,3930600,3930601,3930602,3930603,3930604,3930605,3930606,3930607
3930608,3930609,3930610,3930611,3930612,3930613,3930614,3930615,3930616,3930617,3930618,3930619,3930620,3930621,3930622,3930623,3930624,3930625,3930626,3930627
3930628,3930629,3930630,3930631,3930632,3930633,3930634,3930635,3930636,3930637,3930638,3930639,3930640,3930641,3930642,3930643,3930644,3930645,3930646,3930647
3930648,3930649,3930650,3930651,3930652,3930653,3930654,3930655,3930656,3930657,3930658,3930659,3930660,3930661,3930662,3930663,3930664,3930665,3930666,3930667
3930668,3930669,3930670,3930671,3930672,3930673,3930674,3930675,3930676,3930677,3930678,3930679,3930680,3930681,3930682,3930683,3930684,3930685,3930686,3930687
3930688,3930689,3930690,3930691,3930692,3930693,3930694,3930695,3930696,3930697,3930698,3930699,3930700,3930701,3930702,3930703,3930704,3930705,3930706,3930707
3930708,3930709,3930710,3930711,3930712,3930713,3930714,3930715,3930716,3930717,3930718,3930719,3930720,3930721,3930722,3930723,3930724,3930725,3930726,3930727
3930728,3930729,3930730,3930731,3930732,3930733,3930734,3930735,3930736,3930737,3930738,3930739,3930740,3930741,3930742,3930743,3930744,3930745,3930746,3930747
3930748,3930749,3930750,3930751,3930752,3930753,3930754,3930755,3930756,3930757,3930758,3930759,3930760,3930761,3930762,3930763,3930764,3930765,3930766,3930767
3930768,3930769,3930770,3930771,3930772,3930773,3930774,3930775,3930776,3930777,3930778,3930779,3930780,3930781,3930782,3930783,3930784,3930785,3930786,3930787
3930788,3930789,3930790,3930791,3930792,3930793,3930794,3930795,3930796,3930797,3930798,3930799,3930800,3930801,3930802,3930803,3930804,3930805,3930806,3930807
3930808,3930809,3930810,3930811,3930812,3930813,3930814,3930815,3930816,3930817,3930818,3930819,3930820,3930821,3930822,3930823,3930824,3930825,3930826,3930827
3930828,3930829,3930830,3930831,3930832,3930833,3930834,3930835,3930836,3930837,3930838,3930839,3930840,3930841,3930842,3930843,3930844,3930845,3930846,3930847
3930848,3930849,3930850,3930851,3930852,3930853,3930854,3930855,3930856,3930857,3930858,3930859,3930860,3930861,3930862,3930863,3930864,3930865,3930866,3930867
3930868,3930869,3930870,3930871,3930872,3930873,3930874,3930875,3930876,3930877,3930878,3930879,3930880,3930881,3930882,3930883,3930884,3930885,3930886,3930887
3930888,3930889,3930890,3930891,3930892,3930893,3930894,3930895,3930896,3930897,3930898,3930899,3930900,3930901,3930902,3930903,3930904,3930905,3930906,3930907
3930908,3930909,3930910,3930911,3930912,3930913,3930914,3930915,3930916,3930917,3930918,3930919,3930920,3930921,3930922,3930923,3930924,3930925,3930926,3930927
3930928,3930929,3930930,3930931,3930932,3930933,3930934,3930935,3930936,3930937,3930938,3930939,3930940,3930941,3930942,3930943,3930944,3930945,3930946,3930947
3930948,3930949,3930950,3930951,3930952,3930953,3930954,3930955,3930956,3930957,3930958,3930959,3930960,3930961,3930962,3930963,3930964,3930965,3930966,3930967
3930968,3930969,3930970,3930971,3930972,3930973,3930974,3930975,3930976,3930977,3930978,3930979,3930980,3930981,3930982,3930983,3930984,3930985,3930986,3930987
3930988,3930989,3930990,3930991,3930992,3930993,3930994,3930995,3930996,3930997,3930998,3930999,3931000,3931001,3931002,3931003,3931004,3931005,3931006,3931007
3931008,3931009,3931010,3931011,3931012,3931013,3931014,3931015,3931016,3931017,3931018,3931019,3931020,3931021,3931022,3931023,3931024,3931025,3931026,3931027
3931028,3931029,3931030,3931031,3931032,3931033,3931034,3931035,3931036,3931037,3931038,3931039,3931040,3931041,3931042,3931043,3931044,3931045,3931046,3931047
3931048,3931049,3931050,3931051,3931052,3931053,3931054,3931055,3931056,3931057,3931058,3931059,3931060,3931061,3931062,3931063,3931064,3931065,3931066,3931067
3931068,3931069,3931070,3931071,3931072,3931073,3931074,3931075,3931076,3931077,3931078,3931079,3931080,3931081,3931082,3931083,3931084,3931085,3931086,3931087
3931088,3931089,3931090,3931091,3931092,3931093,3931094,3931095,3931096,3931097,3931098,3931099,3931100,3931101,3931102,3931103,3931104,3931105,3931106,3931107
3931108,3931109,3931110,3931111,3931112,3931113,3931114,3931115,3931116,3931117,3931118,3931119,3931120,3931121,3931122,3931123,3931124,3931125,3931126,3931127
3931128,3931129,3931130,3931131,3931132,3931133,3931134,3931135,3931136,3931137,3931138,3931139,3931140,3931141,3931142,3931143,3931144,3931145,3931146,3931147
3931148,3931149,3931150,3931151,3931152,3931153,3931154,3931155,3931156,3931157,3931158,3931159,3931160,3931161,3931162,3931163,3931164,3931165,3931166,3931167
3931168,3931169,3931170,3931171,3931172,3931173,3931174,3931175,3931176,3931177,3931178,3931179,3931180,3931181,3931182,3931183,3931184,3931185,3931186,3931187
3931188,3931189,3931190,3931191,3931192,3931193,3931194,3931195,3931196,3931197,3931198,3931199,3931200,3931201,3931202,3931203,3931204,3931205,3931206,3931207
3931208,3931209,3931210,3931211,3931212,3931213,3931214,3931215,3931216,3931217,3931218,3931219,3931220,3931221,3931222,3931223,3931224,3931225,3931226,3931227
3931228,3931229,3931230,3931231,3931232,3931233,3931234,3931235,3931236,3931237,3931238,3931239,3931240,3931241,3931242,3931243,3931244,3931245,3931246,3931247
3931248,3931249,3931250,3931251,3931252,3931253,3931254,3931255,3931256,3931257,3931258,3931259,3931260,3931261,3931262,3931263,3931264,3931265,3931266,3931267
3931268,3931269,3931270,3931271,3931272,3931273,3931274,3931275,3931276,3931277,3931278,3931279,3931280,3931281,3931282,3931283,3931284,3931285,3931286,3931287
3931288,3931289,3931290,3931291,3931292,3931293,3931294,3931295,3931296,3931297,3931298,3931299,3931300,3931301,3931302,3931303,3931304,3931305,3931306,3931307
3931308,3931309,3931310,3931311,3931312,3931313,3931314,3931315,3931316,3931317,3931318,3931319,3931320,3931321,3931322,3931323,3931324,3931325,3931326,3931327
3931328,3931329,3931330,3931331,3931332,3931333,3931334,3931335,3931336,3931337,3931338,3931339,3931340,3931341,3931342,3931343,3931344,3931345,3931346,3931347
3931348,3931349,3931350,3931351,3931352,3931353,3931354,3931355,3931356,3931357,3931358,3931359,3931360,3931361,3931362,3931363,3931364,3931365,3931366,3931367
3931368,3931369,3931370,3931371,3931372,3931373,3931374,3931375,3931376,3931377,3931378,3931379,3931380,3931381,3931382,3931383,3931384,3931385,3931386,3931387
3931388,3931389,3931390,3931391,3931392,3931393,3931394,3931395,3931396,3931397,3931398,3931399,3931400,3931401,3931402,3931403,3931404,3931405,3931406,3931407
3931408,3931409,3931410,3931411,3931412,3931413,3931414,3931415,3931416,3931417,3931418,3931419,3931420,3931421,3931422,3931423,3931424,3931425,3931426,3931427
3931428,3931429,3931430,3931431,3931432,3931433,3931434,3931435,3931436,3931437,3931438,3931439,3931440,3931441,3931442,3931443,3931444,3931445,3931446,3931447
3931448,3931449,3931450,3931451,3931452,3931453,3931454,3931455,3931456,3931457,3931458,3931459,3931460,3931461,3931462,3931463,3931464,3931465,3931466,3931467
3931468,3931469,3931470,3931471,3931472,3931473,3931474,3931475,3931476,3931477,3931478,3931479,3931480,3931481,3931482,3931483,3931484,3931485,3931486,3931487
3931488,3931489,3931490,3931491,3931492,3931493,3931494,3931495,3931496,3931497,3931498,3931499,3931500,3931501,3931502,3931503,3931504,3931505,3931506,3931507
3931508,3931509,3931510,3931511,3931512,3931513,3931514,3931515,3931516,3931517,3931518,3931519,3931520,3931521,3931522,3931523,3931524,3931525,3931526,3931527
3931528,3931529,3931530,3931531,3931532,3931533,3931534,3931535,3931536,3931537,3931538,3931539,3931540,3931541,3931542,3931543,3931544,3931545,3931546,3931547
3931548,3931549,3931550,3931551,3931552,3931553,3931554,3931555,3931556,3931557,3931558,3931559,3931560,3931561,3931562,3931563,3931564,3931565,3931566,3931567
3931568,3931569,3931570,3931571,3931572,3931573,3931574,3931575,3931576,3931577,3931578,3931579,3931580,3931581,3931582,3931583,3931584,3931585,3931586,3931587
3931588,3931589,3931590,3931591,3931592,3931593,3931594,3931595,3931596,3931597,3931598,3931599,3931600,3931601,3931602,3931603,3931604,3931605,3931606,3931607
3931608,3931609,3931610,3931611,3931612,3931613,3931614,3931615,3931616,3931617,3931618,3931619,3931620,3931621,3931622,3931623,3931624,3931625,3931626,3931627
3931628,3931629,3931630,3931631,3931632,3931633,3931634,3931635,3931636,3931637,3931638,3931639,3931640,3931641,3931642,3931643,3931644,3931645,3931646,3931647
3931648,3931649,3931650,3931651,3931652,3931653,3931654,3931655,3931656,3931657,3931658,3931659,3931660,3931661,3931662,3931663,3931664,3931665,3931666,3931667
3931668,3931669,3931670,3931671,3931672,3931673,3931674,3931675,3931676,3931677,3931678,3931679,3931680,3931681,3931682,3931683,3931684,3931685,3931686,3931687
3931688,3931689,3931690,3931691,3931692,3931693,3931694,3931695,3931696,3931697,3931698,3931699,3931700,3931701,3931702,3931703,3931704,3931705,3931706,3931707
3931708,3931709,3931710,3931711,3931712,3931713,3931714,3931715,3931716,3931717,3931718,3931719,3931720,3931721,3931722,3931723,3931724,3931725,3931726,3931727
3931728,3931729,3931730,3931731,3931732,3931733,3931734,3931735,3931736,3931737,3931738,3931739,3931740,3931741,3931742,3931743,3931744,3931745,3931746,3931747
3931748,3931749,3931750,3931751,3931752,3931753,3931754,3931755,3931756,3931757,3931758,3931759,3931760,3931761,3931762,3931763,3931764,3931765,3931766,3931767
3931768,3931769,3931770,3931771,3931772,3931773,3931774,3931775,3931776,3931777,3931778,3931779,3931780,3931781,3931782,3931783,3931784,3931785,3931786,3931787
3931788,3931789,3931790,3931791,3931792,3931793,3931794,3931795,3931796,3931797,3931798,3931799,3931800,3931801,3931802,3931803,3931804,3931805,3931806,3931807
3931808,3931809,3931810,3931811,3931812,3931813,3931814,3931815,3931816,3931817,3931818,3931819,3931820,3931821,3931822,3931823,3931824,3931825,3931826,3931827
3931828,3931829,3931830,3931831,3931832,3931833,3931834,3931835,3931836,3931837,3931838,3931839,3931840,3931841,3931842,3931843,3931844,3931845,3931846,3931847
3931848,3931849,3931850,3931851,3931852,3931853,3931854,3931855,3931856,3931857,3931858,3931859,3931860,3931861,3931862,3931863,3931864,3931865,3931866,3931867
3931868,3931869,3931870,3931871,3931872,3931873,3931874,3931875,3931876,3931877,3931878,3931879,3931880,3931881,3931882,3931883,3931884,3931885,3931886,3931887
3931888,3931889,3931890,3931891,3931892,3931893,3931894,3931895,3931896,3931897,3931898,3931899,3931900,3931901,3931902,3931903,3931904,3931905,3931906,3931907
3931908,3931909,3931910,3931911,3931912,3931913,3931914,3931915,3931916,3931917,3931918,3931919,3931920,3931921,3931922,3931923,3931924,3931925,3931926,3931927
3931928,3931929,3931930,3931931,3931932,3931933,3931934,3931935,3931936,3931937,3931938,3931939,3931940,3931941,3931942,3931943,3931944,3931945,3931946,3931947
3931948,3931949,3931950,3931951,3931952,3931953,3931954,3931955,3931956,3931957,3931958,3931959,3931960,3931961,3931962,3931963,3931964,3931965,3931966,3931967
3931968,3931969,3931970,3931971,3931972,3931973,3931974,3931975,3931976,3931977,3931978,3931979,3931980,3931981,3931982,3931983,3931984,3931985,3931986,3931987
3931988,3931989,3931990,3931991,3931992,3931993,3931994,3931995,3931996,3931997,3931998,3931999,3932000,3932001,3932002,3932003,3932004,3932005,3932006,3932007
3932008,3932009,3932010,3932011,3932012,3932013,3932014,3932015,3932016,3932017,3932018,3932019,3932020,3932021,3932022,3932023,3932024,3932025,3932026,3932027
3932028,3932029,3932030,3932031,3932032,3932033,3932034,3932035,3932036,3932037,3932038,3932039,3932040,3932041,3932042,3932043,3932044,3932045,3932046,3932047
3932048,3932049,3932050,3932051,3932052,3932053,3932054,3932055,3932056,3932057,3932058,3932059,3932060,3932061,3932062,3932063,3932064,3932065,3932066,3932067
3932068,3932069,3932070,3932071,3932072,3932073,3932074,3932075,3932076,3932077,3932078,3932079,3932080,3932081,3932082,3932083,3932084,3932085,3932086,3932087
3932088,3932089,3932090,3932091,3932092,3932093,3932094,3932095,3932096,3932097,3932098,3932099,3932100,3932101,3932102,3932103,3932104,3932105,3932106,3932107
3932108,3932109,3932110,3932111,3932112,3932113,3932114,3932115,3932116,3932117,3932118,3932119,3932120,3932121,3932122,3932123,3932124,3932125,3932126,3932127
3932128,3932129,3932130,3932131,3932132,3932133,3932134,3932135,3932136,3932137,3932138,3932139,3932140,3932141,3932142,3932143,3932144,3932145,3932146,3932147
3932148,3932149,3932150,3932151,3932152,3932153,3932154,3932155,3932156,3932157,3932158,3932159,3932160,3932161,3932162,3932163,3932164,3932165,3932166,3932167
3932168,3932169,3932170,3932171,3932172,3932173,3932174,3932175,3932176,3932177,3932178,3932179,3932180,3932181,3932182,3932183,3932184,3932185,3932186,3932187
3932188,3932189,3932190,3932191,3932192,3932193,3932194,3932195,3932196,3932197,3932198,3932199,3932200,3932201,3932202,3932203,3932204,3932205,3932206,3932207
3932208,3932209,3932210,3932211,3932212,3932213,3932214,3932215,3932216,3932217,3932218,3932219,3932220,3932221,3932222,3932223,3932224,3932225,3932226,3932227
3932228,3932229,3932230,3932231,3932232,3932233,3932234,3932235,3932236,3932237,3932238,3932239,3932240,3932241,3932242,3932243,3932244,3932245,3932246,3932247
3932248,3932249,3932250,3932251,3932252,3932253,3932254,3932255,3932256,3932257,3932258,3932259,3932260,3932261,3932262,3932263,3932264,3932265,3932266,3932267
3932268,3932269,3932270,3932271,3932272,3932273,3932274,3932275,3932276,3932277,3932278,3932279,3932280,3932281,3932282,3932283,3932284,3932285,3932286,3932287
3932288,3932289,3932290,3932291,3932292,3932293,3932294,3932295,3932296,3932297,3932298,3932299,3932300,3932301,3932302,3932303,3932304,3932305,3932306,3932307
3932308,3932309,3932310,3932311,3932312,3932313,3932314,3932315,3932316,3932317,3932318,3932319,3932320,3932321,3932322,3932323,3932324,3932325,3932326,3932327
3932328,3932329,3932330,3932331,3932332,3932333,3932334,3932335,3932336,3932337,3932338,3932339,3932340,3932341,3932342,3932343,3932344,3932345,3932346,3932347
3932348,3932349,3932350,3932351,3932352,3932353,3932354,3932355,3932356,3932357,3932358,3932359,3932360,3932361,3932362,3932363,3932364,3932365,3932366,3932367
3932368,3932369,3932370,3932371,3932372,3932373,3932374,3932375,3932376,3932377,3932378,3932379,3932380,3932381,3932382,3932383,3932384,3932385,3932386,3932387
3932388,3932389,3932390,3932391,3932392,3932393,3932394,3932395,3932396,3932397,3932398,3932399,3932400,3932401,3932402,3932403,3932404,3932405,3932406,3932407
3932408,3932409,3932410,3932411,3932412,3932413,3932414,3932415,3932416,3932417,3932418,3932419,3932420,3932421,3932422,3932423,3932424,3932425,3932426,3932427
3932428,3932429,3932430,3932431,3932432,3932433,3932434,3932435,3932436,3932437,3932438,3932439,3932440,3932441,3932442,3932443,3932444,3932445,3932446,3932447
3932448,3932449,3932450,3932451,3932452,3932453,3932454,3932455,3932456,3932457,3932458,3932459,3932460,3932461,3932462,3932463,3932464,3932465,3932466,3932467
3932468,3932469,3932470,3932471,3932472,3932473,3932474,3932475,3932476,3932477,3932478,3932479,3932480,3932481,3932482,3932483,3932484,3932485,3932486,3932487
3932488,3932489,3932490,3932491,3932492,3932493,3932494,3932495,3932496,3932497,3932498,3932499,3932500,3932501,3932502,3932503,3932504,3932505,3932506,3932507
3932508,3932509,3932510,3932511,3932512,3932513,3932514,3932515,3932516,3932517,3932518,3932519,3932520,3932521,3932522,3932523,3932524,3932525,3932526,3932527
3932528,3932529,3932530,3932531,3932532,3932533,3932534,3932535,3932536,3932537,3932538,3932539,3932540,3932541,3932542,3932543,3932544,3932545,3932546,3932547
3932548,3932549,3932550,3932551,3932552,3932553,3932554,3932555,3932556,3932557,3932558,3932559,3932560,3932561,3932562,3932563,3932564,3932565,3932566,3932567
3932568,3932569,3932570,3932571,3932572,3932573,3932574,3932575,3932576,3932577,3932578,3932579,3932580,3932581,3932582,3932583,3932584,3932585,3932586,3932587
3932588,3932589,3932590,3932591,3932592,3932593,3932594,3932595,3932596,3932597,3932598,3932599,3932600,3932601,3932602,3932603,3932604,3932605,3932606,3932607
3932608,3932609,3932610,3932611,3932612,3932613,3932614,3932615,3932616,3932617,3932618,3932619,3932620,3932621,3932622,3932623,3932624,3932625,3932626,3932627
3932628,3932629,3932630,3932631,3932632,3932633,3932634,3932635,3932636,3932637,3932638,3932639,3932640,3932641,3932642,3932643,3932644,3932645,3932646,3932647
3932648,3932649,3932650,3932651,3932652,3932653,3932654,3932655,3932656,3932657,3932658,3932659,3932660,3932661,3932662,3932663,3932664,3932665,3932666,3932667
3932668,3932669,3932670,3932671,3932672,3932673,3932674,3932675,3932676,3932677,3932678,3932679,3932680,3932681,3932682,3932683,3932684,3932685,3932686,3932687
3932688,3932689,3932690,3932691,3932692,3932693,3932694,3932695,3932696,3932697,3932698,3932699,3932700,3932701,3932702,3932703,3932704,3932705,3932706,3932707
3932708,3932709,3932710,3932711,3932712,3932713,3932714,3932715,3932716,3932717,3932718,3932719,3932720,3932721,3932722,3932723,3932724,3932725,3932726,3932727
3932728,3932729,3932730,3932731,3932732,3932733,3932734,3932735,3932736,3932737,3932738,3932739,3932740,3932741,3932742,3932743,3932744,3932745,3932746,3932747
3932748,3932749,3932750,3932751,3932752,3932753,3932754,3932755,3932756,3932757,3932758,3932759,3932760,3932761,3932762,3932763,3932764,3932765,3932766,3932767
3932768,3932769,3932770,3932771,3932772,3932773,3932774,3932775,3932776,3932777,3932778,3932779,3932780,3932781,3932782,3932783,3932784,3932785,3932786,3932787
3932788,3932789,3932790,3932791,3932792,3932793,3932794,3932795,3932796,3932797,3932798,3932799,3932800,3932801,3932802,3932803,3932804,3932805,3932806,3932807
3932808,3932809,3932810,3932811,3932812,3932813,3932814,3932815,3932816,3932817,3932818,3932819,3932820,3932821,3932822,3932823,3932824,3932825,3932826,3932827
3932828,3932829,3932830,3932831,3932832,3932833,3932834,3932835,3932836,3932837,3932838,3932839,3932840,3932841,3932842,3932843,3932844,3932845,3932846,3932847
3932848,3932849,3932850,3932851,3932852,3932853,3932854,3932855,3932856,3932857,3932858,3932859,3932860,3932861,3932862,3932863,3932864,3932865,3932866,3932867
3932868,3932869,3932870,3932871,3932872,3932873,3932874,3932875,3932876,3932877,3932878,3932879,3932880,3932881,3932882,3932883,3932884,3932885,3932886,3932887
3932888,3932889,3932890,3932891,3932892,3932893,3932894,3932895,3932896,3932897,3932898,3932899,3932900,3932901,3932902,3932903,3932904,3932905,3932906,3932907
3932908,3932909,3932910,3932911,3932912,3932913,3932914,3932915,3932916,3932917,3932918,3932919,3932920,3932921,3932922,3932923,3932924,3932925,3932926,3932927
3932928,3932929,3932930,3932931,3932932,3932933,3932934,3932935,3932936,3932937,3932938,3932939,3932940,3932941,3932942,3932943,3932944,3932945,3932946,3932947
3932948,3932949,3932950,3932951,3932952,3932953,3932954,3932955,3932956,3932957,3932958,3932959,3932960,3932961,3932962,3932963,3932964,3932965,3932966,3932967
3932968,3932969,3932970,3932971,3932972,3932973,3932974,3932975,3932976,3932977,3932978,3932979,3932980,3932981,3932982,3932983,3932984,3932985,3932986,3932987
3932988,3932989,3932990,3932991,3932992,3932993,3932994,3932995,3932996,3932997,3932998,3932999,3933000,3933001,3933002,3933003,3933004,3933005,3933006,3933007
3933008,3933009,3933010,3933011,3933012,3933013,3933014,3933015,3933016,3933017,3933018,3933019,3933020,3933021,3933022,3933023,3933024,3933025,3933026,3933027
3933028,3933029,3933030,3933031,3933032,3933033,3933034,3933035,3933036,3933037,3933038,3933039,3933040,3933041,3933042,3933043,3933044,3933045,3933046,3933047
3933048,3933049,3933050,3933051,3933052,3933053,3933054,3933055,3933056,3933057,3933058,3933059,3933060,3933061,3933062,3933063,3933064,3933065,3933066,3933067
3933068,3933069,3933070,3933071,3933072,3933073,3933074,3933075,3933076,3933077,3933078,3933079,3933080,3933081,3933082,3933083,3933084,3933085,3933086,3933087
3933088,3933089,3933090,3933091,3933092,3933093,3933094,3933095,3933096,3933097,3933098,3933099,3933100,3933101,3933102,3933103,3933104,3933105,3933106,3933107
3933108,3933109,3933110,3933111,3933112,3933113,3933114,3933115,3933116,3933117,3933118,3933119,3933120,3933121,3933122,3933123,3933124,3933125,3933126,3933127
3933128,3933129,3933130,3933131,3933132,3933133,3933134,3933135,3933136,3933137,3933138,3933139,3933140,3933141,3933142,3933143,3933144,3933145,3933146,3933147
3933148,3933149,3933150,3933151,3933152,3933153,3933154,3933155,3933156,3933157,3933158,3933159,3933160,3933161,3933162,3933163,3933164,3933165,3933166,3933167
3933168,3933169,3933170,3933171,3933172,3933173,3933174,3933175,3933176,3933177,3933178,3933179,3933180,3933181,3933182,3933183,3933184,3933185,3933186,3933187
3933188,3933189,3933190,3933191,3933192,3933193,3933194,3933195,3933196,3933197,3933198,3933199,3933200,3933201,3933202,3933203,3933204,3933205,3933206,3933207
3933208,3933209,3933210,3933211,3933212,3933213,3933214,3933215,3933216,3933217,3933218,3933219,3933220,3933221,3933222,3933223,3933224,3933225,3933226,3933227
3933228,3933229,3933230,3933231,3933232,3933233,3933234,3933235,3933236,3933237,3933238,3933239,3933240,3933241,3933242,3933243,3933244,3933245,3933246,3933247
3933248,3933249,3933250,3933251,3933252,3933253,3933254,3933255,3933256,3933257,3933258,3933259,3933260,3933261,3933262,3933263,3933264,3933265,3933266,3933267
3933268,3933269,3933270,3933271,3933272,3933273,3933274,3933275,3933276,3933277,3933278,3933279,3933280,3933281,3933282,3933283,3933284,3933285,3933286,3933287
3933288,3933289,3933290,3933291,3933292,3933293,3933294,3933295,3933296,3933297,3933298,3933299,3933300,3933301,3933302,3933303,3933304,3933305,3933306,3933307
3933308,3933309,3933310,3933311,3933312,3933313,3933314,3933315,3933316,3933317,3933318,3933319,3933320,3933321,3933322,3933323,3933324,3933325,3933326,3933327
3933328,3933329,3933330,3933331,3933332,3933333,3933334,3933335,3933336,3933337,3933338,3933339,3933340,3933341,3933342,3933343,3933344,3933345,3933346,3933347
3933348,3933349,3933350,3933351,3933352,3933353,3933354,3933355,3933356,3933357,3933358,3933359,3933360,3933361,3933362,3933363,3933364,3933365,3933366,3933367
3933368,3933369,3933370,3933371,3933372,3933373,3933374,3933375,3933376,3933377,3933378,3933379,3933380,3933381,3933382,3933383,3933384,3933385,3933386,3933387
3933388,3933389,3933390,3933391,3933392,3933393,3933394,3933395,3933396,3933397,3933398,3933399,3933400,3933401,3933402,3933403,3933404,3933405,3933406,3933407
3933408,3933409,3933410,3933411,3933412,3933413,3933414,3933415,3933416,3933417,3933418,3933419,3933420,3933421,3933422,3933423,3933424,3933425,3933426,3933427
3933428,3933429,3933430,3933431,3933432,3933433,3933434,3933435,3933436,3933437,3933438,3933439,3933440,3933441,3933442,3933443,3933444,3933445,3933446,3933447
3933448,3933449,3933450,3933451,3933452,3933453,3933454,3933455,3933456,3933457,3933458,3933459,3933460,3933461,3933462,3933463,3933464,3933465,3933466,3933467
3933468,3933469,3933470,3933471,3933472,3933473,3933474,3933475,3933476,3933477,3933478,3933479,3933480,3933481,3933482,3933483,3933484,3933485,3933486,3933487
3933488,3933489,3933490,3933491,3933492,3933493,3933494,3933495,3933496,3933497,3933498,3933499,3933500,3933501,3933502,3933503,3933504,3933505,3933506,3933507
3933508,3933509,3933510,3933511,3933512,3933513,3933514,3933515,3933516,3933517,3933518,3933519,3933520,3933521,3933522,3933523,3933524,3933525,3933526,3933527
3933528,3933529,3933530,3933531,3933532,3933533,3933534,3933535,3933536,3933537,3933538,3933539,3933540,3933541,3933542,3933543,3933544,3933545,3933546,3933547
3933548,3933549,3933550,3933551,3933552,3933553,3933554,3933555,3933556,3933557,3933558,3933559,3933560,3933561,3933562,3933563,3933564,3933565,3933566,3933567
3933568,3933569,3933570,3933571,3933572,3933573,3933574,3933575,3933576,3933577,3933578,3933579,3933580,3933581,3933582,3933583,3933584,3933585,3933586,3933587
3933588,3933589,3933590,3933591,3933592,3933593,3933594,3933595,3933596,3933597,3933598,3933599,3933600,3933601,3933602,3933603,3933604,3933605,3933606,3933607
3933608,3933609,3933610,3933611,3933612,3933613,3933614,3933615,3933616,3933617,3933618,3933619,3933620,3933621,3933622,3933623,3933624,3933625,3933626,3933627
3933628,3933629,3933630,3933631,3933632,3933633,3933634,3933635,3933636,3933637,3933638,3933639,3933640,3933641,3933642,3933643,3933644,3933645,3933646,3933647
3933648,3933649,3933650,3933651,3933652,3933653,3933654,3933655,3933656,3933657,3933658,3933659,3933660,3933661,3933662,3933663,3933664,3933665,3933666,3933667
3933668,3933669,3933670,3933671,3933672,3933673,3933674,3933675,3933676,3933677,3933678,3933679,3933680,3933681,3933682,3933683,3933684,3933685,3933686,3933687
3933688,3933689,3933690,3933691,3933692,3933693,3933694,3933695,3933696,3933697,3933698,3933699,3933700,3933701,3933702,3933703,3933704,3933705,3933706,3933707
3933708,3933709,3933710,3933711,3933712,3933713,3933714,3933715,3933716,3933717,3933718,3933719,3933720,3933721,3933722,3933723,3933724,3933725,3933726,3933727
3933728,3933729,3933730,3933731,3933732,3933733,3933734,3933735,3933736,3933737,3933738,3933739,3933740,3933741,3933742,3933743,3933744,3933745,3933746,3933747
3933748,3933749,3933750,3933751,3933752,3933753,3933754,3933755,3933756,3933757,3933758,3933759,3933760,3933761,3933762,3933763,3933764,3933765,3933766,3933767
3933768,3933769,3933770,3933771,3933772,3933773,3933774,3933775,3933776,3933777,3933778,3933779,3933780,3933781,3933782,3933783,3933784,3933785,3933786,3933787
3933788,3933789,3933790,3933791,3933792,3933793,3933794,3933795,3933796,3933797,3933798,3933799,3933800,3933801,3933802,3933803,3933804,3933805,3933806,3933807
3933808,3933809,3933810,3933811,3933812,3933813,3933814,3933815,3933816,3933817,3933818,3933819,3933820,3933821,3933822,3933823,3933824,3933825,3933826,3933827
3933828,3933829,3933830,3933831,3933832,3933833,3933834,3933835,3933836,3933837,3933838,3933839,3933840,3933841,3933842,3933843,3933844,3933845,3933846,3933847
3933848,3933849,3933850,3933851,3933852,3933853,3933854,3933855,3933856,3933857,3933858,3933859,3933860,3933861,3933862,3933863,3933864,3933865,3933866,3933867
3933868,3933869,3933870,3933871,3933872,3933873,3933874,3933875,3933876,3933877,3933878,3933879,3933880,3933881,3933882,3933883,3933884,3933885,3933886,3933887
3933888,3933889,3933890,3933891,3933892,3933893,3933894,3933895,3933896,3933897,3933898,3933899,3933900,3933901,3933902,3933903,3933904,3933905,3933906,3933907
3933908,3933909,3933910,3933911,3933912,3933913,3933914,3933915,3933916,3933917,3933918,3933919,3933920,3933921,3933922,3933923,3933924,3933925,3933926,3933927
3933928,3933929,3933930,3933931,3933932,3933933,3933934,3933935,3933936,3933937,3933938,3933939,3933940,3933941,3933942,3933943,3933944,3933945,3933946,3933947
3933948,3933949,3933950,3933951,3933952,3933953,3933954,3933955,3933956,3933957,3933958,3933959,3933960,3933961,3933962,3933963,3933964,3933965,3933966,3933967
3933968,3933969,3933970,3933971,3933972,3933973,3933974,3933975,3933976,3933977,3933978,3933979,3933980,3933981,3933982,3933983,3933984,3933985,3933986,3933987
3933988,3933989,3933990,3933991,3933992,3933993,3933994,3933995,3933996,3933997,3933998,3933999,3934000,3934001,3934002,3934003,3934004,3934005,3934006,3934007
3934008,3934009,3934010,3934011,3934012,3934013,3934014,3934015,3934016,3934017,3934018,3934019,3934020,3934021,3934022,3934023,3934024,3934025,3934026,3934027
3934028,3934029,3934030,3934031,3934032,3934033,3934034,3934035,3934036,3934037,3934038,3934039,3934040,3934041,3934042,3934043,3934044,3934045,3934046,3934047
3934048,3934049,3934050,3934051,3934052,3934053,3934054,3934055,3934056,3934057,3934058,3934059,3934060,3934061,3934062,3934063,3934064,3934065,3934066,3934067
3934068,3934069,3934070,3934071,3934072,3934073,3934074,3934075,3934076,3934077,3934078,3934079,3934080,3934081,3934082,3934083,3934084,3934085,3934086,3934087
3934088,3934089,3934090,3934091,3934092,3934093,3934094,3934095,3934096,3934097,3934098,3934099,3934100,3934101,3934102,3934103,3934104,3934105,3934106,3934107
3934108,3934109,3934110,3934111,3934112,3934113,3934114,3934115,3934116,3934117,3934118,3934119,3934120,3934121,3934122,3934123,3934124,3934125,3934126,3934127
3934128,3934129,3934130,3934131,3934132,3934133,3934134,3934135,3934136,3934137,3934138,3934139,3934140,3934141,3934142,3934143,3934144,3934145,3934146,3934147
3934148,3934149,3934150,3934151,3934152,3934153,3934154,3934155,3934156,3934157,3934158,3934159,3934160,3934161,3934162,3934163,3934164,3934165,3934166,3934167
3934168,3934169,3934170,3934171,3934172,3934173,3934174,3934175,3934176,3934177,3934178,3934179,3934180,3934181,3934182,3934183,3934184,3934185,3934186,3934187
3934188,3934189,3934190,3934191,3934192,3934193,3934194,3934195,3934196,3934197,3934198,3934199,3934200,3934201,3934202,3934203,3934204,3934205,3934206,3934207
3934208,3934209,3934210,3934211,3934212,3934213,3934214,3934215,3934216,3934217,3934218,3934219,3934220,3934221,3934222,3934223,3934224,3934225,3934226,3934227
3934228,3934229,3934230,3934231,3934232,3934233,3934234,3934235,3934236,3934237,3934238,3934239,3934240,3934241,3934242,3934243,3934244,3934245,3934246,3934247
3934248,3934249,3934250,3934251,3934252,3934253,3934254,3934255,3934256,3934257,3934258,3934259,3934260,3934261,3934262,3934263,3934264,3934265,3934266,3934267
3934268,3934269,3934270,3934271,3934272,3934273,3934274,3934275,3934276,3934277,3934278,3934279,3934280,3934281,3934282,3934283,3934284,3934285,3934286,3934287
3934288,3934289,3934290,3934291,3934292,3934293,3934294,3934295,3934296,3934297,3934298,3934299,3934300,3934301,3934302,3934303,3934304,3934305,3934306,3934307
3934308,3934309,3934310,3934311,3934312,3934313,3934314,3934315,3934316,3934317,3934318,3934319,3934320,3934321,3934322,3934323,3934324,3934325,3934326,3934327
3934328,3934329,3934330,3934331,3934332,3934333,3934334,3934335,3934336,3934337,3934338,3934339,3934340,3934341,3934342,3934343,3934344,3934345,3934346,3934347
3934348,3934349,3934350,3934351,3934352,3934353,3934354,3934355,3934356,3934357,3934358,3934359,3934360,3934361,3934362,3934363,3934364,3934365,3934366,3934367
3934368,3934369,3934370,3934371,3934372,3934373,3934374,3934375,3934376,3934377,3934378,3934379,3934380,3934381,3934382,3934383,3934384,3934385,3934386,3934387
3934388,3934389,3934390,3934391,3934392,3934393,3934394,3934395,3934396,3934397,3934398,3934399,3934400,3934401,3934402,3934403,3934404,3934405,3934406,3934407
3934408,3934409,3934410,3934411,3934412,3934413,3934414,3934415,3934416,3934417,3934418,3934419,3934420,3934421,3934422,3934423,3934424,3934425,3934426,3934427
3934428,3934429,3934430,3934431,3934432,3934433,3934434,3934435,3934436,3934437,3934438,3934439,3934440,3934441,3934442,3934443,3934444,3934445,3934446,3934447
3934448,3934449,3934450,3934451,3934452,3934453,3934454,3934455,3934456,3934457,3934458,3934459,3934460,3934461,3934462,3934463,3934464,3934465,3934466,3934467
3934468,3934469,3934470,3934471,3934472,3934473,3934474,3934475,3934476,3934477,3934478,3934479,3934480,3934481,3934482,3934483,3934484,3934485,3934486,3934487
3934488,3934489,3934490,3934491,3934492,3934493,3934494,3934495,3934496,3934497,3934498,3934499,3934500,3934501,3934502,3934503,3934504,3934505,3934506,3934507
3934508,3934509,3934510,3934511,3934512,3934513,3934514,3934515,3934516,3934517,3934518,3934519,3934520,3934521,3934522,3934523,3934524,3934525,3934526,3934527
3934528,3934529,3934530,3934531,3934532,3934533,3934534,3934535,3934536,3934537,3934538,3934539,3934540,3934541,3934542,3934543,3934544,3934545,3934546,3934547
3934548,3934549,3934550,3934551,3934552,3934553,3934554,3934555,3934556,3934557,3934558,3934559,3934560,3934561,3934562,3934563,3934564,3934565,3934566,3934567
3934568,3934569,3934570,3934571,3934572,3934573,3934574,3934575,3934576,3934577,3934578,3934579,3934580,3934581,3934582,3934583,3934584,3934585,3934586,3934587
3934588,3934589,3934590,3934591,3934592,3934593,3934594,3934595,3934596,3934597,3934598,3934599,3934600,3934601,3934602,3934603,3934604,3934605,3934606,3934607
3934608,3934609,3934610,3934611,3934612,3934613,3934614,3934615,3934616,3934617,3934618,3934619,3934620,3934621,3934622,3934623,3934624,3934625,3934626,3934627
3934628,3934629,3934630,3934631,3934632,3934633,3934634,3934635,3934636,3934637,3934638,3934639,3934640,3934641,3934642,3934643,3934644,3934645,3934646,3934647
3934648,3934649,3934650,3934651,3934652,3934653,3934654,3934655,3934656,3934657,3934658,3934659,3934660,3934661,3934662,3934663,3934664,3934665,3934666,3934667
3934668,3934669,3934670,3934671,3934672,3934673,3934674,3934675,3934676,3934677,3934678,3934679,3934680,3934681,3934682,3934683,3934684,3934685,3934686,3934687
3934688,3934689,3934690,3934691,3934692,3934693,3934694,3934695,3934696,3934697,3934698,3934699,3934700,3934701,3934702,3934703,3934704,3934705,3934706,3934707
3934708,3934709,3934710,3934711,3934712,3934713,3934714,3934715,3934716,3934717,3934718,3934719,3934720,3934721,3934722,3934723,3934724,3934725,3934726,3934727
3934728,3934729,3934730,3934731,3934732,3934733,3934734,3934735,3934736,3934737,3934738,3934739,3934740,3934741,3934742,3934743,3934744,3934745,3934746,3934747
3934748,3934749,3934750,3934751,3934752,3934753,3934754,3934755,3934756,3934757,3934758,3934759,3934760,3934761,3934762,3934763,3934764,3934765,3934766,3934767
3934768,3934769,3934770,3934771,3934772,3934773,3934774,3934775,3934776,3934777,3934778,3934779,3934780,3934781,3934782,3934783,3934784,3934785,3934786,3934787
3934788,3934789,3934790,3934791,3934792,3934793,3934794,3934795,3934796,3934797,3934798,3934799,3934800,3934801,3934802,3934803,3934804,3934805,3934806,3934807
3934808,3934809,3934810,3934811,3934812,3934813,3934814,3934815,3934816,3934817,3934818,3934819,3934820,3934821,3934822,3934823,3934824,3934825,3934826,3934827
3934828,3934829,3934830,3934831,3934832,3934833,3934834,3934835,3934836,3934837,3934838,3934839,3934840,3934841,3934842,3934843,3934844,3934845,3934846,3934847
3934848,3934849,3934850,3934851,3934852,3934853,3934854,3934855,3934856,3934857,3934858,3934859,3934860,3934861,3934862,3934863,3934864,3934865,3934866,3934867
3934868,3934869,3934870,3934871,3934872,3934873,3934874,3934875,3934876,3934877,3934878,3934879,3934880,3934881,3934882,3934883,3934884,3934885,3934886,3934887
3934888,3934889,3934890,3934891,3934892,3934893,3934894,3934895,3934896,3934897,3934898,3934899,3934900,3934901,3934902,3934903,3934904,3934905,3934906,3934907
3934908,3934909,3934910,3934911,3934912,3934913,3934914,3934915,3934916,3934917,3934918,3934919,3934920,3934921,3934922,3934923,3934924,3934925,3934926,3934927
3934928,3934929,3934930,3934931,3934932,3934933,3934934,3934935,3934936,3934937,3934938,3934939,3934940,3934941,3934942,3934943,3934944,3934945,3934946,3934947
3934948,3934949,3934950,3934951,3934952,3934953,3934954,3934955,3934956,3934957,3934958,3934959,3934960,3934961,3934962,3934963,3934964,3934965,3934966,3934967
3934968,3934969,3934970,3934971,3934972,3934973,3934974,3934975,3934976,3934977,3934978,3934979,3934980,3934981,3934982,3934983,3934984,3934985,3934986,3934987
3934988,3934989,3934990,3934991,3934992,3934993,3934994,3934995,3934996,3934997,3934998,3934999,3935000,3935001,3935002,3935003,3935004,3935005,3935006,3935007
3935008,3935009,3935010,3935011,3935012,3935013,3935014,3935015,3935016,3935017,3935018,3935019,3935020,3935021,3935022,3935023,3935024,3935025,3935026,3935027
3935028,3935029,3935030,3935031,3935032,3935033,3935034,3935035,3935036,3935037,3935038,3935039,3935040,3935041,3935042,3935043,3935044,3935045,3935046,3935047
3935048,3935049,3935050,3935051,3935052,3935053,3935054,3935055,3935056,3935057,3935058,3935059,3935060,3935061,3935062,3935063,3935064,3935065,3935066,3935067
3935068,3935069,3935070,3935071,3935072,3935073,3935074,3935075,3935076,3935077,3935078,3935079,3935080,3935081,3935082,3935083,3935084,3935085,3935086,3935087
3935088,3935089,3935090,3935091,3935092,3935093,3935094,3935095,3935096,3935097,3935098,3935099,3935100,3935101,3935102,3935103,3935104,3935105,3935106,3935107
3935108,3935109,3935110,3935111,3935112,3935113,3935114,3935115,3935116,3935117,3935118,3935119,3935120,3935121,3935122,3935123,3935124,3935125,3935126,3935127
3935128,3935129,3935130,3935131,3935132,3935133,3935134,3935135,3935136,3935137,3935138,3935139,3935140,3935141,3935142,3935143,3935144,3935145,3935146,3935147
3935148,3935149,3935150,3935151,3935152,3935153,3935154,3935155,3935156,3935157,3935158,3935159,3935160,3935161,3935162,3935163,3935164,3935165,3935166,3935167
3935168,3935169,3935170,3935171,3935172,3935173,3935174,3935175,3935176,3935177,3935178,3935179,3935180,3935181,3935182,3935183,3935184,3935185,3935186,3935187
3935188,3935189,3935190,3935191,3935192,3935193,3935194,3935195,3935196,3935197,3935198,3935199,3935200,3935201,3935202,3935203,3935204,3935205,3935206,3935207
3935208,3935209,3935210,3935211,3935212,3935213,3935214,3935215,3935216,3935217,3935218,3935219,3935220,3935221,3935222,3935223,3935224,3935225,3935226,3935227
3935228,3935229,3935230,3935231,3935232,3935233,3935234,3935235,3935236,3935237,3935238,3935239,3935240,3935241,3935242,3935243,3935244,3935245,3935246,3935247
3935248,3935249,3935250,3935251,3935252,3935253,3935254,3935255,3935256,3935257,3935258,3935259,3935260,3935261,3935262,3935263,3935264,3935265,3935266,3935267
3935268,3935269,3935270,3935271,3935272,3935273,3935274,3935275,3935276,3935277,3935278,3935279,3935280,3935281,3935282,3935283,3935284,3935285,3935286,3935287
3935288,3935289,3935290,3935291,3935292,3935293,3935294,3935295,3935296,3935297,3935298,3935299,3935300,3935301,3935302,3935303,3935304,3935305,3935306,3935307
3935308,3935309,3935310,3935311,3935312,3935313,3935314,3935315,3935316,3935317,3935318,3935319,3935320,3935321,3935322,3935323,3935324,3935325,3935326,3935327
3935328,3935329,3935330,3935331,3935332,3935333,3935334,3935335,3935336,3935337,3935338,3935339,3935340,3935341,3935342,3935343,3935344,3935345,3935346,3935347
3935348,3935349,3935350,3935351,3935352,3935353,3935354,3935355,3935356,3935357,3935358,3935359,3935360,3935361,3935362,3935363,3935364,3935365,3935366,3935367
3935368,3935369,3935370,3935371,3935372,3935373,3935374,3935375,3935376,3935377,3935378,3935379,3935380,3935381,3935382,3935383,3935384,3935385,3935386,3935387
3935388,3935389,3935390,3935391,3935392,3935393,3935394,3935395,3935396,3935397,3935398,3935399,3935400,3935401,3935402,3935403,3935404,3935405,3935406,3935407
3935408,3935409,3935410,3935411,3935412,3935413,3935414,3935415,3935416,3935417,3935418,3935419,3935420,3935421,3935422,3935423,3935424,3935425,3935426,3935427
3935428,3935429,3935430,3935431,3935432,3935433,3935434,3935435,3935436,3935437,3935438,3935439,3935440,3935441,3935442,3935443,3935444,3935445,3935446,3935447
3935448,3935449,3935450,3935451,3935452,3935453,3935454,3935455,3935456,3935457,3935458,3935459,3935460,3935461,3935462,3935463,3935464,3935465,3935466,3935467
3935468,3935469,3935470,3935471,3935472,3935473,3935474,3935475,3935476,3935477,3935478,3935479,3935480,3935481,3935482,3935483,3935484,3935485,3935486,3935487
3935488,3935489,3935490,3935491,3935492,3935493,3935494,3935495,3935496,3935497,3935498,3935499,3935500,3935501,3935502,3935503,3935504,3935505,3935506,3935507
3935508,3935509,3935510,3935511,3935512,3935513,3935514,3935515,3935516,3935517,3935518,3935519,3935520,3935521,3935522,3935523,3935524,3935525,3935526,3935527
3935528,3935529,3935530,3935531,3935532,3935533,3935534,3935535,3935536,3935537,3935538,3935539,3935540,3935541,3935542,3935543,3935544,3935545,3935546,3935547
3935548,3935549,3935550,3935551,3935552,3935553,3935554,3935555,3935556,3935557,3935558,3935559,3935560,3935561,3935562,3935563,3935564,3935565,3935566,3935567
3935568,3935569,3935570,3935571,3935572,3935573,3935574,3935575,3935576,3935577,3935578,3935579,3935580,3935581,3935582,3935583,3935584,3935585,3935586,3935587
3935588,3935589,3935590,3935591,3935592,3935593,3935594,3935595,3935596,3935597,3935598,3935599,3935600,3935601,3935602,3935603,3935604,3935605,3935606,3935607
3935608,3935609,3935610,3935611,3935612,3935613,3935614,3935615,3935616,3935617,3935618,3935619,3935620,3935621,3935622,3935623,3935624,3935625,3935626,3935627
3935628,3935629,3935630,3935631,3935632,3935633,3935634,3935635,3935636,3935637,3935638,3935639,3935640,3935641,3935642,3935643,3935644,3935645,3935646,3935647
3935648,3935649,3935650,3935651,3935652,3935653,3935654,3935655,3935656,3935657,3935658,3935659,3935660,3935661,3935662,3935663,3935664,3935665,3935666,3935667
3935668,3935669,3935670,3935671,3935672,3935673,3935674,3935675,3935676,3935677,3935678,3935679,3935680,3935681,3935682,3935683,3935684,3935685,3935686,3935687
3935688,3935689,3935690,3935691,3935692,3935693,3935694,3935695,3935696,3935697,3935698,3935699,3935700,3935701,3935702,3935703,3935704,3935705,3935706,3935707
3935708,3935709,3935710,3935711,3935712,3935713,3935714,3935715,3935716,3935717,3935718,3935719,3935720,3935721,3935722,3935723,3935724,3935725,3935726,3935727
3935728,3935729,3935730,3935731,3935732,3935733,3935734,3935735,3935736,3935737,3935738,3935739,3935740,3935741,3935742,3935743,3935744,3935745,3935746,3935747
3935748,3935749,3935750,3935751,3935752,3935753,3935754,3935755,3935756,3935757,3935758,3935759,3935760,3935761,3935762,3935763,3935764,3935765,3935766,3935767
3935768,3935769,3935770,3935771,3935772,3935773,3935774,3935775,3935776,3935777,3935778,3935779,3935780,3935781,3935782,3935783,3935784,3935785,3935786,3935787
3935788,3935789,3935790,3935791,3935792,3935793,3935794,3935795,3935796,3935797,3935798,3935799,3935800,3935801,3935802,3935803,3935804,3935805,3935806,3935807
3935808,3935809,3935810,3935811,3935812,3935813,3935814,3935815,3935816,3935817,3935818,3935819,3935820,3935821,3935822,3935823,3935824,3935825,3935826,3935827
3935828,3935829,3935830,3935831,3935832,3935833,3935834,3935835,3935836,3935837,3935838,3935839,3935840,3935841,3935842,3935843,3935844,3935845,3935846,3935847
3935848,3935849,3935850,3935851,3935852,3935853,3935854,3935855,3935856,3935857,3935858,3935859,3935860,3935861,3935862,3935863,3935864,3935865,3935866,3935867
3935868,3935869,3935870,3935871,3935872,3935873,3935874,3935875,3935876,3935877,3935878,3935879,3935880,3935881,3935882,3935883,3935884,3935885,3935886,3935887
3935888,3935889,3935890,3935891,3935892,3935893,3935894,3935895,3935896,3935897,3935898,3935899,3935900,3935901,3935902,3935903,3935904,3935905,3935906,3935907
3935908,3935909,3935910,3935911,3935912,3935913,3935914,3935915,3935916,3935917,3935918,3935919,3935920,3935921,3935922,3935923,3935924,3935925,3935926,3935927
3935928,3935929,3935930,3935931,3935932,3935933,3935934,3935935,3935936,3935937,3935938,3935939,3935940,3935941,3935942,3935943,3935944,3935945,3935946,3935947
3935948,3935949,3935950,3935951,3935952,3935953,3935954,3935955,3935956,3935957,3935958,3935959,3935960,3935961,3935962,3935963,3935964,3935965,3935966,3935967
3935968,3935969,3935970,3935971,3935972,3935973,3935974,3935975,3935976,3935977,3935978,3935979,3935980,3935981,3935982,3935983,3935984,3935985,3935986,3935987
3935988,3935989,3935990,3935991,3935992,3935993,3935994,3935995,3935996,3935997,3935998,3935999,3936000,3936001,3936002,3936003,3936004,3936005,3936006,3936007
3936008,3936009,3936010,3936011,3936012,3936013,3936014,3936015,3936016,3936017,3936018,3936019,3936020,3936021,3936022,3936023,3936024,3936025,3936026,3936027
3936028,3936029,3936030,3936031,3936032,3936033,3936034,3936035,3936036,3936037,3936038,3936039,3936040,3936041,3936042,3936043,3936044,3936045,3936046,3936047
3936048,3936049,3936050,3936051,3936052,3936053,3936054,3936055,3936056,3936057,3936058,3936059,3936060,3936061,3936062,3936063,3936064,3936065,3936066,3936067
3936068,3936069,3936070,3936071,3936072,3936073,3936074,3936075,3936076,3936077,3936078,3936079,3936080,3936081,3936082,3936083,3936084,3936085,3936086,3936087
3936088,3936089,3936090,3936091,3936092,3936093,3936094,3936095,3936096,3936097,3936098,3936099,3936100,3936101,3936102,3936103,3936104,3936105,3936106,3936107
3936108,3936109,3936110,3936111,3936112,3936113,3936114,3936115,3936116,3936117,3936118,3936119,3936120,3936121,3936122,3936123,3936124,3936125,3936126,3936127
3936128,3936129,3936130,3936131,3936132,3936133,3936134,3936135,3936136,3936137,3936138,3936139,3936140,3936141,3936142,3936143,3936144,3936145,3936146,3936147
3936148,3936149,3936150,3936151,3936152,3936153,3936154,3936155,3936156,3936157,3936158,3936159,3936160,3936161,3936162,3936163,3936164,3936165,3936166,3936167
3936168,3936169,3936170,3936171,3936172,3936173,3936174,3936175,3936176,3936177,3936178,3936179,3936180,3936181,3936182,3936183,3936184,3936185,3936186,3936187
3936188,3936189,3936190,3936191,3936192,3936193,3936194,3936195,3936196,3936197,3936198,3936199,3936200,3936201,3936202,3936203,3936204,3936205,3936206,3936207
3936208,3936209,3936210,3936211,3936212,3936213,3936214,3936215,3936216,3936217,3936218,3936219,3936220,3936221,3936222,3936223,3936224,3936225,3936226,3936227
3936228,3936229,3936230,3936231,3936232,3936233,3936234,3936235,3936236,3936237,3936238,3936239,3936240,3936241,3936242,3936243,3936244,3936245,3936246,3936247
3936248,3936249,3936250,3936251,3936252,3936253,3936254,3936255,3936256,3936257,3936258,3936259,3936260,3936261,3936262,3936263,3936264,3936265,3936266,3936267
3936268,3936269,3936270,3936271,3936272,3936273,3936274,3936275,3936276,3936277,3936278,3936279,3936280,3936281,3936282,3936283,3936284,3936285,3936286,3936287
3936288,3936289,3936290,3936291,3936292,3936293,3936294,3936295,3936296,3936297,3936298,3936299,3936300,3936301,3936302,3936303,3936304,3936305,3936306,3936307
3936308,3936309,3936310,3936311,3936312,3936313,3936314,3936315,3936316,3936317,3936318,3936319,3936320,3936321,3936322,3936323,3936324,3936325,3936326,3936327
3936328,3936329,3936330,3936331,3936332,3936333,3936334,3936335,3936336,3936337,3936338,3936339,3936340,3936341,3936342,3936343,3936344,3936345,3936346,3936347
3936348,3936349,3936350,3936351,3936352,3936353,3936354,3936355,3936356,3936357,3936358,3936359,3936360,3936361,3936362,3936363,3936364,3936365,3936366,3936367
3936368,3936369,3936370,3936371,3936372,3936373,3936374,3936375,3936376,3936377,3936378,3936379,3936380,3936381,3936382,3936383,3936384,3936385,3936386,3936387
3936388,3936389,3936390,3936391,3936392,3936393,3936394,3936395,3936396,3936397,3936398,3936399,3936400,3936401,3936402,3936403,3936404,3936405,3936406,3936407
3936408,3936409,3936410,3936411,3936412,3936413,3936414,3936415,3936416,3936417,3936418,3936419,3936420,3936421,3936422,3936423,3936424,3936425,3936426,3936427
3936428,3936429,3936430,3936431,3936432,3936433,3936434,3936435,3936436,3936437,3936438,3936439,3936440,3936441,3936442,3936443,3936444,3936445,3936446,3936447
3936448,3936449,3936450,3936451,3936452,3936453,3936454,3936455,3936456,3936457,3936458,3936459,3936460,3936461,3936462,3936463,3936464,3936465,3936466,3936467
3936468,3936469,3936470,3936471,3936472,3936473,3936474,3936475,3936476,3936477,3936478,3936479,3936480,3936481,3936482,3936483,3936484,3936485,3936486,3936487
3936488,3936489,3936490,3936491,3936492,3936493,3936494,3936495,3936496,3936497,3936498,3936499,3936500,3936501,3936502,3936503,3936504,3936505,3936506,3936507
3936508,3936509,3936510,3936511,3936512,3936513,3936514,3936515,3936516,3936517,3936518,3936519,3936520,3936521,3936522,3936523,3936524,3936525,3936526,3936527
3936528,3936529,3936530,3936531,3936532,3936533,3936534,3936535,3936536,3936537,3936538,3936539,3936540,3936541,3936542,3936543,3936544,3936545,3936546,3936547
3936548,3936549,3936550,3936551,3936552,3936553,3936554,3936555,3936556,3936557,3936558,3936559,3936560,3936561,3936562,3936563,3936564,3936565,3936566,3936567
3936568,3936569,3936570,3936571,3936572,3936573,3936574,3936575,3936576,3936577,3936578,3936579,3936580,3936581,3936582,3936583,3936584,3936585,3936586,3936587
3936588,3936589,3936590,3936591,3936592,3936593,3936594,3936595,3936596,3936597,3936598,3936599,3936600,3936601,3936602,3936603,3936604,3936605,3936606,3936607
3936608,3936609,3936610,3936611,3936612,3936613,3936614,3936615,3936616,3936617,3936618,3936619,3936620,3936621,3936622,3936623,3936624,3936625,3936626,3936627
3936628,3936629,3936630,3936631,3936632,3936633,3936634,3936635,3936636,3936637,3936638,3936639,3936640,3936641,3936642,3936643,3936644,3936645,3936646,3936647
3936648,3936649,3936650,3936651,3936652,3936653,3936654,3936655,3936656,3936657,3936658,3936659,3936660,3936661,3936662,3936663,3936664,3936665,3936666,3936667
3936668,3936669,3936670,3936671,3936672,3936673,3936674,3936675,3936676,3936677,3936678,3936679,3936680,3936681,3936682,3936683,3936684,3936685,3936686,3936687
3936688,3936689,3936690,3936691,3936692,3936693,3936694,3936695,3936696,3936697,3936698,3936699,3936700,3936701,3936702,3936703,3936704,3936705,3936706,3936707
3936708,3936709,3936710,3936711,3936712,3936713,3936714,3936715,3936716,3936717,3936718,3936719,3936720,3936721,3936722,3936723,3936724,3936725,3936726,3936727
3936728,3936729,3936730,3936731,3936732,3936733,3936734,3936735,3936736,3936737,3936738,3936739,3936740,3936741,3936742,3936743,3936744,3936745,3936746,3936747
3936748,3936749,3936750,3936751,3936752,3936753,3936754,3936755,3936756,3936757,3936758,3936759,3936760,3936761,3936762,3936763,3936764,3936765,3936766,3936767
3936768,3936769,3936770,3936771,3936772,3936773,3936774,3936775,3936776,3936777,3936778,3936779,3936780,3936781,3936782,3936783,3936784,3936785,3936786,3936787
3936788,3936789,3936790,3936791,3936792,3936793,3936794,3936795,3936796,3936797,3936798,3936799,3936800,3936801,3936802,3936803,3936804,3936805,3936806,3936807
3936808,3936809,3936810,3936811,3936812,3936813,3936814,3936815,3936816,3936817,3936818,3936819,3936820,3936821,3936822,3936823,3936824,3936825,3936826,3936827
3936828,3936829,3936830,3936831,3936832,3936833,3936834,3936835,3936836,3936837,3936838,3936839,3936840,3936841,3936842,3936843,3936844,3936845,3936846,3936847
3936848,3936849,3936850,3936851,3936852,3936853,3936854,3936855,3936856,3936857,3936858,3936859,3936860,3936861,3936862,3936863,3936864,3936865,3936866,3936867
3936868,3936869,3936870,3936871,3936872,3936873,3936874,3936875,3936876,3936877,3936878,3936879,3936880,3936881,3936882,3936883,3936884,3936885,3936886,3936887
3936888,3936889,3936890,3936891,3936892,3936893,3936894,3936895,3936896,3936897,3936898,3936899,3936900,3936901,3936902,3936903,3936904,3936905,3936906,3936907
3936908,3936909,3936910,3936911,3936912,3936913,3936914,3936915,3936916,3936917,3936918,3936919,3936920,3936921,3936922,3936923,3936924,3936925,3936926,3936927
3936928,3936929,3936930,3936931,3936932,3936933,3936934,3936935,3936936,3936937,3936938,3936939,3936940,3936941,3936942,3936943,3936944,3936945,3936946,3936947
3936948,3936949,3936950,3936951,3936952,3936953,3936954,3936955,3936956,3936957,3936958,3936959,3936960,3936961,3936962,3936963,3936964,3936965,3936966,3936967
3936968,3936969,3936970,3936971,3936972,3936973,3936974,3936975,3936976,3936977,3936978,3936979,3936980,3936981,3936982,3936983,3936984,3936985,3936986,3936987
3936988,3936989,3936990,3936991,3936992,3936993,3936994,3936995,3936996,3936997,3936998,3936999,3937000,3937001,3937002,3937003,3937004,3937005,3937006,3937007
3937008,3937009,3937010,3937011,3937012,3937013,3937014,3937015,3937016,3937017,3937018,3937019,3937020,3937021,3937022,3937023,3937024,3937025,3937026,3937027
3937028,3937029,3937030,3937031,3937032,3937033,3937034,3937035,3937036,3937037,3937038,3937039,3937040,3937041,3937042,3937043,3937044,3937045,3937046,3937047
3937048,3937049,3937050,3937051,3937052,3937053,3937054,3937055,3937056,3937057,3937058,3937059,3937060,3937061,3937062,3937063,3937064,3937065,3937066,3937067
3937068,3937069,3937070,3937071,3937072,3937073,3937074,3937075,3937076,3937077,3937078,3937079,3937080,3937081,3937082,3937083,3937084,3937085,3937086,3937087
3937088,3937089,3937090,3937091,3937092,3937093,3937094,3937095,3937096,3937097,3937098,3937099,3937100,3937101,3937102,3937103,3937104,3937105,3937106,3937107
3937108,3937109,3937110,3937111,3937112,3937113,3937114,3937115,3937116,3937117,3937118,3937119,3937120,3937121,3937122,3937123,3937124,3937125,3937126,3937127
3937128,3937129,3937130,3937131,3937132,3937133,3937134,3937135,3937136,3937137,3937138,3937139,3937140,3937141,3937142,3937143,3937144,3937145,3937146,3937147
3937148,3937149,3937150,3937151,3937152,3937153,3937154,3937155,3937156,3937157,3937158,3937159,3937160,3937161,3937162,3937163,3937164,3937165,3937166,3937167
3937168,3937169,3937170,3937171,3937172,3937173,3937174,3937175,3937176,3937177,3937178,3937179,3937180,3937181,3937182,3937183,3937184,3937185,3937186,3937187
3937188,3937189,3937190,3937191,3937192,3937193,3937194,3937195,3937196,3937197,3937198,3937199,3937200,3937201,3937202,3937203,3937204,3937205,3937206,3937207
3937208,3937209,3937210,3937211,3937212,3937213,3937214,3937215,3937216,3937217,3937218,3937219,3937220,3937221,3937222,3937223,3937224,3937225,3937226,3937227
3937228,3937229,3937230,3937231,3937232,3937233,3937234,3937235,3937236,3937237,3937238,3937239,3937240,3937241,3937242,3937243,3937244,3937245,3937246,3937247
3937248,3937249,3937250,3937251,3937252,3937253,3937254,3937255,3937256,3937257,3937258,3937259,3937260,3937261,3937262,3937263,3937264,3937265,3937266,3937267
3937268,3937269,3937270,3937271,3937272,3937273,3937274,3937275,3937276,3937277,3937278,3937279,3937280,3937281,3937282,3937283,3937284,3937285,3937286,3937287
3937288,3937289,3937290,3937291,3937292,3937293,3937294,3937295,3937296,3937297,3937298,3937299,3937300,3937301,3937302,3937303,3937304,3937305,3937306,3937307
3937308,3937309,3937310,3937311,3937312,3937313,3937314,3937315,3937316,3937317,3937318,3937319,3937320,3937321,3937322,3937323,3937324,3937325,3937326,3937327
3937328,3937329,3937330,3937331,3937332,3937333,3937334,3937335,3937336,3937337,3937338,3937339,3937340,3937341,3937342,3937343,3937344,3937345,3937346,3937347
3937348,3937349,3937350,3937351,3937352,3937353,3937354,3937355,3937356,3937357,3937358,3937359,3937360,3937361,3937362,3937363,3937364,3937365,3937366,3937367
3937368,3937369,3937370,3937371,3937372,3937373,3937374,3937375,3937376,3937377,3937378,3937379,3937380,3937381,3937382,3937383,3937384,3937385,3937386,3937387
3937388,3937389,3937390,3937391,3937392,3937393,3937394,3937395,3937396,3937397,3937398,3937399,3937400,3937401,3937402,3937403,3937404,3937405,3937406,3937407
3937408,3937409,3937410,3937411,3937412,3937413,3937414,3937415,3937416,3937417,3937418,3937419,3937420,3937421,3937422,3937423,3937424,3937425,3937426,3937427
3937428,3937429,3937430,3937431,3937432,3937433,3937434,3937435,3937436,3937437,3937438,3937439,3937440,3937441,3937442,3937443,3937444,3937445,3937446,3937447
3937448,3937449,3937450,3937451,3937452,3937453,3937454,3937455,3937456,3937457,3937458,3937459,3937460,3937461,3937462,3937463,3937464,3937465,3937466,3937467
3937468,3937469,3937470,3937471,3937472,3937473,3937474,3937475,3937476,3937477,3937478,3937479,3937480,3937481,3937482,3937483,3937484,3937485,3937486,3937487
3937488,3937489,3937490,3937491,3937492,3937493,3937494,3937495,3937496,3937497,3937498,3937499,3937500,3937501,3937502,3937503,3937504,3937505,3937506,3937507
3937508,3937509,3937510,3937511,3937512,3937513,3937514,3937515,3937516,3937517,3937518,3937519,3937520,3937521,3937522,3937523,3937524,3937525,3937526,3937527
3937528,3937529,3937530,3937531,3937532,3937533,3937534,3937535,3937536,3937537,3937538,3937539,3937540,3937541,3937542,3937543,3937544,3937545,3937546,3937547
3937548,3937549,3937550,3937551,3937552,3937553,3937554,3937555,3937556,3937557,3937558,3937559,3937560,3937561,3937562,3937563,3937564,3937565,3937566,3937567
3937568,3937569,3937570,3937571,3937572,3937573,3937574,3937575,3937576,3937577,3937578,3937579,3937580,3937581,3937582,3937583,3937584,3937585,3937586,3937587
3937588,3937589,3937590,3937591,3937592,3937593,3937594,3937595,3937596,3937597,3937598,3937599,3937600,3937601,3937602,3937603,3937604,3937605,3937606,3937607
3937608,3937609,3937610,3937611,3937612,3937613,3937614,3937615,3937616,3937617,3937618,3937619,3937620,3937621,3937622,3937623,3937624,3937625,3937626,3937627
3937628,3937629,3937630,3937631,3937632,3937633,3937634,3937635,3937636,3937637,3937638,3937639,3937640,3937641,3937642,3937643,3937644,3937645,3937646,3937647
3937648,3937649,3937650,3937651,3937652,3937653,3937654,3937655,3937656,3937657,3937658,3937659,3937660,3937661,3937662,3937663,3937664,3937665,3937666,3937667
3937668,3937669,3937670,3937671,3937672,3937673,3937674,3937675,3937676,3937677,3937678,3937679,3937680,3937681,3937682,3937683,3937684,3937685,3937686,3937687
3937688,3937689,3937690,3937691,3937692,3937693,3937694,3937695,3937696,3937697,3937698,3937699,3937700,3937701,3937702,3937703,3937704,3937705,3937706,3937707
3937708,3937709,3937710,3937711,3937712,3937713,3937714,3937715,3937716,3937717,3937718,3937719,3937720,3937721,3937722,3937723,3937724,3937725,3937726,3937727
3937728,3937729,3937730,3937731,3937732,3937733,3937734,3937735,3937736,3937737,3937738,3937739,3937740,3937741,3937742,3937743,3937744,3937745,3937746,3937747
3937748,3937749,3937750,3937751,3937752,3937753,3937754,3937755,3937756,3937757,3937758,3937759,3937760,3937761,3937762,3937763,3937764,3937765,3937766,3937767
3937768,3937769,3937770,3937771,3937772,3937773,3937774,3937775,3937776,3937777,3937778,3937779,3937780,3937781,3937782,3937783,3937784,3937785,3937786,3937787
3937788,3937789,3937790,3937791,3937792,3937793,3937794,3937795,3937796,3937797,3937798,3937799,3937800,3937801,3937802,3937803,3937804,3937805,3937806,3937807
3937808,3937809,3937810,3937811,3937812,3937813,3937814,3937815,3937816,3937817,3937818,3937819,3937820,3937821,3937822,3937823,3937824,3937825,3937826,3937827
3937828,3937829,3937830,3937831,3937832,3937833,3937834,3937835,3937836,3937837,3937838,3937839,3937840,3937841,3937842,3937843,3937844,3937845,3937846,3937847
3937848,3937849,3937850,3937851,3937852,3937853,3937854,3937855,3937856,3937857,3937858,3937859,3937860,3937861,3937862,3937863,3937864,3937865,3937866,3937867
3937868,3937869,3937870,3937871,3937872,3937873,3937874,3937875,3937876,3937877,3937878,3937879,3937880,3937881,3937882,3937883,3937884,3937885,3937886,3937887
3937888,3937889,3937890,3937891,3937892,3937893,3937894,3937895,3937896,3937897,3937898,3937899,3937900,3937901,3937902,3937903,3937904,3937905,3937906,3937907
3937908,3937909,3937910,3937911,3937912,3937913,3937914,3937915,3937916,3937917,3937918,3937919,3937920,3937921,3937922,3937923,3937924,3937925,3937926,3937927
3937928,3937929,3937930,3937931,3937932,3937933,3937934,3937935,3937936,3937937,3937938,3937939,3937940,3937941,3937942,3937943,3937944,3937945,3937946,3937947
3937948,3937949,3937950,3937951,3937952,3937953,3937954,3937955,3937956,3937957,3937958,3937959,3937960,3937961,3937962,3937963,3937964,3937965,3937966,3937967
3937968,3937969,3937970,3937971,3937972,3937973,3937974,3937975,3937976,3937977,3937978,3937979,3937980,3937981,3937982,3937983,3937984,3937985,3937986,3937987
3937988,3937989,3937990,3937991,3937992,3937993,3937994,3937995,3937996,3937997,3937998,3937999,3938000,3938001,3938002,3938003,3938004,3938005,3938006,3938007
3938008,3938009,3938010,3938011,3938012,3938013,3938014,3938015,3938016,3938017,3938018,3938019,3938020,3938021,3938022,3938023,3938024,3938025,3938026,3938027
3938028,3938029,3938030,3938031,3938032,3938033,3938034,3938035,3938036,3938037,3938038,3938039,3938040,3938041,3938042,3938043,3938044,3938045,3938046,3938047
3938048,3938049,3938050,3938051,3938052,3938053,3938054,3938055,3938056,3938057,3938058,3938059,3938060,3938061,3938062,3938063,3938064,3938065,3938066,3938067
3938068,3938069,3938070,3938071,3938072,3938073,3938074,3938075,3938076,3938077,3938078,3938079,3938080,3938081,3938082,3938083,3938084,3938085,3938086,3938087
3938088,3938089,3938090,3938091,3938092,3938093,3938094,3938095,3938096,3938097,3938098,3938099,3938100,3938101,3938102,3938103,3938104,3938105,3938106,3938107
3938108,3938109,3938110,3938111,3938112,3938113,3938114,3938115,3938116,3938117,3938118,3938119,3938120,3938121,3938122,3938123,3938124,3938125,3938126,3938127
3938128,3938129,3938130,3938131,3938132,3938133,3938134,3938135,3938136,3938137,3938138,3938139,3938140,3938141,3938142,3938143,3938144,3938145,3938146,3938147
3938148,3938149,3938150,3938151,3938152,3938153,3938154,3938155,3938156,3938157,3938158,3938159,3938160,3938161,3938162,3938163,3938164,3938165,3938166,3938167
3938168,3938169,3938170,3938171,3938172,3938173,3938174,3938175,3938176,3938177,3938178,3938179,3938180,3938181,3938182,3938183,3938184,3938185,3938186,3938187
3938188,3938189,3938190,3938191,3938192,3938193,3938194,3938195,3938196,3938197,3938198,3938199,3938200,3938201,3938202,3938203,3938204,3938205,3938206,3938207
3938208,3938209,3938210,3938211,3938212,3938213,3938214,3938215,3938216,3938217,3938218,3938219,3938220,3938221,3938222,3938223,3938224,3938225,3938226,3938227
3938228,3938229,3938230,3938231,3938232,3938233,3938234,3938235,3938236,3938237,3938238,3938239,3938240,3938241,3938242,3938243,3938244,3938245,3938246,3938247
3938248,3938249,3938250,3938251,3938252,3938253,3938254,3938255,3938256,3938257,3938258,3938259,3938260,3938261,3938262,3938263,3938264,3938265,3938266,3938267
3938268,3938269,3938270,3938271,3938272,3938273,3938274,3938275,3938276,3938277,3938278,3938279,3938280,3938281,3938282,3938283,3938284,3938285,3938286,3938287
3938288,3938289,3938290,3938291,3938292,3938293,3938294,3938295,3938296,3938297,3938298,3938299,3938300,3938301,3938302,3938303,3938304,3938305,3938306,3938307
3938308,3938309,3938310,3938311,3938312,3938313,3938314,3938315,3938316,3938317,3938318,3938319,3938320,3938321,3938322,3938323,3938324,3938325,3938326,3938327
3938328,3938329,3938330,3938331,3938332,3938333,3938334,3938335,3938336,3938337,3938338,3938339,3938340,3938341,3938342,3938343,3938344,3938345,3938346,3938347
3938348,3938349,3938350,3938351,3938352,3938353,3938354,3938355,3938356,3938357,3938358,3938359,3938360,3938361,3938362,3938363,3938364,3938365,3938366,3938367
3938368,3938369,3938370,3938371,3938372,3938373,3938374,3938375,3938376,3938377,3938378,3938379,3938380,3938381,3938382,3938383,3938384,3938385,3938386,3938387
3938388,3938389,3938390,3938391,3938392,3938393,3938394,3938395,3938396,3938397,3938398,3938399,3938400,3938401,3938402,3938403,3938404,3938405,3938406,3938407
3938408,3938409,3938410,3938411,3938412,3938413,3938414,3938415,3938416,3938417,3938418,3938419,3938420,3938421,3938422,3938423,3938424,3938425,3938426,3938427
3938428,3938429,3938430,3938431,3938432,3938433,3938434,3938435,3938436,3938437,3938438,3938439,3938440,3938441,3938442,3938443,3938444,3938445,3938446,3938447
3938448,3938449,3938450,3938451,3938452,3938453,3938454,3938455,3938456,3938457,3938458,3938459,3938460,3938461,3938462,3938463,3938464,3938465,3938466,3938467
3938468,3938469,3938470,3938471,3938472,3938473,3938474,3938475,3938476,3938477,3938478,3938479,3938480,3938481,3938482,3938483,3938484,3938485,3938486,3938487
3938488,3938489,3938490,3938491,3938492,3938493,3938494,3938495,3938496,3938497,3938498,3938499,3938500,3938501,3938502,3938503,3938504,3938505,3938506,3938507
3938508,3938509,3938510,3938511,3938512,3938513,3938514,3938515,3938516,3938517,3938518,3938519,3938520,3938521,3938522,3938523,3938524,3938525,3938526,3938527
3938528,3938529,3938530,3938531,3938532,3938533,3938534,3938535,3938536,3938537,3938538,3938539,3938540,3938541,3938542,3938543,3938544,3938545,3938546,3938547
3938548,3938549,3938550,3938551,3938552,3938553,3938554,3938555,3938556,3938557,3938558,3938559,3938560,3938561,3938562,3938563,3938564,3938565,3938566,3938567
3938568,3938569,3938570,3938571,3938572,3938573,3938574,3938575,3938576,3938577,3938578,3938579,3938580,3938581,3938582,3938583,3938584,3938585,3938586,3938587
3938588,3938589,3938590,3938591,3938592,3938593,3938594,3938595,3938596,3938597,3938598,3938599,3938600,3938601,3938602,3938603,3938604,3938605,3938606,3938607
3938608,3938609,3938610,3938611,3938612,3938613,3938614,3938615,3938616,3938617,3938618,3938619,3938620,3938621,3938622,3938623,3938624,3938625,3938626,3938627
3938628,3938629,3938630,3938631,3938632,3938633,3938634,3938635,3938636,3938637,3938638,3938639,3938640,3938641,3938642,3938643,3938644,3938645,3938646,3938647
3938648,3938649,3938650,3938651,3938652,3938653,3938654,3938655,3938656,3938657,3938658,3938659,3938660,3938661,3938662,3938663,3938664,3938665,3938666,3938667
3938668,3938669,3938670,3938671,3938672,3938673,3938674,3938675,3938676,3938677,3938678,3938679,3938680,3938681,3938682,3938683,3938684,3938685,3938686,3938687
3938688,3938689,3938690,3938691,3938692,3938693,3938694,3938695,3938696,3938697,3938698,3938699,3938700,3938701,3938702,3938703,3938704,3938705,3938706,3938707
3938708,3938709,3938710,3938711,3938712,3938713,3938714,3938715,3938716,3938717,3938718,3938719,3938720,3938721,3938722,3938723,3938724,3938725,3938726,3938727
3938728,3938729,3938730,3938731,3938732,3938733,3938734,3938735,3938736,3938737,3938738,3938739,3938740,3938741,3938742,3938743,3938744,3938745,3938746,3938747
3938748,3938749,3938750,3938751,3938752,3938753,3938754,3938755,3938756,3938757,3938758,3938759,3938760,3938761,3938762,3938763,3938764,3938765,3938766,3938767
3938768,3938769,3938770,3938771,3938772,3938773,3938774,3938775,3938776,3938777,3938778,3938779,3938780,3938781,3938782,3938783,3938784,3938785,3938786,3938787
3938788,3938789,3938790,3938791,3938792,3938793,3938794,3938795,3938796,3938797,3938798,3938799,3938800,3938801,3938802,3938803,3938804,3938805,3938806,3938807
3938808,3938809,3938810,3938811,3938812,3938813,3938814,3938815,3938816,3938817,3938818,3938819,3938820,3938821,3938822,3938823,3938824,3938825,3938826,3938827
3938828,3938829,3938830,3938831,3938832,3938833,3938834,3938835,3938836,3938837,3938838,3938839,3938840,3938841,3938842,3938843,3938844,3938845,3938846,3938847
3938848,3938849,3938850,3938851,3938852,3938853,3938854,3938855,3938856,3938857,3938858,3938859,3938860,3938861,3938862,3938863,3938864,3938865,3938866,3938867
3938868,3938869,3938870,3938871,3938872,3938873,3938874,3938875,3938876,3938877,3938878,3938879,3938880,3938881,3938882,3938883,3938884,3938885,3938886,3938887
3938888,3938889,3938890,3938891,3938892,3938893,3938894,3938895,3938896,3938897,3938898,3938899,3938900,3938901,3938902,3938903,3938904,3938905,3938906,3938907
3938908,3938909,3938910,3938911,3938912,3938913,3938914,3938915,3938916,3938917,3938918,3938919,3938920,3938921,3938922,3938923,3938924,3938925,3938926,3938927
3938928,3938929,3938930,3938931,3938932,3938933,3938934,3938935,3938936,3938937,3938938,3938939,3938940,3938941,3938942,3938943,3938944,3938945,3938946,3938947
3938948,3938949,3938950,3938951,3938952,3938953,3938954,3938955,3938956,3938957,3938958,3938959,3938960,3938961,3938962,3938963,3938964,3938965,3938966,3938967
3938968,3938969,3938970,3938971,3938972,3938973,3938974,3938975,3938976,3938977,3938978,3938979,3938980,3938981,3938982,3938983,3938984,3938985,3938986,3938987
3938988,3938989,3938990,3938991,3938992,3938993,3938994,3938995,3938996,3938997,3938998,3938999,3939000,3939001,3939002,3939003,3939004,3939005,3939006,3939007
3939008,3939009,3939010,3939011,3939012,3939013,3939014,3939015,3939016,3939017,3939018,3939019,3939020,3939021,3939022,3939023,3939024,3939025,3939026,3939027
3939028,3939029,3939030,3939031,3939032,3939033,3939034,3939035,3939036,3939037,3939038,3939039,3939040,3939041,3939042,3939043,3939044,3939045,3939046,3939047
3939048,3939049,3939050,3939051,3939052,3939053,3939054,3939055,3939056,3939057,3939058,3939059,3939060,3939061,3939062,3939063,3939064,3939065,3939066,3939067
3939068,3939069,3939070,3939071,3939072,3939073,3939074,3939075,3939076,3939077,3939078,3939079,3939080,3939081,3939082,3939083,3939084,3939085,3939086,3939087
3939088,3939089,3939090,3939091,3939092,3939093,3939094,3939095,3939096,3939097,3939098,3939099,3939100,3939101,3939102,3939103,3939104,3939105,3939106,3939107
3939108,3939109,3939110,3939111,3939112,3939113,3939114,3939115,3939116,3939117,3939118,3939119,3939120,3939121,3939122,3939123,3939124,3939125,3939126,3939127
3939128,3939129,3939130,3939131,3939132,3939133,3939134,3939135,3939136,3939137,3939138,3939139,3939140,3939141,3939142,3939143,3939144,3939145,3939146,3939147
3939148,3939149,3939150,3939151,3939152,3939153,3939154,3939155,3939156,3939157,3939158,3939159,3939160,3939161,3939162,3939163,3939164,3939165,3939166,3939167
3939168,3939169,3939170,3939171,3939172,3939173,3939174,3939175,3939176,3939177,3939178,3939179,3939180,3939181,3939182,3939183,3939184,3939185,3939186,3939187
3939188,3939189,3939190,3939191,3939192,3939193,3939194,3939195,3939196,3939197,3939198,3939199,3939200,3939201,3939202,3939203,3939204,3939205,3939206,3939207
3939208,3939209,3939210,3939211,3939212,3939213,3939214,3939215,3939216,3939217,3939218,3939219,3939220,3939221,3939222,3939223,3939224,3939225,3939226,3939227
3939228,3939229,3939230,3939231,3939232,3939233,3939234,3939235,3939236,3939237,3939238,3939239,3939240,3939241,3939242,3939243,3939244,3939245,3939246,3939247
3939248,3939249,3939250,3939251,3939252,3939253,3939254,3939255,3939256,3939257,3939258,3939259,3939260,3939261,3939262,3939263,3939264,3939265,3939266,3939267
3939268,3939269,3939270,3939271,3939272,3939273,3939274,3939275,3939276,3939277,3939278,3939279,3939280,3939281,3939282,3939283,3939284,3939285,3939286,3939287
3939288,3939289,3939290,3939291,3939292,3939293,3939294,3939295,3939296,3939297,3939298,3939299,3939300,3939301,3939302,3939303,3939304,3939305,3939306,3939307
3939308,3939309,3939310,3939311,3939312,3939313,3939314,3939315,3939316,3939317,3939318,3939319,3939320,3939321,3939322,3939323,3939324,3939325,3939326,3939327
3939328,3939329,3939330,3939331,3939332,3939333,3939334,3939335,3939336,3939337,3939338,3939339,3939340,3939341,3939342,3939343,3939344,3939345,3939346,3939347
3939348,3939349,3939350,3939351,3939352,3939353,3939354,3939355,3939356,3939357,3939358,3939359,3939360,3939361,3939362,3939363,3939364,3939365,3939366,3939367
3939368,3939369,3939370,3939371,3939372,3939373,3939374,3939375,3939376,3939377,3939378,3939379,3939380,3939381,3939382,3939383,3939384,3939385,3939386,3939387
3939388,3939389,3939390,3939391,3939392,3939393,3939394,3939395,3939396,3939397,3939398,3939399,3939400,3939401,3939402,3939403,3939404,3939405,3939406,3939407
3939408,3939409,3939410,3939411,3939412,3939413,3939414,3939415,3939416,3939417,3939418,3939419,3939420,3939421,3939422,3939423,3939424,3939425,3939426,3939427
3939428,3939429,3939430,3939431,3939432,3939433,3939434,3939435,3939436,3939437,3939438,3939439,3939440,3939441,3939442,3939443,3939444,3939445,3939446,3939447
3939448,3939449,3939450,3939451,3939452,3939453,3939454,3939455,3939456,3939457,3939458,3939459,3939460,3939461,3939462,3939463,3939464,3939465,3939466,3939467
3939468,3939469,3939470,3939471,3939472,3939473,3939474,3939475,3939476,3939477,3939478,3939479,3939480,3939481,3939482,3939483,3939484,3939485,3939486,3939487
3939488,3939489,3939490,3939491,3939492,3939493,3939494,3939495,3939496,3939497,3939498,3939499,3939500,3939501,3939502,3939503,3939504,3939505,3939506,3939507
3939508,3939509,3939510,3939511,3939512,3939513,3939514,3939515,3939516,3939517,3939518,3939519,3939520,3939521,3939522,3939523,3939524,3939525,3939526,3939527
3939528,3939529,3939530,3939531,3939532,3939533,3939534,3939535,3939536,3939537,3939538,3939539,3939540,3939541,3939542,3939543,3939544,3939545,3939546,3939547
3939548,3939549,3939550,3939551,3939552,3939553,3939554,3939555,3939556,3939557,3939558,3939559,3939560,3939561,3939562,3939563,3939564,3939565,3939566,3939567
3939568,3939569,3939570,3939571,3939572,3939573,3939574,3939575,3939576,3939577,3939578,3939579,3939580,3939581,3939582,3939583,3939584,3939585,3939586,3939587
3939588,3939589,3939590,3939591,3939592,3939593,3939594,3939595,3939596,3939597,3939598,3939599,3939600,3939601,3939602,3939603,3939604,3939605,3939606,3939607
3939608,3939609,3939610,3939611,3939612,3939613,3939614,3939615,3939616,3939617,3939618,3939619,3939620,3939621,3939622,3939623,3939624,3939625,3939626,3939627
3939628,3939629,3939630,3939631,3939632,3939633,3939634,3939635,3939636,3939637,3939638,3939639,3939640,3939641,3939642,3939643,3939644,3939645,3939646,3939647
3939648,3939649,3939650,3939651,3939652,3939653,3939654,3939655,3939656,3939657,3939658,3939659,3939660,3939661,3939662,3939663,3939664,3939665,3939666,3939667
3939668,3939669,3939670,3939671,3939672,3939673,3939674,3939675,3939676,3939677,3939678,3939679,3939680,3939681,3939682,3939683,3939684,3939685,3939686,3939687
3939688,3939689,3939690,3939691,3939692,3939693,3939694,3939695,3939696,3939697,3939698,3939699,3939700,3939701,3939702,3939703,3939704,3939705,3939706,3939707
3939708,3939709,3939710,3939711,3939712,3939713,3939714,3939715,3939716,3939717,3939718,3939719,3939720,3939721,3939722,3939723,3939724,3939725,3939726,3939727
3939728,3939729,3939730,3939731,3939732,3939733,3939734,3939735,3939736,3939737,3939738,3939739,3939740,3939741,3939742,3939743,3939744,3939745,3939746,3939747
3939748,3939749,3939750,3939751,3939752,3939753,3939754,3939755,3939756,3939757,3939758,3939759,3939760,3939761,3939762,3939763,3939764,3939765,3939766,3939767
3939768,3939769,3939770,3939771,3939772,3939773,3939774,3939775,3939776,3939777,3939778,3939779,3939780,3939781,3939782,3939783,3939784,3939785,3939786,3939787
3939788,3939789,3939790,3939791,3939792,3939793,3939794,3939795,3939796,3939797,3939798,3939799,3939800,3939801,3939802,3939803,3939804,3939805,3939806,3939807
3939808,3939809,3939810,3939811,3939812,3939813,3939814,3939815,3939816,3939817,3939818,3939819,3939820,3939821,3939822,3939823,3939824,3939825,3939826,3939827
3939828,3939829,3939830,3939831,3939832,3939833,3939834,3939835,3939836,3939837,3939838,3939839,3939840,3939841,3939842,3939843,3939844,3939845,3939846,3939847
3939848,3939849,3939850,3939851,3939852,3939853,3939854,3939855,3939856,3939857,3939858,3939859,3939860,3939861,3939862,3939863,3939864,3939865,3939866,3939867
3939868,3939869,3939870,3939871,3939872,3939873,3939874,3939875,3939876,3939877,3939878,3939879,3939880,3939881,3939882,3939883,3939884,3939885,3939886,3939887
3939888,3939889,3939890,3939891,3939892,3939893,3939894,3939895,3939896,3939897,3939898,3939899,3939900,3939901,3939902,3939903,3939904,3939905,3939906,3939907
3939908,3939909,3939910,3939911,3939912,3939913,3939914,3939915,3939916,3939917,3939918,3939919,3939920,3939921,3939922,3939923,3939924,3939925,3939926,3939927
3939928,3939929,3939930,3939931,3939932,3939933,3939934,3939935,3939936,3939937,3939938,3939939,3939940,3939941,3939942,3939943,3939944,3939945,3939946,3939947
3939948,3939949,3939950,3939951,3939952,3939953,3939954,3939955,3939956,3939957,3939958,3939959,3939960,3939961,3939962,3939963,3939964,3939965,3939966,3939967
3939968,3939969,3939970,3939971,3939972,3939973,3939974,3939975,3939976,3939977,3939978,3939979,3939980,3939981,3939982,3939983,3939984,3939985,3939986,3939987
3939988,3939989,3939990,3939991,3939992,3939993,3939994,3939995,3939996,3939997,3939998,3939999,3940000,3940001,3940002,3940003,3940004,3940005,3940006,3940007
3940008,3940009,3940010,3940011,3940012,3940013,3940014,3940015,3940016,3940017,3940018,3940019,3940020,3940021,3940022,3940023,3940024,3940025,3940026,3940027
3940028,3940029,3940030,3940031,3940032,3940033,3940034,3940035,3940036,3940037,3940038,3940039,3940040,3940041,3940042,3940043,3940044,3940045,3940046,3940047
3940048,3940049,3940050,3940051,3940052,3940053,3940054,3940055,3940056,3940057,3940058,3940059,3940060,3940061,3940062,3940063,3940064,3940065,3940066,3940067
3940068,3940069,3940070,3940071,3940072,3940073,3940074,3940075,3940076,3940077,3940078,3940079,3940080,3940081,3940082,3940083,3940084,3940085,3940086,3940087
3940088,3940089,3940090,3940091,3940092,3940093,3940094,3940095,3940096,3940097,3940098,3940099,3940100,3940101,3940102,3940103,3940104,3940105,3940106,3940107
3940108,3940109,3940110,3940111,3940112,3940113,3940114,3940115,3940116,3940117,3940118,3940119,3940120,3940121,3940122,3940123,3940124,3940125,3940126,3940127
3940128,3940129,3940130,3940131,3940132,3940133,3940134,3940135,3940136,3940137,3940138,3940139,3940140,3940141,3940142,3940143,3940144,3940145,3940146,3940147
3940148,3940149,3940150,3940151,3940152,3940153,3940154,3940155,3940156,3940157,3940158,3940159,3940160,3940161,3940162,3940163,3940164,3940165,3940166,3940167
3940168,3940169,3940170,3940171,3940172,3940173,3940174,3940175,3940176,3940177,3940178,3940179,3940180,3940181,3940182,3940183,3940184,3940185,3940186,3940187
3940188,3940189,3940190,3940191,3940192,3940193,3940194,3940195,3940196,3940197,3940198,3940199,3940200,3940201,3940202,3940203,3940204,3940205,3940206,3940207
3940208,3940209,3940210,3940211,3940212,3940213,3940214,3940215,3940216,3940217,3940218,3940219,3940220,3940221,3940222,3940223,3940224,3940225,3940226,3940227
3940228,3940229,3940230,3940231,3940232,3940233,3940234,3940235,3940236,3940237,3940238,3940239,3940240,3940241,3940242,3940243,3940244,3940245,3940246,3940247
3940248,3940249,3940250,3940251,3940252,3940253,3940254,3940255,3940256,3940257,3940258,3940259,3940260,3940261,3940262,3940263,3940264,3940265,3940266,3940267
3940268,3940269,3940270,3940271,3940272,3940273,3940274,3940275,3940276,3940277,3940278,3940279,3940280,3940281,3940282,3940283,3940284,3940285,3940286,3940287
3940288,3940289,3940290,3940291,3940292,3940293,3940294,3940295,3940296,3940297,3940298,3940299,3940300,3940301,3940302,3940303,3940304,3940305,3940306,3940307
3940308,3940309,3940310,3940311,3940312,3940313,3940314,3940315,3940316,3940317,3940318,3940319,3940320,3940321,3940322,3940323,3940324,3940325,3940326,3940327
3940328,3940329,3940330,3940331,3940332,3940333,3940334,3940335,3940336,3940337,3940338,3940339,3940340,3940341,3940342,3940343,3940344,3940345,3940346,3940347
3940348,3940349,3940350,3940351,3940352,3940353,3940354,3940355,3940356,3940357,3940358,3940359,3940360,3940361,3940362,3940363,3940364,3940365,3940366,3940367
3940368,3940369,3940370,3940371,3940372,3940373,3940374,3940375,3940376,3940377,3940378,3940379,3940380,3940381,3940382,3940383,3940384,3940385,3940386,3940387
3940388,3940389,3940390,3940391,3940392,3940393,3940394,3940395,3940396,3940397,3940398,3940399,3940400,3940401,3940402,3940403,3940404,3940405,3940406,3940407
3940408,3940409,3940410,3940411,3940412,3940413,3940414,3940415,3940416,3940417,3940418,3940419,3940420,3940421,3940422,3940423,3940424,3940425,3940426,3940427
3940428,3940429,3940430,3940431,3940432,3940433,3940434,3940435,3940436,3940437,3940438,3940439,3940440,3940441,3940442,3940443,3940444,3940445,3940446,3940447
3940448,3940449,3940450,3940451,3940452,3940453,3940454,3940455,3940456,3940457,3940458,3940459,3940460,3940461,3940462,3940463,3940464,3940465,3940466,3940467
3940468,3940469,3940470,3940471,3940472,3940473,3940474,3940475,3940476,3940477,3940478,3940479,3940480,3940481,3940482,3940483,3940484,3940485,3940486,3940487
3940488,3940489,3940490,3940491,3940492,3940493,3940494,3940495,3940496,3940497,3940498,3940499,3940500,3940501,3940502,3940503,3940504,3940505,3940506,3940507
3940508,3940509,3940510,3940511,3940512,3940513,3940514,3940515,3940516,3940517,3940518,3940519,3940520,3940521,3940522,3940523,3940524,3940525,3940526,3940527
3940528,3940529,3940530,3940531,3940532,3940533,3940534,3940535,3940536,3940537,3940538,3940539,3940540,3940541,3940542,3940543,3940544,3940545,3940546,3940547
3940548,3940549,3940550,3940551,3940552,3940553,3940554,3940555,3940556,3940557,3940558,3940559,3940560,3940561,3940562,3940563,3940564,3940565,3940566,3940567
3940568,3940569,3940570,3940571,3940572,3940573,3940574,3940575,3940576,3940577,3940578,3940579,3940580,3940581,3940582,3940583,3940584,3940585,3940586,3940587
3940588,3940589,3940590,3940591,3940592,3940593,3940594,3940595,3940596,3940597,3940598,3940599,3940600,3940601,3940602,3940603,3940604,3940605,3940606,3940607
3940608,3940609,3940610,3940611,3940612,3940613,3940614,3940615,3940616,3940617,3940618,3940619,3940620,3940621,3940622,3940623,3940624,3940625,3940626,3940627
3940628,3940629,3940630,3940631,3940632,3940633,3940634,3940635,3940636,3940637,3940638,3940639,3940640,3940641,3940642,3940643,3940644,3940645,3940646,3940647
3940648,3940649,3940650,3940651,3940652,3940653,3940654,3940655,3940656,3940657,3940658,3940659,3940660,3940661,3940662,3940663,3940664,3940665,3940666,3940667
3940668,3940669,3940670,3940671,3940672,3940673,3940674,3940675,3940676,3940677,3940678,3940679,3940680,3940681,3940682,3940683,3940684,3940685,3940686,3940687
3940688,3940689,3940690,3940691,3940692,3940693,3940694,3940695,3940696,3940697,3940698,3940699,3940700,3940701,3940702,3940703,3940704,3940705,3940706,3940707
3940708,3940709,3940710,3940711,3940712,3940713,3940714,3940715,3940716,3940717,3940718,3940719,3940720,3940721,3940722,3940723,3940724,3940725,3940726,3940727
3940728,3940729,3940730,3940731,3940732,3940733,3940734,3940735,3940736,3940737,3940738,3940739,3940740,3940741,3940742,3940743,3940744,3940745,3940746,3940747
3940748,3940749,3940750,3940751,3940752,3940753,3940754,3940755,3940756,3940757,3940758,3940759,3940760,3940761,3940762,3940763,3940764,3940765,3940766,3940767
3940768,3940769,3940770,3940771,3940772,3940773,3940774,3940775,3940776,3940777,3940778,3940779,3940780,3940781,3940782,3940783,3940784,3940785,3940786,3940787
3940788,3940789,3940790,3940791,3940792,3940793,3940794,3940795,3940796,3940797,3940798,3940799,3940800,3940801,3940802,3940803,3940804,3940805,3940806,3940807
3940808,3940809,3940810,3940811,3940812,3940813,3940814,3940815,3940816,3940817,3940818,3940819,3940820,3940821,3940822,3940823,3940824,3940825,3940826,3940827
3940828,3940829,3940830,3940831,3940832,3940833,3940834,3940835,3940836,3940837,3940838,3940839,3940840,3940841,3940842,3940843,3940844,3940845,3940846,3940847
3940848,3940849,3940850,3940851,3940852,3940853,3940854,3940855,3940856,3940857,3940858,3940859,3940860,3940861,3940862,3940863,3940864,3940865,3940866,3940867
3940868,3940869,3940870,3940871,3940872,3940873,3940874,3940875,3940876,3940877,3940878,3940879,3940880,3940881,3940882,3940883,3940884,3940885,3940886,3940887
3940888,3940889,3940890,3940891,3940892,3940893,3940894,3940895,3940896,3940897,3940898,3940899,3940900,3940901,3940902,3940903,3940904,3940905,3940906,3940907
3940908,3940909,3940910,3940911,3940912,3940913,3940914,3940915,3940916,3940917,3940918,3940919,3940920,3940921,3940922,3940923,3940924,3940925,3940926,3940927
3940928,3940929,3940930,3940931,3940932,3940933,3940934,3940935,3940936,3940937,3940938,3940939,3940940,3940941,3940942,3940943,3940944,3940945,3940946,3940947
3940948,3940949,3940950,3940951,3940952,3940953,3940954,3940955,3940956,3940957,3940958,3940959,3940960,3940961,3940962,3940963,3940964,3940965,3940966,3940967
3940968,3940969,3940970,3940971,3940972,3940973,3940974,3940975,3940976,3940977,3940978,3940979,3940980,3940981,3940982,3940983,3940984,3940985,3940986,3940987
3940988,3940989,3940990,3940991,3940992,3940993,3940994,3940995,3940996,3940997,3940998,3940999,3941000,3941001,3941002,3941003,3941004,3941005,3941006,3941007
3941008,3941009,3941010,3941011,3941012,3941013,3941014,3941015,3941016,3941017,3941018,3941019,3941020,3941021,3941022,3941023,3941024,3941025,3941026,3941027
3941028,3941029,3941030,3941031,3941032,3941033,3941034,3941035,3941036,3941037,3941038,3941039,3941040,3941041,3941042,3941043,3941044,3941045,3941046,3941047
3941048,3941049,3941050,3941051,3941052,3941053,3941054,3941055,3941056,3941057,3941058,3941059,3941060,3941061,3941062,3941063,3941064,3941065,3941066,3941067
3941068,3941069,3941070,3941071,3941072,3941073,3941074,3941075,3941076,3941077,3941078,3941079,3941080,3941081,3941082,3941083,3941084,3941085,3941086,3941087
3941088,3941089,3941090,3941091,3941092,3941093,3941094,3941095,3941096,3941097,3941098,3941099,3941100,3941101,3941102,3941103,3941104,3941105,3941106,3941107
3941108,3941109,3941110,3941111,3941112,3941113,3941114,3941115,3941116,3941117,3941118,3941119,3941120,3941121,3941122,3941123,3941124,3941125,3941126,3941127
3941128,3941129,3941130,3941131,3941132,3941133,3941134,3941135,3941136,3941137,3941138,3941139,3941140,3941141,3941142,3941143,3941144,3941145,3941146,3941147
3941148,3941149,3941150,3941151,3941152,3941153,3941154,3941155,3941156,3941157,3941158,3941159,3941160,3941161,3941162,3941163,3941164,3941165,3941166,3941167
3941168,3941169,3941170,3941171,3941172,3941173,3941174,3941175,3941176,3941177,3941178,3941179,3941180,3941181,3941182,3941183,3941184,3941185,3941186,3941187
3941188,3941189,3941190,3941191,3941192,3941193,3941194,3941195,3941196,3941197,3941198,3941199,3941200,3941201,3941202,3941203,3941204,3941205,3941206,3941207
3941208,3941209,3941210,3941211,3941212,3941213,3941214,3941215,3941216,3941217,3941218,3941219,3941220,3941221,3941222,3941223,3941224,3941225,3941226,3941227
3941228,3941229,3941230,3941231,3941232,3941233,3941234,3941235,3941236,3941237,3941238,3941239,3941240,3941241,3941242,3941243,3941244,3941245,3941246,3941247
3941248,3941249,3941250,3941251,3941252,3941253,3941254,3941255,3941256,3941257,3941258,3941259,3941260,3941261,3941262,3941263,3941264,3941265,3941266,3941267
3941268,3941269,3941270,3941271,3941272,3941273,3941274,3941275,3941276,3941277,3941278,3941279,3941280,3941281,3941282,3941283,3941284,3941285,3941286,3941287
3941288,3941289,3941290,3941291,3941292,3941293,3941294,3941295,3941296,3941297,3941298,3941299,3941300,3941301,3941302,3941303,3941304,3941305,3941306,3941307
3941308,3941309,3941310,3941311,3941312,3941313,3941314,3941315,3941316,3941317,3941318,3941319,3941320,3941321,3941322,3941323,3941324,3941325,3941326,3941327
3941328,3941329,3941330,3941331,3941332,3941333,3941334,3941335,3941336,3941337,3941338,3941339,3941340,3941341,3941342,3941343,3941344,3941345,3941346,3941347
3941348,3941349,3941350,3941351,3941352,3941353,3941354,3941355,3941356,3941357,3941358,3941359,3941360,3941361,3941362,3941363,3941364,3941365,3941366,3941367
3941368,3941369,3941370,3941371,3941372,3941373,3941374,3941375,3941376,3941377,3941378,3941379,3941380,3941381,3941382,3941383,3941384,3941385,3941386,3941387
3941388,3941389,3941390,3941391,3941392,3941393,3941394,3941395,3941396,3941397,3941398,3941399,3941400,3941401,3941402,3941403,3941404,3941405,3941406,3941407
3941408,3941409,3941410,3941411,3941412,3941413,3941414,3941415,3941416,3941417,3941418,3941419,3941420,3941421,3941422,3941423,3941424,3941425,3941426,3941427
3941428,3941429,3941430,3941431,3941432,3941433,3941434,3941435,3941436,3941437,3941438,3941439,3941440,3941441,3941442,3941443,3941444,3941445,3941446,3941447
3941448,3941449,3941450,3941451,3941452,3941453,3941454,3941455,3941456,3941457,3941458,3941459,3941460,3941461,3941462,3941463,3941464,3941465,3941466,3941467
3941468,3941469,3941470,3941471,3941472,3941473,3941474,3941475,3941476,3941477,3941478,3941479,3941480,3941481,3941482,3941483,3941484,3941485,3941486,3941487
3941488,3941489,3941490,3941491,3941492,3941493,3941494,3941495,3941496,3941497,3941498,3941499,3941500,3941501,3941502,3941503,3941504,3941505,3941506,3941507
3941508,3941509,3941510,3941511,3941512,3941513,3941514,3941515,3941516,3941517,3941518,3941519,3941520,3941521,3941522,3941523,3941524,3941525,3941526,3941527
3941528,3941529,3941530,3941531,3941532,3941533,3941534,3941535,3941536,3941537,3941538,3941539,3941540,3941541,3941542,3941543,3941544,3941545,3941546,3941547
3941548,3941549,3941550,3941551,3941552,3941553,3941554,3941555,3941556,3941557,3941558,3941559,3941560,3941561,3941562,3941563,3941564,3941565,3941566,3941567
3941568,3941569,3941570,3941571,3941572,3941573,3941574,3941575,3941576,3941577,3941578,3941579,3941580,3941581,3941582,3941583,3941584,3941585,3941586,3941587
3941588,3941589,3941590,3941591,3941592,3941593,3941594,3941595,3941596,3941597,3941598,3941599,3941600,3941601,3941602,3941603,3941604,3941605,3941606,3941607
3941608,3941609,3941610,3941611,3941612,3941613,3941614,3941615,3941616,3941617,3941618,3941619,3941620,3941621,3941622,3941623,3941624,3941625,3941626,3941627
3941628,3941629,3941630,3941631,3941632,3941633,3941634,3941635,3941636,3941637,3941638,3941639,3941640,3941641,3941642,3941643,3941644,3941645,3941646,3941647
3941648,3941649,3941650,3941651,3941652,3941653,3941654,3941655,3941656,3941657,3941658,3941659,3941660,3941661,3941662,3941663,3941664,3941665,3941666,3941667
3941668,3941669,3941670,3941671,3941672,3941673,3941674,3941675,3941676,3941677,3941678,3941679,3941680,3941681,3941682,3941683,3941684,3941685,3941686,3941687
3941688,3941689,3941690,3941691,3941692,3941693,3941694,3941695,3941696,3941697,3941698,3941699,3941700,3941701,3941702,3941703,3941704,3941705,3941706,3941707
3941708,3941709,3941710,3941711,3941712,3941713,3941714,3941715,3941716,3941717,3941718,3941719,3941720,3941721,3941722,3941723,3941724,3941725,3941726,3941727
3941728,3941729,3941730,3941731,3941732,3941733,3941734,3941735,3941736,3941737,3941738,3941739,3941740,3941741,3941742,3941743,3941744,3941745,3941746,3941747
3941748,3941749,3941750,3941751,3941752,3941753,3941754,3941755,3941756,3941757,3941758,3941759,3941760,3941761,3941762,3941763,3941764,3941765,3941766,3941767
3941768,3941769,3941770,3941771,3941772,3941773,3941774,3941775,3941776,3941777,3941778,3941779,3941780,3941781,3941782,3941783,3941784,3941785,3941786,3941787
3941788,3941789,3941790,3941791,3941792,3941793,3941794,3941795,3941796,3941797,3941798,3941799,3941800,3941801,3941802,3941803,3941804,3941805,3941806,3941807
3941808,3941809,3941810,3941811,3941812,3941813,3941814,3941815,3941816,3941817,3941818,3941819,3941820,3941821,3941822,3941823,3941824,3941825,3941826,3941827
3941828,3941829,3941830,3941831,3941832,3941833,3941834,3941835,3941836,3941837,3941838,3941839,3941840,3941841,3941842,3941843,3941844,3941845,3941846,3941847
3941848,3941849,3941850,3941851,3941852,3941853,3941854,3941855,3941856,3941857,3941858,3941859,3941860,3941861,3941862,3941863,3941864,3941865,3941866,3941867
3941868,3941869,3941870,3941871,3941872,3941873,3941874,3941875,3941876,3941877,3941878,3941879,3941880,3941881,3941882,3941883,3941884,3941885,3941886,3941887
3941888,3941889,3941890,3941891,3941892,3941893,3941894,3941895,3941896,3941897,3941898,3941899,3941900,3941901,3941902,3941903,3941904,3941905,3941906,3941907
3941908,3941909,3941910,3941911,3941912,3941913,3941914,3941915,3941916,3941917,3941918,3941919,3941920,3941921,3941922,3941923,3941924,3941925,3941926,3941927
3941928,3941929,3941930,3941931,3941932,3941933,3941934,3941935,3941936,3941937,3941938,3941939,3941940,3941941,3941942,3941943,3941944,3941945,3941946,3941947
3941948,3941949,3941950,3941951,3941952,3941953,3941954,3941955,3941956,3941957,3941958,3941959,3941960,3941961,3941962,3941963,3941964,3941965,3941966,3941967
3941968,3941969,3941970,3941971,3941972,3941973,3941974,3941975,3941976,3941977,3941978,3941979,3941980,3941981,3941982,3941983,3941984,3941985,3941986,3941987
3941988,3941989,3941990,3941991,3941992,3941993,3941994,3941995,3941996,3941997,3941998,3941999,3942000,3942001,3942002,3942003,3942004,3942005,3942006,3942007
3942008,3942009,3942010,3942011,3942012,3942013,3942014,3942015,3942016,3942017,3942018,3942019,3942020,3942021,3942022,3942023,3942024,3942025,3942026,3942027
3942028,3942029,3942030,3942031,3942032,3942033,3942034,3942035,3942036,3942037,3942038,3942039,3942040,3942041,3942042,3942043,3942044,3942045,3942046,3942047
3942048,3942049,3942050,3942051,3942052,3942053,3942054,3942055,3942056,3942057,3942058,3942059,3942060,3942061,3942062,3942063,3942064,3942065,3942066,3942067
3942068,3942069,3942070,3942071,3942072,3942073,3942074,3942075,3942076,3942077,3942078,3942079,3942080,3942081,3942082,3942083,3942084,3942085,3942086,3942087
3942088,3942089,3942090,3942091,3942092,3942093,3942094,3942095,3942096,3942097,3942098,3942099,3942100,3942101,3942102,3942103,3942104,3942105,3942106,3942107
3942108,3942109,3942110,3942111,3942112,3942113,3942114,3942115,3942116,3942117,3942118,3942119,3942120,3942121,3942122,3942123,3942124,3942125,3942126,3942127
3942128,3942129,3942130,3942131,3942132,3942133,3942134,3942135,3942136,3942137,3942138,3942139,3942140,3942141,3942142,3942143,3942144,3942145,3942146,3942147
3942148,3942149,3942150,3942151,3942152,3942153,3942154,3942155,3942156,3942157,3942158,3942159,3942160,3942161,3942162,3942163,3942164,3942165,3942166,3942167
3942168,3942169,3942170,3942171,3942172,3942173,3942174,3942175,3942176,3942177,3942178,3942179,3942180,3942181,3942182,3942183,3942184,3942185,3942186,3942187
3942188,3942189,3942190,3942191,3942192,3942193,3942194,3942195,3942196,3942197,3942198,3942199,3942200,3942201,3942202,3942203,3942204,3942205,3942206,3942207
3942208,3942209,3942210,3942211,3942212,3942213,3942214,3942215,3942216,3942217,3942218,3942219,3942220,3942221,3942222,3942223,3942224,3942225,3942226,3942227
3942228,3942229,3942230,3942231,3942232,3942233,3942234,3942235,3942236,3942237,3942238,3942239,3942240,3942241,3942242,3942243,3942244,3942245,3942246,3942247
3942248,3942249,3942250,3942251,3942252,3942253,3942254,3942255,3942256,3942257,3942258,3942259,3942260,3942261,3942262,3942263,3942264,3942265,3942266,3942267
3942268,3942269,3942270,3942271,3942272,3942273,3942274,3942275,3942276,3942277,3942278,3942279,3942280,3942281,3942282,3942283,3942284,3942285,3942286,3942287
3942288,3942289,3942290,3942291,3942292,3942293,3942294,3942295,3942296,3942297,3942298,3942299,3942300,3942301,3942302,3942303,3942304,3942305,3942306,3942307
3942308,3942309,3942310,3942311,3942312,3942313,3942314,3942315,3942316,3942317,3942318,3942319,3942320,3942321,3942322,3942323,3942324,3942325,3942326,3942327
3942328,3942329,3942330,3942331,3942332,3942333,3942334,3942335,3942336,3942337,3942338,3942339,3942340,3942341,3942342,3942343,3942344,3942345,3942346,3942347
3942348,3942349,3942350,3942351,3942352,3942353,3942354,3942355,3942356,3942357,3942358,3942359,3942360,3942361,3942362,3942363,3942364,3942365,3942366,3942367
3942368,3942369,3942370,3942371,3942372,3942373,3942374,3942375,3942376,3942377,3942378,3942379,3942380,3942381,3942382,3942383,3942384,3942385,3942386,3942387
3942388,3942389,3942390,3942391,3942392,3942393,3942394,3942395,3942396,3942397,3942398,3942399,3942400,3942401,3942402,3942403,3942404,3942405,3942406,3942407
3942408,3942409,3942410,3942411,3942412,3942413,3942414,3942415,3942416,3942417,3942418,3942419,3942420,3942421,3942422,3942423,3942424,3942425,3942426,3942427
3942428,3942429,3942430,3942431,3942432,3942433,3942434,3942435,3942436,3942437,3942438,3942439,3942440,3942441,3942442,3942443,3942444,3942445,3942446,3942447
3942448,3942449,3942450,3942451,3942452,3942453,3942454,3942455,3942456,3942457,3942458,3942459,3942460,3942461,3942462,3942463,3942464,3942465,3942466,3942467
3942468,3942469,3942470,3942471,3942472,3942473,3942474,3942475,3942476,3942477,3942478,3942479,3942480,3942481,3942482,3942483,3942484,3942485,3942486,3942487
3942488,3942489,3942490,3942491,3942492,3942493,3942494,3942495,3942496,3942497,3942498,3942499,3942500,3942501,3942502,3942503,3942504,3942505,3942506,3942507
3942508,3942509,3942510,3942511,3942512,3942513,3942514,3942515,3942516,3942517,3942518,3942519,3942520,3942521,3942522,3942523,3942524,3942525,3942526,3942527
3942528,3942529,3942530,3942531,3942532,3942533,3942534,3942535,3942536,3942537,3942538,3942539,3942540,3942541,3942542,3942543,3942544,3942545,3942546,3942547
3942548,3942549,3942550,3942551,3942552,3942553,3942554,3942555,3942556,3942557,3942558,3942559,3942560,3942561,3942562,3942563,3942564,3942565,3942566,3942567
3942568,3942569,3942570,3942571,3942572,3942573,3942574,3942575,3942576,3942577,3942578,3942579,3942580,3942581,3942582,3942583,3942584,3942585,3942586,3942587
3942588,3942589,3942590,3942591,3942592,3942593,3942594,3942595,3942596,3942597,3942598,3942599,3942600,3942601,3942602,3942603,3942604,3942605,3942606,3942607
3942608,3942609,3942610,3942611,3942612,3942613,3942614,3942615,3942616,3942617,3942618,3942619,3942620,3942621,3942622,3942623,3942624,3942625,3942626,3942627
3942628,3942629,3942630,3942631,3942632,3942633,3942634,3942635,3942636,3942637,3942638,3942639,3942640,3942641,3942642,3942643,3942644,3942645,3942646,3942647
3942648,3942649,3942650,3942651,3942652,3942653,3942654,3942655,3942656,3942657,3942658,3942659,3942660,3942661,3942662,3942663,3942664,3942665,3942666,3942667
3942668,3942669,3942670,3942671,3942672,3942673,3942674,3942675,3942676,3942677,3942678,3942679,3942680,3942681,3942682,3942683,3942684,3942685,3942686,3942687
3942688,3942689,3942690,3942691,3942692,3942693,3942694,3942695,3942696,3942697,3942698,3942699,3942700,3942701,3942702,3942703,3942704,3942705,3942706,3942707
3942708,3942709,3942710,3942711,3942712,3942713,3942714,3942715,3942716,3942717,3942718,3942719,3942720,3942721,3942722,3942723,3942724,3942725,3942726,3942727
3942728,3942729,3942730,3942731,3942732,3942733,3942734,3942735,3942736,3942737,3942738,3942739,3942740,3942741,3942742,3942743,3942744,3942745,3942746,3942747
3942748,3942749,3942750,3942751,3942752,3942753,3942754,3942755,3942756,3942757,3942758,3942759,3942760,3942761,3942762,3942763,3942764,3942765,3942766,3942767
3942768,3942769,3942770,3942771,3942772,3942773,3942774,3942775,3942776,3942777,3942778,3942779,3942780,3942781,3942782,3942783,3942784,3942785,3942786,3942787
3942788,3942789,3942790,3942791,3942792,3942793,3942794,3942795,3942796,3942797,3942798,3942799,3942800,3942801,3942802,3942803,3942804,3942805,3942806,3942807
3942808,3942809,3942810,3942811,3942812,3942813,3942814,3942815,3942816,3942817,3942818,3942819,3942820,3942821,3942822,3942823,3942824,3942825,3942826,3942827
3942828,3942829,3942830,3942831,3942832,3942833,3942834,3942835,3942836,3942837,3942838,3942839,3942840,3942841,3942842,3942843,3942844,3942845,3942846,3942847
3942848,3942849,3942850,3942851,3942852,3942853,3942854,3942855,3942856,3942857,3942858,3942859,3942860,3942861,3942862,3942863,3942864,3942865,3942866,3942867
3942868,3942869,3942870,3942871,3942872,3942873,3942874,3942875,3942876,3942877,3942878,3942879,3942880,3942881,3942882,3942883,3942884,3942885,3942886,3942887
3942888,3942889,3942890,3942891,3942892,3942893,3942894,3942895,3942896,3942897,3942898,3942899,3942900,3942901,3942902,3942903,3942904,3942905,3942906,3942907
3942908,3942909,3942910,3942911,3942912,3942913,3942914,3942915,3942916,3942917,3942918,3942919,3942920,3942921,3942922,3942923,3942924,3942925,3942926,3942927
3942928,3942929,3942930,3942931,3942932,3942933,3942934,3942935,3942936,3942937,3942938,3942939,3942940,3942941,3942942,3942943,3942944,3942945,3942946,3942947
3942948,3942949,3942950,3942951,3942952,3942953,3942954,3942955,3942956,3942957,3942958,3942959,3942960,3942961,3942962,3942963,3942964,3942965,3942966,3942967
3942968,3942969,3942970,3942971,3942972,3942973,3942974,3942975,3942976,3942977,3942978,3942979,3942980,3942981,3942982,3942983,3942984,3942985,3942986,3942987
3942988,3942989,3942990,3942991,3942992,3942993,3942994,3942995,3942996,3942997,3942998,3942999,3943000,3943001,3943002,3943003,3943004,3943005,3943006,3943007
3943008,3943009,3943010,3943011,3943012,3943013,3943014,3943015,3943016,3943017,3943018,3943019,3943020,3943021,3943022,3943023,3943024,3943025,3943026,3943027
3943028,3943029,3943030,3943031,3943032,3943033,3943034,3943035,3943036,3943037,3943038,3943039,3943040,3943041,3943042,3943043,3943044,3943045,3943046,3943047
3943048,3943049,3943050,3943051,3943052,3943053,3943054,3943055,3943056,3943057,3943058,3943059,3943060,3943061,3943062,3943063,3943064,3943065,3943066,3943067
3943068,3943069,3943070,3943071,3943072,3943073,3943074,3943075,3943076,3943077,3943078,3943079,3943080,3943081,3943082,3943083,3943084,3943085,3943086,3943087
3943088,3943089,3943090,3943091,3943092,3943093,3943094,3943095,3943096,3943097,3943098,3943099,3943100,3943101,3943102,3943103,3943104,3943105,3943106,3943107
3943108,3943109,3943110,3943111,3943112,3943113,3943114,3943115,3943116,3943117,3943118,3943119,3943120,3943121,3943122,3943123,3943124,3943125,3943126,3943127
3943128,3943129,3943130,3943131,3943132,3943133,3943134,3943135,3943136,3943137,3943138,3943139,3943140,3943141,3943142,3943143,3943144,3943145,3943146,3943147
3943148,3943149,3943150,3943151,3943152,3943153,3943154,3943155,3943156,3943157,3943158,3943159,3943160,3943161,3943162,3943163,3943164,3943165,3943166,3943167
3943168,3943169,3943170,3943171,3943172,3943173,3943174,3943175,3943176,3943177,3943178,3943179,3943180,3943181,3943182,3943183,3943184,3943185,3943186,3943187
3943188,3943189,3943190,3943191,3943192,3943193,3943194,3943195,3943196,3943197,3943198,3943199,3943200,3943201,3943202,3943203,3943204,3943205,3943206,3943207
3943208,3943209,3943210,3943211,3943212,3943213,3943214,3943215,3943216,3943217,3943218,3943219,3943220,3943221,3943222,3943223,3943224,3943225,3943226,3943227
3943228,3943229,3943230,3943231,3943232,3943233,3943234,3943235,3943236,3943237,3943238,3943239,3943240,3943241,3943242,3943243,3943244,3943245,3943246,3943247
3943248,3943249,3943250,3943251,3943252,3943253,3943254,3943255,3943256,3943257,3943258,3943259,3943260,3943261,3943262,3943263,3943264,3943265,3943266,3943267
3943268,3943269,3943270,3943271,3943272,3943273,3943274,3943275,3943276,3943277,3943278,3943279,3943280,3943281,3943282,3943283,3943284,3943285,3943286,3943287
3943288,3943289,3943290,3943291,3943292,3943293,3943294,3943295,3943296,3943297,3943298,3943299,3943300,3943301,3943302,3943303,3943304,3943305,3943306,3943307
3943308,3943309,3943310,3943311,3943312,3943313,3943314,3943315,3943316,3943317,3943318,3943319,3943320,3943321,3943322,3943323,3943324,3943325,3943326,3943327
3943328,3943329,3943330,3943331,3943332,3943333,3943334,3943335,3943336,3943337,3943338,3943339,3943340,3943341,3943342,3943343,3943344,3943345,3943346,3943347
3943348,3943349,3943350,3943351,3943352,3943353,3943354,3943355,3943356,3943357,3943358,3943359,3943360,3943361,3943362,3943363,3943364,3943365,3943366,3943367
3943368,3943369,3943370,3943371,3943372,3943373,3943374,3943375,3943376,3943377,3943378,3943379,3943380,3943381,3943382,3943383,3943384,3943385,3943386,3943387
3943388,3943389,3943390,3943391,3943392,3943393,3943394,3943395,3943396,3943397,3943398,3943399,3943400,3943401,3943402,3943403,3943404,3943405,3943406,3943407
3943408,3943409,3943410,3943411,3943412,3943413,3943414,3943415,3943416,3943417,3943418,3943419,3943420,3943421,3943422,3943423,3943424,3943425,3943426,3943427
3943428,3943429,3943430,3943431,3943432,3943433,3943434,3943435,3943436,3943437,3943438,3943439,3943440,3943441,3943442,3943443,3943444,3943445,3943446,3943447
3943448,3943449,3943450,3943451,3943452,3943453,3943454,3943455,3943456,3943457,3943458,3943459,3943460,3943461,3943462,3943463,3943464,3943465,3943466,3943467
3943468,3943469,3943470,3943471,3943472,3943473,3943474,3943475,3943476,3943477,3943478,3943479,3943480,3943481,3943482,3943483,3943484,3943485,3943486,3943487
3943488,3943489,3943490,3943491,3943492,3943493,3943494,3943495,3943496,3943497,3943498,3943499,3943500,3943501,3943502,3943503,3943504,3943505,3943506,3943507
3943508,3943509,3943510,3943511,3943512,3943513,3943514,3943515,3943516,3943517,3943518,3943519,3943520,3943521,3943522,3943523,3943524,3943525,3943526,3943527
3943528,3943529,3943530,3943531,3943532,3943533,3943534,3943535,3943536,3943537,3943538,3943539,3943540,3943541,3943542,3943543,3943544,3943545,3943546,3943547
3943548,3943549,3943550,3943551,3943552,3943553,3943554,3943555,3943556,3943557,3943558,3943559,3943560,3943561,3943562,3943563,3943564,3943565,3943566,3943567
3943568,3943569,3943570,3943571,3943572,3943573,3943574,3943575,3943576,3943577,3943578,3943579,3943580,3943581,3943582,3943583,3943584,3943585,3943586,3943587
3943588,3943589,3943590,3943591,3943592,3943593,3943594,3943595,3943596,3943597,3943598,3943599,3943600,3943601,3943602,3943603,3943604,3943605,3943606,3943607
3943608,3943609,3943610,3943611,3943612,3943613,3943614,3943615,3943616,3943617,3943618,3943619,3943620,3943621,3943622,3943623,3943624,3943625,3943626,3943627
3943628,3943629,3943630,3943631,3943632,3943633,3943634,3943635,3943636,3943637,3943638,3943639,3943640,3943641,3943642,3943643,3943644,3943645,3943646,3943647
3943648,3943649,3943650,3943651,3943652,3943653,3943654,3943655,3943656,3943657,3943658,3943659,3943660,3943661,3943662,3943663,3943664,3943665,3943666,3943667
3943668,3943669,3943670,3943671,3943672,3943673,3943674,3943675,3943676,3943677,3943678,3943679,3943680,3943681,3943682,3943683,3943684,3943685,3943686,3943687
3943688,3943689,3943690,3943691,3943692,3943693,3943694,3943695,3943696,3943697,3943698,3943699,3943700,3943701,3943702,3943703,3943704,3943705,3943706,3943707
3943708,3943709,3943710,3943711,3943712,3943713,3943714,3943715,3943716,3943717,3943718,3943719,3943720,3943721,3943722,3943723,3943724,3943725,3943726,3943727
3943728,3943729,3943730,3943731,3943732,3943733,3943734,3943735,3943736,3943737,3943738,3943739,3943740,3943741,3943742,3943743,3943744,3943745,3943746,3943747
3943748,3943749,3943750,3943751,3943752,3943753,3943754,3943755,3943756,3943757,3943758,3943759,3943760,3943761,3943762,3943763,3943764,3943765,3943766,3943767
3943768,3943769,3943770,3943771,3943772,3943773,3943774,3943775,3943776,3943777,3943778,3943779,3943780,3943781,3943782,3943783,3943784,3943785,3943786,3943787
3943788,3943789,3943790,3943791,3943792,3943793,3943794,3943795,3943796,3943797,3943798,3943799,3943800,3943801,3943802,3943803,3943804,3943805,3943806,3943807
3943808,3943809,3943810,3943811,3943812,3943813,3943814,3943815,3943816,3943817,3943818,3943819,3943820,3943821,3943822,3943823,3943824,3943825,3943826,3943827
3943828,3943829,3943830,3943831,3943832,3943833,3943834,3943835,3943836,3943837,3943838,3943839,3943840,3943841,3943842,3943843,3943844,3943845,3943846,3943847
3943848,3943849,3943850,3943851,3943852,3943853,3943854,3943855,3943856,3943857,3943858,3943859,3943860,3943861,3943862,3943863,3943864,3943865,3943866,3943867
3943868,3943869,3943870,3943871,3943872,3943873,3943874,3943875,3943876,3943877,3943878,3943879,3943880,3943881,3943882,3943883,3943884,3943885,3943886,3943887
3943888,3943889,3943890,3943891,3943892,3943893,3943894,3943895,3943896,3943897,3943898,3943899,3943900,3943901,3943902,3943903,3943904,3943905,3943906,3943907
3943908,3943909,3943910,3943911,3943912,3943913,3943914,3943915,3943916,3943917,3943918,3943919,3943920,3943921,3943922,3943923,3943924,3943925,3943926,3943927
3943928,3943929,3943930,3943931,3943932,3943933,3943934,3943935,3943936,3943937,3943938,3943939,3943940,3943941,3943942,3943943,3943944,3943945,3943946,3943947
3943948,3943949,3943950,3943951,3943952,3943953,3943954,3943955,3943956,3943957,3943958,3943959,3943960,3943961,3943962,3943963,3943964,3943965,3943966,3943967
3943968,3943969,3943970,3943971,3943972,3943973,3943974,3943975,3943976,3943977,3943978,3943979,3943980,3943981,3943982,3943983,3943984,3943985,3943986,3943987
3943988,3943989,3943990,3943991,3943992,3943993,3943994,3943995,3943996,3943997,3943998,3943999,3944000,3944001,3944002,3944003,3944004,3944005,3944006,3944007
3944008,3944009,3944010,3944011,3944012,3944013,3944014,3944015,3944016,3944017,3944018,3944019,3944020,3944021,3944022,3944023,3944024,3944025,3944026,3944027
3944028,3944029,3944030,3944031,3944032,3944033,3944034,3944035,3944036,3944037,3944038,3944039,3944040,3944041,3944042,3944043,3944044,3944045,3944046,3944047
3944048,3944049,3944050,3944051,3944052,3944053,3944054,3944055,3944056,3944057,3944058,3944059,3944060,3944061,3944062,3944063,3944064,3944065,3944066,3944067
3944068,3944069,3944070,3944071,3944072,3944073,3944074,3944075,3944076,3944077,3944078,3944079,3944080,3944081,3944082,3944083,3944084,3944085,3944086,3944087
3944088,3944089,3944090,3944091,3944092,3944093,3944094,3944095,3944096,3944097,3944098,3944099,3944100,3944101,3944102,3944103,3944104,3944105,3944106,3944107
3944108,3944109,3944110,3944111,3944112,3944113,3944114,3944115,3944116,3944117,3944118,3944119,3944120,3944121,3944122,3944123,3944124,3944125,3944126,3944127
3944128,3944129,3944130,3944131,3944132,3944133,3944134,3944135,3944136,3944137,3944138,3944139,3944140,3944141,3944142,3944143,3944144,3944145,3944146,3944147
3944148,3944149,3944150,3944151,3944152,3944153,3944154,3944155,3944156,3944157,3944158,3944159,3944160,3944161,3944162,3944163,3944164,3944165,3944166,3944167
3944168,3944169,3944170,3944171,3944172,3944173,3944174,3944175,3944176,3944177,3944178,3944179,3944180,3944181,3944182,3944183,3944184,3944185,3944186,3944187
3944188,3944189,3944190,3944191,3944192,3944193,3944194,3944195,3944196,3944197,3944198,3944199,3944200,3944201,3944202,3944203,3944204,3944205,3944206,3944207
3944208,3944209,3944210,3944211,3944212,3944213,3944214,3944215,3944216,3944217,3944218,3944219,3944220,3944221,3944222,3944223,3944224,3944225,3944226,3944227
3944228,3944229,3944230,3944231,3944232,3944233,3944234,3944235,3944236,3944237,3944238,3944239,3944240,3944241,3944242,3944243,3944244,3944245,3944246,3944247
3944248,3944249,3944250,3944251,3944252,3944253,3944254,3944255,3944256,3944257,3944258,3944259,3944260,3944261,3944262,3944263,3944264,3944265,3944266,3944267
3944268,3944269,3944270,3944271,3944272,3944273,3944274,3944275,3944276,3944277,3944278,3944279,3944280,3944281,3944282,3944283,3944284,3944285,3944286,3944287
3944288,3944289,3944290,3944291,3944292,3944293,3944294,3944295,3944296,3944297,3944298,3944299,3944300,3944301,3944302,3944303,3944304,3944305,3944306,3944307
3944308,3944309,3944310,3944311,3944312,3944313,3944314,3944315,3944316,3944317,3944318,3944319,3944320,3944321,3944322,3944323,3944324,3944325,3944326,3944327
3944328,3944329,3944330,3944331,3944332,3944333,3944334,3944335,3944336,3944337,3944338,3944339,3944340,3944341,3944342,3944343,3944344,3944345,3944346,3944347
3944348,3944349,3944350,3944351,3944352,3944353,3944354,3944355,3944356,3944357,3944358,3944359,3944360,3944361,3944362,3944363,3944364,3944365,3944366,3944367
3944368,3944369,3944370,3944371,3944372,3944373,3944374,3944375,3944376,3944377,3944378,3944379,3944380,3944381,3944382,3944383,3944384,3944385,3944386,3944387
3944388,3944389,3944390,3944391,3944392,3944393,3944394,3944395,3944396,3944397,3944398,3944399,3944400,3944401,3944402,3944403,3944404,3944405,3944406,3944407
3944408,3944409,3944410,3944411,3944412,3944413,3944414,3944415,3944416,3944417,3944418,3944419,3944420,3944421,3944422,3944423,3944424,3944425,3944426,3944427
3944428,3944429,3944430,3944431,3944432,3944433,3944434,3944435,3944436,3944437,3944438,3944439,3944440,3944441,3944442,3944443,3944444,3944445,3944446,3944447
3944448,3944449,3944450,3944451,3944452,3944453,3944454,3944455,3944456,3944457,3944458,3944459,3944460,3944461,3944462,3944463,3944464,3944465,3944466,3944467
3944468,3944469,3944470,3944471,3944472,3944473,3944474,3944475,3944476,3944477,3944478,3944479,3944480,3944481,3944482,3944483,3944484,3944485,3944486,3944487
3944488,3944489,3944490,3944491,3944492,3944493,3944494,3944495,3944496,3944497,3944498,3944499,3944500,3944501,3944502,3944503,3944504,3944505,3944506,3944507
3944508,3944509,3944510,3944511,3944512,3944513,3944514,3944515,3944516,3944517,3944518,3944519,3944520,3944521,3944522,3944523,3944524,3944525,3944526,3944527
3944528,3944529,3944530,3944531,3944532,3944533,3944534,3944535,3944536,3944537,3944538,3944539,3944540,3944541,3944542,3944543,3944544,3944545,3944546,3944547
3944548,3944549,3944550,3944551,3944552,3944553,3944554,3944555,3944556,3944557,3944558,3944559,3944560,3944561,3944562,3944563,3944564,3944565,3944566,3944567
3944568,3944569,3944570,3944571,3944572,3944573,3944574,3944575,3944576,3944577,3944578,3944579,3944580,3944581,3944582,3944583,3944584,3944585,3944586,3944587
3944588,3944589,3944590,3944591,3944592,3944593,3944594,3944595,3944596,3944597,3944598,3944599,3944600,3944601,3944602,3944603,3944604,3944605,3944606,3944607
3944608,3944609,3944610,3944611,3944612,3944613,3944614,3944615,3944616,3944617,3944618,3944619,3944620,3944621,3944622,3944623,3944624,3944625,3944626,3944627
3944628,3944629,3944630,3944631,3944632,3944633,3944634,3944635,3944636,3944637,3944638,3944639,3944640,3944641,3944642,3944643,3944644,3944645,3944646,3944647
3944648,3944649,3944650,3944651,3944652,3944653,3944654,3944655,3944656,3944657,3944658,3944659,3944660,3944661,3944662,3944663,3944664,3944665,3944666,3944667
3944668,3944669,3944670,3944671,3944672,3944673,3944674,3944675,3944676,3944677,3944678,3944679,3944680,3944681,3944682,3944683,3944684,3944685,3944686,3944687
3944688,3944689,3944690,3944691,3944692,3944693,3944694,3944695,3944696,3944697,3944698,3944699,3944700,3944701,3944702,3944703,3944704,3944705,3944706,3944707
3944708,3944709,3944710,3944711,3944712,3944713,3944714,3944715,3944716,3944717,3944718,3944719,3944720,3944721,3944722,3944723,3944724,3944725,3944726,3944727
3944728,3944729,3944730,3944731,3944732,3944733,3944734,3944735,3944736,3944737,3944738,3944739,3944740,3944741,3944742,3944743,3944744,3944745,3944746,3944747
3944748,3944749,3944750,3944751,3944752,3944753,3944754,3944755,3944756,3944757,3944758,3944759,3944760,3944761,3944762,3944763,3944764,3944765,3944766,3944767
3944768,3944769,3944770,3944771,3944772,3944773,3944774,3944775,3944776,3944777,3944778,3944779,3944780,3944781,3944782,3944783,3944784,3944785,3944786,3944787
3944788,3944789,3944790,3944791,3944792,3944793,3944794,3944795,3944796,3944797,3944798,3944799,3944800,3944801,3944802,3944803,3944804,3944805,3944806,3944807
3944808,3944809,3944810,3944811,3944812,3944813,3944814,3944815,3944816,3944817,3944818,3944819,3944820,3944821,3944822,3944823,3944824,3944825,3944826,3944827
3944828,3944829,3944830,3944831,3944832,3944833,3944834,3944835,3944836,3944837,3944838,3944839,3944840,3944841,3944842,3944843,3944844,3944845,3944846,3944847
3944848,3944849,3944850,3944851,3944852,3944853,3944854,3944855,3944856,3944857,3944858,3944859,3944860,3944861,3944862,3944863,3944864,3944865,3944866,3944867
3944868,3944869,3944870,3944871,3944872,3944873,3944874,3944875,3944876,3944877,3944878,3944879,3944880,3944881,3944882,3944883,3944884,3944885,3944886,3944887
3944888,3944889,3944890,3944891,3944892,3944893,3944894,3944895,3944896,3944897,3944898,3944899,3944900,3944901,3944902,3944903,3944904,3944905,3944906,3944907
3944908,3944909,3944910,3944911,3944912,3944913,3944914,3944915,3944916,3944917,3944918,3944919,3944920,3944921,3944922,3944923,3944924,3944925,3944926,3944927
3944928,3944929,3944930,3944931,3944932,3944933,3944934,3944935,3944936,3944937,3944938,3944939,3944940,3944941,3944942,3944943,3944944,3944945,3944946,3944947
3944948,3944949,3944950,3944951,3944952,3944953,3944954,3944955,3944956,3944957,3944958,3944959,3944960,3944961,3944962,3944963,3944964,3944965,3944966,3944967
3944968,3944969,3944970,3944971,3944972,3944973,3944974,3944975,3944976,3944977,3944978,3944979,3944980,3944981,3944982,3944983,3944984,3944985,3944986,3944987
3944988,3944989,3944990,3944991,3944992,3944993,3944994,3944995,3944996,3944997,3944998,3944999,3945000,3945001,3945002,3945003,3945004,3945005,3945006,3945007
3945008,3945009,3945010,3945011,3945012,3945013,3945014,3945015,3945016,3945017,3945018,3945019,3945020,3945021,3945022,3945023,3945024,3945025,3945026,3945027
3945028,3945029,3945030,3945031,3945032,3945033,3945034,3945035,3945036,3945037,3945038,3945039,3945040,3945041,3945042,3945043,3945044,3945045,3945046,3945047
3945048,3945049,3945050,3945051,3945052,3945053,3945054,3945055,3945056,3945057,3945058,3945059,3945060,3945061,3945062,3945063,3945064,3945065,3945066,3945067
3945068,3945069,3945070,3945071,3945072,3945073,3945074,3945075,3945076,3945077,3945078,3945079,3945080,3945081,3945082,3945083,3945084,3945085,3945086,3945087
3945088,3945089,3945090,3945091,3945092,3945093,3945094,3945095,3945096,3945097,3945098,3945099,3945100,3945101,3945102,3945103,3945104,3945105,3945106,3945107
3945108,3945109,3945110,3945111,3945112,3945113,3945114,3945115,3945116,3945117,3945118,3945119,3945120,3945121,3945122,3945123,3945124,3945125,3945126,3945127
3945128,3945129,3945130,3945131,3945132,3945133,3945134,3945135,3945136,3945137,3945138,3945139,3945140,3945141,3945142,3945143,3945144,3945145,3945146,3945147
3945148,3945149,3945150,3945151,3945152,3945153,3945154,3945155,3945156,3945157,3945158,3945159,3945160,3945161,3945162,3945163,3945164,3945165,3945166,3945167
3945168,3945169,3945170,3945171,3945172,3945173,3945174,3945175,3945176,3945177,3945178,3945179,3945180,3945181,3945182,3945183,3945184,3945185,3945186,3945187
3945188,3945189,3945190,3945191,3945192,3945193,3945194,3945195,3945196,3945197,3945198,3945199,3945200,3945201,3945202,3945203,3945204,3945205,3945206,3945207
3945208,3945209,3945210,3945211,3945212,3945213,3945214,3945215,3945216,3945217,3945218,3945219,3945220,3945221,3945222,3945223,3945224,3945225,3945226,3945227
3945228,3945229,3945230,3945231,3945232,3945233,3945234,3945235,3945236,3945237,3945238,3945239,3945240,3945241,3945242,3945243,3945244,3945245,3945246,3945247
3945248,3945249,3945250,3945251,3945252,3945253,3945254,3945255,3945256,3945257,3945258,3945259,3945260,3945261,3945262,3945263,3945264,3945265,3945266,3945267
3945268,3945269,3945270,3945271,3945272,3945273,3945274,3945275,3945276,3945277,3945278,3945279,3945280,3945281,3945282,3945283,3945284,3945285,3945286,3945287
3945288,3945289,3945290,3945291,3945292,3945293,3945294,3945295,3945296,3945297,3945298,3945299,3945300,3945301,3945302,3945303,3945304,3945305,3945306,3945307
3945308,3945309,3945310,3945311,3945312,3945313,3945314,3945315,3945316,3945317,3945318,3945319,3945320,3945321,3945322,3945323,3945324,3945325,3945326,3945327
3945328,3945329,3945330,3945331,3945332,3945333,3945334,3945335,3945336,3945337,3945338,3945339,3945340,3945341,3945342,3945343,3945344,3945345,3945346,3945347
3945348,3945349,3945350,3945351,3945352,3945353,3945354,3945355,3945356,3945357,3945358,3945359,3945360,3945361,3945362,3945363,3945364,3945365,3945366,3945367
3945368,3945369,3945370,3945371,3945372,3945373,3945374,3945375,3945376,3945377,3945378,3945379,3945380,3945381,3945382,3945383,3945384,3945385,3945386,3945387
3945388,3945389,3945390,3945391,3945392,3945393,3945394,3945395,3945396,3945397,3945398,3945399,3945400,3945401,3945402,3945403,3945404,3945405,3945406,3945407
3945408,3945409,3945410,3945411,3945412,3945413,3945414,3945415,3945416,3945417,3945418,3945419,3945420,3945421,3945422,3945423,3945424,3945425,3945426,3945427
3945428,3945429,3945430,3945431,3945432,3945433,3945434,3945435,3945436,3945437,3945438,3945439,3945440,3945441,3945442,3945443,3945444,3945445,3945446,3945447
3945448,3945449,3945450,3945451,3945452,3945453,3945454,3945455,3945456,3945457,3945458,3945459,3945460,3945461,3945462,3945463,3945464,3945465,3945466,3945467
3945468,3945469,3945470,3945471,3945472,3945473,3945474,3945475,3945476,3945477,3945478,3945479,3945480,3945481,3945482,3945483,3945484,3945485,3945486,3945487
3945488,3945489,3945490,3945491,3945492,3945493,3945494,3945495,3945496,3945497,3945498,3945499,3945500,3945501,3945502,3945503,3945504,3945505,3945506,3945507
3945508,3945509,3945510,3945511,3945512,3945513,3945514,3945515,3945516,3945517,3945518,3945519,3945520,3945521,3945522,3945523,3945524,3945525,3945526,3945527
3945528,3945529,3945530,3945531,3945532,3945533,3945534,3945535,3945536,3945537,3945538,3945539,3945540,3945541,3945542,3945543,3945544,3945545,3945546,3945547
3945548,3945549,3945550,3945551,3945552,3945553,3945554,3945555,3945556,3945557,3945558,3945559,3945560,3945561,3945562,3945563,3945564,3945565,3945566,3945567
3945568,3945569,3945570,3945571,3945572,3945573,3945574,3945575,3945576,3945577,3945578,3945579,3945580,3945581,3945582,3945583,3945584,3945585,3945586,3945587
3945588,3945589,3945590,3945591,3945592,3945593,3945594,3945595,3945596,3945597,3945598,3945599,3945600,3945601,3945602,3945603,3945604,3945605,3945606,3945607
3945608,3945609,3945610,3945611,3945612,3945613,3945614,3945615,3945616,3945617,3945618,3945619,3945620,3945621,3945622,3945623,3945624,3945625,3945626,3945627
3945628,3945629,3945630,3945631,3945632,3945633,3945634,3945635,3945636,3945637,3945638,3945639,3945640,3945641,3945642,3945643,3945644,3945645,3945646,3945647
3945648,3945649,3945650,3945651,3945652,3945653,3945654,3945655,3945656,3945657,3945658,3945659,3945660,3945661,3945662,3945663,3945664,3945665,3945666,3945667
3945668,3945669,3945670,3945671,3945672,3945673,3945674,3945675,3945676,3945677,3945678,3945679,3945680,3945681,3945682,3945683,3945684,3945685,3945686,3945687
3945688,3945689,3945690,3945691,3945692,3945693,3945694,3945695,3945696,3945697,3945698,3945699,3945700,3945701,3945702,3945703,3945704,3945705,3945706,3945707
3945708,3945709,3945710,3945711,3945712,3945713,3945714,3945715,3945716,3945717,3945718,3945719,3945720,3945721,3945722,3945723,3945724,3945725,3945726,3945727
3945728,3945729,3945730,3945731,3945732,3945733,3945734,3945735,3945736,3945737,3945738,3945739,3945740,3945741,3945742,3945743,3945744,3945745,3945746,3945747
3945748,3945749,3945750,3945751,3945752,3945753,3945754,3945755,3945756,3945757,3945758,3945759,3945760,3945761,3945762,3945763,3945764,3945765,3945766,3945767
3945768,3945769,3945770,3945771,3945772,3945773,3945774,3945775,3945776,3945777,3945778,3945779,3945780,3945781,3945782,3945783,3945784,3945785,3945786,3945787
3945788,3945789,3945790,3945791,3945792,3945793,3945794,3945795,3945796,3945797,3945798,3945799,3945800,3945801,3945802,3945803,3945804,3945805,3945806,3945807
3945808,3945809,3945810,3945811,3945812,3945813,3945814,3945815,3945816,3945817,3945818,3945819,3945820,3945821,3945822,3945823,3945824,3945825,3945826,3945827
3945828,3945829,3945830,3945831,3945832,3945833,3945834,3945835,3945836,3945837,3945838,3945839,3945840,3945841,3945842,3945843,3945844,3945845,3945846,3945847
3945848,3945849,3945850,3945851,3945852,3945853,3945854,3945855,3945856,3945857,3945858,3945859,3945860,3945861,3945862,3945863,3945864,3945865,3945866,3945867
3945868,3945869,3945870,3945871,3945872,3945873,3945874,3945875,3945876,3945877,3945878,3945879,3945880,3945881,3945882,3945883,3945884,3945885,3945886,3945887
3945888,3945889,3945890,3945891,3945892,3945893,3945894,3945895,3945896,3945897,3945898,3945899,3945900,3945901,3945902,3945903,3945904,3945905,3945906,3945907
3945908,3945909,3945910,3945911,3945912,3945913,3945914,3945915,3945916,3945917,3945918,3945919,3945920,3945921,3945922,3945923,3945924,3945925,3945926,3945927
3945928,3945929,3945930,3945931,3945932,3945933,3945934,3945935,3945936,3945937,3945938,3945939,3945940,3945941,3945942,3945943,3945944,3945945,3945946,3945947
3945948,3945949,3945950,3945951,3945952,3945953,3945954,3945955,3945956,3945957,3945958,3945959,3945960,3945961,3945962,3945963,3945964,3945965,3945966,3945967
3945968,3945969,3945970,3945971,3945972,3945973,3945974,3945975,3945976,3945977,3945978,3945979,3945980,3945981,3945982,3945983,3945984,3945985,3945986,3945987
3945988,3945989,3945990,3945991,3945992,3945993,3945994,3945995,3945996,3945997,3945998,3945999,3946000,3946001,3946002,3946003,3946004,3946005,3946006,3946007
3946008,3946009,3946010,3946011,3946012,3946013,3946014,3946015,3946016,3946017,3946018,3946019,3946020,3946021,3946022,3946023,3946024,3946025,3946026,3946027
3946028,3946029,3946030,3946031,3946032,3946033,3946034,3946035,3946036,3946037,3946038,3946039,3946040,3946041,3946042,3946043,3946044,3946045,3946046,3946047
3946048,3946049,3946050,3946051,3946052,3946053,3946054,3946055,3946056,3946057,3946058,3946059,3946060,3946061,3946062,3946063,3946064,3946065,3946066,3946067
3946068,3946069,3946070,3946071,3946072,3946073,3946074,3946075,3946076,3946077,3946078,3946079,3946080,3946081,3946082,3946083,3946084,3946085,3946086,3946087
3946088,3946089,3946090,3946091,3946092,3946093,3946094,3946095,3946096,3946097,3946098,3946099,3946100,3946101,3946102,3946103,3946104,3946105,3946106,3946107
3946108,3946109,3946110,3946111,3946112,3946113,3946114,3946115,3946116,3946117,3946118,3946119,3946120,3946121,3946122,3946123,3946124,3946125,3946126,3946127
3946128,3946129,3946130,3946131,3946132,3946133,3946134,3946135,3946136,3946137,3946138,3946139,3946140,3946141,3946142,3946143,3946144,3946145,3946146,3946147
3946148,3946149,3946150,3946151,3946152,3946153,3946154,3946155,3946156,3946157,3946158,3946159,3946160,3946161,3946162,3946163,3946164,3946165,3946166,3946167
3946168,3946169,3946170,3946171,3946172,3946173,3946174,3946175,3946176,3946177,3946178,3946179,3946180,3946181,3946182,3946183,3946184,3946185,3946186,3946187
3946188,3946189,3946190,3946191,3946192,3946193,3946194,3946195,3946196,3946197,3946198,3946199,3946200,3946201,3946202,3946203,3946204,3946205,3946206,3946207
3946208,3946209,3946210,3946211,3946212,3946213,3946214,3946215,3946216,3946217,3946218,3946219,3946220,3946221,3946222,3946223,3946224,3946225,3946226,3946227
3946228,3946229,3946230,3946231,3946232,3946233,3946234,3946235,3946236,3946237,3946238,3946239,3946240,3946241,3946242,3946243,3946244,3946245,3946246,3946247
3946248,3946249,3946250,3946251,3946252,3946253,3946254,3946255,3946256,3946257,3946258,3946259,3946260,3946261,3946262,3946263,3946264,3946265,3946266,3946267
3946268,3946269,3946270,3946271,3946272,3946273,3946274,3946275,3946276,3946277,3946278,3946279,3946280,3946281,3946282,3946283,3946284,3946285,3946286,3946287
3946288,3946289,3946290,3946291,3946292,3946293,3946294,3946295,3946296,3946297,3946298,3946299,3946300,3946301,3946302,3946303,3946304,3946305,3946306,3946307
3946308,3946309,3946310,3946311,3946312,3946313,3946314,3946315,3946316,3946317,3946318,3946319,3946320,3946321,3946322,3946323,3946324,3946325,3946326,3946327
3946328,3946329,3946330,3946331,3946332,3946333,3946334,3946335,3946336,3946337,3946338,3946339,3946340,3946341,3946342,3946343,3946344,3946345,3946346,3946347
3946348,3946349,3946350,3946351,3946352,3946353,3946354,3946355,3946356,3946357,3946358,3946359,3946360,3946361,3946362,3946363,3946364,3946365,3946366,3946367
3946368,3946369,3946370,3946371,3946372,3946373,3946374,3946375,3946376,3946377,3946378,3946379,3946380,3946381,3946382,3946383,3946384,3946385,3946386,3946387
3946388,3946389,3946390,3946391,3946392,3946393,3946394,3946395,3946396,3946397,3946398,3946399,3946400,3946401,3946402,3946403,3946404,3946405,3946406,3946407
3946408,3946409,3946410,3946411,3946412,3946413,3946414,3946415,3946416,3946417,3946418,3946419,3946420,3946421,3946422,3946423,3946424,3946425,3946426,3946427
3946428,3946429,3946430,3946431,3946432,3946433,3946434,3946435,3946436,3946437,3946438,3946439,3946440,3946441,3946442,3946443,3946444,3946445,3946446,3946447
3946448,3946449,3946450,3946451,3946452,3946453,3946454,3946455,3946456,3946457,3946458,3946459,3946460,3946461,3946462,3946463,3946464,3946465,3946466,3946467
3946468,3946469,3946470,3946471,3946472,3946473,3946474,3946475,3946476,3946477,3946478,3946479,3946480,3946481,3946482,3946483,3946484,3946485,3946486,3946487
3946488,3946489,3946490,3946491,3946492,3946493,3946494,3946495,3946496,3946497,3946498,3946499,3946500,3946501,3946502,3946503,3946504,3946505,3946506,3946507
3946508,3946509,3946510,3946511,3946512,3946513,3946514,3946515,3946516,3946517,3946518,3946519,3946520,3946521,3946522,3946523,3946524,3946525,3946526,3946527
3946528,3946529,3946530,3946531,3946532,3946533,3946534,3946535,3946536,3946537,3946538,3946539,3946540,3946541,3946542,3946543,3946544,3946545,3946546,3946547
3946548,3946549,3946550,3946551,3946552,3946553,3946554,3946555,3946556,3946557,3946558,3946559,3946560,3946561,3946562,3946563,3946564,3946565,3946566,3946567
3946568,3946569,3946570,3946571,3946572,3946573,3946574,3946575,3946576,3946577,3946578,3946579,3946580,3946581,3946582,3946583,3946584,3946585,3946586,3946587
3946588,3946589,3946590,3946591,3946592,3946593,3946594,3946595,3946596,3946597,3946598,3946599,3946600,3946601,3946602,3946603,3946604,3946605,3946606,3946607
3946608,3946609,3946610,3946611,3946612,3946613,3946614,3946615,3946616,3946617,3946618,3946619,3946620,3946621,3946622,3946623,3946624,3946625,3946626,3946627
3946628,3946629,3946630,3946631,3946632,3946633,3946634,3946635,3946636,3946637,3946638,3946639,3946640,3946641,3946642,3946643,3946644,3946645,3946646,3946647
3946648,3946649,3946650,3946651,3946652,3946653,3946654,3946655,3946656,3946657,3946658,3946659,3946660,3946661,3946662,3946663,3946664,3946665,3946666,3946667
3946668,3946669,3946670,3946671,3946672,3946673,3946674,3946675,3946676,3946677,3946678,3946679,3946680,3946681,3946682,3946683,3946684,3946685,3946686,3946687
3946688,3946689,3946690,3946691,3946692,3946693,3946694,3946695,3946696,3946697,3946698,3946699,3946700,3946701,3946702,3946703,3946704,3946705,3946706,3946707
3946708,3946709,3946710,3946711,3946712,3946713,3946714,3946715,3946716,3946717,3946718,3946719,3946720,3946721,3946722,3946723,3946724,3946725,3946726,3946727
3946728,3946729,3946730,3946731,3946732,3946733,3946734,3946735,3946736,3946737,3946738,3946739,3946740,3946741,3946742,3946743,3946744,3946745,3946746,3946747
3946748,3946749,3946750,3946751,3946752,3946753,3946754,3946755,3946756,3946757,3946758,3946759,3946760,3946761,3946762,3946763,3946764,3946765,3946766,3946767
3946768,3946769,3946770,3946771,3946772,3946773,3946774,3946775,3946776,3946777,3946778,3946779,3946780,3946781,3946782,3946783,3946784,3946785,3946786,3946787
3946788,3946789,3946790,3946791,3946792,3946793,3946794,3946795,3946796,3946797,3946798,3946799,3946800,3946801,3946802,3946803,3946804,3946805,3946806,3946807
3946808,3946809,3946810,3946811,3946812,3946813,3946814,3946815,3946816,3946817,3946818,3946819,3946820,3946821,3946822,3946823,3946824,3946825,3946826,3946827
3946828,3946829,3946830,3946831,3946832,3946833,3946834,3946835,3946836,3946837,3946838,3946839,3946840,3946841,3946842,3946843,3946844,3946845,3946846,3946847
3946848,3946849,3946850,3946851,3946852,3946853,3946854,3946855,3946856,3946857,3946858,3946859,3946860,3946861,3946862,3946863,3946864,3946865,3946866,3946867
3946868,3946869,3946870,3946871,3946872,3946873,3946874,3946875,3946876,3946877,3946878,3946879,3946880,3946881,3946882,3946883,3946884,3946885,3946886,3946887
3946888,3946889,3946890,3946891,3946892,3946893,3946894,3946895,3946896,3946897,3946898,3946899,3946900,3946901,3946902,3946903,3946904,3946905,3946906,3946907
3946908,3946909,3946910,3946911,3946912,3946913,3946914,3946915,3946916,3946917,3946918,3946919,3946920,3946921,3946922,3946923,3946924,3946925,3946926,3946927
3946928,3946929,3946930,3946931,3946932,3946933,3946934,3946935,3946936,3946937,3946938,3946939,3946940,3946941,3946942,3946943,3946944,3946945,3946946,3946947
3946948,3946949,3946950,3946951,3946952,3946953,3946954,3946955,3946956,3946957,3946958,3946959,3946960,3946961,3946962,3946963,3946964,3946965,3946966,3946967
3946968,3946969,3946970,3946971,3946972,3946973,3946974,3946975,3946976,3946977,3946978,3946979,3946980,3946981,3946982,3946983,3946984,3946985,3946986,3946987
3946988,3946989,3946990,3946991,3946992,3946993,3946994,3946995,3946996,3946997,3946998,3946999,3947000,3947001,3947002,3947003,3947004,3947005,3947006,3947007
3947008,3947009,3947010,3947011,3947012,3947013,3947014,3947015,3947016,3947017,3947018,3947019,3947020,3947021,3947022,3947023,3947024,3947025,3947026,3947027
3947028,3947029,3947030,3947031,3947032,3947033,3947034,3947035,3947036,3947037,3947038,3947039,3947040,3947041,3947042,3947043,3947044,3947045,3947046,3947047
3947048,3947049,3947050,3947051,3947052,3947053,3947054,3947055,3947056,3947057,3947058,3947059,3947060,3947061,3947062,3947063,3947064,3947065,3947066,3947067
3947068,3947069,3947070,3947071,3947072,3947073,3947074,3947075,3947076,3947077,3947078,3947079,3947080,3947081,3947082,3947083,3947084,3947085,3947086,3947087
3947088,3947089,3947090,3947091,3947092,3947093,3947094,3947095,3947096,3947097,3947098,3947099,3947100,3947101,3947102,3947103,3947104,3947105,3947106,3947107
3947108,3947109,3947110,3947111,3947112,3947113,3947114,3947115,3947116,3947117,3947118,3947119,3947120,3947121,3947122,3947123,3947124,3947125,3947126,3947127
3947128,3947129,3947130,3947131,3947132,3947133,3947134,3947135,3947136,3947137,3947138,3947139,3947140,3947141,3947142,3947143,3947144,3947145,3947146,3947147
3947148,3947149,3947150,3947151,3947152,3947153,3947154,3947155,3947156,3947157,3947158,3947159,3947160,3947161,3947162,3947163,3947164,3947165,3947166,3947167
3947168,3947169,3947170,3947171,3947172,3947173,3947174,3947175,3947176,3947177,3947178,3947179,3947180,3947181,3947182,3947183,3947184,3947185,3947186,3947187
3947188,3947189,3947190,3947191,3947192,3947193,3947194,3947195,3947196,3947197,3947198,3947199,3947200,3947201,3947202,3947203,3947204,3947205,3947206,3947207
3947208,3947209,3947210,3947211,3947212,3947213,3947214,3947215,3947216,3947217,3947218,3947219,3947220,3947221,3947222,3947223,3947224,3947225,3947226,3947227
3947228,3947229,3947230,3947231,3947232,3947233,3947234,3947235,3947236,3947237,3947238,3947239,3947240,3947241,3947242,3947243,3947244,3947245,3947246,3947247
3947248,3947249,3947250,3947251,3947252,3947253,3947254,3947255,3947256,3947257,3947258,3947259,3947260,3947261,3947262,3947263,3947264,3947265,3947266,3947267
3947268,3947269,3947270,3947271,3947272,3947273,3947274,3947275,3947276,3947277,3947278,3947279,3947280,3947281,3947282,3947283,3947284,3947285,3947286,3947287
3947288,3947289,3947290,3947291,3947292,3947293,3947294,3947295,3947296,3947297,3947298,3947299,3947300,3947301,3947302,3947303,3947304,3947305,3947306,3947307
3947308,3947309,3947310,3947311,3947312,3947313,3947314,3947315,3947316,3947317,3947318,3947319,3947320,3947321,3947322,3947323,3947324,3947325,3947326,3947327
3947328,3947329,3947330,3947331,3947332,3947333,3947334,3947335,3947336,3947337,3947338,3947339,3947340,3947341,3947342,3947343,3947344,3947345,3947346,3947347
3947348,3947349,3947350,3947351,3947352,3947353,3947354,3947355,3947356,3947357,3947358,3947359,3947360,3947361,3947362,3947363,3947364,3947365,3947366,3947367
3947368,3947369,3947370,3947371,3947372,3947373,3947374,3947375,3947376,3947377,3947378,3947379,3947380,3947381,3947382,3947383,3947384,3947385,3947386,3947387
3947388,3947389,3947390,3947391,3947392,3947393,3947394,3947395,3947396,3947397,3947398,3947399,3947400,3947401,3947402,3947403,3947404,3947405,3947406,3947407
3947408,3947409,3947410,3947411,3947412,3947413,3947414,3947415,3947416,3947417,3947418,3947419,3947420,3947421,3947422,3947423,3947424,3947425,3947426,3947427
3947428,3947429,3947430,3947431,3947432,3947433,3947434,3947435,3947436,3947437,3947438,3947439,3947440,3947441,3947442,3947443,3947444,3947445,3947446,3947447
3947448,3947449,3947450,3947451,3947452,3947453,3947454,3947455,3947456,3947457,3947458,3947459,3947460,3947461,3947462,3947463,3947464,3947465,3947466,3947467
3947468,3947469,3947470,3947471,3947472,3947473,3947474,3947475,3947476,3947477,3947478,3947479,3947480,3947481,3947482,3947483,3947484,3947485,3947486,3947487
3947488,3947489,3947490,3947491,3947492,3947493,3947494,3947495,3947496,3947497,3947498,3947499,3947500,3947501,3947502,3947503,3947504,3947505,3947506,3947507
3947508,3947509,3947510,3947511,3947512,3947513,3947514,3947515,3947516,3947517,3947518,3947519,3947520,3947521,3947522,3947523,3947524,3947525,3947526,3947527
3947528,3947529,3947530,3947531,3947532,3947533,3947534,3947535,3947536,3947537,3947538,3947539,3947540,3947541,3947542,3947543,3947544,3947545,3947546,3947547
3947548,3947549,3947550,3947551,3947552,3947553,3947554,3947555,3947556,3947557,3947558,3947559,3947560,3947561,3947562,3947563,3947564,3947565,3947566,3947567
3947568,3947569,3947570,3947571,3947572,3947573,3947574,3947575,3947576,3947577,3947578,3947579,3947580,3947581,3947582,3947583,3947584,3947585,3947586,3947587
3947588,3947589,3947590,3947591,3947592,3947593,3947594,3947595,3947596,3947597,3947598,3947599,3947600,3947601,3947602,3947603,3947604,3947605,3947606,3947607
3947608,3947609,3947610,3947611,3947612,3947613,3947614,3947615,3947616,3947617,3947618,3947619,3947620,3947621,3947622,3947623,3947624,3947625,3947626,3947627
3947628,3947629,3947630,3947631,3947632,3947633,3947634,3947635,3947636,3947637,3947638,3947639,3947640,3947641,3947642,3947643,3947644,3947645,3947646,3947647
3947648,3947649,3947650,3947651,3947652,3947653,3947654,3947655,3947656,3947657,3947658,3947659,3947660,3947661,3947662,3947663,3947664,3947665,3947666,3947667
3947668,3947669,3947670,3947671,3947672,3947673,3947674,3947675,3947676,3947677,3947678,3947679,3947680,3947681,3947682,3947683,3947684,3947685,3947686,3947687
3947688,3947689,3947690,3947691,3947692,3947693,3947694,3947695,3947696,3947697,3947698,3947699,3947700,3947701,3947702,3947703,3947704,3947705,3947706,3947707
3947708,3947709,3947710,3947711,3947712,3947713,3947714,3947715,3947716,3947717,3947718,3947719,3947720,3947721,3947722,3947723,3947724,3947725,3947726,3947727
3947728,3947729,3947730,3947731,3947732,3947733,3947734,3947735,3947736,3947737,3947738,3947739,3947740,3947741,3947742,3947743,3947744,3947745,3947746,3947747
3947748,3947749,3947750,3947751,3947752,3947753,3947754,3947755,3947756,3947757,3947758,3947759,3947760,3947761,3947762,3947763,3947764,3947765,3947766,3947767
3947768,3947769,3947770,3947771,3947772,3947773,3947774,3947775,3947776,3947777,3947778,3947779,3947780,3947781,3947782,3947783,3947784,3947785,3947786,3947787
3947788,3947789,3947790,3947791,3947792,3947793,3947794,3947795,3947796,3947797,3947798,3947799,3947800,3947801,3947802,3947803,3947804,3947805,3947806,3947807
3947808,3947809,3947810,3947811,3947812,3947813,3947814,3947815,3947816,3947817,3947818,3947819,3947820,3947821,3947822,3947823,3947824,3947825,3947826,3947827
3947828,3947829,3947830,3947831,3947832,3947833,3947834,3947835,3947836,3947837,3947838,3947839,3947840,3947841,3947842,3947843,3947844,3947845,3947846,3947847
3947848,3947849,3947850,3947851,3947852,3947853,3947854,3947855,3947856,3947857,3947858,3947859,3947860,3947861,3947862,3947863,3947864,3947865,3947866,3947867
3947868,3947869,3947870,3947871,3947872,3947873,3947874,3947875,3947876,3947877,3947878,3947879,3947880,3947881,3947882,3947883,3947884,3947885,3947886,3947887
3947888,3947889,3947890,3947891,3947892,3947893,3947894,3947895,3947896,3947897,3947898,3947899,3947900,3947901,3947902,3947903,3947904,3947905,3947906,3947907
3947908,3947909,3947910,3947911,3947912,3947913,3947914,3947915,3947916,3947917,3947918,3947919,3947920,3947921,3947922,3947923,3947924,3947925,3947926,3947927
3947928,3947929,3947930,3947931,3947932,3947933,3947934,3947935,3947936,3947937,3947938,3947939,3947940,3947941,3947942,3947943,3947944,3947945,3947946,3947947
3947948,3947949,3947950,3947951,3947952,3947953,3947954,3947955,3947956,3947957,3947958,3947959,3947960,3947961,3947962,3947963,3947964,3947965,3947966,3947967
3947968,3947969,3947970,3947971,3947972,3947973,3947974,3947975,3947976,3947977,3947978,3947979,3947980,3947981,3947982,3947983,3947984,3947985,3947986,3947987
3947988,3947989,3947990,3947991,3947992,3947993,3947994,3947995,3947996,3947997,3947998,3947999,3948000,3948001,3948002,3948003,3948004,3948005,3948006,3948007
3948008,3948009,3948010,3948011,3948012,3948013,3948014,3948015,3948016,3948017,3948018,3948019,3948020,3948021,3948022,3948023,3948024,3948025,3948026,3948027
3948028,3948029,3948030,3948031,3948032,3948033,3948034,3948035,3948036,3948037,3948038,3948039,3948040,3948041,3948042,3948043,3948044,3948045,3948046,3948047
3948048,3948049,3948050,3948051,3948052,3948053,3948054,3948055,3948056,3948057,3948058,3948059,3948060,3948061,3948062,3948063,3948064,3948065,3948066,3948067
3948068,3948069,3948070,3948071,3948072,3948073,3948074,3948075,3948076,3948077,3948078,3948079,3948080,3948081,3948082,3948083,3948084,3948085,3948086,3948087
3948088,3948089,3948090,3948091,3948092,3948093,3948094,3948095,3948096,3948097,3948098,3948099,3948100,3948101,3948102,3948103,3948104,3948105,3948106,3948107
3948108,3948109,3948110,3948111,3948112,3948113,3948114,3948115,3948116,3948117,3948118,3948119,3948120,3948121,3948122,3948123,3948124,3948125,3948126,3948127
3948128,3948129,3948130,3948131,3948132,3948133,3948134,3948135,3948136,3948137,3948138,3948139,3948140,3948141,3948142,3948143,3948144,3948145,3948146,3948147
3948148,3948149,3948150,3948151,3948152,3948153,3948154,3948155,3948156,3948157,3948158,3948159,3948160,3948161,3948162,3948163,3948164,3948165,3948166,3948167
3948168,3948169,3948170,3948171,3948172,3948173,3948174,3948175,3948176,3948177,3948178,3948179,3948180,3948181,3948182,3948183,3948184,3948185,3948186,3948187
3948188,3948189,3948190,3948191,3948192,3948193,3948194,3948195,3948196,3948197,3948198,3948199,3948200,3948201,3948202,3948203,3948204,3948205,3948206,3948207
3948208,3948209,3948210,3948211,3948212,3948213,3948214,3948215,3948216,3948217,3948218,3948219,3948220,3948221,3948222,3948223,3948224,3948225,3948226,3948227
3948228,3948229,3948230,3948231,3948232,3948233,3948234,3948235,3948236,3948237,3948238,3948239,3948240,3948241,3948242,3948243,3948244,3948245,3948246,3948247
3948248,3948249,3948250,3948251,3948252,3948253,3948254,3948255,3948256,3948257,3948258,3948259,3948260,3948261,3948262,3948263,3948264,3948265,3948266,3948267
3948268,3948269,3948270,3948271,3948272,3948273,3948274,3948275,3948276,3948277,3948278,3948279,3948280,3948281,3948282,3948283,3948284,3948285,3948286,3948287
3948288,3948289,3948290,3948291,3948292,3948293,3948294,3948295,3948296,3948297,3948298,3948299,3948300,3948301,3948302,3948303,3948304,3948305,3948306,3948307
3948308,3948309,3948310,3948311,3948312,3948313,3948314,3948315,3948316,3948317,3948318,3948319,3948320,3948321,3948322,3948323,3948324,3948325,3948326,3948327
3948328,3948329,3948330,3948331,3948332,3948333,3948334,3948335,3948336,3948337,3948338,3948339,3948340,3948341,3948342,3948343,3948344,3948345,3948346,3948347
3948348,3948349,3948350,3948351,3948352,3948353,3948354,3948355,3948356,3948357,3948358,3948359,3948360,3948361,3948362,3948363,3948364,3948365,3948366,3948367
3948368,3948369,3948370,3948371,3948372,3948373,3948374,3948375,3948376,3948377,3948378,3948379,3948380,3948381,3948382,3948383,3948384,3948385,3948386,3948387
3948388,3948389,3948390,3948391,3948392,3948393,3948394,3948395,3948396,3948397,3948398,3948399,3948400,3948401,3948402,3948403,3948404,3948405,3948406,3948407
3948408,3948409,3948410,3948411,3948412,3948413,3948414,3948415,3948416,3948417,3948418,3948419,3948420,3948421,3948422,3948423,3948424,3948425,3948426,3948427
3948428,3948429,3948430,3948431,3948432,3948433,3948434,3948435,3948436,3948437,3948438,3948439,3948440,3948441,3948442,3948443,3948444,3948445,3948446,3948447
3948448,3948449,3948450,3948451,3948452,3948453,3948454,3948455,3948456,3948457,3948458,3948459,3948460,3948461,3948462,3948463,3948464,3948465,3948466,3948467
3948468,3948469,3948470,3948471,3948472,3948473,3948474,3948475,3948476,3948477,3948478,3948479,3948480,3948481,3948482,3948483,3948484,3948485,3948486,3948487
3948488,3948489,3948490,3948491,3948492,3948493,3948494,3948495,3948496,3948497,3948498,3948499,3948500,3948501,3948502,3948503,3948504,3948505,3948506,3948507
3948508,3948509,3948510,3948511,3948512,3948513,3948514,3948515,3948516,3948517,3948518,3948519,3948520,3948521,3948522,3948523,3948524,3948525,3948526,3948527
3948528,3948529,3948530,3948531,3948532,3948533,3948534,3948535,3948536,3948537,3948538,3948539,3948540,3948541,3948542,3948543,3948544,3948545,3948546,3948547
3948548,3948549,3948550,3948551,3948552,3948553,3948554,3948555,3948556,3948557,3948558,3948559,3948560,3948561,3948562,3948563,3948564,3948565,3948566,3948567
3948568,3948569,3948570,3948571,3948572,3948573,3948574,3948575,3948576,3948577,3948578,3948579,3948580,3948581,3948582,3948583,3948584,3948585,3948586,3948587
3948588,3948589,3948590,3948591,3948592,3948593,3948594,3948595,3948596,3948597,3948598,3948599,3948600,3948601,3948602,3948603,3948604,3948605,3948606,3948607
3948608,3948609,3948610,3948611,3948612,3948613,3948614,3948615,3948616,3948617,3948618,3948619,3948620,3948621,3948622,3948623,3948624,3948625,3948626,3948627
3948628,3948629,3948630,3948631,3948632,3948633,3948634,3948635,3948636,3948637,3948638,3948639,3948640,3948641,3948642,3948643,3948644,3948645,3948646,3948647
3948648,3948649,3948650,3948651,3948652,3948653,3948654,3948655,3948656,3948657,3948658,3948659,3948660,3948661,3948662,3948663,3948664,3948665,3948666,3948667
3948668,3948669,3948670,3948671,3948672,3948673,3948674,3948675,3948676,3948677,3948678,3948679,3948680,3948681,3948682,3948683,3948684,3948685,3948686,3948687
3948688,3948689,3948690,3948691,3948692,3948693,3948694,3948695,3948696,3948697,3948698,3948699,3948700,3948701,3948702,3948703,3948704,3948705,3948706,3948707
3948708,3948709,3948710,3948711,3948712,3948713,3948714,3948715,3948716,3948717,3948718,3948719,3948720,3948721,3948722,3948723,3948724,3948725,3948726,3948727
3948728,3948729,3948730,3948731,3948732,3948733,3948734,3948735,3948736,3948737,3948738,3948739,3948740,3948741,3948742,3948743,3948744,3948745,3948746,3948747
3948748,3948749,3948750,3948751,3948752,3948753,3948754,3948755,3948756,3948757,3948758,3948759,3948760,3948761,3948762,3948763,3948764,3948765,3948766,3948767
3948768,3948769,3948770,3948771,3948772,3948773,3948774,3948775,3948776,3948777,3948778,3948779,3948780,3948781,3948782,3948783,3948784,3948785,3948786,3948787
3948788,3948789,3948790,3948791,3948792,3948793,3948794,3948795,3948796,3948797,3948798,3948799,3948800,3948801,3948802,3948803,3948804,3948805,3948806,3948807
3948808,3948809,3948810,3948811,3948812,3948813,3948814,3948815,3948816,3948817,3948818,3948819,3948820,3948821,3948822,3948823,3948824,3948825,3948826,3948827
3948828,3948829,3948830,3948831,3948832,3948833,3948834,3948835,3948836,3948837,3948838,3948839,3948840,3948841,3948842,3948843,3948844,3948845,3948846,3948847
3948848,3948849,3948850,3948851,3948852,3948853,3948854,3948855,3948856,3948857,3948858,3948859,3948860,3948861,3948862,3948863,3948864,3948865,3948866,3948867
3948868,3948869,3948870,3948871,3948872,3948873,3948874,3948875,3948876,3948877,3948878,3948879,3948880,3948881,3948882,3948883,3948884,3948885,3948886,3948887
3948888,3948889,3948890,3948891,3948892,3948893,3948894,3948895,3948896,3948897,3948898,3948899,3948900,3948901,3948902,3948903,3948904,3948905,3948906,3948907
3948908,3948909,3948910,3948911,3948912,3948913,3948914,3948915,3948916,3948917,3948918,3948919,3948920,3948921,3948922,3948923,3948924,3948925,3948926,3948927
3948928,3948929,3948930,3948931,3948932,3948933,3948934,3948935,3948936,3948937,3948938,3948939,3948940,3948941,3948942,3948943,3948944,3948945,3948946,3948947
3948948,3948949,3948950,3948951,3948952,3948953,3948954,3948955,3948956,3948957,3948958,3948959,3948960,3948961,3948962,3948963,3948964,3948965,3948966,3948967
3948968,3948969,3948970,3948971,3948972,3948973,3948974,3948975,3948976,3948977,3948978,3948979,3948980,3948981,3948982,3948983,3948984,3948985,3948986,3948987
3948988,3948989,3948990,3948991,3948992,3948993,3948994,3948995,3948996,3948997,3948998,3948999,3949000,3949001,3949002,3949003,3949004,3949005,3949006,3949007
3949008,3949009,3949010,3949011,3949012,3949013,3949014,3949015,3949016,3949017,3949018,3949019,3949020,3949021,3949022,3949023,3949024,3949025,3949026,3949027
3949028,3949029,3949030,3949031,3949032,3949033,3949034,3949035,3949036,3949037,3949038,3949039,3949040,3949041,3949042,3949043,3949044,3949045,3949046,3949047
3949048,3949049,3949050,3949051,3949052,3949053,3949054,3949055,3949056,3949057,3949058,3949059,3949060,3949061,3949062,3949063,3949064,3949065,3949066,3949067
3949068,3949069,3949070,3949071,3949072,3949073,3949074,3949075,3949076,3949077,3949078,3949079,3949080,3949081,3949082,3949083,3949084,3949085,3949086,3949087
3949088,3949089,3949090,3949091,3949092,3949093,3949094,3949095,3949096,3949097,3949098,3949099,3949100,3949101,3949102,3949103,3949104,3949105,3949106,3949107
3949108,3949109,3949110,3949111,3949112,3949113,3949114,3949115,3949116,3949117,3949118,3949119,3949120,3949121,3949122,3949123,3949124,3949125,3949126,3949127
3949128,3949129,3949130,3949131,3949132,3949133,3949134,3949135,3949136,3949137,3949138,3949139,3949140,3949141,3949142,3949143,3949144,3949145,3949146,3949147
3949148,3949149,3949150,3949151,3949152,3949153,3949154,3949155,3949156,3949157,3949158,3949159,3949160,3949161,3949162,3949163,3949164,3949165,3949166,3949167
3949168,3949169,3949170,3949171,3949172,3949173,3949174,3949175,3949176,3949177,3949178,3949179,3949180,3949181,3949182,3949183,3949184,3949185,3949186,3949187
3949188,3949189,3949190,3949191,3949192,3949193,3949194,3949195,3949196,3949197,3949198,3949199,3949200,3949201,3949202,3949203,3949204,3949205,3949206,3949207
3949208,3949209,3949210,3949211,3949212,3949213,3949214,3949215,3949216,3949217,3949218,3949219,3949220,3949221,3949222,3949223,3949224,3949225,3949226,3949227
3949228,3949229,3949230,3949231,3949232,3949233,3949234,3949235,3949236,3949237,3949238,3949239,3949240,3949241,3949242,3949243,3949244,3949245,3949246,3949247
3949248,3949249,3949250,3949251,3949252,3949253,3949254,3949255,3949256,3949257,3949258,3949259,3949260,3949261,3949262,3949263,3949264,3949265,3949266,3949267
3949268,3949269,3949270,3949271,3949272,3949273,3949274,3949275,3949276,3949277,3949278,3949279,3949280,3949281,3949282,3949283,3949284,3949285,3949286,3949287
3949288,3949289,3949290,3949291,3949292,3949293,3949294,3949295,3949296,3949297,3949298,3949299,3949300,3949301,3949302,3949303,3949304,3949305,3949306,3949307
3949308,3949309,3949310,3949311,3949312,3949313,3949314,3949315,3949316,3949317,3949318,3949319,3949320,3949321,3949322,3949323,3949324,3949325,3949326,3949327
3949328,3949329,3949330,3949331,3949332,3949333,3949334,3949335,3949336,3949337,3949338,3949339,3949340,3949341,3949342,3949343,3949344,3949345,3949346,3949347
3949348,3949349,3949350,3949351,3949352,3949353,3949354,3949355,3949356,3949357,3949358,3949359,3949360,3949361,3949362,3949363,3949364,3949365,3949366,3949367
3949368,3949369,3949370,3949371,3949372,3949373,3949374,3949375,3949376,3949377,3949378,3949379,3949380,3949381,3949382,3949383,3949384,3949385,3949386,3949387
3949388,3949389,3949390,3949391,3949392,3949393,3949394,3949395,3949396,3949397,3949398,3949399,3949400,3949401,3949402,3949403,3949404,3949405,3949406,3949407
3949408,3949409,3949410,3949411,3949412,3949413,3949414,3949415,3949416,3949417,3949418,3949419,3949420,3949421,3949422,3949423,3949424,3949425,3949426,3949427
3949428,3949429,3949430,3949431,3949432,3949433,3949434,3949435,3949436,3949437,3949438,3949439,3949440,3949441,3949442,3949443,3949444,3949445,3949446,3949447
3949448,3949449,3949450,3949451,3949452,3949453,3949454,3949455,3949456,3949457,3949458,3949459,3949460,3949461,3949462,3949463,3949464,3949465,3949466,3949467
3949468,3949469,3949470,3949471,3949472,3949473,3949474,3949475,3949476,3949477,3949478,3949479,3949480,3949481,3949482,3949483,3949484,3949485,3949486,3949487
3949488,3949489,3949490,3949491,3949492,3949493,3949494,3949495,3949496,3949497,3949498,3949499,3949500,3949501,3949502,3949503,3949504,3949505,3949506,3949507
3949508,3949509,3949510,3949511,3949512,3949513,3949514,3949515,3949516,3949517,3949518,3949519,3949520,3949521,3949522,3949523,3949524,3949525,3949526,3949527
3949528,3949529,3949530,3949531,3949532,3949533,3949534,3949535,3949536,3949537,3949538,3949539,3949540,3949541,3949542,3949543,3949544,3949545,3949546,3949547
3949548,3949549,3949550,3949551,3949552,3949553,3949554,3949555,3949556,3949557,3949558,3949559,3949560,3949561,3949562,3949563,3949564,3949565,3949566,3949567
3949568,3949569,3949570,3949571,3949572,3949573,3949574,3949575,3949576,3949577,3949578,3949579,3949580,3949581,3949582,3949583,3949584,3949585,3949586,3949587
3949588,3949589,3949590,3949591,3949592,3949593,3949594,3949595,3949596,3949597,3949598,3949599,3949600,3949601,3949602,3949603,3949604,3949605,3949606,3949607
3949608,3949609,3949610,3949611,3949612,3949613,3949614,3949615,3949616,3949617,3949618,3949619,3949620,3949621,3949622,3949623,3949624,3949625,3949626,3949627
3949628,3949629,3949630,3949631,3949632,3949633,3949634,3949635,3949636,3949637,3949638,3949639,3949640,3949641,3949642,3949643,3949644,3949645,3949646,3949647
3949648,3949649,3949650,3949651,3949652,3949653,3949654,3949655,3949656,3949657,3949658,3949659,3949660,3949661,3949662,3949663,3949664,3949665,3949666,3949667
3949668,3949669,3949670,3949671,3949672,3949673,3949674,3949675,3949676,3949677,3949678,3949679,3949680,3949681,3949682,3949683,3949684,3949685,3949686,3949687
3949688,3949689,3949690,3949691,3949692,3949693,3949694,3949695,3949696,3949697,3949698,3949699,3949700,3949701,3949702,3949703,3949704,3949705,3949706,3949707
3949708,3949709,3949710,3949711,3949712,3949713,3949714,3949715,3949716,3949717,3949718,3949719,3949720,3949721,3949722,3949723,3949724,3949725,3949726,3949727
3949728,3949729,3949730,3949731,3949732,3949733,3949734,3949735,3949736,3949737,3949738,3949739,3949740,3949741,3949742,3949743,3949744,3949745,3949746,3949747
3949748,3949749,3949750,3949751,3949752,3949753,3949754,3949755,3949756,3949757,3949758,3949759,3949760,3949761,3949762,3949763,3949764,3949765,3949766,3949767
3949768,3949769,3949770,3949771,3949772,3949773,3949774,3949775,3949776,3949777,3949778,3949779,3949780,3949781,3949782,3949783,3949784,3949785,3949786,3949787
3949788,3949789,3949790,3949791,3949792,3949793,3949794,3949795,3949796,3949797,3949798,3949799,3949800,3949801,3949802,3949803,3949804,3949805,3949806,3949807
3949808,3949809,3949810,3949811,3949812,3949813,3949814,3949815,3949816,3949817,3949818,3949819,3949820,3949821,3949822,3949823,3949824,3949825,3949826,3949827
3949828,3949829,3949830,3949831,3949832,3949833,3949834,3949835,3949836,3949837,3949838,3949839,3949840,3949841,3949842,3949843,3949844,3949845,3949846,3949847
3949848,3949849,3949850,3949851,3949852,3949853,3949854,3949855,3949856,3949857,3949858,3949859,3949860,3949861,3949862,3949863,3949864,3949865,3949866,3949867
3949868,3949869,3949870,3949871,3949872,3949873,3949874,3949875,3949876,3949877,3949878,3949879,3949880,3949881,3949882,3949883,3949884,3949885,3949886,3949887
3949888,3949889,3949890,3949891,3949892,3949893,3949894,3949895,3949896,3949897,3949898,3949899,3949900,3949901,3949902,3949903,3949904,3949905,3949906,3949907
3949908,3949909,3949910,3949911,3949912,3949913,3949914,3949915,3949916,3949917,3949918,3949919,3949920,3949921,3949922,3949923,3949924,3949925,3949926,3949927
3949928,3949929,3949930,3949931,3949932,3949933,3949934,3949935,3949936,3949937,3949938,3949939,3949940,3949941,3949942,3949943,3949944,3949945,3949946,3949947
3949948,3949949,3949950,3949951,3949952,3949953,3949954,3949955,3949956,3949957,3949958,3949959,3949960,3949961,3949962,3949963,3949964,3949965,3949966,3949967
3949968,3949969,3949970,3949971,3949972,3949973,3949974,3949975,3949976,3949977,3949978,3949979,3949980,3949981,3949982,3949983,3949984,3949985,3949986,3949987
3949988,3949989,3949990,3949991,3949992,3949993,3949994,3949995,3949996,3949997,3949998,3949999,3950000,3950001,3950002,3950003,3950004,3950005,3950006,3950007
3950008,3950009,3950010,3950011,3950012,3950013,3950014,3950015,3950016,3950017,3950018,3950019,3950020,3950021,3950022,3950023,3950024,3950025,3950026,3950027
3950028,3950029,3950030,3950031,3950032,3950033,3950034,3950035,3950036,3950037,3950038,3950039,3950040,3950041,3950042,3950043,3950044,3950045,3950046,3950047
3950048,3950049,3950050,3950051,3950052,3950053,3950054,3950055,3950056,3950057,3950058,3950059,3950060,3950061,3950062,3950063,3950064,3950065,3950066,3950067
3950068,3950069,3950070,3950071,3950072,3950073,3950074,3950075,3950076,3950077,3950078,3950079,3950080,3950081,3950082,3950083,3950084,3950085,3950086,3950087
3950088,3950089,3950090,3950091,3950092,3950093,3950094,3950095,3950096,3950097,3950098,3950099,3950100,3950101,3950102,3950103,3950104,3950105,3950106,3950107
3950108,3950109,3950110,3950111,3950112,3950113,3950114,3950115,3950116,3950117,3950118,3950119,3950120,3950121,3950122,3950123,3950124,3950125,3950126,3950127
3950128,3950129,3950130,3950131,3950132,3950133,3950134,3950135,3950136,3950137,3950138,3950139,3950140,3950141,3950142,3950143,3950144,3950145,3950146,3950147
3950148,3950149,3950150,3950151,3950152,3950153,3950154,3950155,3950156,3950157,3950158,3950159,3950160,3950161,3950162,3950163,3950164,3950165,3950166,3950167
3950168,3950169,3950170,3950171,3950172,3950173,3950174,3950175,3950176,3950177,3950178,3950179,3950180,3950181,3950182,3950183,3950184,3950185,3950186,3950187
3950188,3950189,3950190,3950191,3950192,3950193,3950194,3950195,3950196,3950197,3950198,3950199,3950200,3950201,3950202,3950203,3950204,3950205,3950206,3950207
3950208,3950209,3950210,3950211,3950212,3950213,3950214,3950215,3950216,3950217,3950218,3950219,3950220,3950221,3950222,3950223,3950224,3950225,3950226,3950227
3950228,3950229,3950230,3950231,3950232,3950233,3950234,3950235,3950236,3950237,3950238,3950239,3950240,3950241,3950242,3950243,3950244,3950245,3950246,3950247
3950248,3950249,3950250,3950251,3950252,3950253,3950254,3950255,3950256,3950257,3950258,3950259,3950260,3950261,3950262,3950263,3950264,3950265,3950266,3950267
3950268,3950269,3950270,3950271,3950272,3950273,3950274,3950275,3950276,3950277,3950278,3950279,3950280,3950281,3950282,3950283,3950284,3950285,3950286,3950287
3950288,3950289,3950290,3950291,3950292,3950293,3950294,3950295,3950296,3950297,3950298,3950299,3950300,3950301,3950302,3950303,3950304,3950305,3950306,3950307
3950308,3950309,3950310,3950311,3950312,3950313,3950314,3950315,3950316,3950317,3950318,3950319,3950320,3950321,3950322,3950323,3950324,3950325,3950326,3950327
3950328,3950329,3950330,3950331,3950332,3950333,3950334,3950335,3950336,3950337,3950338,3950339,3950340,3950341,3950342,3950343,3950344,3950345,3950346,3950347
3950348,3950349,3950350,3950351,3950352,3950353,3950354,3950355,3950356,3950357,3950358,3950359,3950360,3950361,3950362,3950363,3950364,3950365,3950366,3950367
3950368,3950369,3950370,3950371,3950372,3950373,3950374,3950375,3950376,3950377,3950378,3950379,3950380,3950381,3950382,3950383,3950384,3950385,3950386,3950387
3950388,3950389,3950390,3950391,3950392,3950393,3950394,3950395,3950396,3950397,3950398,3950399,3950400,3950401,3950402,3950403,3950404,3950405,3950406,3950407
3950408,3950409,3950410,3950411,3950412,3950413,3950414,3950415,3950416,3950417,3950418,3950419,3950420,3950421,3950422,3950423,3950424,3950425,3950426,3950427
3950428,3950429,3950430,3950431,3950432,3950433,3950434,3950435,3950436,3950437,3950438,3950439,3950440,3950441,3950442,3950443,3950444,3950445,3950446,3950447
3950448,3950449,3950450,3950451,3950452,3950453,3950454,3950455,3950456,3950457,3950458,3950459,3950460,3950461,3950462,3950463,3950464,3950465,3950466,3950467
3950468,3950469,3950470,3950471,3950472,3950473,3950474,3950475,3950476,3950477,3950478,3950479,3950480,3950481,3950482,3950483,3950484,3950485,3950486,3950487
3950488,3950489,3950490,3950491,3950492,3950493,3950494,3950495,3950496,3950497,3950498,3950499,3950500,3950501,3950502,3950503,3950504,3950505,3950506,3950507
3950508,3950509,3950510,3950511,3950512,3950513,3950514,3950515,3950516,3950517,3950518,3950519,3950520,3950521,3950522,3950523,3950524,3950525,3950526,3950527
3950528,3950529,3950530,3950531,3950532,3950533,3950534,3950535,3950536,3950537,3950538,3950539,3950540,3950541,3950542,3950543,3950544,3950545,3950546,3950547
3950548,3950549,3950550,3950551,3950552,3950553,3950554,3950555,3950556,3950557,3950558,3950559,3950560,3950561,3950562,3950563,3950564,3950565,3950566,3950567
3950568,3950569,3950570,3950571,3950572,3950573,3950574,3950575,3950576,3950577,3950578,3950579,3950580,3950581,3950582,3950583,3950584,3950585,3950586,3950587
3950588,3950589,3950590,3950591,3950592,3950593,3950594,3950595,3950596,3950597,3950598,3950599,3950600,3950601,3950602,3950603,3950604,3950605,3950606,3950607
3950608,3950609,3950610,3950611,3950612,3950613,3950614,3950615,3950616,3950617,3950618,3950619,3950620,3950621,3950622,3950623,3950624,3950625,3950626,3950627
